cif,tran_datetime,tran_amount_equal,gap_minutes,target
N0,2025-09-01 00:00:00,59832.0,33.37,0
N1,2025-09-01 00:01:00,78215.0,76.27,0
N2,2025-09-01 00:02:00,191750.0,8.68,0
N3,2025-09-01 00:03:00,71258.0,18.85,0
N4,2025-09-01 00:04:00,51705.0,33.09,0
N5,2025-09-01 00:05:00,29182.0,313.25,0
N6,2025-09-01 00:06:00,101827.0,147.48,0
N7,2025-09-01 00:07:00,43515.0,29.74,0
N8,2025-09-01 00:08:00,26121.0,78.54,0
N9,2025-09-01 00:09:00,114780.0,44.93,0
N10,2025-09-01 00:10:00,60795.0,12.92,0
N11,2025-09-01 00:11:00,136770.0,15.99,0
N12,2025-09-01 00:12:00,117174.0,12.76,0
N13,2025-09-01 00:13:00,60158.0,33.49,0
N14,2025-09-01 00:14:00,112048.0,42.87,0
N15,2025-09-01 00:15:00,403273.0,6.11,0
N16,2025-09-01 00:16:00,30747.0,106.0,0
N17,2025-09-01 00:17:00,41487.0,37.98,0
N18,2025-09-01 00:18:00,90809.0,31.07,0
N19,2025-09-01 00:19:00,110736.0,26.36,0
N20,2025-09-01 00:20:00,145589.0,179.28,0
N21,2025-09-01 00:21:00,37574.0,30.3,0
N22,2025-09-01 00:22:00,192684.0,30.52,0
N23,2025-09-01 00:23:00,103504.0,75.03,0
N24,2025-09-01 00:24:00,75393.0,36.57,0
N25,2025-09-01 00:25:00,20294.0,80.01,0
N26,2025-09-01 00:26:00,204023.0,39.92,0
N27,2025-09-01 00:27:00,38144.0,39.11,0
N28,2025-09-01 00:28:00,35417.0,121.58,0
N29,2025-09-01 00:29:00,135815.0,34.41,0
N30,2025-09-01 00:30:00,100772.0,14.87,0
N31,2025-09-01 00:31:00,104011.0,10.39,0
N32,2025-09-01 00:32:00,675129.0,38.73,0
N33,2025-09-01 00:33:00,41260.0,13.93,0
N34,2025-09-01 00:34:00,239761.0,77.37,0
N35,2025-09-01 00:35:00,111939.0,48.34,0
N36,2025-09-01 00:36:00,747360.0,26.82,0
N37,2025-09-01 00:37:00,121258.0,19.03,0
N38,2025-09-01 00:38:00,75470.0,34.02,0
N39,2025-09-01 00:39:00,71355.0,66.15,0
N40,2025-09-01 00:40:00,64831.0,86.28,0
N41,2025-09-01 00:41:00,36798.0,11.09,0
N42,2025-09-01 00:42:00,296378.0,245.07,0
N43,2025-09-01 00:43:00,52761.0,19.2,0
N44,2025-09-01 00:44:00,71425.0,11.22,0
N45,2025-09-01 00:45:00,90806.0,172.81,0
N46,2025-09-01 00:46:00,122446.0,123.51,0
N47,2025-09-01 00:47:00,155500.0,93.35,0
N48,2025-09-01 00:48:00,338048.0,18.62,0
N49,2025-09-01 00:49:00,57678.0,106.63,0
N50,2025-09-01 00:50:00,115213.0,32.79,0
N51,2025-09-01 00:51:00,19870.0,9.09,0
N52,2025-09-01 00:52:00,45318.0,18.7,0
N53,2025-09-01 00:53:00,83211.0,10.36,0
N54,2025-09-01 00:54:00,66234.0,90.21,0
N55,2025-09-01 00:55:00,228509.0,118.35,0
N56,2025-09-01 00:56:00,135958.0,12.94,0
N57,2025-09-01 00:57:00,109922.0,31.3,0
N58,2025-09-01 00:58:00,53648.0,54.3,0
N59,2025-09-01 00:59:00,75338.0,11.4,0
N60,2025-09-01 01:00:00,118550.0,93.42,0
N61,2025-09-01 01:01:00,559342.0,13.4,0
N62,2025-09-01 01:02:00,118873.0,9.11,0
N63,2025-09-01 01:03:00,53000.0,15.7,0
N64,2025-09-01 01:04:00,201699.0,25.23,0
N65,2025-09-01 01:05:00,96797.0,15.49,0
N66,2025-09-01 01:06:00,13274.0,122.24,0
N67,2025-09-01 01:07:00,42515.0,36.67,0
N68,2025-09-01 01:08:00,84544.0,8.78,0
N69,2025-09-01 01:09:00,59027.0,51.59,0
N70,2025-09-01 01:10:00,103735.0,8.72,0
N71,2025-09-01 01:11:00,120150.0,169.15,0
N72,2025-09-01 01:12:00,50747.0,11.0,0
N73,2025-09-01 01:13:00,174643.0,23.44,0
N74,2025-09-01 01:14:00,404671.0,44.32,0
N75,2025-09-01 01:15:00,282987.0,16.8,0
N76,2025-09-01 01:16:00,125067.0,13.66,0
N77,2025-09-01 01:17:00,183318.0,47.12,0
N78,2025-09-01 01:18:00,157213.0,7.68,0
N79,2025-09-01 01:19:00,35153.0,103.57,0
N80,2025-09-01 01:20:00,64645.0,10.05,0
N81,2025-09-01 01:21:00,48191.0,10.43,0
N82,2025-09-01 01:22:00,93267.0,31.66,0
N83,2025-09-01 01:23:00,241684.0,4.01,0
N84,2025-09-01 01:24:00,51754.0,35.95,0
N85,2025-09-01 01:25:00,24510.0,17.64,0
N86,2025-09-01 01:26:00,74408.0,51.07,0
N87,2025-09-01 01:27:00,306376.0,32.84,0
N88,2025-09-01 01:28:00,35833.0,89.94,0
N89,2025-09-01 01:29:00,93776.0,14.88,0
N90,2025-09-01 01:30:00,22900.0,81.12,0
N91,2025-09-01 01:31:00,45132.0,36.51,0
N92,2025-09-01 01:32:00,50048.0,21.8,0
N93,2025-09-01 01:33:00,251761.0,45.32,0
N94,2025-09-01 01:34:00,41342.0,16.84,0
N95,2025-09-01 01:35:00,297426.0,20.24,0
N96,2025-09-01 01:36:00,259596.0,21.34,0
N97,2025-09-01 01:37:00,39619.0,43.72,0
N98,2025-09-01 01:38:00,141736.0,32.55,0
N99,2025-09-01 01:39:00,30466.0,4.34,0
N100,2025-09-01 01:40:00,146224.0,153.77,0
N101,2025-09-01 01:41:00,271953.0,205.8,0
N102,2025-09-01 01:42:00,60800.0,19.28,0
N103,2025-09-01 01:43:00,89447.0,84.28,0
N104,2025-09-01 01:44:00,11961.0,63.81,0
N105,2025-09-01 01:45:00,278078.0,23.86,0
N106,2025-09-01 01:46:00,28680.0,29.79,0
N107,2025-09-01 01:47:00,79751.0,106.6,0
N108,2025-09-01 01:48:00,108411.0,7.32,0
N109,2025-09-01 01:49:00,205828.0,82.77,0
N110,2025-09-01 01:50:00,64786.0,127.34,0
N111,2025-09-01 01:51:00,161398.0,19.3,0
N112,2025-09-01 01:52:00,58230.0,159.44,0
N113,2025-09-01 01:53:00,22580.0,80.91,0
N114,2025-09-01 01:54:00,249942.0,109.49,0
N115,2025-09-01 01:55:00,59054.0,33.3,0
N116,2025-09-01 01:56:00,45803.0,13.0,0
N117,2025-09-01 01:57:00,49806.0,25.12,0
N118,2025-09-01 01:58:00,17592.0,3.82,0
N119,2025-09-01 01:59:00,103353.0,15.95,0
N120,2025-09-01 02:00:00,29507.0,71.08,0
N121,2025-09-01 02:01:00,284344.0,15.6,0
N122,2025-09-01 02:02:00,71665.0,53.48,0
N123,2025-09-01 02:03:00,219350.0,277.37,0
N124,2025-09-01 02:04:00,29943.0,21.36,0
N125,2025-09-01 02:05:00,53918.0,50.97,0
N126,2025-09-01 02:06:00,188516.0,7.82,0
N127,2025-09-01 02:07:00,237118.0,93.55,0
N128,2025-09-01 02:08:00,232656.0,93.14,0
N129,2025-09-01 02:09:00,122759.0,19.0,0
N130,2025-09-01 02:10:00,28384.0,13.95,0
N131,2025-09-01 02:11:00,186791.0,23.57,0
N132,2025-09-01 02:12:00,30150.0,10.48,0
N133,2025-09-01 02:13:00,45871.0,63.04,0
N134,2025-09-01 02:14:00,147421.0,104.68,0
N135,2025-09-01 02:15:00,45902.0,41.18,0
N136,2025-09-01 02:16:00,54048.0,6.0,0
N137,2025-09-01 02:17:00,63544.0,180.2,0
N138,2025-09-01 02:18:00,187315.0,59.1,0
N139,2025-09-01 02:19:00,173301.0,46.13,0
N140,2025-09-01 02:20:00,607687.0,7.3,0
N141,2025-09-01 02:21:00,134551.0,32.68,0
N142,2025-09-01 02:22:00,206122.0,38.22,0
N143,2025-09-01 02:23:00,38716.0,40.63,0
N144,2025-09-01 02:24:00,187343.0,65.21,0
N145,2025-09-01 02:25:00,245198.0,15.74,0
N146,2025-09-01 02:26:00,155504.0,22.52,0
N147,2025-09-01 02:27:00,16418.0,17.12,0
N148,2025-09-01 02:28:00,19672.0,29.08,0
N149,2025-09-01 02:29:00,49047.0,5.9,0
N150,2025-09-01 02:30:00,97608.0,95.25,0
N151,2025-09-01 02:31:00,34483.0,58.58,0
N152,2025-09-01 02:32:00,122332.0,77.9,0
N153,2025-09-01 02:33:00,67627.0,31.11,0
N154,2025-09-01 02:34:00,122855.0,48.59,0
N155,2025-09-01 02:35:00,108456.0,22.2,0
N156,2025-09-01 02:36:00,38959.0,176.06,0
N157,2025-09-01 02:37:00,126753.0,10.44,0
N158,2025-09-01 02:38:00,141567.0,9.31,0
N159,2025-09-01 02:39:00,49146.0,31.97,0
N160,2025-09-01 02:40:00,72443.0,43.14,0
N161,2025-09-01 02:41:00,48369.0,382.34,0
N162,2025-09-01 02:42:00,51765.0,104.25,0
N163,2025-09-01 02:43:00,59181.0,62.71,0
N164,2025-09-01 02:44:00,160465.0,15.15,0
N165,2025-09-01 02:45:00,16707.0,13.74,0
N166,2025-09-01 02:46:00,189403.0,13.61,0
N167,2025-09-01 02:47:00,225219.0,79.39,0
N168,2025-09-01 02:48:00,110693.0,92.79,0
N169,2025-09-01 02:49:00,165381.0,87.94,0
N170,2025-09-01 02:50:00,241119.0,14.15,0
N171,2025-09-01 02:51:00,23230.0,8.7,0
N172,2025-09-01 02:52:00,31689.0,39.55,0
N173,2025-09-01 02:53:00,232115.0,58.24,0
N174,2025-09-01 02:54:00,177067.0,44.83,0
N175,2025-09-01 02:55:00,200383.0,79.03,0
N176,2025-09-01 02:56:00,20663.0,83.06,0
N177,2025-09-01 02:57:00,236672.0,127.85,0
N178,2025-09-01 02:58:00,9991.0,79.96,0
N179,2025-09-01 02:59:00,265911.0,7.24,0
N180,2025-09-01 03:00:00,190174.0,18.45,0
N181,2025-09-01 03:01:00,85370.0,29.13,0
N182,2025-09-01 03:02:00,28108.0,230.25,0
N183,2025-09-01 03:03:00,267976.0,18.18,0
N184,2025-09-01 03:04:00,107352.0,26.69,0
N185,2025-09-01 03:05:00,42393.0,29.11,0
N186,2025-09-01 03:06:00,95373.0,73.86,0
N187,2025-09-01 03:07:00,49112.0,26.53,0
N188,2025-09-01 03:08:00,47810.0,48.28,0
N189,2025-09-01 03:09:00,12085.0,9.11,0
N190,2025-09-01 03:10:00,208139.0,40.08,0
N191,2025-09-01 03:11:00,13851.0,118.04,0
N192,2025-09-01 03:12:00,170906.0,64.51,0
N193,2025-09-01 03:13:00,279733.0,29.03,0
N194,2025-09-01 03:14:00,16058.0,86.38,0
N195,2025-09-01 03:15:00,151841.0,84.98,0
N196,2025-09-01 03:16:00,80132.0,54.9,0
N197,2025-09-01 03:17:00,21743.0,72.65,0
N198,2025-09-01 03:18:00,145712.0,104.54,0
N199,2025-09-01 03:19:00,81935.0,17.64,0
N200,2025-09-01 03:20:00,146544.0,19.89,0
N201,2025-09-01 03:21:00,85421.0,70.02,0
N202,2025-09-01 03:22:00,131651.0,202.29,0
N203,2025-09-01 03:23:00,289554.0,32.71,0
N204,2025-09-01 03:24:00,47316.0,12.99,0
N205,2025-09-01 03:25:00,61610.0,124.38,0
N206,2025-09-01 03:26:00,57938.0,26.53,0
N207,2025-09-01 03:27:00,55566.0,24.38,0
N208,2025-09-01 03:28:00,160026.0,3.38,0
N209,2025-09-01 03:29:00,101009.0,31.93,0
N210,2025-09-01 03:30:00,53008.0,66.41,0
N211,2025-09-01 03:31:00,30666.0,13.29,0
N212,2025-09-01 03:32:00,98569.0,88.22,0
N213,2025-09-01 03:33:00,146272.0,12.79,0
N214,2025-09-01 03:34:00,344429.0,19.29,0
N215,2025-09-01 03:35:00,91730.0,13.55,0
N216,2025-09-01 03:36:00,56423.0,14.33,0
N217,2025-09-01 03:37:00,9511.0,7.89,0
N218,2025-09-01 03:38:00,34337.0,24.7,0
N219,2025-09-01 03:39:00,38385.0,23.0,0
N220,2025-09-01 03:40:00,165696.0,25.54,0
N221,2025-09-01 03:41:00,73089.0,41.89,0
N222,2025-09-01 03:42:00,317148.0,6.44,0
N223,2025-09-01 03:43:00,70082.0,55.74,0
N224,2025-09-01 03:44:00,80312.0,61.42,0
N225,2025-09-01 03:45:00,25133.0,29.24,0
N226,2025-09-01 03:46:00,32121.0,61.09,0
N227,2025-09-01 03:47:00,60638.0,31.92,0
N228,2025-09-01 03:48:00,91203.0,210.7,0
N229,2025-09-01 03:49:00,79320.0,101.11,0
N230,2025-09-01 03:50:00,75641.0,78.2,0
N231,2025-09-01 03:51:00,135285.0,8.89,0
N232,2025-09-01 03:52:00,52698.0,35.13,0
N233,2025-09-01 03:53:00,15256.0,70.39,0
N234,2025-09-01 03:54:00,44768.0,90.76,0
N235,2025-09-01 03:55:00,27866.0,33.31,0
N236,2025-09-01 03:56:00,29741.0,262.56,0
N237,2025-09-01 03:57:00,143512.0,56.47,0
N238,2025-09-01 03:58:00,76928.0,19.37,0
N239,2025-09-01 03:59:00,140402.0,18.69,0
N240,2025-09-01 04:00:00,206639.0,61.57,0
N241,2025-09-01 04:01:00,46367.0,81.9,0
N242,2025-09-01 04:02:00,54651.0,64.33,0
N243,2025-09-01 04:03:00,53410.0,30.79,0
N244,2025-09-01 04:04:00,38845.0,109.65,0
N245,2025-09-01 04:05:00,60113.0,8.47,0
N246,2025-09-01 04:06:00,107122.0,20.27,0
N247,2025-09-01 04:07:00,491626.0,43.06,0
N248,2025-09-01 04:08:00,103647.0,86.03,0
N249,2025-09-01 04:09:00,112470.0,58.43,0
N250,2025-09-01 04:10:00,91883.0,12.82,0
N251,2025-09-01 04:11:00,235397.0,111.17,0
N252,2025-09-01 04:12:00,154593.0,168.54,0
N253,2025-09-01 04:13:00,82946.0,218.28,0
N254,2025-09-01 04:14:00,113442.0,51.84,0
N255,2025-09-01 04:15:00,31725.0,316.22,0
N256,2025-09-01 04:16:00,31495.0,70.29,0
N257,2025-09-01 04:17:00,151010.0,53.23,0
N258,2025-09-01 04:18:00,13539.0,39.46,0
N259,2025-09-01 04:19:00,273241.0,18.13,0
N260,2025-09-01 04:20:00,17116.0,27.64,0
N261,2025-09-01 04:21:00,85185.0,39.64,0
N262,2025-09-01 04:22:00,42427.0,25.29,0
N263,2025-09-01 04:23:00,12859.0,37.35,0
N264,2025-09-01 04:24:00,23984.0,4.1,0
N265,2025-09-01 04:25:00,41582.0,100.34,0
N266,2025-09-01 04:26:00,209476.0,6.58,0
N267,2025-09-01 04:27:00,54134.0,44.48,0
N268,2025-09-01 04:28:00,299097.0,41.31,0
N269,2025-09-01 04:29:00,87508.0,32.85,0
N270,2025-09-01 04:30:00,32640.0,19.8,0
N271,2025-09-01 04:31:00,128208.0,86.7,0
N272,2025-09-01 04:32:00,370514.0,64.07,0
N273,2025-09-01 04:33:00,119993.0,80.79,0
N274,2025-09-01 04:34:00,26737.0,18.85,0
N275,2025-09-01 04:35:00,22552.0,107.47,0
N276,2025-09-01 04:36:00,6039.0,12.81,0
N277,2025-09-01 04:37:00,351770.0,47.9,0
N278,2025-09-01 04:38:00,61199.0,11.61,0
N279,2025-09-01 04:39:00,75234.0,76.82,0
N280,2025-09-01 04:40:00,70555.0,14.22,0
N281,2025-09-01 04:41:00,107131.0,106.68,0
N282,2025-09-01 04:42:00,81395.0,6.31,0
N283,2025-09-01 04:43:00,85174.0,9.85,0
N284,2025-09-01 04:44:00,36196.0,28.73,0
N285,2025-09-01 04:45:00,41224.0,40.54,0
N286,2025-09-01 04:46:00,149034.0,142.07,0
N287,2025-09-01 04:47:00,42114.0,41.76,0
N288,2025-09-01 04:48:00,199484.0,67.73,0
N289,2025-09-01 04:49:00,171223.0,12.83,0
N290,2025-09-01 04:50:00,31138.0,25.43,0
N291,2025-09-01 04:51:00,41588.0,14.78,0
N292,2025-09-01 04:52:00,211814.0,29.23,0
N293,2025-09-01 04:53:00,54606.0,38.98,0
N294,2025-09-01 04:54:00,124297.0,17.71,0
N295,2025-09-01 04:55:00,53084.0,56.98,0
N296,2025-09-01 04:56:00,127780.0,69.79,0
N297,2025-09-01 04:57:00,32929.0,5.03,0
N298,2025-09-01 04:58:00,20124.0,9.75,0
N299,2025-09-01 04:59:00,36501.0,15.5,0
N300,2025-09-01 05:00:00,88604.0,19.57,0
N301,2025-09-01 05:01:00,70624.0,34.55,0
N302,2025-09-01 05:02:00,60831.0,39.45,0
N303,2025-09-01 05:03:00,21644.0,11.47,0
N304,2025-09-01 05:04:00,68834.0,25.31,0
N305,2025-09-01 05:05:00,55791.0,17.18,0
N306,2025-09-01 05:06:00,44994.0,104.76,0
N307,2025-09-01 05:07:00,120847.0,27.39,0
N308,2025-09-01 05:08:00,117010.0,17.18,0
N309,2025-09-01 05:09:00,59056.0,68.72,0
N310,2025-09-01 05:10:00,31766.0,18.91,0
N311,2025-09-01 05:11:00,33543.0,6.14,0
N312,2025-09-01 05:12:00,109179.0,23.62,0
N313,2025-09-01 05:13:00,61103.0,17.04,0
N314,2025-09-01 05:14:00,97368.0,10.21,0
N315,2025-09-01 05:15:00,70904.0,44.68,0
N316,2025-09-01 05:16:00,191793.0,41.05,0
N317,2025-09-01 05:17:00,37952.0,42.02,0
N318,2025-09-01 05:18:00,91835.0,343.46,0
N319,2025-09-01 05:19:00,141846.0,21.73,0
N320,2025-09-01 05:20:00,81100.0,3.2,0
N321,2025-09-01 05:21:00,24261.0,19.35,0
N322,2025-09-01 05:22:00,75406.0,20.7,0
N323,2025-09-01 05:23:00,82050.0,52.37,0
N324,2025-09-01 05:24:00,80992.0,88.34,0
N325,2025-09-01 05:25:00,104455.0,42.65,0
N326,2025-09-01 05:26:00,96540.0,4.56,0
N327,2025-09-01 05:27:00,91896.0,23.13,0
N328,2025-09-01 05:28:00,234651.0,26.79,0
N329,2025-09-01 05:29:00,81885.0,8.88,0
N330,2025-09-01 05:30:00,166832.0,74.41,0
N331,2025-09-01 05:31:00,59203.0,22.83,0
N332,2025-09-01 05:32:00,219220.0,13.85,0
N333,2025-09-01 05:33:00,140598.0,30.85,0
N334,2025-09-01 05:34:00,101604.0,12.99,0
N335,2025-09-01 05:35:00,92102.0,37.04,0
N336,2025-09-01 05:36:00,51651.0,74.56,0
N337,2025-09-01 05:37:00,51463.0,27.95,0
N338,2025-09-01 05:38:00,314968.0,11.89,0
N339,2025-09-01 05:39:00,46404.0,9.12,0
N340,2025-09-01 05:40:00,19116.0,43.54,0
N341,2025-09-01 05:41:00,26281.0,15.47,0
N342,2025-09-01 05:42:00,51435.0,25.85,0
N343,2025-09-01 05:43:00,200941.0,16.16,0
N344,2025-09-01 05:44:00,22340.0,22.59,0
N345,2025-09-01 05:45:00,296274.0,101.62,0
N346,2025-09-01 05:46:00,87340.0,17.14,0
N347,2025-09-01 05:47:00,42591.0,34.12,0
N348,2025-09-01 05:48:00,11066.0,12.38,0
N349,2025-09-01 05:49:00,17275.0,21.46,0
N350,2025-09-01 05:50:00,46257.0,24.11,0
N351,2025-09-01 05:51:00,82322.0,23.72,0
N352,2025-09-01 05:52:00,11918.0,30.02,0
N353,2025-09-01 05:53:00,93756.0,12.1,0
N354,2025-09-01 05:54:00,42138.0,26.33,0
N355,2025-09-01 05:55:00,88636.0,150.16,0
N356,2025-09-01 05:56:00,244969.0,14.96,0
N357,2025-09-01 05:57:00,359355.0,78.69,0
N358,2025-09-01 05:58:00,101150.0,302.16,0
N359,2025-09-01 05:59:00,25402.0,28.8,0
N360,2025-09-01 06:00:00,13797.0,141.99,0
N361,2025-09-01 06:01:00,67942.0,9.98,0
N362,2025-09-01 06:02:00,129170.0,126.44,0
N363,2025-09-01 06:03:00,19366.0,44.84,0
N364,2025-09-01 06:04:00,9137.0,124.53,0
N365,2025-09-01 06:05:00,39107.0,14.94,0
N366,2025-09-01 06:06:00,49711.0,42.89,0
N367,2025-09-01 06:07:00,113527.0,11.62,0
N368,2025-09-01 06:08:00,73277.0,26.27,0
N369,2025-09-01 06:09:00,31933.0,6.5,0
N370,2025-09-01 06:10:00,127344.0,33.69,0
N371,2025-09-01 06:11:00,21796.0,15.5,0
N372,2025-09-01 06:12:00,33868.0,18.12,0
N373,2025-09-01 06:13:00,33073.0,83.66,0
N374,2025-09-01 06:14:00,68303.0,3.4,0
N375,2025-09-01 06:15:00,530654.0,14.18,0
N376,2025-09-01 06:16:00,50510.0,14.28,0
N377,2025-09-01 06:17:00,110355.0,53.06,0
N378,2025-09-01 06:18:00,431600.0,114.16,0
N379,2025-09-01 06:19:00,561032.0,28.42,0
N380,2025-09-01 06:20:00,20913.0,22.11,0
N381,2025-09-01 06:21:00,58754.0,112.64,0
N382,2025-09-01 06:22:00,65576.0,55.96,0
N383,2025-09-01 06:23:00,28819.0,36.0,0
N384,2025-09-01 06:24:00,77899.0,112.51,0
N385,2025-09-01 06:25:00,255530.0,40.22,0
N386,2025-09-01 06:26:00,56823.0,19.82,0
N387,2025-09-01 06:27:00,286840.0,128.18,0
N388,2025-09-01 06:28:00,95853.0,51.23,0
N389,2025-09-01 06:29:00,155335.0,18.81,0
N390,2025-09-01 06:30:00,203246.0,12.67,0
N391,2025-09-01 06:31:00,521186.0,32.57,0
N392,2025-09-01 06:32:00,21433.0,47.77,0
N393,2025-09-01 06:33:00,139755.0,27.18,0
N394,2025-09-01 06:34:00,64777.0,20.97,0
N395,2025-09-01 06:35:00,81069.0,38.63,0
N396,2025-09-01 06:36:00,68585.0,204.95,0
N397,2025-09-01 06:37:00,11652.0,52.43,0
N398,2025-09-01 06:38:00,24273.0,62.89,0
N399,2025-09-01 06:39:00,42901.0,33.36,0
N400,2025-09-01 06:40:00,156687.0,55.97,0
N401,2025-09-01 06:41:00,65388.0,37.43,0
N402,2025-09-01 06:42:00,116942.0,75.06,0
N403,2025-09-01 06:43:00,79335.0,30.76,0
N404,2025-09-01 06:44:00,79930.0,66.47,0
N405,2025-09-01 06:45:00,20329.0,40.56,0
N406,2025-09-01 06:46:00,227650.0,77.69,0
N407,2025-09-01 06:47:00,83465.0,10.22,0
N408,2025-09-01 06:48:00,119743.0,25.65,0
N409,2025-09-01 06:49:00,29925.0,247.97,0
N410,2025-09-01 06:50:00,65688.0,209.9,0
N411,2025-09-01 06:51:00,59815.0,491.92,0
N412,2025-09-01 06:52:00,75021.0,59.59,0
N413,2025-09-01 06:53:00,194228.0,27.93,0
N414,2025-09-01 06:54:00,51599.0,87.78,0
N415,2025-09-01 06:55:00,122395.0,22.06,0
N416,2025-09-01 06:56:00,138202.0,104.38,0
N417,2025-09-01 06:57:00,149565.0,13.45,0
N418,2025-09-01 06:58:00,23444.0,79.22,0
N419,2025-09-01 06:59:00,336797.0,6.98,0
N420,2025-09-01 07:00:00,74899.0,37.8,0
N421,2025-09-01 07:01:00,18929.0,219.41,0
N422,2025-09-01 07:02:00,25176.0,5.96,0
N423,2025-09-01 07:03:00,24023.0,54.19,0
N424,2025-09-01 07:04:00,34934.0,22.36,0
N425,2025-09-01 07:05:00,90295.0,182.93,0
N426,2025-09-01 07:06:00,31859.0,5.76,0
N427,2025-09-01 07:07:00,151800.0,9.25,0
N428,2025-09-01 07:08:00,22849.0,390.45,0
N429,2025-09-01 07:09:00,58986.0,23.3,0
N430,2025-09-01 07:10:00,228960.0,31.91,0
N431,2025-09-01 07:11:00,162899.0,24.28,0
N432,2025-09-01 07:12:00,61907.0,67.03,0
N433,2025-09-01 07:13:00,71128.0,24.68,0
N434,2025-09-01 07:14:00,64523.0,28.75,0
N435,2025-09-01 07:15:00,29844.0,14.08,0
N436,2025-09-01 07:16:00,303284.0,44.31,0
N437,2025-09-01 07:17:00,28717.0,58.31,0
N438,2025-09-01 07:18:00,136338.0,113.57,0
N439,2025-09-01 07:19:00,9072.0,65.0,0
N440,2025-09-01 07:20:00,275055.0,52.09,0
N441,2025-09-01 07:21:00,29373.0,34.09,0
N442,2025-09-01 07:22:00,16278.0,144.05,0
N443,2025-09-01 07:23:00,40585.0,9.95,0
N444,2025-09-01 07:24:00,60807.0,21.09,0
N445,2025-09-01 07:25:00,90798.0,22.66,0
N446,2025-09-01 07:26:00,63229.0,16.17,0
N447,2025-09-01 07:27:00,88033.0,46.14,0
N448,2025-09-01 07:28:00,225374.0,28.04,0
N449,2025-09-01 07:29:00,386900.0,67.79,0
N450,2025-09-01 07:30:00,11454.0,12.12,0
N451,2025-09-01 07:31:00,37582.0,40.43,0
N452,2025-09-01 07:32:00,119749.0,149.59,0
N453,2025-09-01 07:33:00,38271.0,14.66,0
N454,2025-09-01 07:34:00,439758.0,21.34,0
N455,2025-09-01 07:35:00,171350.0,47.77,0
N456,2025-09-01 07:36:00,140406.0,18.04,0
N457,2025-09-01 07:37:00,72201.0,18.59,0
N458,2025-09-01 07:38:00,183569.0,20.69,0
N459,2025-09-01 07:39:00,162066.0,27.5,0
N460,2025-09-01 07:40:00,115159.0,15.8,0
N461,2025-09-01 07:41:00,263062.0,671.58,0
N462,2025-09-01 07:42:00,138875.0,13.54,0
N463,2025-09-01 07:43:00,27753.0,28.1,0
N464,2025-09-01 07:44:00,31583.0,217.12,0
N465,2025-09-01 07:45:00,173541.0,37.86,0
N466,2025-09-01 07:46:00,72291.0,39.55,0
N467,2025-09-01 07:47:00,80915.0,5.13,0
N468,2025-09-01 07:48:00,46729.0,78.58,0
N469,2025-09-01 07:49:00,230978.0,58.87,0
N470,2025-09-01 07:50:00,68056.0,35.79,0
N471,2025-09-01 07:51:00,130832.0,13.5,0
N472,2025-09-01 07:52:00,79888.0,21.4,0
N473,2025-09-01 07:53:00,42881.0,33.31,0
N474,2025-09-01 07:54:00,82773.0,97.5,0
N475,2025-09-01 07:55:00,74758.0,47.95,0
N476,2025-09-01 07:56:00,75623.0,4.15,0
N477,2025-09-01 07:57:00,120623.0,7.32,0
N478,2025-09-01 07:58:00,27794.0,20.23,0
N479,2025-09-01 07:59:00,34713.0,103.34,0
N480,2025-09-01 08:00:00,93239.0,6.58,0
N481,2025-09-01 08:01:00,82642.0,33.19,0
N482,2025-09-01 08:02:00,54693.0,24.41,0
N483,2025-09-01 08:03:00,44991.0,27.55,0
N484,2025-09-01 08:04:00,163694.0,93.09,0
N485,2025-09-01 08:05:00,25765.0,109.5,0
N486,2025-09-01 08:06:00,24872.0,40.83,0
N487,2025-09-01 08:07:00,180633.0,6.0,0
N488,2025-09-01 08:08:00,24215.0,92.47,0
N489,2025-09-01 08:09:00,208040.0,114.52,0
N490,2025-09-01 08:10:00,142895.0,15.27,0
N491,2025-09-01 08:11:00,119322.0,14.97,0
N492,2025-09-01 08:12:00,96960.0,150.85,0
N493,2025-09-01 08:13:00,84767.0,14.92,0
N494,2025-09-01 08:14:00,169206.0,101.16,0
N495,2025-09-01 08:15:00,237365.0,52.52,0
N496,2025-09-01 08:16:00,13399.0,79.74,0
N497,2025-09-01 08:17:00,81717.0,38.31,0
N498,2025-09-01 08:18:00,39867.0,76.02,0
N499,2025-09-01 08:19:00,192478.0,6.3,0
N500,2025-09-01 08:20:00,75392.0,14.01,0
N501,2025-09-01 08:21:00,72237.0,14.62,0
N502,2025-09-01 08:22:00,22768.0,19.14,0
N503,2025-09-01 08:23:00,61594.0,33.4,0
N504,2025-09-01 08:24:00,303160.0,57.22,0
N505,2025-09-01 08:25:00,154458.0,67.79,0
N506,2025-09-01 08:26:00,36898.0,8.26,0
N507,2025-09-01 08:27:00,166788.0,41.18,0
N508,2025-09-01 08:28:00,70420.0,20.0,0
N509,2025-09-01 08:29:00,150030.0,14.04,0
N510,2025-09-01 08:30:00,157116.0,144.08,0
N511,2025-09-01 08:31:00,405129.0,25.73,0
N512,2025-09-01 08:32:00,68220.0,41.56,0
N513,2025-09-01 08:33:00,74665.0,15.45,0
N514,2025-09-01 08:34:00,47453.0,64.49,0
N515,2025-09-01 08:35:00,55892.0,21.54,0
N516,2025-09-01 08:36:00,116477.0,17.53,0
N517,2025-09-01 08:37:00,46510.0,17.69,0
N518,2025-09-01 08:38:00,35986.0,79.4,0
N519,2025-09-01 08:39:00,193945.0,174.42,0
N520,2025-09-01 08:40:00,313577.0,68.95,0
N521,2025-09-01 08:41:00,208943.0,6.67,0
N522,2025-09-01 08:42:00,390648.0,25.22,0
N523,2025-09-01 08:43:00,97730.0,420.58,0
N524,2025-09-01 08:44:00,391147.0,52.71,0
N525,2025-09-01 08:45:00,85215.0,25.35,0
N526,2025-09-01 08:46:00,13347.0,43.73,0
N527,2025-09-01 08:47:00,114654.0,10.81,0
N528,2025-09-01 08:48:00,53934.0,29.7,0
N529,2025-09-01 08:49:00,122169.0,17.89,0
N530,2025-09-01 08:50:00,61833.0,26.07,0
N531,2025-09-01 08:51:00,37062.0,63.17,0
N532,2025-09-01 08:52:00,75271.0,100.4,0
N533,2025-09-01 08:53:00,134587.0,13.72,0
N534,2025-09-01 08:54:00,227161.0,9.03,0
N535,2025-09-01 08:55:00,49936.0,54.09,0
N536,2025-09-01 08:56:00,99842.0,48.71,0
N537,2025-09-01 08:57:00,41737.0,62.99,0
N538,2025-09-01 08:58:00,45893.0,12.19,0
N539,2025-09-01 08:59:00,81754.0,76.05,0
N540,2025-09-01 09:00:00,95461.0,20.05,0
N541,2025-09-01 09:01:00,41631.0,86.91,0
N542,2025-09-01 09:02:00,313562.0,59.95,0
N543,2025-09-01 09:03:00,45797.0,39.25,0
N544,2025-09-01 09:04:00,61946.0,15.62,0
N545,2025-09-01 09:05:00,357569.0,11.94,0
N546,2025-09-01 09:06:00,13217.0,18.21,0
N547,2025-09-01 09:07:00,107273.0,13.52,0
N548,2025-09-01 09:08:00,55203.0,45.86,0
N549,2025-09-01 09:09:00,47868.0,28.46,0
N550,2025-09-01 09:10:00,62611.0,43.06,0
N551,2025-09-01 09:11:00,11277.0,31.02,0
N552,2025-09-01 09:12:00,21776.0,39.29,0
N553,2025-09-01 09:13:00,49271.0,36.67,0
N554,2025-09-01 09:14:00,87681.0,33.88,0
N555,2025-09-01 09:15:00,50482.0,46.7,0
N556,2025-09-01 09:16:00,74672.0,10.32,0
N557,2025-09-01 09:17:00,27333.0,14.98,0
N558,2025-09-01 09:18:00,31830.0,18.72,0
N559,2025-09-01 09:19:00,17370.0,2.94,0
N560,2025-09-01 09:20:00,28248.0,170.83,0
N561,2025-09-01 09:21:00,67538.0,17.53,0
N562,2025-09-01 09:22:00,288954.0,39.28,0
N563,2025-09-01 09:23:00,80646.0,23.03,0
N564,2025-09-01 09:24:00,40462.0,16.9,0
N565,2025-09-01 09:25:00,330730.0,12.8,0
N566,2025-09-01 09:26:00,192325.0,57.86,0
N567,2025-09-01 09:27:00,197590.0,54.73,0
N568,2025-09-01 09:28:00,29440.0,39.88,0
N569,2025-09-01 09:29:00,140777.0,106.49,0
N570,2025-09-01 09:30:00,93798.0,64.87,0
N571,2025-09-01 09:31:00,384875.0,23.16,0
N572,2025-09-01 09:32:00,25489.0,38.51,0
N573,2025-09-01 09:33:00,63131.0,26.39,0
N574,2025-09-01 09:34:00,93241.0,228.52,0
N575,2025-09-01 09:35:00,270026.0,42.61,0
N576,2025-09-01 09:36:00,143097.0,4.58,0
N577,2025-09-01 09:37:00,222294.0,283.58,0
N578,2025-09-01 09:38:00,38448.0,9.26,0
N579,2025-09-01 09:39:00,58607.0,257.42,0
N580,2025-09-01 09:40:00,220855.0,37.97,0
N581,2025-09-01 09:41:00,86296.0,39.7,0
N582,2025-09-01 09:42:00,42541.0,52.12,0
N583,2025-09-01 09:43:00,79753.0,31.43,0
N584,2025-09-01 09:44:00,36868.0,67.07,0
N585,2025-09-01 09:45:00,18161.0,26.71,0
N586,2025-09-01 09:46:00,95880.0,9.38,0
N587,2025-09-01 09:47:00,53351.0,53.78,0
N588,2025-09-01 09:48:00,53454.0,48.1,0
N589,2025-09-01 09:49:00,166102.0,38.32,0
N590,2025-09-01 09:50:00,58831.0,116.46,0
N591,2025-09-01 09:51:00,49121.0,57.85,0
N592,2025-09-01 09:52:00,189611.0,61.89,0
N593,2025-09-01 09:53:00,128959.0,43.88,0
N594,2025-09-01 09:54:00,95743.0,15.32,0
N595,2025-09-01 09:55:00,55364.0,20.62,0
N596,2025-09-01 09:56:00,92964.0,41.81,0
N597,2025-09-01 09:57:00,127725.0,18.98,0
N598,2025-09-01 09:58:00,42974.0,60.71,0
N599,2025-09-01 09:59:00,238457.0,68.29,0
N600,2025-09-01 10:00:00,21585.0,69.61,0
N601,2025-09-01 10:01:00,33185.0,142.91,0
N602,2025-09-01 10:02:00,152616.0,16.21,0
N603,2025-09-01 10:03:00,25774.0,5.14,0
N604,2025-09-01 10:04:00,53574.0,39.01,0
N605,2025-09-01 10:05:00,124445.0,99.89,0
N606,2025-09-01 10:06:00,261423.0,19.01,0
N607,2025-09-01 10:07:00,224256.0,29.98,0
N608,2025-09-01 10:08:00,68571.0,39.25,0
N609,2025-09-01 10:09:00,47214.0,30.24,0
N610,2025-09-01 10:10:00,44025.0,60.69,0
N611,2025-09-01 10:11:00,11140.0,40.52,0
N612,2025-09-01 10:12:00,25106.0,9.44,0
N613,2025-09-01 10:13:00,146591.0,216.32,0
N614,2025-09-01 10:14:00,83682.0,73.26,0
N615,2025-09-01 10:15:00,7725.0,39.52,0
N616,2025-09-01 10:16:00,69215.0,42.3,0
N617,2025-09-01 10:17:00,26588.0,13.82,0
N618,2025-09-01 10:18:00,47804.0,11.66,0
N619,2025-09-01 10:19:00,81685.0,15.57,0
N620,2025-09-01 10:20:00,68838.0,77.2,0
N621,2025-09-01 10:21:00,1128220.0,210.06,0
N622,2025-09-01 10:22:00,30183.0,93.44,0
N623,2025-09-01 10:23:00,33636.0,28.87,0
N624,2025-09-01 10:24:00,159385.0,70.52,0
N625,2025-09-01 10:25:00,127738.0,152.11,0
N626,2025-09-01 10:26:00,44196.0,18.65,0
N627,2025-09-01 10:27:00,29133.0,116.54,0
N628,2025-09-01 10:28:00,243795.0,79.6,0
N629,2025-09-01 10:29:00,267638.0,16.49,0
N630,2025-09-01 10:30:00,216917.0,67.32,0
N631,2025-09-01 10:31:00,121740.0,329.43,0
N632,2025-09-01 10:32:00,381303.0,29.26,0
N633,2025-09-01 10:33:00,11134.0,103.05,0
N634,2025-09-01 10:34:00,28282.0,28.67,0
N635,2025-09-01 10:35:00,25603.0,94.07,0
N636,2025-09-01 10:36:00,331601.0,18.28,0
N637,2025-09-01 10:37:00,43931.0,25.42,0
N638,2025-09-01 10:38:00,9783.0,52.63,0
N639,2025-09-01 10:39:00,79212.0,133.06,0
N640,2025-09-01 10:40:00,135221.0,145.15,0
N641,2025-09-01 10:41:00,60716.0,25.98,0
N642,2025-09-01 10:42:00,43959.0,99.27,0
N643,2025-09-01 10:43:00,253788.0,84.2,0
N644,2025-09-01 10:44:00,113917.0,194.51,0
N645,2025-09-01 10:45:00,160617.0,25.77,0
N646,2025-09-01 10:46:00,36261.0,20.55,0
N647,2025-09-01 10:47:00,30037.0,141.08,0
N648,2025-09-01 10:48:00,49251.0,12.48,0
N649,2025-09-01 10:49:00,391424.0,22.17,0
N650,2025-09-01 10:50:00,91436.0,17.71,0
N651,2025-09-01 10:51:00,88377.0,54.62,0
N652,2025-09-01 10:52:00,223986.0,17.98,0
N653,2025-09-01 10:53:00,54654.0,17.18,0
N654,2025-09-01 10:54:00,60166.0,63.25,0
N655,2025-09-01 10:55:00,302896.0,192.49,0
N656,2025-09-01 10:56:00,95017.0,72.37,0
N657,2025-09-01 10:57:00,66954.0,70.8,0
N658,2025-09-01 10:58:00,86637.0,34.56,0
N659,2025-09-01 10:59:00,109834.0,52.71,0
N660,2025-09-01 11:00:00,208545.0,27.96,0
N661,2025-09-01 11:01:00,120144.0,24.01,0
N662,2025-09-01 11:02:00,77705.0,10.78,0
N663,2025-09-01 11:03:00,82056.0,28.09,0
N664,2025-09-01 11:04:00,142666.0,34.48,0
N665,2025-09-01 11:05:00,107788.0,94.67,0
N666,2025-09-01 11:06:00,11731.0,43.77,0
N667,2025-09-01 11:07:00,488521.0,30.92,0
N668,2025-09-01 11:08:00,39386.0,8.64,0
N669,2025-09-01 11:09:00,42228.0,6.39,0
N670,2025-09-01 11:10:00,64299.0,36.32,0
N671,2025-09-01 11:11:00,78681.0,25.29,0
N672,2025-09-01 11:12:00,201171.0,40.47,0
N673,2025-09-01 11:13:00,49850.0,19.13,0
N674,2025-09-01 11:14:00,37962.0,51.25,0
N675,2025-09-01 11:15:00,39875.0,13.38,0
N676,2025-09-01 11:16:00,42442.0,104.68,0
N677,2025-09-01 11:17:00,43669.0,112.14,0
N678,2025-09-01 11:18:00,148763.0,1.52,0
N679,2025-09-01 11:19:00,23645.0,30.04,0
N680,2025-09-01 11:20:00,272717.0,8.72,0
N681,2025-09-01 11:21:00,68491.0,33.24,0
N682,2025-09-01 11:22:00,42633.0,7.76,0
N683,2025-09-01 11:23:00,220397.0,3.31,0
N684,2025-09-01 11:24:00,35127.0,36.25,0
N685,2025-09-01 11:25:00,108854.0,50.53,0
N686,2025-09-01 11:26:00,167309.0,39.48,0
N687,2025-09-01 11:27:00,85305.0,235.44,0
N688,2025-09-01 11:28:00,96691.0,74.32,0
N689,2025-09-01 11:29:00,154332.0,24.07,0
N690,2025-09-01 11:30:00,50255.0,13.34,0
N691,2025-09-01 11:31:00,54133.0,20.95,0
N692,2025-09-01 11:32:00,36639.0,22.0,0
N693,2025-09-01 11:33:00,348217.0,56.72,0
N694,2025-09-01 11:34:00,404222.0,23.92,0
N695,2025-09-01 11:35:00,121962.0,46.55,0
N696,2025-09-01 11:36:00,453463.0,54.68,0
N697,2025-09-01 11:37:00,97656.0,41.59,0
N698,2025-09-01 11:38:00,272069.0,23.41,0
N699,2025-09-01 11:39:00,159210.0,54.74,0
N700,2025-09-01 11:40:00,44231.0,107.03,0
N701,2025-09-01 11:41:00,130909.0,4.51,0
N702,2025-09-01 11:42:00,42496.0,220.69,0
N703,2025-09-01 11:43:00,26467.0,15.18,0
N704,2025-09-01 11:44:00,141981.0,8.61,0
N705,2025-09-01 11:45:00,25243.0,78.99,0
N706,2025-09-01 11:46:00,111486.0,46.6,0
N707,2025-09-01 11:47:00,194792.0,41.65,0
N708,2025-09-01 11:48:00,32972.0,64.76,0
N709,2025-09-01 11:49:00,29783.0,68.06,0
N710,2025-09-01 11:50:00,231459.0,60.36,0
N711,2025-09-01 11:51:00,16881.0,38.52,0
N712,2025-09-01 11:52:00,170681.0,1.65,0
N713,2025-09-01 11:53:00,32566.0,70.09,0
N714,2025-09-01 11:54:00,34993.0,62.32,0
N715,2025-09-01 11:55:00,44694.0,18.92,0
N716,2025-09-01 11:56:00,100030.0,19.9,0
N717,2025-09-01 11:57:00,124206.0,58.3,0
N718,2025-09-01 11:58:00,28322.0,21.22,0
N719,2025-09-01 11:59:00,97700.0,9.06,0
N720,2025-09-01 12:00:00,39526.0,8.97,0
N721,2025-09-01 12:01:00,27851.0,48.35,0
N722,2025-09-01 12:02:00,10083.0,45.23,0
N723,2025-09-01 12:03:00,273232.0,132.7,0
N724,2025-09-01 12:04:00,70741.0,13.91,0
N725,2025-09-01 12:05:00,48033.0,90.4,0
N726,2025-09-01 12:06:00,130740.0,34.15,0
N727,2025-09-01 12:07:00,28031.0,12.23,0
N728,2025-09-01 12:08:00,19935.0,47.21,0
N729,2025-09-01 12:09:00,47134.0,61.26,0
N730,2025-09-01 12:10:00,91719.0,181.58,0
N731,2025-09-01 12:11:00,46594.0,12.06,0
N732,2025-09-01 12:12:00,140636.0,6.96,0
N733,2025-09-01 12:13:00,14324.0,88.97,0
N734,2025-09-01 12:14:00,60978.0,20.83,0
N735,2025-09-01 12:15:00,460845.0,41.52,0
N736,2025-09-01 12:16:00,101070.0,25.83,0
N737,2025-09-01 12:17:00,26735.0,40.42,0
N738,2025-09-01 12:18:00,34920.0,9.99,0
N739,2025-09-01 12:19:00,36302.0,675.37,0
N740,2025-09-01 12:20:00,79972.0,25.47,0
N741,2025-09-01 12:21:00,33610.0,27.26,0
N742,2025-09-01 12:22:00,36141.0,12.92,0
N743,2025-09-01 12:23:00,72381.0,38.47,0
N744,2025-09-01 12:24:00,397964.0,55.72,0
N745,2025-09-01 12:25:00,83624.0,48.24,0
N746,2025-09-01 12:26:00,45114.0,28.64,0
N747,2025-09-01 12:27:00,399638.0,14.92,0
N748,2025-09-01 12:28:00,63726.0,54.35,0
N749,2025-09-01 12:29:00,69396.0,26.74,0
N750,2025-09-01 12:30:00,32333.0,9.29,0
N751,2025-09-01 12:31:00,73719.0,14.43,0
N752,2025-09-01 12:32:00,18411.0,22.09,0
N753,2025-09-01 12:33:00,105294.0,21.04,0
N754,2025-09-01 12:34:00,70907.0,2.2,0
N755,2025-09-01 12:35:00,146417.0,56.59,0
N756,2025-09-01 12:36:00,107218.0,40.55,0
N757,2025-09-01 12:37:00,54267.0,20.69,0
N758,2025-09-01 12:38:00,33362.0,45.63,0
N759,2025-09-01 12:39:00,70765.0,37.9,0
N760,2025-09-01 12:40:00,51398.0,25.71,0
N761,2025-09-01 12:41:00,177959.0,26.58,0
N762,2025-09-01 12:42:00,114305.0,22.55,0
N763,2025-09-01 12:43:00,46013.0,49.53,0
N764,2025-09-01 12:44:00,57279.0,30.45,0
N765,2025-09-01 12:45:00,157205.0,73.93,0
N766,2025-09-01 12:46:00,28353.0,30.47,0
N767,2025-09-01 12:47:00,207281.0,22.52,0
N768,2025-09-01 12:48:00,9646.0,59.04,0
N769,2025-09-01 12:49:00,68834.0,31.41,0
N770,2025-09-01 12:50:00,144865.0,20.97,0
N771,2025-09-01 12:51:00,237751.0,14.88,0
N772,2025-09-01 12:52:00,285403.0,105.14,0
N773,2025-09-01 12:53:00,12092.0,75.82,0
N774,2025-09-01 12:54:00,67891.0,41.25,0
N775,2025-09-01 12:55:00,141451.0,15.53,0
N776,2025-09-01 12:56:00,135921.0,350.02,0
N777,2025-09-01 12:57:00,195392.0,168.26,0
N778,2025-09-01 12:58:00,5177.0,114.79,0
N779,2025-09-01 12:59:00,58064.0,55.87,0
N780,2025-09-01 13:00:00,111358.0,28.06,0
N781,2025-09-01 13:01:00,77221.0,75.24,0
N782,2025-09-01 13:02:00,28076.0,48.84,0
N783,2025-09-01 13:03:00,72450.0,49.8,0
N784,2025-09-01 13:04:00,50686.0,23.8,0
N785,2025-09-01 13:05:00,30196.0,36.35,0
N786,2025-09-01 13:06:00,103795.0,18.8,0
N787,2025-09-01 13:07:00,127301.0,83.88,0
N788,2025-09-01 13:08:00,85609.0,29.48,0
N789,2025-09-01 13:09:00,135597.0,333.94,0
N790,2025-09-01 13:10:00,124248.0,21.43,0
N791,2025-09-01 13:11:00,36073.0,43.3,0
N792,2025-09-01 13:12:00,134099.0,212.87,0
N793,2025-09-01 13:13:00,71868.0,15.43,0
N794,2025-09-01 13:14:00,146036.0,118.76,0
N795,2025-09-01 13:15:00,146554.0,13.62,0
N796,2025-09-01 13:16:00,97750.0,40.07,0
N797,2025-09-01 13:17:00,90470.0,33.8,0
N798,2025-09-01 13:18:00,19065.0,30.86,0
N799,2025-09-01 13:19:00,72451.0,164.39,0
N800,2025-09-01 13:20:00,103903.0,139.43,0
N801,2025-09-01 13:21:00,96823.0,75.09,0
N802,2025-09-01 13:22:00,82800.0,33.72,0
N803,2025-09-01 13:23:00,34971.0,6.9,0
N804,2025-09-01 13:24:00,52894.0,73.5,0
N805,2025-09-01 13:25:00,49906.0,35.61,0
N806,2025-09-01 13:26:00,41009.0,17.18,0
N807,2025-09-01 13:27:00,139478.0,46.42,0
N808,2025-09-01 13:28:00,338604.0,45.68,0
N809,2025-09-01 13:29:00,10655.0,31.06,0
N810,2025-09-01 13:30:00,33536.0,56.7,0
N811,2025-09-01 13:31:00,50631.0,382.23,0
N812,2025-09-01 13:32:00,280260.0,26.3,0
N813,2025-09-01 13:33:00,15699.0,111.69,0
N814,2025-09-01 13:34:00,23572.0,370.45,0
N815,2025-09-01 13:35:00,115028.0,58.7,0
N816,2025-09-01 13:36:00,394059.0,47.94,0
N817,2025-09-01 13:37:00,32137.0,108.41,0
N818,2025-09-01 13:38:00,203720.0,40.5,0
N819,2025-09-01 13:39:00,649906.0,55.56,0
N820,2025-09-01 13:40:00,160020.0,9.72,0
N821,2025-09-01 13:41:00,232219.0,34.15,0
N822,2025-09-01 13:42:00,366245.0,154.04,0
N823,2025-09-01 13:43:00,366123.0,40.06,0
N824,2025-09-01 13:44:00,49350.0,267.98,0
N825,2025-09-01 13:45:00,21890.0,40.27,0
N826,2025-09-01 13:46:00,12403.0,84.19,0
N827,2025-09-01 13:47:00,104621.0,16.92,0
N828,2025-09-01 13:48:00,139455.0,30.83,0
N829,2025-09-01 13:49:00,61570.0,25.72,0
N830,2025-09-01 13:50:00,73659.0,40.59,0
N831,2025-09-01 13:51:00,107144.0,73.84,0
N832,2025-09-01 13:52:00,155224.0,21.54,0
N833,2025-09-01 13:53:00,120368.0,11.55,0
N834,2025-09-01 13:54:00,30512.0,38.89,0
N835,2025-09-01 13:55:00,397439.0,74.42,0
N836,2025-09-01 13:56:00,82748.0,172.14,0
N837,2025-09-01 13:57:00,105914.0,11.17,0
N838,2025-09-01 13:58:00,47649.0,5.79,0
N839,2025-09-01 13:59:00,49602.0,21.95,0
N840,2025-09-01 14:00:00,38858.0,140.17,0
N841,2025-09-01 14:01:00,72421.0,11.47,0
N842,2025-09-01 14:02:00,60896.0,21.35,0
N843,2025-09-01 14:03:00,154319.0,181.39,0
N844,2025-09-01 14:04:00,30595.0,27.58,0
N845,2025-09-01 14:05:00,82351.0,35.56,0
N846,2025-09-01 14:06:00,23147.0,44.93,0
N847,2025-09-01 14:07:00,50103.0,79.9,0
N848,2025-09-01 14:08:00,58339.0,31.59,0
N849,2025-09-01 14:09:00,197300.0,5.84,0
N850,2025-09-01 14:10:00,34230.0,32.61,0
N851,2025-09-01 14:11:00,69532.0,52.45,0
N852,2025-09-01 14:12:00,159658.0,2.14,0
N853,2025-09-01 14:13:00,37392.0,129.45,0
N854,2025-09-01 14:14:00,28213.0,29.73,0
N855,2025-09-01 14:15:00,44967.0,6.97,0
N856,2025-09-01 14:16:00,63905.0,23.05,0
N857,2025-09-01 14:17:00,68756.0,209.19,0
N858,2025-09-01 14:18:00,50458.0,80.65,0
N859,2025-09-01 14:19:00,179904.0,42.97,0
N860,2025-09-01 14:20:00,172656.0,32.92,0
N861,2025-09-01 14:21:00,151672.0,4.07,0
N862,2025-09-01 14:22:00,17931.0,34.91,0
N863,2025-09-01 14:23:00,22000.0,99.3,0
N864,2025-09-01 14:24:00,7131.0,15.52,0
N865,2025-09-01 14:25:00,285155.0,64.82,0
N866,2025-09-01 14:26:00,162256.0,16.82,0
N867,2025-09-01 14:27:00,182427.0,66.84,0
N868,2025-09-01 14:28:00,42806.0,9.71,0
N869,2025-09-01 14:29:00,80654.0,53.1,0
N870,2025-09-01 14:30:00,23799.0,9.42,0
N871,2025-09-01 14:31:00,43996.0,7.64,0
N872,2025-09-01 14:32:00,203373.0,22.76,0
N873,2025-09-01 14:33:00,96833.0,26.96,0
N874,2025-09-01 14:34:00,224665.0,40.89,0
N875,2025-09-01 14:35:00,41389.0,13.89,0
N876,2025-09-01 14:36:00,196106.0,22.72,0
N877,2025-09-01 14:37:00,94141.0,34.32,0
N878,2025-09-01 14:38:00,26148.0,114.21,0
N879,2025-09-01 14:39:00,43762.0,111.47,0
N880,2025-09-01 14:40:00,14903.0,40.81,0
N881,2025-09-01 14:41:00,22098.0,160.01,0
N882,2025-09-01 14:42:00,33490.0,33.9,0
N883,2025-09-01 14:43:00,125374.0,334.26,0
N884,2025-09-01 14:44:00,62883.0,149.62,0
N885,2025-09-01 14:45:00,64349.0,23.62,0
N886,2025-09-01 14:46:00,334568.0,19.54,0
N887,2025-09-01 14:47:00,112254.0,28.63,0
N888,2025-09-01 14:48:00,114452.0,108.81,0
N889,2025-09-01 14:49:00,41208.0,16.51,0
N890,2025-09-01 14:50:00,109274.0,66.22,0
N891,2025-09-01 14:51:00,404739.0,49.49,0
N892,2025-09-01 14:52:00,99783.0,138.01,0
N893,2025-09-01 14:53:00,102905.0,14.02,0
N894,2025-09-01 14:54:00,135512.0,25.96,0
N895,2025-09-01 14:55:00,112010.0,16.41,0
N896,2025-09-01 14:56:00,30337.0,114.08,0
N897,2025-09-01 14:57:00,144814.0,296.01,0
N898,2025-09-01 14:58:00,29072.0,72.14,0
N899,2025-09-01 14:59:00,39436.0,89.27,0
N900,2025-09-01 15:00:00,242167.0,18.72,0
N901,2025-09-01 15:01:00,77047.0,130.31,0
N902,2025-09-01 15:02:00,33697.0,15.31,0
N903,2025-09-01 15:03:00,77490.0,37.37,0
N904,2025-09-01 15:04:00,113333.0,18.9,0
N905,2025-09-01 15:05:00,42463.0,27.01,0
N906,2025-09-01 15:06:00,203830.0,63.87,0
N907,2025-09-01 15:07:00,611589.0,145.75,0
N908,2025-09-01 15:08:00,19286.0,11.88,0
N909,2025-09-01 15:09:00,93500.0,16.81,0
N910,2025-09-01 15:10:00,20008.0,46.18,0
N911,2025-09-01 15:11:00,83280.0,34.36,0
N912,2025-09-01 15:12:00,24128.0,50.24,0
N913,2025-09-01 15:13:00,98440.0,18.0,0
N914,2025-09-01 15:14:00,326139.0,20.93,0
N915,2025-09-01 15:15:00,448650.0,13.2,0
N916,2025-09-01 15:16:00,67561.0,57.43,0
N917,2025-09-01 15:17:00,227982.0,21.02,0
N918,2025-09-01 15:18:00,612390.0,70.48,0
N919,2025-09-01 15:19:00,114771.0,74.09,0
N920,2025-09-01 15:20:00,40590.0,45.77,0
N921,2025-09-01 15:21:00,101444.0,124.39,0
N922,2025-09-01 15:22:00,328321.0,77.19,0
N923,2025-09-01 15:23:00,189675.0,140.03,0
N924,2025-09-01 15:24:00,68707.0,17.01,0
N925,2025-09-01 15:25:00,18738.0,98.66,0
N926,2025-09-01 15:26:00,28085.0,50.78,0
N927,2025-09-01 15:27:00,403336.0,32.88,0
N928,2025-09-01 15:28:00,66831.0,218.44,0
N929,2025-09-01 15:29:00,226314.0,17.67,0
N930,2025-09-01 15:30:00,127883.0,37.56,0
N931,2025-09-01 15:31:00,49318.0,44.35,0
N932,2025-09-01 15:32:00,64853.0,29.33,0
N933,2025-09-01 15:33:00,46349.0,82.59,0
N934,2025-09-01 15:34:00,238935.0,182.85,0
N935,2025-09-01 15:35:00,47513.0,108.93,0
N936,2025-09-01 15:36:00,549807.0,11.76,0
N937,2025-09-01 15:37:00,126939.0,16.56,0
N938,2025-09-01 15:38:00,29759.0,95.46,0
N939,2025-09-01 15:39:00,260793.0,14.5,0
N940,2025-09-01 15:40:00,34569.0,33.33,0
N941,2025-09-01 15:41:00,15717.0,12.72,0
N942,2025-09-01 15:42:00,210951.0,4.8,0
N943,2025-09-01 15:43:00,99891.0,6.05,0
N944,2025-09-01 15:44:00,104464.0,18.33,0
N945,2025-09-01 15:45:00,16636.0,70.42,0
N946,2025-09-01 15:46:00,97515.0,42.5,0
N947,2025-09-01 15:47:00,218896.0,48.41,0
N948,2025-09-01 15:48:00,97596.0,55.73,0
N949,2025-09-01 15:49:00,36524.0,33.99,0
N950,2025-09-01 15:50:00,34378.0,113.54,0
N951,2025-09-01 15:51:00,96491.0,42.17,0
N952,2025-09-01 15:52:00,340998.0,42.91,0
N953,2025-09-01 15:53:00,47219.0,188.92,0
N954,2025-09-01 15:54:00,223323.0,26.67,0
N955,2025-09-01 15:55:00,101508.0,47.24,0
N956,2025-09-01 15:56:00,34391.0,47.22,0
N957,2025-09-01 15:57:00,183332.0,141.86,0
N958,2025-09-01 15:58:00,136369.0,116.46,0
N959,2025-09-01 15:59:00,150663.0,12.19,0
N960,2025-09-01 16:00:00,322009.0,15.39,0
N961,2025-09-01 16:01:00,57862.0,40.0,0
N962,2025-09-01 16:02:00,38509.0,41.35,0
N963,2025-09-01 16:03:00,11107.0,245.88,0
N964,2025-09-01 16:04:00,55047.0,70.73,0
N965,2025-09-01 16:05:00,169296.0,36.36,0
N966,2025-09-01 16:06:00,496570.0,70.54,0
N967,2025-09-01 16:07:00,20421.0,9.14,0
N968,2025-09-01 16:08:00,68318.0,53.59,0
N969,2025-09-01 16:09:00,35982.0,67.68,0
N970,2025-09-01 16:10:00,54392.0,4.57,0
N971,2025-09-01 16:11:00,96935.0,14.68,0
N972,2025-09-01 16:12:00,163848.0,31.46,0
N973,2025-09-01 16:13:00,50433.0,14.02,0
N974,2025-09-01 16:14:00,24959.0,33.7,0
N975,2025-09-01 16:15:00,60695.0,35.46,0
N976,2025-09-01 16:16:00,31319.0,8.88,0
N977,2025-09-01 16:17:00,23986.0,36.56,0
N978,2025-09-01 16:18:00,37770.0,60.38,0
N979,2025-09-01 16:19:00,16458.0,162.81,0
N980,2025-09-01 16:20:00,134335.0,8.34,0
N981,2025-09-01 16:21:00,42113.0,13.28,0
N982,2025-09-01 16:22:00,118050.0,61.9,0
N983,2025-09-01 16:23:00,105536.0,259.32,0
N984,2025-09-01 16:24:00,33623.0,21.9,0
N985,2025-09-01 16:25:00,296172.0,42.26,0
N986,2025-09-01 16:26:00,97848.0,22.26,0
N987,2025-09-01 16:27:00,73650.0,4.31,0
N988,2025-09-01 16:28:00,359894.0,13.6,0
N989,2025-09-01 16:29:00,15924.0,81.13,0
N990,2025-09-01 16:30:00,105518.0,30.03,0
N991,2025-09-01 16:31:00,120212.0,23.99,0
N992,2025-09-01 16:32:00,95471.0,31.23,0
N993,2025-09-01 16:33:00,9092.0,22.58,0
N994,2025-09-01 16:34:00,18851.0,7.32,0
N995,2025-09-01 16:35:00,60273.0,10.23,0
N996,2025-09-01 16:36:00,47643.0,26.93,0
N997,2025-09-01 16:37:00,101648.0,24.66,0
N998,2025-09-01 16:38:00,25925.0,7.27,0
N999,2025-09-01 16:39:00,87215.0,68.76,0
N1000,2025-09-01 16:40:00,12873.0,84.24,0
N1001,2025-09-01 16:41:00,64291.0,91.26,0
N1002,2025-09-01 16:42:00,22996.0,40.85,0
N1003,2025-09-01 16:43:00,120791.0,107.35,0
N1004,2025-09-01 16:44:00,23558.0,24.67,0
N1005,2025-09-01 16:45:00,79752.0,10.17,0
N1006,2025-09-01 16:46:00,52245.0,14.23,0
N1007,2025-09-01 16:47:00,34538.0,345.14,0
N1008,2025-09-01 16:48:00,106539.0,22.66,0
N1009,2025-09-01 16:49:00,110374.0,12.04,0
N1010,2025-09-01 16:50:00,160650.0,35.89,0
N1011,2025-09-01 16:51:00,54704.0,106.42,0
N1012,2025-09-01 16:52:00,39895.0,59.01,0
N1013,2025-09-01 16:53:00,66728.0,37.97,0
N1014,2025-09-01 16:54:00,23079.0,86.71,0
N1015,2025-09-01 16:55:00,49888.0,38.92,0
N1016,2025-09-01 16:56:00,38779.0,11.58,0
N1017,2025-09-01 16:57:00,79678.0,16.04,0
N1018,2025-09-01 16:58:00,160635.0,75.57,0
N1019,2025-09-01 16:59:00,519133.0,9.44,0
N1020,2025-09-01 17:00:00,261142.0,22.7,0
N1021,2025-09-01 17:01:00,50297.0,72.03,0
N1022,2025-09-01 17:02:00,28505.0,20.23,0
N1023,2025-09-01 17:03:00,78923.0,117.03,0
N1024,2025-09-01 17:04:00,90161.0,19.0,0
N1025,2025-09-01 17:05:00,107911.0,17.01,0
N1026,2025-09-01 17:06:00,24758.0,140.16,0
N1027,2025-09-01 17:07:00,43891.0,9.19,0
N1028,2025-09-01 17:08:00,74347.0,2.88,0
N1029,2025-09-01 17:09:00,268518.0,15.82,0
N1030,2025-09-01 17:10:00,308121.0,34.64,0
N1031,2025-09-01 17:11:00,40823.0,38.2,0
N1032,2025-09-01 17:12:00,25585.0,90.4,0
N1033,2025-09-01 17:13:00,222213.0,35.42,0
N1034,2025-09-01 17:14:00,109026.0,12.07,0
N1035,2025-09-01 17:15:00,91335.0,24.45,0
N1036,2025-09-01 17:16:00,215927.0,13.66,0
N1037,2025-09-01 17:17:00,176821.0,18.34,0
N1038,2025-09-01 17:18:00,166623.0,77.79,0
N1039,2025-09-01 17:19:00,52366.0,34.87,0
N1040,2025-09-01 17:20:00,68240.0,40.05,0
N1041,2025-09-01 17:21:00,35515.0,192.04,0
N1042,2025-09-01 17:22:00,121303.0,45.3,0
N1043,2025-09-01 17:23:00,94582.0,11.48,0
N1044,2025-09-01 17:24:00,95819.0,17.71,0
N1045,2025-09-01 17:25:00,365291.0,38.74,0
N1046,2025-09-01 17:26:00,62222.0,8.1,0
N1047,2025-09-01 17:27:00,34175.0,110.44,0
N1048,2025-09-01 17:28:00,94076.0,16.87,0
N1049,2025-09-01 17:29:00,127515.0,11.04,0
N1050,2025-09-01 17:30:00,142426.0,41.86,0
N1051,2025-09-01 17:31:00,16733.0,202.72,0
N1052,2025-09-01 17:32:00,19176.0,57.22,0
N1053,2025-09-01 17:33:00,40962.0,117.15,0
N1054,2025-09-01 17:34:00,45320.0,42.52,0
N1055,2025-09-01 17:35:00,81813.0,24.44,0
N1056,2025-09-01 17:36:00,56521.0,32.66,0
N1057,2025-09-01 17:37:00,129636.0,49.92,0
N1058,2025-09-01 17:38:00,40429.0,70.85,0
N1059,2025-09-01 17:39:00,64029.0,14.14,0
N1060,2025-09-01 17:40:00,92784.0,20.16,0
N1061,2025-09-01 17:41:00,76774.0,103.22,0
N1062,2025-09-01 17:42:00,20683.0,198.76,0
N1063,2025-09-01 17:43:00,201506.0,210.87,0
N1064,2025-09-01 17:44:00,72050.0,452.84,0
N1065,2025-09-01 17:45:00,61748.0,143.95,0
N1066,2025-09-01 17:46:00,14955.0,4.5,0
N1067,2025-09-01 17:47:00,86883.0,119.24,0
N1068,2025-09-01 17:48:00,264987.0,14.61,0
N1069,2025-09-01 17:49:00,251863.0,66.5,0
N1070,2025-09-01 17:50:00,109239.0,13.1,0
N1071,2025-09-01 17:51:00,33339.0,50.25,0
N1072,2025-09-01 17:52:00,147676.0,62.95,0
N1073,2025-09-01 17:53:00,153238.0,73.4,0
N1074,2025-09-01 17:54:00,120089.0,9.44,0
N1075,2025-09-01 17:55:00,72606.0,70.11,0
N1076,2025-09-01 17:56:00,115475.0,57.63,0
N1077,2025-09-01 17:57:00,46379.0,15.71,0
N1078,2025-09-01 17:58:00,88380.0,257.91,0
N1079,2025-09-01 17:59:00,224430.0,53.38,0
N1080,2025-09-01 18:00:00,313058.0,20.39,0
N1081,2025-09-01 18:01:00,189827.0,27.07,0
N1082,2025-09-01 18:02:00,612102.0,77.09,0
N1083,2025-09-01 18:03:00,51722.0,11.21,0
N1084,2025-09-01 18:04:00,29797.0,9.15,0
N1085,2025-09-01 18:05:00,54964.0,55.15,0
N1086,2025-09-01 18:06:00,105720.0,12.53,0
N1087,2025-09-01 18:07:00,29397.0,546.92,0
N1088,2025-09-01 18:08:00,55989.0,88.38,0
N1089,2025-09-01 18:09:00,13249.0,94.85,0
N1090,2025-09-01 18:10:00,157942.0,109.14,0
N1091,2025-09-01 18:11:00,33727.0,41.87,0
N1092,2025-09-01 18:12:00,79038.0,14.81,0
N1093,2025-09-01 18:13:00,245307.0,18.72,0
N1094,2025-09-01 18:14:00,43139.0,86.0,0
N1095,2025-09-01 18:15:00,63752.0,20.1,0
N1096,2025-09-01 18:16:00,72074.0,10.84,0
N1097,2025-09-01 18:17:00,14023.0,85.71,0
N1098,2025-09-01 18:18:00,59829.0,179.97,0
N1099,2025-09-01 18:19:00,664144.0,11.09,0
N1100,2025-09-01 18:20:00,64594.0,68.44,0
N1101,2025-09-01 18:21:00,108420.0,44.48,0
N1102,2025-09-01 18:22:00,98470.0,78.38,0
N1103,2025-09-01 18:23:00,95644.0,45.02,0
N1104,2025-09-01 18:24:00,94128.0,62.61,0
N1105,2025-09-01 18:25:00,37694.0,49.79,0
N1106,2025-09-01 18:26:00,82176.0,120.26,0
N1107,2025-09-01 18:27:00,69233.0,58.87,0
N1108,2025-09-01 18:28:00,677891.0,25.41,0
N1109,2025-09-01 18:29:00,64562.0,4.78,0
N1110,2025-09-01 18:30:00,104229.0,53.43,0
N1111,2025-09-01 18:31:00,240150.0,21.32,0
N1112,2025-09-01 18:32:00,339621.0,14.49,0
N1113,2025-09-01 18:33:00,218942.0,18.92,0
N1114,2025-09-01 18:34:00,142297.0,61.59,0
N1115,2025-09-01 18:35:00,165942.0,196.56,0
N1116,2025-09-01 18:36:00,37082.0,171.82,0
N1117,2025-09-01 18:37:00,121518.0,206.6,0
N1118,2025-09-01 18:38:00,161308.0,55.85,0
N1119,2025-09-01 18:39:00,16887.0,22.47,0
N1120,2025-09-01 18:40:00,51867.0,26.57,0
N1121,2025-09-01 18:41:00,64262.0,28.8,0
N1122,2025-09-01 18:42:00,34868.0,66.79,0
N1123,2025-09-01 18:43:00,12151.0,31.15,0
N1124,2025-09-01 18:44:00,154573.0,38.35,0
N1125,2025-09-01 18:45:00,41013.0,46.12,0
N1126,2025-09-01 18:46:00,469108.0,36.92,0
N1127,2025-09-01 18:47:00,16895.0,6.02,0
N1128,2025-09-01 18:48:00,70209.0,62.57,0
N1129,2025-09-01 18:49:00,66044.0,82.72,0
N1130,2025-09-01 18:50:00,35027.0,58.81,0
N1131,2025-09-01 18:51:00,25097.0,38.97,0
N1132,2025-09-01 18:52:00,262792.0,6.05,0
N1133,2025-09-01 18:53:00,55813.0,411.59,0
N1134,2025-09-01 18:54:00,28910.0,12.56,0
N1135,2025-09-01 18:55:00,49375.0,23.2,0
N1136,2025-09-01 18:56:00,376742.0,25.28,0
N1137,2025-09-01 18:57:00,272026.0,125.78,0
N1138,2025-09-01 18:58:00,35126.0,36.4,0
N1139,2025-09-01 18:59:00,19181.0,32.99,0
N1140,2025-09-01 19:00:00,72995.0,27.59,0
N1141,2025-09-01 19:01:00,167050.0,27.89,0
N1142,2025-09-01 19:02:00,75495.0,56.39,0
N1143,2025-09-01 19:03:00,53249.0,43.17,0
N1144,2025-09-01 19:04:00,166685.0,37.78,0
N1145,2025-09-01 19:05:00,308860.0,162.33,0
N1146,2025-09-01 19:06:00,80344.0,32.09,0
N1147,2025-09-01 19:07:00,35338.0,241.93,0
N1148,2025-09-01 19:08:00,71011.0,15.24,0
N1149,2025-09-01 19:09:00,86079.0,15.52,0
N1150,2025-09-01 19:10:00,68561.0,436.36,0
N1151,2025-09-01 19:11:00,94990.0,36.95,0
N1152,2025-09-01 19:12:00,55523.0,99.63,0
N1153,2025-09-01 19:13:00,63326.0,11.35,0
N1154,2025-09-01 19:14:00,34578.0,39.28,0
N1155,2025-09-01 19:15:00,56154.0,28.74,0
N1156,2025-09-01 19:16:00,157552.0,33.83,0
N1157,2025-09-01 19:17:00,25787.0,100.33,0
N1158,2025-09-01 19:18:00,85295.0,36.13,0
N1159,2025-09-01 19:19:00,112271.0,42.12,0
N1160,2025-09-01 19:20:00,101909.0,83.37,0
N1161,2025-09-01 19:21:00,25136.0,43.27,0
N1162,2025-09-01 19:22:00,177016.0,403.19,0
N1163,2025-09-01 19:23:00,22029.0,86.02,0
N1164,2025-09-01 19:24:00,29289.0,33.29,0
N1165,2025-09-01 19:25:00,80044.0,105.0,0
N1166,2025-09-01 19:26:00,132866.0,105.09,0
N1167,2025-09-01 19:27:00,33889.0,31.79,0
N1168,2025-09-01 19:28:00,105719.0,37.73,0
N1169,2025-09-01 19:29:00,89877.0,116.69,0
N1170,2025-09-01 19:30:00,38926.0,34.19,0
N1171,2025-09-01 19:31:00,53319.0,12.63,0
N1172,2025-09-01 19:32:00,25975.0,35.64,0
N1173,2025-09-01 19:33:00,176074.0,21.38,0
N1174,2025-09-01 19:34:00,152938.0,126.2,0
N1175,2025-09-01 19:35:00,32716.0,93.42,0
N1176,2025-09-01 19:36:00,126962.0,54.24,0
N1177,2025-09-01 19:37:00,32487.0,8.29,0
N1178,2025-09-01 19:38:00,253875.0,24.63,0
N1179,2025-09-01 19:39:00,107995.0,42.71,0
N1180,2025-09-01 19:40:00,255662.0,28.03,0
N1181,2025-09-01 19:41:00,42525.0,41.35,0
N1182,2025-09-01 19:42:00,247503.0,7.79,0
N1183,2025-09-01 19:43:00,79443.0,447.0,0
N1184,2025-09-01 19:44:00,131252.0,126.54,0
N1185,2025-09-01 19:45:00,72359.0,30.39,0
N1186,2025-09-01 19:46:00,36228.0,247.77,0
N1187,2025-09-01 19:47:00,90076.0,15.94,0
N1188,2025-09-01 19:48:00,32522.0,65.22,0
N1189,2025-09-01 19:49:00,57815.0,27.3,0
N1190,2025-09-01 19:50:00,36257.0,167.1,0
N1191,2025-09-01 19:51:00,29125.0,77.58,0
N1192,2025-09-01 19:52:00,22607.0,163.31,0
N1193,2025-09-01 19:53:00,225853.0,47.88,0
N1194,2025-09-01 19:54:00,42293.0,4.57,0
N1195,2025-09-01 19:55:00,83571.0,35.47,0
N1196,2025-09-01 19:56:00,375599.0,45.98,0
N1197,2025-09-01 19:57:00,78231.0,22.59,0
N1198,2025-09-01 19:58:00,63980.0,14.99,0
N1199,2025-09-01 19:59:00,26437.0,135.79,0
N1200,2025-09-01 20:00:00,146504.0,108.5,0
N1201,2025-09-01 20:01:00,94445.0,13.84,0
N1202,2025-09-01 20:02:00,90565.0,8.53,0
N1203,2025-09-01 20:03:00,89774.0,75.56,0
N1204,2025-09-01 20:04:00,17893.0,23.65,0
N1205,2025-09-01 20:05:00,39316.0,5.59,0
N1206,2025-09-01 20:06:00,78196.0,8.1,0
N1207,2025-09-01 20:07:00,251954.0,37.62,0
N1208,2025-09-01 20:08:00,118377.0,94.4,0
N1209,2025-09-01 20:09:00,64382.0,7.89,0
N1210,2025-09-01 20:10:00,35880.0,42.92,0
N1211,2025-09-01 20:11:00,25995.0,430.21,0
N1212,2025-09-01 20:12:00,465546.0,5.13,0
N1213,2025-09-01 20:13:00,46505.0,10.23,0
N1214,2025-09-01 20:14:00,74120.0,16.0,0
N1215,2025-09-01 20:15:00,56311.0,10.94,0
N1216,2025-09-01 20:16:00,73696.0,257.93,0
N1217,2025-09-01 20:17:00,31093.0,28.26,0
N1218,2025-09-01 20:18:00,41843.0,30.98,0
N1219,2025-09-01 20:19:00,124575.0,43.51,0
N1220,2025-09-01 20:20:00,66889.0,1.61,0
N1221,2025-09-01 20:21:00,70373.0,13.19,0
N1222,2025-09-01 20:22:00,38580.0,174.38,0
N1223,2025-09-01 20:23:00,60115.0,115.09,0
N1224,2025-09-01 20:24:00,131578.0,26.59,0
N1225,2025-09-01 20:25:00,80816.0,13.21,0
N1226,2025-09-01 20:26:00,142902.0,22.22,0
N1227,2025-09-01 20:27:00,66210.0,94.68,0
N1228,2025-09-01 20:28:00,48985.0,44.76,0
N1229,2025-09-01 20:29:00,48142.0,99.72,0
N1230,2025-09-01 20:30:00,52952.0,13.89,0
N1231,2025-09-01 20:31:00,26741.0,34.27,0
N1232,2025-09-01 20:32:00,70144.0,161.11,0
N1233,2025-09-01 20:33:00,5065.0,15.04,0
N1234,2025-09-01 20:34:00,109147.0,7.57,0
N1235,2025-09-01 20:35:00,141362.0,121.59,0
N1236,2025-09-01 20:36:00,62141.0,43.46,0
N1237,2025-09-01 20:37:00,47296.0,49.83,0
N1238,2025-09-01 20:38:00,42944.0,11.06,0
N1239,2025-09-01 20:39:00,186452.0,15.13,0
N1240,2025-09-01 20:40:00,68344.0,30.01,0
N1241,2025-09-01 20:41:00,69549.0,12.49,0
N1242,2025-09-01 20:42:00,72609.0,120.97,0
N1243,2025-09-01 20:43:00,46668.0,199.6,0
N1244,2025-09-01 20:44:00,22477.0,77.66,0
N1245,2025-09-01 20:45:00,303422.0,17.43,0
N1246,2025-09-01 20:46:00,85947.0,56.56,0
N1247,2025-09-01 20:47:00,76424.0,8.68,0
N1248,2025-09-01 20:48:00,43781.0,73.04,0
N1249,2025-09-01 20:49:00,28689.0,52.19,0
N1250,2025-09-01 20:50:00,26415.0,26.36,0
N1251,2025-09-01 20:51:00,174791.0,65.87,0
N1252,2025-09-01 20:52:00,220630.0,20.92,0
N1253,2025-09-01 20:53:00,37249.0,46.61,0
N1254,2025-09-01 20:54:00,319620.0,418.08,0
N1255,2025-09-01 20:55:00,214068.0,220.77,0
N1256,2025-09-01 20:56:00,38504.0,37.08,0
N1257,2025-09-01 20:57:00,40533.0,20.9,0
N1258,2025-09-01 20:58:00,52055.0,33.87,0
N1259,2025-09-01 20:59:00,52882.0,18.69,0
N1260,2025-09-01 21:00:00,119682.0,28.22,0
N1261,2025-09-01 21:01:00,36646.0,11.66,0
N1262,2025-09-01 21:02:00,154721.0,46.08,0
N1263,2025-09-01 21:03:00,345446.0,56.08,0
N1264,2025-09-01 21:04:00,232218.0,9.93,0
N1265,2025-09-01 21:05:00,75173.0,44.21,0
N1266,2025-09-01 21:06:00,406018.0,37.94,0
N1267,2025-09-01 21:07:00,30133.0,43.97,0
N1268,2025-09-01 21:08:00,142686.0,54.63,0
N1269,2025-09-01 21:09:00,34142.0,57.48,0
N1270,2025-09-01 21:10:00,196972.0,116.02,0
N1271,2025-09-01 21:11:00,213707.0,156.1,0
N1272,2025-09-01 21:12:00,312618.0,99.93,0
N1273,2025-09-01 21:13:00,108300.0,33.59,0
N1274,2025-09-01 21:14:00,34338.0,22.96,0
N1275,2025-09-01 21:15:00,218454.0,51.26,0
N1276,2025-09-01 21:16:00,24473.0,60.53,0
N1277,2025-09-01 21:17:00,134891.0,31.69,0
N1278,2025-09-01 21:18:00,49178.0,203.34,0
N1279,2025-09-01 21:19:00,179230.0,34.1,0
N1280,2025-09-01 21:20:00,39590.0,77.42,0
N1281,2025-09-01 21:21:00,217150.0,49.66,0
N1282,2025-09-01 21:22:00,35252.0,30.87,0
N1283,2025-09-01 21:23:00,45312.0,15.73,0
N1284,2025-09-01 21:24:00,256423.0,22.04,0
N1285,2025-09-01 21:25:00,65117.0,133.91,0
N1286,2025-09-01 21:26:00,118543.0,6.92,0
N1287,2025-09-01 21:27:00,19691.0,45.9,0
N1288,2025-09-01 21:28:00,146973.0,43.56,0
N1289,2025-09-01 21:29:00,146570.0,5.29,0
N1290,2025-09-01 21:30:00,82801.0,13.8,0
N1291,2025-09-01 21:31:00,134400.0,81.35,0
N1292,2025-09-01 21:32:00,48378.0,43.91,0
N1293,2025-09-01 21:33:00,29047.0,100.75,0
N1294,2025-09-01 21:34:00,118235.0,19.61,0
N1295,2025-09-01 21:35:00,1243885.0,61.95,0
N1296,2025-09-01 21:36:00,231799.0,29.75,0
N1297,2025-09-01 21:37:00,160069.0,10.96,0
N1298,2025-09-01 21:38:00,343301.0,7.33,0
N1299,2025-09-01 21:39:00,47405.0,68.89,0
N1300,2025-09-01 21:40:00,54565.0,10.14,0
N1301,2025-09-01 21:41:00,110571.0,17.86,0
N1302,2025-09-01 21:42:00,10713.0,42.13,0
N1303,2025-09-01 21:43:00,44831.0,4.84,0
N1304,2025-09-01 21:44:00,239589.0,7.87,0
N1305,2025-09-01 21:45:00,613174.0,10.38,0
N1306,2025-09-01 21:46:00,36590.0,33.78,0
N1307,2025-09-01 21:47:00,55463.0,146.48,0
N1308,2025-09-01 21:48:00,31579.0,54.29,0
N1309,2025-09-01 21:49:00,86444.0,49.57,0
N1310,2025-09-01 21:50:00,138081.0,58.64,0
N1311,2025-09-01 21:51:00,176780.0,316.24,0
N1312,2025-09-01 21:52:00,39425.0,9.92,0
N1313,2025-09-01 21:53:00,345323.0,72.49,0
N1314,2025-09-01 21:54:00,50502.0,39.19,0
N1315,2025-09-01 21:55:00,79661.0,100.98,0
N1316,2025-09-01 21:56:00,72356.0,84.93,0
N1317,2025-09-01 21:57:00,22860.0,112.26,0
N1318,2025-09-01 21:58:00,57453.0,42.56,0
N1319,2025-09-01 21:59:00,107042.0,36.06,0
N1320,2025-09-01 22:00:00,134617.0,35.97,0
N1321,2025-09-01 22:01:00,367587.0,88.7,0
N1322,2025-09-01 22:02:00,55640.0,17.9,0
N1323,2025-09-01 22:03:00,89064.0,46.9,0
N1324,2025-09-01 22:04:00,135166.0,25.66,0
N1325,2025-09-01 22:05:00,136519.0,37.12,0
N1326,2025-09-01 22:06:00,52741.0,34.43,0
N1327,2025-09-01 22:07:00,59019.0,70.22,0
N1328,2025-09-01 22:08:00,87975.0,26.35,0
N1329,2025-09-01 22:09:00,331325.0,26.61,0
N1330,2025-09-01 22:10:00,26460.0,71.7,0
N1331,2025-09-01 22:11:00,32759.0,8.72,0
N1332,2025-09-01 22:12:00,8975.0,58.51,0
N1333,2025-09-01 22:13:00,99298.0,55.04,0
N1334,2025-09-01 22:14:00,33200.0,121.29,0
N1335,2025-09-01 22:15:00,82244.0,40.62,0
N1336,2025-09-01 22:16:00,18101.0,16.95,0
N1337,2025-09-01 22:17:00,146859.0,246.79,0
N1338,2025-09-01 22:18:00,120074.0,107.41,0
N1339,2025-09-01 22:19:00,45726.0,68.56,0
N1340,2025-09-01 22:20:00,47752.0,35.52,0
N1341,2025-09-01 22:21:00,20394.0,101.73,0
N1342,2025-09-01 22:22:00,175076.0,14.12,0
N1343,2025-09-01 22:23:00,44583.0,27.08,0
N1344,2025-09-01 22:24:00,39592.0,29.52,0
N1345,2025-09-01 22:25:00,162909.0,22.48,0
N1346,2025-09-01 22:26:00,12665.0,195.07,0
N1347,2025-09-01 22:27:00,60244.0,26.07,0
N1348,2025-09-01 22:28:00,43455.0,16.26,0
N1349,2025-09-01 22:29:00,351307.0,143.42,0
N1350,2025-09-01 22:30:00,51878.0,54.5,0
N1351,2025-09-01 22:31:00,364817.0,16.32,0
N1352,2025-09-01 22:32:00,206646.0,25.86,0
N1353,2025-09-01 22:33:00,127804.0,95.62,0
N1354,2025-09-01 22:34:00,77617.0,34.99,0
N1355,2025-09-01 22:35:00,49768.0,27.96,0
N1356,2025-09-01 22:36:00,75767.0,31.67,0
N1357,2025-09-01 22:37:00,38080.0,336.9,0
N1358,2025-09-01 22:38:00,65270.0,235.44,0
N1359,2025-09-01 22:39:00,26671.0,37.19,0
N1360,2025-09-01 22:40:00,56290.0,29.9,0
N1361,2025-09-01 22:41:00,11974.0,23.57,0
N1362,2025-09-01 22:42:00,20577.0,6.78,0
N1363,2025-09-01 22:43:00,93006.0,12.39,0
N1364,2025-09-01 22:44:00,15373.0,21.4,0
N1365,2025-09-01 22:45:00,24567.0,25.13,0
N1366,2025-09-01 22:46:00,226209.0,20.1,0
N1367,2025-09-01 22:47:00,66993.0,8.58,0
N1368,2025-09-01 22:48:00,371363.0,289.07,0
N1369,2025-09-01 22:49:00,21349.0,191.92,0
N1370,2025-09-01 22:50:00,13326.0,5.48,0
N1371,2025-09-01 22:51:00,218715.0,244.11,0
N1372,2025-09-01 22:52:00,215569.0,19.59,0
N1373,2025-09-01 22:53:00,288797.0,109.61,0
N1374,2025-09-01 22:54:00,37236.0,199.96,0
N1375,2025-09-01 22:55:00,27110.0,25.06,0
N1376,2025-09-01 22:56:00,253028.0,79.78,0
N1377,2025-09-01 22:57:00,6211.0,275.26,0
N1378,2025-09-01 22:58:00,74932.0,32.85,0
N1379,2025-09-01 22:59:00,32570.0,47.08,0
N1380,2025-09-01 23:00:00,31945.0,2.12,0
N1381,2025-09-01 23:01:00,91061.0,30.71,0
N1382,2025-09-01 23:02:00,57656.0,35.03,0
N1383,2025-09-01 23:03:00,96250.0,44.67,0
N1384,2025-09-01 23:04:00,14179.0,17.49,0
N1385,2025-09-01 23:05:00,235860.0,29.8,0
N1386,2025-09-01 23:06:00,234667.0,53.33,0
N1387,2025-09-01 23:07:00,36435.0,46.04,0
N1388,2025-09-01 23:08:00,517608.0,183.93,0
N1389,2025-09-01 23:09:00,18706.0,3.96,0
N1390,2025-09-01 23:10:00,275916.0,10.72,0
N1391,2025-09-01 23:11:00,38994.0,26.8,0
N1392,2025-09-01 23:12:00,20572.0,257.73,0
N1393,2025-09-01 23:13:00,32105.0,68.15,0
N1394,2025-09-01 23:14:00,57404.0,63.49,0
N1395,2025-09-01 23:15:00,80353.0,11.09,0
N1396,2025-09-01 23:16:00,78445.0,58.41,0
N1397,2025-09-01 23:17:00,14368.0,100.79,0
N1398,2025-09-01 23:18:00,192638.0,47.62,0
N1399,2025-09-01 23:19:00,64096.0,33.41,0
N1400,2025-09-01 23:20:00,33025.0,6.98,0
N1401,2025-09-01 23:21:00,53326.0,14.56,0
N1402,2025-09-01 23:22:00,143655.0,442.64,0
N1403,2025-09-01 23:23:00,359634.0,168.97,0
N1404,2025-09-01 23:24:00,53887.0,7.19,0
N1405,2025-09-01 23:25:00,283513.0,33.33,0
N1406,2025-09-01 23:26:00,198161.0,14.78,0
N1407,2025-09-01 23:27:00,71185.0,24.18,0
N1408,2025-09-01 23:28:00,148578.0,14.2,0
N1409,2025-09-01 23:29:00,28949.0,122.25,0
N1410,2025-09-01 23:30:00,84802.0,45.42,0
N1411,2025-09-01 23:31:00,59887.0,98.43,0
N1412,2025-09-01 23:32:00,25687.0,55.27,0
N1413,2025-09-01 23:33:00,22748.0,22.28,0
N1414,2025-09-01 23:34:00,38444.0,24.22,0
N1415,2025-09-01 23:35:00,385697.0,20.57,0
N1416,2025-09-01 23:36:00,36937.0,20.44,0
N1417,2025-09-01 23:37:00,105768.0,20.63,0
N1418,2025-09-01 23:38:00,205392.0,98.51,0
N1419,2025-09-01 23:39:00,320821.0,18.27,0
N1420,2025-09-01 23:40:00,75459.0,31.14,0
N1421,2025-09-01 23:41:00,30302.0,99.36,0
N1422,2025-09-01 23:42:00,51766.0,43.79,0
N1423,2025-09-01 23:43:00,196414.0,4.68,0
N1424,2025-09-01 23:44:00,47965.0,12.35,0
N1425,2025-09-01 23:45:00,197245.0,53.37,0
N1426,2025-09-01 23:46:00,38261.0,36.29,0
N1427,2025-09-01 23:47:00,78344.0,26.04,0
N1428,2025-09-01 23:48:00,280366.0,44.28,0
N1429,2025-09-01 23:49:00,51365.0,64.47,0
N1430,2025-09-01 23:50:00,52564.0,63.21,0
N1431,2025-09-01 23:51:00,76283.0,10.1,0
N1432,2025-09-01 23:52:00,226401.0,11.89,0
N1433,2025-09-01 23:53:00,70337.0,108.1,0
N1434,2025-09-01 23:54:00,70969.0,55.08,0
N1435,2025-09-01 23:55:00,270393.0,58.76,0
N1436,2025-09-01 23:56:00,172030.0,20.81,0
N1437,2025-09-01 23:57:00,594633.0,39.77,0
N1438,2025-09-01 23:58:00,55255.0,82.18,0
N1439,2025-09-01 23:59:00,87571.0,20.66,0
N1440,2025-09-02 00:00:00,58182.0,6.7,0
N1441,2025-09-02 00:01:00,41446.0,81.82,0
N1442,2025-09-02 00:02:00,90079.0,22.08,0
N1443,2025-09-02 00:03:00,233694.0,18.52,0
N1444,2025-09-02 00:04:00,195130.0,117.77,0
N1445,2025-09-02 00:05:00,39028.0,21.01,0
N1446,2025-09-02 00:06:00,79602.0,37.36,0
N1447,2025-09-02 00:07:00,9910.0,234.23,0
N1448,2025-09-02 00:08:00,102248.0,12.22,0
N1449,2025-09-02 00:09:00,34677.0,90.5,0
N1450,2025-09-02 00:10:00,124014.0,37.73,0
N1451,2025-09-02 00:11:00,127160.0,26.44,0
N1452,2025-09-02 00:12:00,46219.0,27.02,0
N1453,2025-09-02 00:13:00,45324.0,5.76,0
N1454,2025-09-02 00:14:00,30823.0,29.14,0
N1455,2025-09-02 00:15:00,67658.0,3.06,0
N1456,2025-09-02 00:16:00,57964.0,41.36,0
N1457,2025-09-02 00:17:00,80054.0,34.53,0
N1458,2025-09-02 00:18:00,135426.0,61.75,0
N1459,2025-09-02 00:19:00,385358.0,31.0,0
N1460,2025-09-02 00:20:00,315826.0,41.94,0
N1461,2025-09-02 00:21:00,24540.0,100.49,0
N1462,2025-09-02 00:22:00,47903.0,25.32,0
N1463,2025-09-02 00:23:00,26585.0,12.25,0
N1464,2025-09-02 00:24:00,64641.0,17.3,0
N1465,2025-09-02 00:25:00,92235.0,53.05,0
N1466,2025-09-02 00:26:00,49902.0,16.01,0
N1467,2025-09-02 00:27:00,21496.0,17.52,0
N1468,2025-09-02 00:28:00,54328.0,164.96,0
N1469,2025-09-02 00:29:00,57804.0,13.42,0
N1470,2025-09-02 00:30:00,165690.0,69.35,0
N1471,2025-09-02 00:31:00,242480.0,40.73,0
N1472,2025-09-02 00:32:00,173063.0,23.69,0
N1473,2025-09-02 00:33:00,46126.0,347.3,0
N1474,2025-09-02 00:34:00,106026.0,76.08,0
N1475,2025-09-02 00:35:00,98844.0,40.66,0
N1476,2025-09-02 00:36:00,118424.0,38.27,0
N1477,2025-09-02 00:37:00,34923.0,167.57,0
N1478,2025-09-02 00:38:00,101912.0,81.51,0
N1479,2025-09-02 00:39:00,133152.0,35.59,0
N1480,2025-09-02 00:40:00,80364.0,9.62,0
N1481,2025-09-02 00:41:00,49021.0,18.42,0
N1482,2025-09-02 00:42:00,92841.0,47.05,0
N1483,2025-09-02 00:43:00,85094.0,73.62,0
N1484,2025-09-02 00:44:00,69287.0,90.52,0
N1485,2025-09-02 00:45:00,60439.0,14.27,0
N1486,2025-09-02 00:46:00,245920.0,61.6,0
N1487,2025-09-02 00:47:00,24460.0,9.94,0
N1488,2025-09-02 00:48:00,206750.0,18.09,0
N1489,2025-09-02 00:49:00,194896.0,79.2,0
N1490,2025-09-02 00:50:00,66159.0,17.73,0
N1491,2025-09-02 00:51:00,82223.0,135.31,0
N1492,2025-09-02 00:52:00,54056.0,39.54,0
N1493,2025-09-02 00:53:00,129519.0,11.4,0
N1494,2025-09-02 00:54:00,321073.0,16.67,0
N1495,2025-09-02 00:55:00,93747.0,32.23,0
N1496,2025-09-02 00:56:00,133410.0,14.06,0
N1497,2025-09-02 00:57:00,107669.0,87.33,0
N1498,2025-09-02 00:58:00,45634.0,53.6,0
N1499,2025-09-02 00:59:00,26906.0,52.99,0
N1500,2025-09-02 01:00:00,112083.0,187.49,0
N1501,2025-09-02 01:01:00,19840.0,64.11,0
N1502,2025-09-02 01:02:00,23527.0,52.53,0
N1503,2025-09-02 01:03:00,87527.0,20.75,0
N1504,2025-09-02 01:04:00,24391.0,57.09,0
N1505,2025-09-02 01:05:00,93111.0,28.92,0
N1506,2025-09-02 01:06:00,1301492.0,56.28,0
N1507,2025-09-02 01:07:00,23068.0,39.9,0
N1508,2025-09-02 01:08:00,82887.0,39.39,0
N1509,2025-09-02 01:09:00,63113.0,41.77,0
N1510,2025-09-02 01:10:00,155235.0,23.95,0
N1511,2025-09-02 01:11:00,253887.0,14.11,0
N1512,2025-09-02 01:12:00,26881.0,69.83,0
N1513,2025-09-02 01:13:00,66225.0,23.32,0
N1514,2025-09-02 01:14:00,75024.0,80.34,0
N1515,2025-09-02 01:15:00,120468.0,25.58,0
N1516,2025-09-02 01:16:00,605329.0,22.45,0
N1517,2025-09-02 01:17:00,53639.0,63.95,0
N1518,2025-09-02 01:18:00,21918.0,20.62,0
N1519,2025-09-02 01:19:00,249648.0,21.29,0
N1520,2025-09-02 01:20:00,137263.0,67.64,0
N1521,2025-09-02 01:21:00,206246.0,9.82,0
N1522,2025-09-02 01:22:00,45511.0,29.21,0
N1523,2025-09-02 01:23:00,58468.0,26.52,0
N1524,2025-09-02 01:24:00,306463.0,9.46,0
N1525,2025-09-02 01:25:00,175036.0,61.78,0
N1526,2025-09-02 01:26:00,28066.0,86.98,0
N1527,2025-09-02 01:27:00,10867.0,19.84,0
N1528,2025-09-02 01:28:00,167929.0,47.29,0
N1529,2025-09-02 01:29:00,102794.0,36.52,0
N1530,2025-09-02 01:30:00,63659.0,37.39,0
N1531,2025-09-02 01:31:00,147789.0,72.76,0
N1532,2025-09-02 01:32:00,66714.0,71.26,0
N1533,2025-09-02 01:33:00,88691.0,11.64,0
N1534,2025-09-02 01:34:00,392656.0,42.8,0
N1535,2025-09-02 01:35:00,127651.0,32.09,0
N1536,2025-09-02 01:36:00,59862.0,118.73,0
N1537,2025-09-02 01:37:00,63830.0,31.82,0
N1538,2025-09-02 01:38:00,19061.0,35.16,0
N1539,2025-09-02 01:39:00,8481.0,24.74,0
N1540,2025-09-02 01:40:00,107115.0,26.17,0
N1541,2025-09-02 01:41:00,208478.0,2.45,0
N1542,2025-09-02 01:42:00,69725.0,38.12,0
N1543,2025-09-02 01:43:00,81822.0,14.74,0
N1544,2025-09-02 01:44:00,22508.0,22.73,0
N1545,2025-09-02 01:45:00,27624.0,656.21,0
N1546,2025-09-02 01:46:00,222574.0,22.97,0
N1547,2025-09-02 01:47:00,64328.0,108.23,0
N1548,2025-09-02 01:48:00,29239.0,22.33,0
N1549,2025-09-02 01:49:00,112099.0,5.45,0
N1550,2025-09-02 01:50:00,109763.0,20.12,0
N1551,2025-09-02 01:51:00,350233.0,89.36,0
N1552,2025-09-02 01:52:00,457836.0,26.46,0
N1553,2025-09-02 01:53:00,12850.0,43.86,0
N1554,2025-09-02 01:54:00,27505.0,53.14,0
N1555,2025-09-02 01:55:00,131597.0,46.83,0
N1556,2025-09-02 01:56:00,22011.0,124.31,0
N1557,2025-09-02 01:57:00,40796.0,41.86,0
N1558,2025-09-02 01:58:00,15531.0,85.03,0
N1559,2025-09-02 01:59:00,415686.0,128.11,0
N1560,2025-09-02 02:00:00,171086.0,76.9,0
N1561,2025-09-02 02:01:00,60982.0,7.39,0
N1562,2025-09-02 02:02:00,173580.0,28.27,0
N1563,2025-09-02 02:03:00,74501.0,38.47,0
N1564,2025-09-02 02:04:00,66227.0,12.37,0
N1565,2025-09-02 02:05:00,25913.0,55.83,0
N1566,2025-09-02 02:06:00,35543.0,9.18,0
N1567,2025-09-02 02:07:00,93413.0,197.77,0
N1568,2025-09-02 02:08:00,135416.0,6.6,0
N1569,2025-09-02 02:09:00,138184.0,38.95,0
N1570,2025-09-02 02:10:00,85926.0,2.0,0
N1571,2025-09-02 02:11:00,13074.0,75.56,0
N1572,2025-09-02 02:12:00,128820.0,14.03,0
N1573,2025-09-02 02:13:00,62068.0,47.1,0
N1574,2025-09-02 02:14:00,166195.0,5.85,0
N1575,2025-09-02 02:15:00,24616.0,17.89,0
N1576,2025-09-02 02:16:00,90663.0,94.66,0
N1577,2025-09-02 02:17:00,366672.0,39.66,0
N1578,2025-09-02 02:18:00,90510.0,18.33,0
N1579,2025-09-02 02:19:00,108690.0,71.88,0
N1580,2025-09-02 02:20:00,272829.0,25.5,0
N1581,2025-09-02 02:21:00,304821.0,144.12,0
N1582,2025-09-02 02:22:00,152572.0,73.11,0
N1583,2025-09-02 02:23:00,37270.0,162.63,0
N1584,2025-09-02 02:24:00,166270.0,18.83,0
N1585,2025-09-02 02:25:00,87929.0,571.22,0
N1586,2025-09-02 02:26:00,54225.0,11.57,0
N1587,2025-09-02 02:27:00,7237.0,5.14,0
N1588,2025-09-02 02:28:00,67998.0,187.64,0
N1589,2025-09-02 02:29:00,107862.0,44.43,0
N1590,2025-09-02 02:30:00,22452.0,13.4,0
N1591,2025-09-02 02:31:00,126116.0,423.15,0
N1592,2025-09-02 02:32:00,93517.0,18.75,0
N1593,2025-09-02 02:33:00,55371.0,35.96,0
N1594,2025-09-02 02:34:00,101359.0,63.93,0
N1595,2025-09-02 02:35:00,195681.0,13.13,0
N1596,2025-09-02 02:36:00,60824.0,68.64,0
N1597,2025-09-02 02:37:00,114551.0,15.53,0
N1598,2025-09-02 02:38:00,32187.0,14.41,0
N1599,2025-09-02 02:39:00,74534.0,162.14,0
N1600,2025-09-02 02:40:00,55390.0,158.23,0
N1601,2025-09-02 02:41:00,185555.0,37.28,0
N1602,2025-09-02 02:42:00,97666.0,11.47,0
N1603,2025-09-02 02:43:00,123277.0,5.07,0
N1604,2025-09-02 02:44:00,201513.0,27.84,0
N1605,2025-09-02 02:45:00,95629.0,57.35,0
N1606,2025-09-02 02:46:00,52885.0,39.23,0
N1607,2025-09-02 02:47:00,34457.0,17.61,0
N1608,2025-09-02 02:48:00,30441.0,141.81,0
N1609,2025-09-02 02:49:00,34091.0,69.61,0
N1610,2025-09-02 02:50:00,45968.0,41.38,0
N1611,2025-09-02 02:51:00,27009.0,20.89,0
N1612,2025-09-02 02:52:00,175106.0,13.69,0
N1613,2025-09-02 02:53:00,25148.0,27.97,0
N1614,2025-09-02 02:54:00,136064.0,7.09,0
N1615,2025-09-02 02:55:00,139825.0,167.01,0
N1616,2025-09-02 02:56:00,204812.0,23.23,0
N1617,2025-09-02 02:57:00,489608.0,39.83,0
N1618,2025-09-02 02:58:00,719899.0,5.31,0
N1619,2025-09-02 02:59:00,40532.0,54.79,0
N1620,2025-09-02 03:00:00,61969.0,84.98,0
N1621,2025-09-02 03:01:00,30863.0,266.13,0
N1622,2025-09-02 03:02:00,13814.0,133.45,0
N1623,2025-09-02 03:03:00,185899.0,45.18,0
N1624,2025-09-02 03:04:00,31409.0,23.31,0
N1625,2025-09-02 03:05:00,24760.0,22.14,0
N1626,2025-09-02 03:06:00,92259.0,49.6,0
N1627,2025-09-02 03:07:00,43629.0,16.44,0
N1628,2025-09-02 03:08:00,97094.0,13.46,0
N1629,2025-09-02 03:09:00,106264.0,34.92,0
N1630,2025-09-02 03:10:00,80389.0,23.98,0
N1631,2025-09-02 03:11:00,213993.0,73.07,0
N1632,2025-09-02 03:12:00,79035.0,10.07,0
N1633,2025-09-02 03:13:00,76143.0,14.64,0
N1634,2025-09-02 03:14:00,181209.0,37.57,0
N1635,2025-09-02 03:15:00,79607.0,14.34,0
N1636,2025-09-02 03:16:00,196936.0,24.61,0
N1637,2025-09-02 03:17:00,525792.0,10.18,0
N1638,2025-09-02 03:18:00,38956.0,16.05,0
N1639,2025-09-02 03:19:00,34312.0,112.77,0
N1640,2025-09-02 03:20:00,36377.0,126.5,0
N1641,2025-09-02 03:21:00,255070.0,29.2,0
N1642,2025-09-02 03:22:00,97587.0,128.38,0
N1643,2025-09-02 03:23:00,44890.0,29.92,0
N1644,2025-09-02 03:24:00,65832.0,16.41,0
N1645,2025-09-02 03:25:00,26823.0,135.87,0
N1646,2025-09-02 03:26:00,10880.0,658.24,0
N1647,2025-09-02 03:27:00,81791.0,737.6,0
N1648,2025-09-02 03:28:00,161591.0,269.92,0
N1649,2025-09-02 03:29:00,14963.0,6.79,0
N1650,2025-09-02 03:30:00,89907.0,123.34,0
N1651,2025-09-02 03:31:00,52518.0,98.38,0
N1652,2025-09-02 03:32:00,174284.0,17.46,0
N1653,2025-09-02 03:33:00,94801.0,86.81,0
N1654,2025-09-02 03:34:00,37782.0,67.78,0
N1655,2025-09-02 03:35:00,101292.0,6.52,0
N1656,2025-09-02 03:36:00,91831.0,17.63,0
N1657,2025-09-02 03:37:00,50783.0,12.42,0
N1658,2025-09-02 03:38:00,56696.0,256.7,0
N1659,2025-09-02 03:39:00,379396.0,382.04,0
N1660,2025-09-02 03:40:00,59445.0,139.06,0
N1661,2025-09-02 03:41:00,337590.0,367.9,0
N1662,2025-09-02 03:42:00,55571.0,45.44,0
N1663,2025-09-02 03:43:00,322555.0,53.79,0
N1664,2025-09-02 03:44:00,205144.0,36.34,0
N1665,2025-09-02 03:45:00,97994.0,30.69,0
N1666,2025-09-02 03:46:00,95607.0,90.67,0
N1667,2025-09-02 03:47:00,39717.0,5.76,0
N1668,2025-09-02 03:48:00,137110.0,6.32,0
N1669,2025-09-02 03:49:00,119663.0,24.69,0
N1670,2025-09-02 03:50:00,18549.0,16.4,0
N1671,2025-09-02 03:51:00,163585.0,4.72,0
N1672,2025-09-02 03:52:00,213722.0,175.51,0
N1673,2025-09-02 03:53:00,90663.0,461.59,0
N1674,2025-09-02 03:54:00,56561.0,125.96,0
N1675,2025-09-02 03:55:00,71299.0,31.23,0
N1676,2025-09-02 03:56:00,128517.0,65.33,0
N1677,2025-09-02 03:57:00,77102.0,43.2,0
N1678,2025-09-02 03:58:00,64823.0,27.99,0
N1679,2025-09-02 03:59:00,114814.0,7.94,0
N1680,2025-09-02 04:00:00,89427.0,24.66,0
N1681,2025-09-02 04:01:00,68481.0,50.97,0
N1682,2025-09-02 04:02:00,349916.0,19.13,0
N1683,2025-09-02 04:03:00,43189.0,59.79,0
N1684,2025-09-02 04:04:00,25258.0,70.17,0
N1685,2025-09-02 04:05:00,16710.0,22.14,0
N1686,2025-09-02 04:06:00,76238.0,26.77,0
N1687,2025-09-02 04:07:00,47603.0,7.05,0
N1688,2025-09-02 04:08:00,32666.0,55.12,0
N1689,2025-09-02 04:09:00,169846.0,20.93,0
N1690,2025-09-02 04:10:00,61574.0,21.7,0
N1691,2025-09-02 04:11:00,31258.0,191.43,0
N1692,2025-09-02 04:12:00,135970.0,15.98,0
N1693,2025-09-02 04:13:00,36513.0,172.59,0
N1694,2025-09-02 04:14:00,41171.0,120.59,0
N1695,2025-09-02 04:15:00,58482.0,48.35,0
N1696,2025-09-02 04:16:00,195989.0,72.75,0
N1697,2025-09-02 04:17:00,69992.0,37.29,0
N1698,2025-09-02 04:18:00,59974.0,35.54,0
N1699,2025-09-02 04:19:00,50054.0,301.96,0
N1700,2025-09-02 04:20:00,34289.0,47.09,0
N1701,2025-09-02 04:21:00,134396.0,48.39,0
N1702,2025-09-02 04:22:00,51589.0,22.64,0
N1703,2025-09-02 04:23:00,114611.0,42.41,0
N1704,2025-09-02 04:24:00,64056.0,17.29,0
N1705,2025-09-02 04:25:00,113304.0,22.11,0
N1706,2025-09-02 04:26:00,60256.0,46.65,0
N1707,2025-09-02 04:27:00,32620.0,33.04,0
N1708,2025-09-02 04:28:00,104298.0,27.5,0
N1709,2025-09-02 04:29:00,111253.0,14.99,0
N1710,2025-09-02 04:30:00,176687.0,52.63,0
N1711,2025-09-02 04:31:00,30066.0,37.62,0
N1712,2025-09-02 04:32:00,15624.0,26.76,0
N1713,2025-09-02 04:33:00,87674.0,57.7,0
N1714,2025-09-02 04:34:00,53272.0,38.42,0
N1715,2025-09-02 04:35:00,170960.0,32.97,0
N1716,2025-09-02 04:36:00,119587.0,115.12,0
N1717,2025-09-02 04:37:00,42491.0,111.4,0
N1718,2025-09-02 04:38:00,35034.0,75.59,0
N1719,2025-09-02 04:39:00,82029.0,29.1,0
N1720,2025-09-02 04:40:00,103819.0,22.82,0
N1721,2025-09-02 04:41:00,379983.0,155.51,0
N1722,2025-09-02 04:42:00,58322.0,181.9,0
N1723,2025-09-02 04:43:00,28030.0,204.25,0
N1724,2025-09-02 04:44:00,69589.0,6.19,0
N1725,2025-09-02 04:45:00,482031.0,73.89,0
N1726,2025-09-02 04:46:00,108215.0,14.2,0
N1727,2025-09-02 04:47:00,105723.0,84.6,0
N1728,2025-09-02 04:48:00,201484.0,108.22,0
N1729,2025-09-02 04:49:00,52096.0,16.14,0
N1730,2025-09-02 04:50:00,21948.0,66.23,0
N1731,2025-09-02 04:51:00,241000.0,39.39,0
N1732,2025-09-02 04:52:00,315877.0,42.23,0
N1733,2025-09-02 04:53:00,37943.0,21.36,0
N1734,2025-09-02 04:54:00,29013.0,29.17,0
N1735,2025-09-02 04:55:00,13300.0,25.13,0
N1736,2025-09-02 04:56:00,103549.0,31.66,0
N1737,2025-09-02 04:57:00,53818.0,16.88,0
N1738,2025-09-02 04:58:00,78965.0,23.44,0
N1739,2025-09-02 04:59:00,110178.0,18.01,0
N1740,2025-09-02 05:00:00,108922.0,20.83,0
N1741,2025-09-02 05:01:00,161305.0,7.29,0
N1742,2025-09-02 05:02:00,11387.0,78.84,0
N1743,2025-09-02 05:03:00,46696.0,185.62,0
N1744,2025-09-02 05:04:00,23927.0,34.49,0
N1745,2025-09-02 05:05:00,59196.0,29.22,0
N1746,2025-09-02 05:06:00,485013.0,99.51,0
N1747,2025-09-02 05:07:00,101933.0,181.48,0
N1748,2025-09-02 05:08:00,147197.0,24.66,0
N1749,2025-09-02 05:09:00,248911.0,11.34,0
N1750,2025-09-02 05:10:00,16677.0,59.07,0
N1751,2025-09-02 05:11:00,44822.0,69.82,0
N1752,2025-09-02 05:12:00,184728.0,75.83,0
N1753,2025-09-02 05:13:00,60522.0,11.85,0
N1754,2025-09-02 05:14:00,146409.0,44.17,0
N1755,2025-09-02 05:15:00,73100.0,13.46,0
N1756,2025-09-02 05:16:00,46602.0,54.03,0
N1757,2025-09-02 05:17:00,501682.0,35.41,0
N1758,2025-09-02 05:18:00,99436.0,101.82,0
N1759,2025-09-02 05:19:00,123162.0,70.14,0
N1760,2025-09-02 05:20:00,193255.0,46.44,0
N1761,2025-09-02 05:21:00,29923.0,82.52,0
N1762,2025-09-02 05:22:00,56065.0,64.91,0
N1763,2025-09-02 05:23:00,20089.0,46.29,0
N1764,2025-09-02 05:24:00,114635.0,7.86,0
N1765,2025-09-02 05:25:00,33996.0,59.69,0
N1766,2025-09-02 05:26:00,199380.0,118.87,0
N1767,2025-09-02 05:27:00,29411.0,56.73,0
N1768,2025-09-02 05:28:00,72295.0,63.05,0
N1769,2025-09-02 05:29:00,25923.0,20.49,0
N1770,2025-09-02 05:30:00,44930.0,59.07,0
N1771,2025-09-02 05:31:00,50385.0,18.56,0
N1772,2025-09-02 05:32:00,126433.0,6.76,0
N1773,2025-09-02 05:33:00,57766.0,44.35,0
N1774,2025-09-02 05:34:00,42971.0,195.64,0
N1775,2025-09-02 05:35:00,162682.0,6.71,0
N1776,2025-09-02 05:36:00,37676.0,186.2,0
N1777,2025-09-02 05:37:00,80251.0,47.77,0
N1778,2025-09-02 05:38:00,139224.0,4.83,0
N1779,2025-09-02 05:39:00,567989.0,17.43,0
N1780,2025-09-02 05:40:00,19802.0,72.06,0
N1781,2025-09-02 05:41:00,9976.0,103.99,0
N1782,2025-09-02 05:42:00,23815.0,32.53,0
N1783,2025-09-02 05:43:00,27453.0,20.34,0
N1784,2025-09-02 05:44:00,37390.0,139.41,0
N1785,2025-09-02 05:45:00,45820.0,116.28,0
N1786,2025-09-02 05:46:00,18328.0,23.1,0
N1787,2025-09-02 05:47:00,60267.0,25.04,0
N1788,2025-09-02 05:48:00,64797.0,36.84,0
N1789,2025-09-02 05:49:00,148626.0,36.86,0
N1790,2025-09-02 05:50:00,85567.0,24.93,0
N1791,2025-09-02 05:51:00,48755.0,172.98,0
N1792,2025-09-02 05:52:00,176095.0,88.89,0
N1793,2025-09-02 05:53:00,22893.0,16.43,0
N1794,2025-09-02 05:54:00,67175.0,12.95,0
N1795,2025-09-02 05:55:00,40652.0,16.97,0
N1796,2025-09-02 05:56:00,56849.0,97.12,0
N1797,2025-09-02 05:57:00,195543.0,101.42,0
N1798,2025-09-02 05:58:00,98191.0,7.27,0
N1799,2025-09-02 05:59:00,53156.0,252.15,0
N1800,2025-09-02 06:00:00,59889.0,28.92,0
N1801,2025-09-02 06:01:00,75886.0,70.82,0
N1802,2025-09-02 06:02:00,47371.0,124.82,0
N1803,2025-09-02 06:03:00,19747.0,20.27,0
N1804,2025-09-02 06:04:00,27355.0,37.91,0
N1805,2025-09-02 06:05:00,77563.0,68.21,0
N1806,2025-09-02 06:06:00,34334.0,7.65,0
N1807,2025-09-02 06:07:00,28693.0,23.07,0
N1808,2025-09-02 06:08:00,34242.0,36.29,0
N1809,2025-09-02 06:09:00,65905.0,91.86,0
N1810,2025-09-02 06:10:00,69490.0,45.06,0
N1811,2025-09-02 06:11:00,74828.0,38.2,0
N1812,2025-09-02 06:12:00,16492.0,60.3,0
N1813,2025-09-02 06:13:00,47704.0,70.05,0
N1814,2025-09-02 06:14:00,79509.0,33.73,0
N1815,2025-09-02 06:15:00,152833.0,14.1,0
N1816,2025-09-02 06:16:00,52124.0,5.67,0
N1817,2025-09-02 06:17:00,21619.0,24.24,0
N1818,2025-09-02 06:18:00,30691.0,58.94,0
N1819,2025-09-02 06:19:00,103840.0,11.22,0
N1820,2025-09-02 06:20:00,326736.0,12.01,0
N1821,2025-09-02 06:21:00,289714.0,73.36,0
N1822,2025-09-02 06:22:00,162545.0,98.26,0
N1823,2025-09-02 06:23:00,42975.0,117.29,0
N1824,2025-09-02 06:24:00,82888.0,6.99,0
N1825,2025-09-02 06:25:00,96429.0,30.68,0
N1826,2025-09-02 06:26:00,239626.0,78.78,0
N1827,2025-09-02 06:27:00,267702.0,11.5,0
N1828,2025-09-02 06:28:00,103223.0,12.9,0
N1829,2025-09-02 06:29:00,373116.0,29.35,0
N1830,2025-09-02 06:30:00,54728.0,16.18,0
N1831,2025-09-02 06:31:00,44652.0,116.27,0
N1832,2025-09-02 06:32:00,71380.0,41.02,0
N1833,2025-09-02 06:33:00,27685.0,22.78,0
N1834,2025-09-02 06:34:00,19545.0,15.03,0
N1835,2025-09-02 06:35:00,57557.0,45.73,0
N1836,2025-09-02 06:36:00,76579.0,46.68,0
N1837,2025-09-02 06:37:00,32394.0,19.08,0
N1838,2025-09-02 06:38:00,53359.0,30.64,0
N1839,2025-09-02 06:39:00,39789.0,26.5,0
N1840,2025-09-02 06:40:00,319855.0,9.35,0
N1841,2025-09-02 06:41:00,92905.0,46.25,0
N1842,2025-09-02 06:42:00,28109.0,42.74,0
N1843,2025-09-02 06:43:00,15843.0,50.23,0
N1844,2025-09-02 06:44:00,78751.0,80.66,0
N1845,2025-09-02 06:45:00,134171.0,41.26,0
N1846,2025-09-02 06:46:00,37710.0,53.16,0
N1847,2025-09-02 06:47:00,40100.0,38.63,0
N1848,2025-09-02 06:48:00,36068.0,7.29,0
N1849,2025-09-02 06:49:00,88957.0,25.23,0
N1850,2025-09-02 06:50:00,24761.0,75.2,0
N1851,2025-09-02 06:51:00,30005.0,23.54,0
N1852,2025-09-02 06:52:00,134482.0,26.91,0
N1853,2025-09-02 06:53:00,106961.0,26.94,0
N1854,2025-09-02 06:54:00,55127.0,394.59,0
N1855,2025-09-02 06:55:00,282033.0,19.22,0
N1856,2025-09-02 06:56:00,200407.0,7.59,0
N1857,2025-09-02 06:57:00,12796.0,7.63,0
N1858,2025-09-02 06:58:00,18472.0,45.8,0
N1859,2025-09-02 06:59:00,55221.0,17.87,0
N1860,2025-09-02 07:00:00,89497.0,27.45,0
N1861,2025-09-02 07:01:00,222901.0,63.32,0
N1862,2025-09-02 07:02:00,107952.0,73.31,0
N1863,2025-09-02 07:03:00,57128.0,18.14,0
N1864,2025-09-02 07:04:00,80024.0,270.08,0
N1865,2025-09-02 07:05:00,51185.0,176.39,0
N1866,2025-09-02 07:06:00,52883.0,189.32,0
N1867,2025-09-02 07:07:00,226275.0,58.43,0
N1868,2025-09-02 07:08:00,66475.0,45.2,0
N1869,2025-09-02 07:09:00,32776.0,45.24,0
N1870,2025-09-02 07:10:00,201965.0,97.54,0
N1871,2025-09-02 07:11:00,41140.0,6.19,0
N1872,2025-09-02 07:12:00,855997.0,128.42,0
N1873,2025-09-02 07:13:00,448092.0,87.55,0
N1874,2025-09-02 07:14:00,60591.0,53.62,0
N1875,2025-09-02 07:15:00,11722.0,94.49,0
N1876,2025-09-02 07:16:00,334959.0,54.5,0
N1877,2025-09-02 07:17:00,188319.0,18.06,0
N1878,2025-09-02 07:18:00,112272.0,55.86,0
N1879,2025-09-02 07:19:00,89338.0,71.03,0
N1880,2025-09-02 07:20:00,16667.0,16.75,0
N1881,2025-09-02 07:21:00,47037.0,28.81,0
N1882,2025-09-02 07:22:00,73995.0,32.63,0
N1883,2025-09-02 07:23:00,124585.0,18.98,0
N1884,2025-09-02 07:24:00,99288.0,163.91,0
N1885,2025-09-02 07:25:00,41950.0,53.78,0
N1886,2025-09-02 07:26:00,259290.0,28.45,0
N1887,2025-09-02 07:27:00,611787.0,144.31,0
N1888,2025-09-02 07:28:00,77593.0,26.42,0
N1889,2025-09-02 07:29:00,68044.0,1.33,0
N1890,2025-09-02 07:30:00,975448.0,7.0,0
N1891,2025-09-02 07:31:00,54130.0,32.49,0
N1892,2025-09-02 07:32:00,58585.0,101.36,0
N1893,2025-09-02 07:33:00,158587.0,93.2,0
N1894,2025-09-02 07:34:00,208338.0,20.04,0
N1895,2025-09-02 07:35:00,145216.0,42.94,0
N1896,2025-09-02 07:36:00,116263.0,22.76,0
N1897,2025-09-02 07:37:00,55387.0,13.88,0
N1898,2025-09-02 07:38:00,54847.0,115.64,0
N1899,2025-09-02 07:39:00,49430.0,131.18,0
N1900,2025-09-02 07:40:00,23445.0,15.96,0
N1901,2025-09-02 07:41:00,64105.0,45.75,0
N1902,2025-09-02 07:42:00,127964.0,11.01,0
N1903,2025-09-02 07:43:00,43509.0,50.92,0
N1904,2025-09-02 07:44:00,94225.0,70.44,0
N1905,2025-09-02 07:45:00,153794.0,63.06,0
N1906,2025-09-02 07:46:00,53392.0,152.4,0
N1907,2025-09-02 07:47:00,79064.0,53.22,0
N1908,2025-09-02 07:48:00,45877.0,46.64,0
N1909,2025-09-02 07:49:00,186687.0,84.05,0
N1910,2025-09-02 07:50:00,24058.0,29.85,0
N1911,2025-09-02 07:51:00,24573.0,15.77,0
N1912,2025-09-02 07:52:00,63624.0,8.04,0
N1913,2025-09-02 07:53:00,34777.0,50.95,0
N1914,2025-09-02 07:54:00,222430.0,4.38,0
N1915,2025-09-02 07:55:00,101072.0,56.22,0
N1916,2025-09-02 07:56:00,182183.0,32.32,0
N1917,2025-09-02 07:57:00,85912.0,31.37,0
N1918,2025-09-02 07:58:00,78124.0,226.38,0
N1919,2025-09-02 07:59:00,44962.0,5.75,0
N1920,2025-09-02 08:00:00,72901.0,7.25,0
N1921,2025-09-02 08:01:00,148811.0,5.79,0
N1922,2025-09-02 08:02:00,75106.0,20.75,0
N1923,2025-09-02 08:03:00,37841.0,31.35,0
N1924,2025-09-02 08:04:00,255228.0,176.59,0
N1925,2025-09-02 08:05:00,86276.0,6.38,0
N1926,2025-09-02 08:06:00,282183.0,4.71,0
N1927,2025-09-02 08:07:00,23747.0,53.31,0
N1928,2025-09-02 08:08:00,508644.0,119.36,0
N1929,2025-09-02 08:09:00,141143.0,33.75,0
N1930,2025-09-02 08:10:00,202473.0,68.54,0
N1931,2025-09-02 08:11:00,194997.0,12.49,0
N1932,2025-09-02 08:12:00,177760.0,27.51,0
N1933,2025-09-02 08:13:00,27771.0,24.73,0
N1934,2025-09-02 08:14:00,91669.0,425.3,0
N1935,2025-09-02 08:15:00,47345.0,14.8,0
N1936,2025-09-02 08:16:00,86104.0,9.83,0
N1937,2025-09-02 08:17:00,76385.0,29.14,0
N1938,2025-09-02 08:18:00,170459.0,17.86,0
N1939,2025-09-02 08:19:00,45768.0,20.66,0
N1940,2025-09-02 08:20:00,34479.0,8.24,0
N1941,2025-09-02 08:21:00,169008.0,34.78,0
N1942,2025-09-02 08:22:00,101590.0,10.0,0
N1943,2025-09-02 08:23:00,221136.0,464.73,0
N1944,2025-09-02 08:24:00,44523.0,37.76,0
N1945,2025-09-02 08:25:00,71422.0,130.49,0
N1946,2025-09-02 08:26:00,43465.0,8.55,0
N1947,2025-09-02 08:27:00,74411.0,15.06,0
N1948,2025-09-02 08:28:00,18788.0,32.71,0
N1949,2025-09-02 08:29:00,22128.0,11.17,0
N1950,2025-09-02 08:30:00,116738.0,45.87,0
N1951,2025-09-02 08:31:00,73344.0,8.08,0
N1952,2025-09-02 08:32:00,56045.0,265.72,0
N1953,2025-09-02 08:33:00,84682.0,31.54,0
N1954,2025-09-02 08:34:00,38850.0,7.6,0
N1955,2025-09-02 08:35:00,72425.0,168.26,0
N1956,2025-09-02 08:36:00,153275.0,8.8,0
N1957,2025-09-02 08:37:00,296736.0,19.52,0
N1958,2025-09-02 08:38:00,51250.0,64.6,0
N1959,2025-09-02 08:39:00,63936.0,20.35,0
N1960,2025-09-02 08:40:00,973416.0,19.97,0
N1961,2025-09-02 08:41:00,78004.0,7.08,0
N1962,2025-09-02 08:42:00,18535.0,64.75,0
N1963,2025-09-02 08:43:00,177713.0,469.88,0
N1964,2025-09-02 08:44:00,74994.0,80.57,0
N1965,2025-09-02 08:45:00,225484.0,18.09,0
N1966,2025-09-02 08:46:00,95280.0,9.67,0
N1967,2025-09-02 08:47:00,136160.0,12.28,0
N1968,2025-09-02 08:48:00,129351.0,44.72,0
N1969,2025-09-02 08:49:00,253774.0,14.42,0
N1970,2025-09-02 08:50:00,141828.0,38.65,0
N1971,2025-09-02 08:51:00,9091.0,10.36,0
N1972,2025-09-02 08:52:00,27968.0,50.21,0
N1973,2025-09-02 08:53:00,220565.0,58.33,0
N1974,2025-09-02 08:54:00,54783.0,8.47,0
N1975,2025-09-02 08:55:00,198360.0,38.75,0
N1976,2025-09-02 08:56:00,16543.0,41.17,0
N1977,2025-09-02 08:57:00,15122.0,64.83,0
N1978,2025-09-02 08:58:00,66791.0,28.65,0
N1979,2025-09-02 08:59:00,180382.0,145.16,0
N1980,2025-09-02 09:00:00,18176.0,10.04,0
N1981,2025-09-02 09:01:00,146648.0,105.95,0
N1982,2025-09-02 09:02:00,128353.0,81.78,0
N1983,2025-09-02 09:03:00,12236.0,395.09,0
N1984,2025-09-02 09:04:00,126102.0,57.51,0
N1985,2025-09-02 09:05:00,26446.0,93.14,0
N1986,2025-09-02 09:06:00,40645.0,18.93,0
N1987,2025-09-02 09:07:00,44376.0,8.39,0
N1988,2025-09-02 09:08:00,96877.0,94.84,0
N1989,2025-09-02 09:09:00,16964.0,45.95,0
N1990,2025-09-02 09:10:00,106153.0,42.59,0
N1991,2025-09-02 09:11:00,133619.0,5.68,0
N1992,2025-09-02 09:12:00,47921.0,63.53,0
N1993,2025-09-02 09:13:00,34457.0,53.04,0
N1994,2025-09-02 09:14:00,364502.0,169.44,0
N1995,2025-09-02 09:15:00,12984.0,23.78,0
N1996,2025-09-02 09:16:00,32533.0,16.03,0
N1997,2025-09-02 09:17:00,44089.0,16.15,0
N1998,2025-09-02 09:18:00,66235.0,25.48,0
N1999,2025-09-02 09:19:00,49004.0,154.35,0
N2000,2025-09-02 09:20:00,266739.0,24.07,0
N2001,2025-09-02 09:21:00,21535.0,2.57,0
N2002,2025-09-02 09:22:00,223787.0,40.86,0
N2003,2025-09-02 09:23:00,325846.0,131.33,0
N2004,2025-09-02 09:24:00,51583.0,31.72,0
N2005,2025-09-02 09:25:00,315952.0,15.68,0
N2006,2025-09-02 09:26:00,98187.0,239.64,0
N2007,2025-09-02 09:27:00,160697.0,219.21,0
N2008,2025-09-02 09:28:00,113823.0,13.26,0
N2009,2025-09-02 09:29:00,25332.0,9.34,0
N2010,2025-09-02 09:30:00,58656.0,121.79,0
N2011,2025-09-02 09:31:00,116857.0,13.63,0
N2012,2025-09-02 09:32:00,79827.0,18.26,0
N2013,2025-09-02 09:33:00,15611.0,13.49,0
N2014,2025-09-02 09:34:00,15945.0,137.6,0
N2015,2025-09-02 09:35:00,66690.0,39.35,0
N2016,2025-09-02 09:36:00,126016.0,30.34,0
N2017,2025-09-02 09:37:00,274905.0,15.45,0
N2018,2025-09-02 09:38:00,188119.0,104.05,0
N2019,2025-09-02 09:39:00,133946.0,89.11,0
N2020,2025-09-02 09:40:00,157514.0,98.58,0
N2021,2025-09-02 09:41:00,22382.0,11.29,0
N2022,2025-09-02 09:42:00,14085.0,8.03,0
N2023,2025-09-02 09:43:00,58331.0,49.28,0
N2024,2025-09-02 09:44:00,17501.0,68.24,0
N2025,2025-09-02 09:45:00,122631.0,67.85,0
N2026,2025-09-02 09:46:00,80076.0,201.97,0
N2027,2025-09-02 09:47:00,66095.0,28.95,0
N2028,2025-09-02 09:48:00,105425.0,146.4,0
N2029,2025-09-02 09:49:00,172145.0,5.85,0
N2030,2025-09-02 09:50:00,78468.0,9.89,0
N2031,2025-09-02 09:51:00,59924.0,53.54,0
N2032,2025-09-02 09:52:00,54435.0,50.02,0
N2033,2025-09-02 09:53:00,318121.0,80.44,0
N2034,2025-09-02 09:54:00,38905.0,247.74,0
N2035,2025-09-02 09:55:00,105806.0,38.41,0
N2036,2025-09-02 09:56:00,506967.0,38.9,0
N2037,2025-09-02 09:57:00,16009.0,26.76,0
N2038,2025-09-02 09:58:00,47928.0,29.82,0
N2039,2025-09-02 09:59:00,167659.0,127.37,0
N2040,2025-09-02 10:00:00,60337.0,30.82,0
N2041,2025-09-02 10:01:00,204279.0,56.49,0
N2042,2025-09-02 10:02:00,80048.0,31.26,0
N2043,2025-09-02 10:03:00,43360.0,44.01,0
N2044,2025-09-02 10:04:00,99832.0,94.87,0
N2045,2025-09-02 10:05:00,118857.0,58.6,0
N2046,2025-09-02 10:06:00,142075.0,254.52,0
N2047,2025-09-02 10:07:00,158213.0,40.95,0
N2048,2025-09-02 10:08:00,32022.0,94.98,0
N2049,2025-09-02 10:09:00,154248.0,7.76,0
N2050,2025-09-02 10:10:00,97468.0,52.16,0
N2051,2025-09-02 10:11:00,49979.0,58.33,0
N2052,2025-09-02 10:12:00,207349.0,18.34,0
N2053,2025-09-02 10:13:00,384600.0,141.63,0
N2054,2025-09-02 10:14:00,64368.0,53.96,0
N2055,2025-09-02 10:15:00,33548.0,20.06,0
N2056,2025-09-02 10:16:00,69641.0,94.94,0
N2057,2025-09-02 10:17:00,198635.0,237.39,0
N2058,2025-09-02 10:18:00,28615.0,12.8,0
N2059,2025-09-02 10:19:00,314978.0,84.16,0
N2060,2025-09-02 10:20:00,59692.0,94.33,0
N2061,2025-09-02 10:21:00,148879.0,10.95,0
N2062,2025-09-02 10:22:00,66185.0,37.3,0
N2063,2025-09-02 10:23:00,50697.0,14.17,0
N2064,2025-09-02 10:24:00,105109.0,121.12,0
N2065,2025-09-02 10:25:00,9791.0,166.04,0
N2066,2025-09-02 10:26:00,10868.0,57.99,0
N2067,2025-09-02 10:27:00,21295.0,221.71,0
N2068,2025-09-02 10:28:00,442734.0,15.97,0
N2069,2025-09-02 10:29:00,459801.0,130.33,0
N2070,2025-09-02 10:30:00,56563.0,5.2,0
N2071,2025-09-02 10:31:00,50775.0,38.51,0
N2072,2025-09-02 10:32:00,221454.0,56.03,0
N2073,2025-09-02 10:33:00,98025.0,105.33,0
N2074,2025-09-02 10:34:00,33356.0,25.08,0
N2075,2025-09-02 10:35:00,146701.0,36.97,0
N2076,2025-09-02 10:36:00,172536.0,76.12,0
N2077,2025-09-02 10:37:00,206885.0,9.52,0
N2078,2025-09-02 10:38:00,125759.0,110.54,0
N2079,2025-09-02 10:39:00,26331.0,62.24,0
N2080,2025-09-02 10:40:00,295010.0,175.91,0
N2081,2025-09-02 10:41:00,34646.0,36.84,0
N2082,2025-09-02 10:42:00,43138.0,87.17,0
N2083,2025-09-02 10:43:00,35173.0,106.44,0
N2084,2025-09-02 10:44:00,26837.0,51.09,0
N2085,2025-09-02 10:45:00,250790.0,19.02,0
N2086,2025-09-02 10:46:00,159104.0,27.14,0
N2087,2025-09-02 10:47:00,17796.0,1083.78,0
N2088,2025-09-02 10:48:00,38886.0,27.37,0
N2089,2025-09-02 10:49:00,131173.0,80.24,0
N2090,2025-09-02 10:50:00,46890.0,140.04,0
N2091,2025-09-02 10:51:00,23943.0,107.66,0
N2092,2025-09-02 10:52:00,97324.0,59.55,0
N2093,2025-09-02 10:53:00,91701.0,30.22,0
N2094,2025-09-02 10:54:00,104694.0,68.94,0
N2095,2025-09-02 10:55:00,42639.0,11.37,0
N2096,2025-09-02 10:56:00,22207.0,65.6,0
N2097,2025-09-02 10:57:00,335182.0,9.64,0
N2098,2025-09-02 10:58:00,95362.0,107.03,0
N2099,2025-09-02 10:59:00,82276.0,34.8,0
N2100,2025-09-02 11:00:00,132979.0,20.44,0
N2101,2025-09-02 11:01:00,68488.0,6.49,0
N2102,2025-09-02 11:02:00,68596.0,30.78,0
N2103,2025-09-02 11:03:00,89821.0,51.83,0
N2104,2025-09-02 11:04:00,70770.0,4.75,0
N2105,2025-09-02 11:05:00,129052.0,35.38,0
N2106,2025-09-02 11:06:00,41994.0,60.85,0
N2107,2025-09-02 11:07:00,256332.0,19.38,0
N2108,2025-09-02 11:08:00,55363.0,55.87,0
N2109,2025-09-02 11:09:00,51217.0,59.66,0
N2110,2025-09-02 11:10:00,439056.0,44.63,0
N2111,2025-09-02 11:11:00,104080.0,23.38,0
N2112,2025-09-02 11:12:00,333963.0,19.36,0
N2113,2025-09-02 11:13:00,11863.0,19.67,0
N2114,2025-09-02 11:14:00,161000.0,34.19,0
N2115,2025-09-02 11:15:00,17654.0,39.78,0
N2116,2025-09-02 11:16:00,33232.0,18.99,0
N2117,2025-09-02 11:17:00,26585.0,60.98,0
N2118,2025-09-02 11:18:00,83315.0,4.48,0
N2119,2025-09-02 11:19:00,51244.0,7.0,0
N2120,2025-09-02 11:20:00,55376.0,22.96,0
N2121,2025-09-02 11:21:00,122998.0,16.34,0
N2122,2025-09-02 11:22:00,140800.0,77.66,0
N2123,2025-09-02 11:23:00,107423.0,1.38,0
N2124,2025-09-02 11:24:00,54707.0,25.71,0
N2125,2025-09-02 11:25:00,227334.0,35.85,0
N2126,2025-09-02 11:26:00,334955.0,124.15,0
N2127,2025-09-02 11:27:00,22626.0,45.32,0
N2128,2025-09-02 11:28:00,17551.0,60.67,0
N2129,2025-09-02 11:29:00,69099.0,45.81,0
N2130,2025-09-02 11:30:00,17343.0,83.52,0
N2131,2025-09-02 11:31:00,45892.0,359.41,0
N2132,2025-09-02 11:32:00,74423.0,175.62,0
N2133,2025-09-02 11:33:00,204848.0,386.45,0
N2134,2025-09-02 11:34:00,45078.0,64.6,0
N2135,2025-09-02 11:35:00,87480.0,32.19,0
N2136,2025-09-02 11:36:00,39048.0,173.07,0
N2137,2025-09-02 11:37:00,177077.0,9.75,0
N2138,2025-09-02 11:38:00,295110.0,14.27,0
N2139,2025-09-02 11:39:00,454449.0,67.59,0
N2140,2025-09-02 11:40:00,232464.0,9.65,0
N2141,2025-09-02 11:41:00,56787.0,124.95,0
N2142,2025-09-02 11:42:00,50864.0,27.31,0
N2143,2025-09-02 11:43:00,117892.0,138.68,0
N2144,2025-09-02 11:44:00,72011.0,4.66,0
N2145,2025-09-02 11:45:00,232799.0,211.32,0
N2146,2025-09-02 11:46:00,76575.0,41.05,0
N2147,2025-09-02 11:47:00,59587.0,27.16,0
N2148,2025-09-02 11:48:00,12228.0,104.78,0
N2149,2025-09-02 11:49:00,75067.0,7.88,0
N2150,2025-09-02 11:50:00,127643.0,10.07,0
N2151,2025-09-02 11:51:00,117615.0,74.23,0
N2152,2025-09-02 11:52:00,55902.0,42.41,0
N2153,2025-09-02 11:53:00,84003.0,47.71,0
N2154,2025-09-02 11:54:00,204097.0,17.88,0
N2155,2025-09-02 11:55:00,70844.0,4.33,0
N2156,2025-09-02 11:56:00,11272.0,33.27,0
N2157,2025-09-02 11:57:00,237197.0,4.98,0
N2158,2025-09-02 11:58:00,54884.0,14.31,0
N2159,2025-09-02 11:59:00,124958.0,65.54,0
N2160,2025-09-02 12:00:00,396551.0,22.44,0
N2161,2025-09-02 12:01:00,17220.0,54.17,0
N2162,2025-09-02 12:02:00,94172.0,203.51,0
N2163,2025-09-02 12:03:00,60406.0,17.12,0
N2164,2025-09-02 12:04:00,143974.0,110.9,0
N2165,2025-09-02 12:05:00,129850.0,10.17,0
N2166,2025-09-02 12:06:00,92602.0,30.16,0
N2167,2025-09-02 12:07:00,20340.0,13.41,0
N2168,2025-09-02 12:08:00,55670.0,31.79,0
N2169,2025-09-02 12:09:00,143625.0,12.44,0
N2170,2025-09-02 12:10:00,68577.0,64.09,0
N2171,2025-09-02 12:11:00,64629.0,16.89,0
N2172,2025-09-02 12:12:00,28365.0,42.42,0
N2173,2025-09-02 12:13:00,66374.0,43.05,0
N2174,2025-09-02 12:14:00,19090.0,39.76,0
N2175,2025-09-02 12:15:00,114452.0,7.29,0
N2176,2025-09-02 12:16:00,42994.0,151.05,0
N2177,2025-09-02 12:17:00,78915.0,42.16,0
N2178,2025-09-02 12:18:00,320993.0,66.65,0
N2179,2025-09-02 12:19:00,34620.0,124.31,0
N2180,2025-09-02 12:20:00,72522.0,25.53,0
N2181,2025-09-02 12:21:00,103422.0,39.81,0
N2182,2025-09-02 12:22:00,40597.0,27.68,0
N2183,2025-09-02 12:23:00,36666.0,72.18,0
N2184,2025-09-02 12:24:00,58856.0,22.47,0
N2185,2025-09-02 12:25:00,34682.0,79.39,0
N2186,2025-09-02 12:26:00,38367.0,19.95,0
N2187,2025-09-02 12:27:00,30903.0,74.2,0
N2188,2025-09-02 12:28:00,165149.0,22.85,0
N2189,2025-09-02 12:29:00,36620.0,67.18,0
N2190,2025-09-02 12:30:00,58350.0,56.85,0
N2191,2025-09-02 12:31:00,32176.0,39.67,0
N2192,2025-09-02 12:32:00,30788.0,45.36,0
N2193,2025-09-02 12:33:00,121295.0,125.4,0
N2194,2025-09-02 12:34:00,153745.0,23.75,0
N2195,2025-09-02 12:35:00,83820.0,32.93,0
N2196,2025-09-02 12:36:00,106190.0,18.55,0
N2197,2025-09-02 12:37:00,36862.0,35.82,0
N2198,2025-09-02 12:38:00,379027.0,43.58,0
N2199,2025-09-02 12:39:00,234020.0,48.28,0
N2200,2025-09-02 12:40:00,72057.0,120.24,0
N2201,2025-09-02 12:41:00,57683.0,47.19,0
N2202,2025-09-02 12:42:00,348046.0,3.3,0
N2203,2025-09-02 12:43:00,72702.0,54.66,0
N2204,2025-09-02 12:44:00,15251.0,117.05,0
N2205,2025-09-02 12:45:00,43055.0,67.66,0
N2206,2025-09-02 12:46:00,186120.0,93.32,0
N2207,2025-09-02 12:47:00,136368.0,9.37,0
N2208,2025-09-02 12:48:00,143784.0,14.1,0
N2209,2025-09-02 12:49:00,162151.0,133.01,0
N2210,2025-09-02 12:50:00,96429.0,27.92,0
N2211,2025-09-02 12:51:00,265278.0,18.7,0
N2212,2025-09-02 12:52:00,37005.0,13.61,0
N2213,2025-09-02 12:53:00,36893.0,638.56,0
N2214,2025-09-02 12:54:00,16281.0,24.73,0
N2215,2025-09-02 12:55:00,159246.0,15.2,0
N2216,2025-09-02 12:56:00,121408.0,74.73,0
N2217,2025-09-02 12:57:00,35951.0,54.81,0
N2218,2025-09-02 12:58:00,79847.0,52.32,0
N2219,2025-09-02 12:59:00,98728.0,6.07,0
N2220,2025-09-02 13:00:00,69665.0,16.24,0
N2221,2025-09-02 13:01:00,147538.0,241.81,0
N2222,2025-09-02 13:02:00,251938.0,67.92,0
N2223,2025-09-02 13:03:00,109696.0,2.91,0
N2224,2025-09-02 13:04:00,101382.0,12.29,0
N2225,2025-09-02 13:05:00,71131.0,47.16,0
N2226,2025-09-02 13:06:00,119734.0,39.3,0
N2227,2025-09-02 13:07:00,94681.0,73.44,0
N2228,2025-09-02 13:08:00,5690.0,32.9,0
N2229,2025-09-02 13:09:00,73582.0,20.95,0
N2230,2025-09-02 13:10:00,153389.0,14.26,0
N2231,2025-09-02 13:11:00,20796.0,21.86,0
N2232,2025-09-02 13:12:00,53007.0,130.54,0
N2233,2025-09-02 13:13:00,37270.0,91.35,0
N2234,2025-09-02 13:14:00,237427.0,53.3,0
N2235,2025-09-02 13:15:00,29754.0,5.45,0
N2236,2025-09-02 13:16:00,137684.0,40.51,0
N2237,2025-09-02 13:17:00,17546.0,26.43,0
N2238,2025-09-02 13:18:00,78662.0,22.49,0
N2239,2025-09-02 13:19:00,212779.0,28.84,0
N2240,2025-09-02 13:20:00,75732.0,43.8,0
N2241,2025-09-02 13:21:00,172529.0,14.63,0
N2242,2025-09-02 13:22:00,91830.0,29.93,0
N2243,2025-09-02 13:23:00,744042.0,162.55,0
N2244,2025-09-02 13:24:00,159943.0,25.76,0
N2245,2025-09-02 13:25:00,100792.0,22.6,0
N2246,2025-09-02 13:26:00,38503.0,23.67,0
N2247,2025-09-02 13:27:00,130782.0,66.64,0
N2248,2025-09-02 13:28:00,85858.0,15.96,0
N2249,2025-09-02 13:29:00,58323.0,62.13,0
N2250,2025-09-02 13:30:00,198436.0,26.99,0
N2251,2025-09-02 13:31:00,70011.0,29.14,0
N2252,2025-09-02 13:32:00,117712.0,73.01,0
N2253,2025-09-02 13:33:00,254547.0,149.03,0
N2254,2025-09-02 13:34:00,90785.0,36.17,0
N2255,2025-09-02 13:35:00,207350.0,44.56,0
N2256,2025-09-02 13:36:00,601210.0,9.88,0
N2257,2025-09-02 13:37:00,171952.0,27.13,0
N2258,2025-09-02 13:38:00,18824.0,93.29,0
N2259,2025-09-02 13:39:00,105317.0,80.31,0
N2260,2025-09-02 13:40:00,38221.0,30.96,0
N2261,2025-09-02 13:41:00,7530.0,58.68,0
N2262,2025-09-02 13:42:00,56116.0,124.72,0
N2263,2025-09-02 13:43:00,107786.0,54.17,0
N2264,2025-09-02 13:44:00,402422.0,82.27,0
N2265,2025-09-02 13:45:00,55348.0,28.28,0
N2266,2025-09-02 13:46:00,115543.0,99.67,0
N2267,2025-09-02 13:47:00,325562.0,55.0,0
N2268,2025-09-02 13:48:00,52833.0,34.55,0
N2269,2025-09-02 13:49:00,49299.0,41.45,0
N2270,2025-09-02 13:50:00,77555.0,148.48,0
N2271,2025-09-02 13:51:00,42717.0,20.55,0
N2272,2025-09-02 13:52:00,14348.0,92.61,0
N2273,2025-09-02 13:53:00,215682.0,101.42,0
N2274,2025-09-02 13:54:00,508961.0,27.72,0
N2275,2025-09-02 13:55:00,78561.0,211.85,0
N2276,2025-09-02 13:56:00,157226.0,150.3,0
N2277,2025-09-02 13:57:00,19795.0,16.65,0
N2278,2025-09-02 13:58:00,400289.0,21.46,0
N2279,2025-09-02 13:59:00,157305.0,34.53,0
N2280,2025-09-02 14:00:00,33275.0,27.66,0
N2281,2025-09-02 14:01:00,35403.0,57.93,0
N2282,2025-09-02 14:02:00,100838.0,59.37,0
N2283,2025-09-02 14:03:00,125136.0,38.04,0
N2284,2025-09-02 14:04:00,55385.0,156.35,0
N2285,2025-09-02 14:05:00,433531.0,51.75,0
N2286,2025-09-02 14:06:00,199217.0,191.12,0
N2287,2025-09-02 14:07:00,216124.0,32.74,0
N2288,2025-09-02 14:08:00,124322.0,98.9,0
N2289,2025-09-02 14:09:00,297969.0,560.0,0
N2290,2025-09-02 14:10:00,62379.0,19.2,0
N2291,2025-09-02 14:11:00,220561.0,57.74,0
N2292,2025-09-02 14:12:00,339759.0,63.38,0
N2293,2025-09-02 14:13:00,198764.0,12.5,0
N2294,2025-09-02 14:14:00,108684.0,47.08,0
N2295,2025-09-02 14:15:00,48184.0,152.75,0
N2296,2025-09-02 14:16:00,89146.0,16.95,0
N2297,2025-09-02 14:17:00,32323.0,34.8,0
N2298,2025-09-02 14:18:00,25197.0,70.13,0
N2299,2025-09-02 14:19:00,139829.0,30.84,0
N2300,2025-09-02 14:20:00,99875.0,12.01,0
N2301,2025-09-02 14:21:00,28115.0,30.42,0
N2302,2025-09-02 14:22:00,108582.0,14.76,0
N2303,2025-09-02 14:23:00,301489.0,4.74,0
N2304,2025-09-02 14:24:00,87323.0,22.77,0
N2305,2025-09-02 14:25:00,241962.0,19.35,0
N2306,2025-09-02 14:26:00,23801.0,8.86,0
N2307,2025-09-02 14:27:00,74402.0,88.6,0
N2308,2025-09-02 14:28:00,177380.0,42.85,0
N2309,2025-09-02 14:29:00,213554.0,164.65,0
N2310,2025-09-02 14:30:00,101881.0,66.31,0
N2311,2025-09-02 14:31:00,48634.0,120.03,0
N2312,2025-09-02 14:32:00,180994.0,48.85,0
N2313,2025-09-02 14:33:00,145147.0,29.36,0
N2314,2025-09-02 14:34:00,110220.0,14.04,0
N2315,2025-09-02 14:35:00,26969.0,31.2,0
N2316,2025-09-02 14:36:00,29739.0,33.89,0
N2317,2025-09-02 14:37:00,204099.0,76.6,0
N2318,2025-09-02 14:38:00,52752.0,59.25,0
N2319,2025-09-02 14:39:00,348639.0,97.5,0
N2320,2025-09-02 14:40:00,17317.0,47.68,0
N2321,2025-09-02 14:41:00,72147.0,65.33,0
N2322,2025-09-02 14:42:00,61844.0,33.23,0
N2323,2025-09-02 14:43:00,50304.0,32.5,0
N2324,2025-09-02 14:44:00,196769.0,20.55,0
N2325,2025-09-02 14:45:00,90644.0,35.22,0
N2326,2025-09-02 14:46:00,29271.0,91.46,0
N2327,2025-09-02 14:47:00,499078.0,10.23,0
N2328,2025-09-02 14:48:00,128540.0,184.97,0
N2329,2025-09-02 14:49:00,127243.0,23.65,0
N2330,2025-09-02 14:50:00,18239.0,15.31,0
N2331,2025-09-02 14:51:00,31219.0,14.37,0
N2332,2025-09-02 14:52:00,515729.0,28.99,0
N2333,2025-09-02 14:53:00,283864.0,194.4,0
N2334,2025-09-02 14:54:00,21892.0,71.68,0
N2335,2025-09-02 14:55:00,112864.0,12.78,0
N2336,2025-09-02 14:56:00,111070.0,15.82,0
N2337,2025-09-02 14:57:00,109330.0,30.6,0
N2338,2025-09-02 14:58:00,13958.0,44.78,0
N2339,2025-09-02 14:59:00,225460.0,81.99,0
N2340,2025-09-02 15:00:00,230120.0,395.33,0
N2341,2025-09-02 15:01:00,14216.0,24.24,0
N2342,2025-09-02 15:02:00,24657.0,65.76,0
N2343,2025-09-02 15:03:00,22930.0,46.32,0
N2344,2025-09-02 15:04:00,41814.0,119.66,0
N2345,2025-09-02 15:05:00,191170.0,83.17,0
N2346,2025-09-02 15:06:00,27106.0,21.89,0
N2347,2025-09-02 15:07:00,20779.0,8.9,0
N2348,2025-09-02 15:08:00,164183.0,86.32,0
N2349,2025-09-02 15:09:00,9400.0,12.55,0
N2350,2025-09-02 15:10:00,186127.0,35.47,0
N2351,2025-09-02 15:11:00,210010.0,90.43,0
N2352,2025-09-02 15:12:00,88242.0,13.7,0
N2353,2025-09-02 15:13:00,53332.0,33.75,0
N2354,2025-09-02 15:14:00,103508.0,25.32,0
N2355,2025-09-02 15:15:00,215095.0,523.92,0
N2356,2025-09-02 15:16:00,85405.0,39.58,0
N2357,2025-09-02 15:17:00,214054.0,11.37,0
N2358,2025-09-02 15:18:00,352821.0,32.21,0
N2359,2025-09-02 15:19:00,144064.0,19.54,0
N2360,2025-09-02 15:20:00,102846.0,260.42,0
N2361,2025-09-02 15:21:00,198239.0,8.84,0
N2362,2025-09-02 15:22:00,97161.0,10.93,0
N2363,2025-09-02 15:23:00,376041.0,124.12,0
N2364,2025-09-02 15:24:00,95918.0,44.23,0
N2365,2025-09-02 15:25:00,292318.0,53.29,0
N2366,2025-09-02 15:26:00,48779.0,164.06,0
N2367,2025-09-02 15:27:00,43703.0,218.0,0
N2368,2025-09-02 15:28:00,36466.0,109.46,0
N2369,2025-09-02 15:29:00,258594.0,13.63,0
N2370,2025-09-02 15:30:00,60891.0,26.03,0
N2371,2025-09-02 15:31:00,31647.0,71.81,0
N2372,2025-09-02 15:32:00,240190.0,195.61,0
N2373,2025-09-02 15:33:00,338146.0,14.27,0
N2374,2025-09-02 15:34:00,188611.0,15.05,0
N2375,2025-09-02 15:35:00,531012.0,89.26,0
N2376,2025-09-02 15:36:00,111421.0,18.0,0
N2377,2025-09-02 15:37:00,99367.0,13.68,0
N2378,2025-09-02 15:38:00,33279.0,47.96,0
N2379,2025-09-02 15:39:00,28435.0,37.47,0
N2380,2025-09-02 15:40:00,80687.0,28.91,0
N2381,2025-09-02 15:41:00,85740.0,9.16,0
N2382,2025-09-02 15:42:00,46113.0,9.26,0
N2383,2025-09-02 15:43:00,35273.0,35.16,0
N2384,2025-09-02 15:44:00,22792.0,80.33,0
N2385,2025-09-02 15:45:00,58696.0,19.88,0
N2386,2025-09-02 15:46:00,56864.0,127.3,0
N2387,2025-09-02 15:47:00,18498.0,174.01,0
N2388,2025-09-02 15:48:00,22443.0,64.6,0
N2389,2025-09-02 15:49:00,98108.0,9.24,0
N2390,2025-09-02 15:50:00,34592.0,35.16,0
N2391,2025-09-02 15:51:00,117358.0,241.48,0
N2392,2025-09-02 15:52:00,69131.0,12.85,0
N2393,2025-09-02 15:53:00,114437.0,61.14,0
N2394,2025-09-02 15:54:00,37385.0,11.42,0
N2395,2025-09-02 15:55:00,19990.0,55.83,0
N2396,2025-09-02 15:56:00,68640.0,110.08,0
N2397,2025-09-02 15:57:00,286815.0,19.51,0
N2398,2025-09-02 15:58:00,72159.0,15.91,0
N2399,2025-09-02 15:59:00,366658.0,26.74,0
N2400,2025-09-02 16:00:00,558218.0,31.81,0
N2401,2025-09-02 16:01:00,51204.0,28.15,0
N2402,2025-09-02 16:02:00,35549.0,240.58,0
N2403,2025-09-02 16:03:00,151442.0,38.97,0
N2404,2025-09-02 16:04:00,29112.0,36.07,0
N2405,2025-09-02 16:05:00,90447.0,12.44,0
N2406,2025-09-02 16:06:00,39085.0,15.68,0
N2407,2025-09-02 16:07:00,33805.0,35.58,0
N2408,2025-09-02 16:08:00,123178.0,7.86,0
N2409,2025-09-02 16:09:00,292722.0,82.46,0
N2410,2025-09-02 16:10:00,143839.0,68.11,0
N2411,2025-09-02 16:11:00,18220.0,46.65,0
N2412,2025-09-02 16:12:00,45675.0,64.12,0
N2413,2025-09-02 16:13:00,57165.0,14.97,0
N2414,2025-09-02 16:14:00,298664.0,41.02,0
N2415,2025-09-02 16:15:00,11811.0,7.48,0
N2416,2025-09-02 16:16:00,196725.0,32.46,0
N2417,2025-09-02 16:17:00,91854.0,18.1,0
N2418,2025-09-02 16:18:00,24834.0,100.46,0
N2419,2025-09-02 16:19:00,55582.0,76.99,0
N2420,2025-09-02 16:20:00,25093.0,48.4,0
N2421,2025-09-02 16:21:00,41651.0,60.72,0
N2422,2025-09-02 16:22:00,89493.0,29.02,0
N2423,2025-09-02 16:23:00,59725.0,56.91,0
N2424,2025-09-02 16:24:00,119579.0,137.14,0
N2425,2025-09-02 16:25:00,13666.0,51.01,0
N2426,2025-09-02 16:26:00,42115.0,63.93,0
N2427,2025-09-02 16:27:00,52345.0,48.38,0
N2428,2025-09-02 16:28:00,63507.0,13.3,0
N2429,2025-09-02 16:29:00,46688.0,1137.79,0
N2430,2025-09-02 16:30:00,72604.0,69.08,0
N2431,2025-09-02 16:31:00,118255.0,42.85,0
N2432,2025-09-02 16:32:00,20083.0,54.98,0
N2433,2025-09-02 16:33:00,266161.0,17.27,0
N2434,2025-09-02 16:34:00,90939.0,25.52,0
N2435,2025-09-02 16:35:00,8360.0,27.64,0
N2436,2025-09-02 16:36:00,468703.0,17.84,0
N2437,2025-09-02 16:37:00,17861.0,62.0,0
N2438,2025-09-02 16:38:00,428820.0,4.85,0
N2439,2025-09-02 16:39:00,129563.0,22.12,0
N2440,2025-09-02 16:40:00,162352.0,21.0,0
N2441,2025-09-02 16:41:00,262749.0,42.89,0
N2442,2025-09-02 16:42:00,180084.0,69.0,0
N2443,2025-09-02 16:43:00,96429.0,10.24,0
N2444,2025-09-02 16:44:00,97916.0,169.46,0
N2445,2025-09-02 16:45:00,153477.0,19.15,0
N2446,2025-09-02 16:46:00,173685.0,27.01,0
N2447,2025-09-02 16:47:00,203224.0,31.56,0
N2448,2025-09-02 16:48:00,25621.0,39.59,0
N2449,2025-09-02 16:49:00,123191.0,181.59,0
N2450,2025-09-02 16:50:00,8473.0,81.16,0
N2451,2025-09-02 16:51:00,145962.0,9.98,0
N2452,2025-09-02 16:52:00,89890.0,20.1,0
N2453,2025-09-02 16:53:00,292599.0,8.79,0
N2454,2025-09-02 16:54:00,53101.0,70.66,0
N2455,2025-09-02 16:55:00,57036.0,49.39,0
N2456,2025-09-02 16:56:00,14294.0,98.03,0
N2457,2025-09-02 16:57:00,101794.0,94.72,0
N2458,2025-09-02 16:58:00,44618.0,54.32,0
N2459,2025-09-02 16:59:00,545344.0,107.55,0
N2460,2025-09-02 17:00:00,210482.0,14.82,0
N2461,2025-09-02 17:01:00,171603.0,131.11,0
N2462,2025-09-02 17:02:00,83560.0,38.99,0
N2463,2025-09-02 17:03:00,127352.0,123.18,0
N2464,2025-09-02 17:04:00,49544.0,9.67,0
N2465,2025-09-02 17:05:00,275950.0,14.78,0
N2466,2025-09-02 17:06:00,37923.0,5.01,0
N2467,2025-09-02 17:07:00,70835.0,122.89,0
N2468,2025-09-02 17:08:00,114920.0,71.82,0
N2469,2025-09-02 17:09:00,60788.0,34.59,0
N2470,2025-09-02 17:10:00,25734.0,45.99,0
N2471,2025-09-02 17:11:00,58408.0,37.97,0
N2472,2025-09-02 17:12:00,42300.0,20.7,0
N2473,2025-09-02 17:13:00,40221.0,154.19,0
N2474,2025-09-02 17:14:00,129777.0,5.67,0
N2475,2025-09-02 17:15:00,137213.0,5.39,0
N2476,2025-09-02 17:16:00,99616.0,332.2,0
N2477,2025-09-02 17:17:00,41821.0,36.43,0
N2478,2025-09-02 17:18:00,113829.0,29.48,0
N2479,2025-09-02 17:19:00,77310.0,126.04,0
N2480,2025-09-02 17:20:00,69205.0,30.42,0
N2481,2025-09-02 17:21:00,28421.0,47.57,0
N2482,2025-09-02 17:22:00,96952.0,46.81,0
N2483,2025-09-02 17:23:00,152981.0,10.23,0
N2484,2025-09-02 17:24:00,53567.0,19.31,0
N2485,2025-09-02 17:25:00,40935.0,135.81,0
N2486,2025-09-02 17:26:00,58709.0,71.36,0
N2487,2025-09-02 17:27:00,142865.0,48.77,0
N2488,2025-09-02 17:28:00,192815.0,71.69,0
N2489,2025-09-02 17:29:00,118857.0,66.9,0
N2490,2025-09-02 17:30:00,103093.0,199.58,0
N2491,2025-09-02 17:31:00,72845.0,17.74,0
N2492,2025-09-02 17:32:00,180609.0,135.3,0
N2493,2025-09-02 17:33:00,20939.0,36.22,0
N2494,2025-09-02 17:34:00,26206.0,10.24,0
N2495,2025-09-02 17:35:00,129786.0,59.73,0
N2496,2025-09-02 17:36:00,655334.0,13.34,0
N2497,2025-09-02 17:37:00,156508.0,161.27,0
N2498,2025-09-02 17:38:00,6104.0,34.05,0
N2499,2025-09-02 17:39:00,31036.0,60.84,0
N2500,2025-09-02 17:40:00,391346.0,27.19,0
N2501,2025-09-02 17:41:00,96519.0,19.81,0
N2502,2025-09-02 17:42:00,171662.0,47.9,0
N2503,2025-09-02 17:43:00,98729.0,58.34,0
N2504,2025-09-02 17:44:00,77859.0,54.02,0
N2505,2025-09-02 17:45:00,187200.0,17.23,0
N2506,2025-09-02 17:46:00,75442.0,38.45,0
N2507,2025-09-02 17:47:00,15221.0,101.63,0
N2508,2025-09-02 17:48:00,40367.0,4.71,0
N2509,2025-09-02 17:49:00,128344.0,10.47,0
N2510,2025-09-02 17:50:00,67729.0,58.78,0
N2511,2025-09-02 17:51:00,304812.0,96.58,0
N2512,2025-09-02 17:52:00,145862.0,5.42,0
N2513,2025-09-02 17:53:00,108284.0,19.47,0
N2514,2025-09-02 17:54:00,94068.0,28.5,0
N2515,2025-09-02 17:55:00,105035.0,5.6,0
N2516,2025-09-02 17:56:00,262287.0,8.6,0
N2517,2025-09-02 17:57:00,17500.0,13.91,0
N2518,2025-09-02 17:58:00,756029.0,4.75,0
N2519,2025-09-02 17:59:00,170650.0,14.65,0
N2520,2025-09-02 18:00:00,86247.0,1207.71,0
N2521,2025-09-02 18:01:00,107420.0,152.42,0
N2522,2025-09-02 18:02:00,53734.0,35.26,0
N2523,2025-09-02 18:03:00,51243.0,7.56,0
N2524,2025-09-02 18:04:00,167185.0,6.36,0
N2525,2025-09-02 18:05:00,66747.0,14.23,0
N2526,2025-09-02 18:06:00,105050.0,19.32,0
N2527,2025-09-02 18:07:00,72921.0,9.27,0
N2528,2025-09-02 18:08:00,13785.0,11.77,0
N2529,2025-09-02 18:09:00,16302.0,9.34,0
N2530,2025-09-02 18:10:00,363145.0,23.48,0
N2531,2025-09-02 18:11:00,132360.0,69.08,0
N2532,2025-09-02 18:12:00,52267.0,132.07,0
N2533,2025-09-02 18:13:00,489505.0,2.62,0
N2534,2025-09-02 18:14:00,168645.0,72.8,0
N2535,2025-09-02 18:15:00,227857.0,62.8,0
N2536,2025-09-02 18:16:00,62979.0,86.71,0
N2537,2025-09-02 18:17:00,92046.0,47.23,0
N2538,2025-09-02 18:18:00,29667.0,31.1,0
N2539,2025-09-02 18:19:00,49054.0,227.0,0
N2540,2025-09-02 18:20:00,247465.0,9.78,0
N2541,2025-09-02 18:21:00,43663.0,10.55,0
N2542,2025-09-02 18:22:00,135662.0,88.04,0
N2543,2025-09-02 18:23:00,54177.0,32.97,0
N2544,2025-09-02 18:24:00,88623.0,17.97,0
N2545,2025-09-02 18:25:00,31887.0,26.08,0
N2546,2025-09-02 18:26:00,95283.0,15.35,0
N2547,2025-09-02 18:27:00,93425.0,12.17,0
N2548,2025-09-02 18:28:00,34052.0,77.44,0
N2549,2025-09-02 18:29:00,128249.0,200.15,0
N2550,2025-09-02 18:30:00,147419.0,18.46,0
N2551,2025-09-02 18:31:00,107468.0,14.64,0
N2552,2025-09-02 18:32:00,241279.0,41.91,0
N2553,2025-09-02 18:33:00,105732.0,196.51,0
N2554,2025-09-02 18:34:00,78621.0,38.29,0
N2555,2025-09-02 18:35:00,130477.0,27.98,0
N2556,2025-09-02 18:36:00,40867.0,73.9,0
N2557,2025-09-02 18:37:00,169248.0,94.76,0
N2558,2025-09-02 18:38:00,244510.0,20.39,0
N2559,2025-09-02 18:39:00,724774.0,86.88,0
N2560,2025-09-02 18:40:00,77737.0,39.02,0
N2561,2025-09-02 18:41:00,26226.0,12.6,0
N2562,2025-09-02 18:42:00,64167.0,66.28,0
N2563,2025-09-02 18:43:00,753042.0,15.97,0
N2564,2025-09-02 18:44:00,19540.0,103.18,0
N2565,2025-09-02 18:45:00,46151.0,26.32,0
N2566,2025-09-02 18:46:00,537754.0,45.32,0
N2567,2025-09-02 18:47:00,69095.0,35.27,0
N2568,2025-09-02 18:48:00,201555.0,19.58,0
N2569,2025-09-02 18:49:00,281118.0,2.6,0
N2570,2025-09-02 18:50:00,33549.0,14.84,0
N2571,2025-09-02 18:51:00,37019.0,13.28,0
N2572,2025-09-02 18:52:00,191372.0,8.31,0
N2573,2025-09-02 18:53:00,80413.0,5.99,0
N2574,2025-09-02 18:54:00,142883.0,63.22,0
N2575,2025-09-02 18:55:00,119015.0,26.88,0
N2576,2025-09-02 18:56:00,1177557.0,3.63,0
N2577,2025-09-02 18:57:00,107777.0,62.0,0
N2578,2025-09-02 18:58:00,210500.0,3.99,0
N2579,2025-09-02 18:59:00,97525.0,37.45,0
N2580,2025-09-02 19:00:00,310802.0,25.45,0
N2581,2025-09-02 19:01:00,87316.0,54.68,0
N2582,2025-09-02 19:02:00,295013.0,83.48,0
N2583,2025-09-02 19:03:00,80743.0,135.03,0
N2584,2025-09-02 19:04:00,131427.0,77.45,0
N2585,2025-09-02 19:05:00,287347.0,25.98,0
N2586,2025-09-02 19:06:00,53742.0,7.88,0
N2587,2025-09-02 19:07:00,73074.0,31.85,0
N2588,2025-09-02 19:08:00,219818.0,50.88,0
N2589,2025-09-02 19:09:00,238301.0,45.47,0
N2590,2025-09-02 19:10:00,288339.0,8.92,0
N2591,2025-09-02 19:11:00,142129.0,45.09,0
N2592,2025-09-02 19:12:00,64470.0,25.8,0
N2593,2025-09-02 19:13:00,38507.0,246.19,0
N2594,2025-09-02 19:14:00,55820.0,57.02,0
N2595,2025-09-02 19:15:00,101305.0,42.07,0
N2596,2025-09-02 19:16:00,89645.0,121.69,0
N2597,2025-09-02 19:17:00,87501.0,271.31,0
N2598,2025-09-02 19:18:00,69454.0,103.36,0
N2599,2025-09-02 19:19:00,88895.0,24.48,0
N2600,2025-09-02 19:20:00,766520.0,45.95,0
N2601,2025-09-02 19:21:00,57789.0,65.1,0
N2602,2025-09-02 19:22:00,794076.0,17.75,0
N2603,2025-09-02 19:23:00,6530.0,148.09,0
N2604,2025-09-02 19:24:00,92319.0,5.39,0
N2605,2025-09-02 19:25:00,171412.0,20.57,0
N2606,2025-09-02 19:26:00,62164.0,11.2,0
N2607,2025-09-02 19:27:00,169264.0,27.72,0
N2608,2025-09-02 19:28:00,125182.0,23.34,0
N2609,2025-09-02 19:29:00,17600.0,33.16,0
N2610,2025-09-02 19:30:00,34738.0,66.09,0
N2611,2025-09-02 19:31:00,361072.0,16.4,0
N2612,2025-09-02 19:32:00,128572.0,49.44,0
N2613,2025-09-02 19:33:00,24515.0,4.91,0
N2614,2025-09-02 19:34:00,206720.0,45.92,0
N2615,2025-09-02 19:35:00,118222.0,68.97,0
N2616,2025-09-02 19:36:00,180529.0,48.13,0
N2617,2025-09-02 19:37:00,28248.0,57.53,0
N2618,2025-09-02 19:38:00,28644.0,46.73,0
N2619,2025-09-02 19:39:00,139147.0,12.73,0
N2620,2025-09-02 19:40:00,54208.0,7.59,0
N2621,2025-09-02 19:41:00,63062.0,15.83,0
N2622,2025-09-02 19:42:00,62176.0,36.26,0
N2623,2025-09-02 19:43:00,53354.0,7.03,0
N2624,2025-09-02 19:44:00,86314.0,11.57,0
N2625,2025-09-02 19:45:00,63538.0,10.46,0
N2626,2025-09-02 19:46:00,42370.0,36.09,0
N2627,2025-09-02 19:47:00,71481.0,80.94,0
N2628,2025-09-02 19:48:00,559211.0,11.15,0
N2629,2025-09-02 19:49:00,82672.0,7.96,0
N2630,2025-09-02 19:50:00,108700.0,34.02,0
N2631,2025-09-02 19:51:00,418329.0,2.97,0
N2632,2025-09-02 19:52:00,83337.0,45.08,0
N2633,2025-09-02 19:53:00,131249.0,8.35,0
N2634,2025-09-02 19:54:00,49354.0,12.98,0
N2635,2025-09-02 19:55:00,6751.0,11.01,0
N2636,2025-09-02 19:56:00,83364.0,17.46,0
N2637,2025-09-02 19:57:00,420416.0,172.2,0
N2638,2025-09-02 19:58:00,201279.0,38.06,0
N2639,2025-09-02 19:59:00,92789.0,34.05,0
N2640,2025-09-02 20:00:00,103225.0,50.58,0
N2641,2025-09-02 20:01:00,242246.0,9.94,0
N2642,2025-09-02 20:02:00,241138.0,97.79,0
N2643,2025-09-02 20:03:00,120866.0,60.01,0
N2644,2025-09-02 20:04:00,132971.0,5.83,0
N2645,2025-09-02 20:05:00,150885.0,6.75,0
N2646,2025-09-02 20:06:00,221194.0,17.6,0
N2647,2025-09-02 20:07:00,54559.0,34.54,0
N2648,2025-09-02 20:08:00,23026.0,132.78,0
N2649,2025-09-02 20:09:00,42243.0,146.11,0
N2650,2025-09-02 20:10:00,147840.0,33.59,0
N2651,2025-09-02 20:11:00,26011.0,20.25,0
N2652,2025-09-02 20:12:00,121013.0,95.59,0
N2653,2025-09-02 20:13:00,50190.0,94.0,0
N2654,2025-09-02 20:14:00,46457.0,167.47,0
N2655,2025-09-02 20:15:00,125837.0,39.67,0
N2656,2025-09-02 20:16:00,17865.0,13.2,0
N2657,2025-09-02 20:17:00,535512.0,8.09,0
N2658,2025-09-02 20:18:00,171673.0,53.69,0
N2659,2025-09-02 20:19:00,179902.0,20.83,0
N2660,2025-09-02 20:20:00,187701.0,20.83,0
N2661,2025-09-02 20:21:00,33561.0,14.16,0
N2662,2025-09-02 20:22:00,44982.0,13.48,0
N2663,2025-09-02 20:23:00,318678.0,39.13,0
N2664,2025-09-02 20:24:00,41347.0,29.33,0
N2665,2025-09-02 20:25:00,42630.0,43.63,0
N2666,2025-09-02 20:26:00,79728.0,21.02,0
N2667,2025-09-02 20:27:00,83521.0,49.67,0
N2668,2025-09-02 20:28:00,108145.0,229.88,0
N2669,2025-09-02 20:29:00,29161.0,21.57,0
N2670,2025-09-02 20:30:00,42151.0,36.09,0
N2671,2025-09-02 20:31:00,123140.0,131.78,0
N2672,2025-09-02 20:32:00,257010.0,25.23,0
N2673,2025-09-02 20:33:00,83884.0,49.15,0
N2674,2025-09-02 20:34:00,552326.0,28.1,0
N2675,2025-09-02 20:35:00,45464.0,7.93,0
N2676,2025-09-02 20:36:00,103094.0,81.03,0
N2677,2025-09-02 20:37:00,199203.0,89.69,0
N2678,2025-09-02 20:38:00,216441.0,24.54,0
N2679,2025-09-02 20:39:00,55264.0,49.98,0
N2680,2025-09-02 20:40:00,175052.0,58.29,0
N2681,2025-09-02 20:41:00,46259.0,47.17,0
N2682,2025-09-02 20:42:00,198213.0,157.06,0
N2683,2025-09-02 20:43:00,46734.0,152.84,0
N2684,2025-09-02 20:44:00,76524.0,97.86,0
N2685,2025-09-02 20:45:00,141202.0,3.26,0
N2686,2025-09-02 20:46:00,24074.0,55.6,0
N2687,2025-09-02 20:47:00,33457.0,188.51,0
N2688,2025-09-02 20:48:00,63557.0,7.75,0
N2689,2025-09-02 20:49:00,42180.0,22.07,0
N2690,2025-09-02 20:50:00,242038.0,23.95,0
N2691,2025-09-02 20:51:00,122404.0,24.2,0
N2692,2025-09-02 20:52:00,77507.0,28.33,0
N2693,2025-09-02 20:53:00,184398.0,32.08,0
N2694,2025-09-02 20:54:00,195191.0,19.08,0
N2695,2025-09-02 20:55:00,24806.0,133.83,0
N2696,2025-09-02 20:56:00,68858.0,22.92,0
N2697,2025-09-02 20:57:00,66318.0,46.88,0
N2698,2025-09-02 20:58:00,3577.0,50.07,0
N2699,2025-09-02 20:59:00,31460.0,8.18,0
N2700,2025-09-02 21:00:00,52430.0,20.97,0
N2701,2025-09-02 21:01:00,43687.0,90.86,0
N2702,2025-09-02 21:02:00,113541.0,12.39,0
N2703,2025-09-02 21:03:00,33277.0,100.55,0
N2704,2025-09-02 21:04:00,110433.0,20.69,0
N2705,2025-09-02 21:05:00,62346.0,66.73,0
N2706,2025-09-02 21:06:00,96854.0,31.23,0
N2707,2025-09-02 21:07:00,28446.0,69.44,0
N2708,2025-09-02 21:08:00,261973.0,9.52,0
N2709,2025-09-02 21:09:00,57842.0,19.22,0
N2710,2025-09-02 21:10:00,70306.0,15.98,0
N2711,2025-09-02 21:11:00,176475.0,336.85,0
N2712,2025-09-02 21:12:00,58454.0,102.24,0
N2713,2025-09-02 21:13:00,314246.0,81.08,0
N2714,2025-09-02 21:14:00,36423.0,48.46,0
N2715,2025-09-02 21:15:00,44642.0,21.2,0
N2716,2025-09-02 21:16:00,33033.0,53.34,0
N2717,2025-09-02 21:17:00,147773.0,109.02,0
N2718,2025-09-02 21:18:00,232520.0,77.31,0
N2719,2025-09-02 21:19:00,209512.0,57.61,0
N2720,2025-09-02 21:20:00,23269.0,61.12,0
N2721,2025-09-02 21:21:00,73861.0,9.44,0
N2722,2025-09-02 21:22:00,68871.0,7.13,0
N2723,2025-09-02 21:23:00,29594.0,48.55,0
N2724,2025-09-02 21:24:00,19055.0,42.97,0
N2725,2025-09-02 21:25:00,76102.0,3.93,0
N2726,2025-09-02 21:26:00,49203.0,15.05,0
N2727,2025-09-02 21:27:00,117871.0,11.78,0
N2728,2025-09-02 21:28:00,47815.0,201.88,0
N2729,2025-09-02 21:29:00,49701.0,337.26,0
N2730,2025-09-02 21:30:00,83995.0,20.3,0
N2731,2025-09-02 21:31:00,19782.0,8.05,0
N2732,2025-09-02 21:32:00,59209.0,39.75,0
N2733,2025-09-02 21:33:00,259028.0,10.17,0
N2734,2025-09-02 21:34:00,54465.0,45.24,0
N2735,2025-09-02 21:35:00,43744.0,5.31,0
N2736,2025-09-02 21:36:00,155772.0,43.83,0
N2737,2025-09-02 21:37:00,173811.0,32.67,0
N2738,2025-09-02 21:38:00,244418.0,74.54,0
N2739,2025-09-02 21:39:00,147440.0,61.36,0
N2740,2025-09-02 21:40:00,129066.0,14.3,0
N2741,2025-09-02 21:41:00,58886.0,304.06,0
N2742,2025-09-02 21:42:00,106885.0,17.9,0
N2743,2025-09-02 21:43:00,41440.0,24.68,0
N2744,2025-09-02 21:44:00,65573.0,55.77,0
N2745,2025-09-02 21:45:00,208410.0,33.9,0
N2746,2025-09-02 21:46:00,36018.0,64.68,0
N2747,2025-09-02 21:47:00,180010.0,72.72,0
N2748,2025-09-02 21:48:00,44196.0,14.76,0
N2749,2025-09-02 21:49:00,90873.0,13.69,0
N2750,2025-09-02 21:50:00,73081.0,5.51,0
N2751,2025-09-02 21:51:00,136659.0,8.09,0
N2752,2025-09-02 21:52:00,739078.0,53.05,0
N2753,2025-09-02 21:53:00,184068.0,23.48,0
N2754,2025-09-02 21:54:00,282319.0,18.54,0
N2755,2025-09-02 21:55:00,122869.0,27.31,0
N2756,2025-09-02 21:56:00,38640.0,73.71,0
N2757,2025-09-02 21:57:00,22836.0,27.74,0
N2758,2025-09-02 21:58:00,349349.0,53.07,0
N2759,2025-09-02 21:59:00,41718.0,34.45,0
N2760,2025-09-02 22:00:00,58818.0,45.43,0
N2761,2025-09-02 22:01:00,249616.0,106.41,0
N2762,2025-09-02 22:02:00,35284.0,9.76,0
N2763,2025-09-02 22:03:00,181650.0,148.94,0
N2764,2025-09-02 22:04:00,199913.0,7.05,0
N2765,2025-09-02 22:05:00,16676.0,6.51,0
N2766,2025-09-02 22:06:00,36123.0,116.72,0
N2767,2025-09-02 22:07:00,138126.0,8.57,0
N2768,2025-09-02 22:08:00,42269.0,132.65,0
N2769,2025-09-02 22:09:00,47851.0,45.41,0
N2770,2025-09-02 22:10:00,48334.0,27.37,0
N2771,2025-09-02 22:11:00,417827.0,17.4,0
N2772,2025-09-02 22:12:00,68710.0,224.95,0
N2773,2025-09-02 22:13:00,69011.0,9.07,0
N2774,2025-09-02 22:14:00,52059.0,308.85,0
N2775,2025-09-02 22:15:00,100429.0,20.57,0
N2776,2025-09-02 22:16:00,41395.0,129.41,0
N2777,2025-09-02 22:17:00,28507.0,122.35,0
N2778,2025-09-02 22:18:00,24731.0,16.68,0
N2779,2025-09-02 22:19:00,96050.0,145.63,0
N2780,2025-09-02 22:20:00,46205.0,65.25,0
N2781,2025-09-02 22:21:00,184221.0,52.85,0
N2782,2025-09-02 22:22:00,213309.0,44.86,0
N2783,2025-09-02 22:23:00,62616.0,2.04,0
N2784,2025-09-02 22:24:00,11577.0,26.38,0
N2785,2025-09-02 22:25:00,195778.0,4.8,0
N2786,2025-09-02 22:26:00,173723.0,18.93,0
N2787,2025-09-02 22:27:00,82625.0,22.09,0
N2788,2025-09-02 22:28:00,65686.0,3.88,0
N2789,2025-09-02 22:29:00,60970.0,43.08,0
N2790,2025-09-02 22:30:00,637059.0,26.05,0
N2791,2025-09-02 22:31:00,52999.0,33.15,0
N2792,2025-09-02 22:32:00,83594.0,6.26,0
N2793,2025-09-02 22:33:00,366918.0,6.68,0
N2794,2025-09-02 22:34:00,64129.0,192.72,0
N2795,2025-09-02 22:35:00,100618.0,163.98,0
N2796,2025-09-02 22:36:00,370325.0,160.92,0
N2797,2025-09-02 22:37:00,122394.0,106.52,0
N2798,2025-09-02 22:38:00,36968.0,160.85,0
N2799,2025-09-02 22:39:00,44687.0,216.01,0
N2800,2025-09-02 22:40:00,487880.0,4.82,0
N2801,2025-09-02 22:41:00,163506.0,8.1,0
N2802,2025-09-02 22:42:00,55491.0,72.54,0
N2803,2025-09-02 22:43:00,157524.0,78.02,0
N2804,2025-09-02 22:44:00,156949.0,39.71,0
N2805,2025-09-02 22:45:00,63403.0,44.75,0
N2806,2025-09-02 22:46:00,29908.0,87.61,0
N2807,2025-09-02 22:47:00,186991.0,7.94,0
N2808,2025-09-02 22:48:00,171333.0,21.19,0
N2809,2025-09-02 22:49:00,52608.0,14.2,0
N2810,2025-09-02 22:50:00,85036.0,110.45,0
N2811,2025-09-02 22:51:00,40741.0,25.42,0
N2812,2025-09-02 22:52:00,278616.0,52.49,0
N2813,2025-09-02 22:53:00,80345.0,27.98,0
N2814,2025-09-02 22:54:00,126525.0,64.97,0
N2815,2025-09-02 22:55:00,65202.0,335.88,0
N2816,2025-09-02 22:56:00,66928.0,49.42,0
N2817,2025-09-02 22:57:00,48932.0,6.95,0
N2818,2025-09-02 22:58:00,43385.0,7.78,0
N2819,2025-09-02 22:59:00,55719.0,9.14,0
N2820,2025-09-02 23:00:00,234064.0,86.69,0
N2821,2025-09-02 23:01:00,218111.0,26.07,0
N2822,2025-09-02 23:02:00,25532.0,19.84,0
N2823,2025-09-02 23:03:00,101203.0,23.05,0
N2824,2025-09-02 23:04:00,79811.0,58.96,0
N2825,2025-09-02 23:05:00,38169.0,31.47,0
N2826,2025-09-02 23:06:00,141233.0,72.01,0
N2827,2025-09-02 23:07:00,132565.0,53.76,0
N2828,2025-09-02 23:08:00,66085.0,41.39,0
N2829,2025-09-02 23:09:00,215427.0,64.63,0
N2830,2025-09-02 23:10:00,116759.0,29.73,0
N2831,2025-09-02 23:11:00,153116.0,49.67,0
N2832,2025-09-02 23:12:00,106627.0,29.03,0
N2833,2025-09-02 23:13:00,142294.0,16.95,0
N2834,2025-09-02 23:14:00,32574.0,10.32,0
N2835,2025-09-02 23:15:00,90982.0,28.06,0
N2836,2025-09-02 23:16:00,99206.0,78.4,0
N2837,2025-09-02 23:17:00,74412.0,8.76,0
N2838,2025-09-02 23:18:00,154508.0,81.26,0
N2839,2025-09-02 23:19:00,150556.0,51.57,0
N2840,2025-09-02 23:20:00,158219.0,228.25,0
N2841,2025-09-02 23:21:00,39620.0,30.86,0
N2842,2025-09-02 23:22:00,7777.0,63.52,0
N2843,2025-09-02 23:23:00,132689.0,11.19,0
N2844,2025-09-02 23:24:00,126962.0,68.45,0
N2845,2025-09-02 23:25:00,104151.0,69.19,0
N2846,2025-09-02 23:26:00,21738.0,363.01,0
N2847,2025-09-02 23:27:00,177448.0,35.36,0
N2848,2025-09-02 23:28:00,62504.0,20.25,0
N2849,2025-09-02 23:29:00,493853.0,43.54,0
N2850,2025-09-02 23:30:00,48150.0,37.21,0
N2851,2025-09-02 23:31:00,102583.0,35.04,0
N2852,2025-09-02 23:32:00,163830.0,17.75,0
N2853,2025-09-02 23:33:00,3480.0,26.98,0
N2854,2025-09-02 23:34:00,192915.0,97.75,0
N2855,2025-09-02 23:35:00,32959.0,24.9,0
N2856,2025-09-02 23:36:00,17710.0,35.05,0
N2857,2025-09-02 23:37:00,40305.0,79.48,0
N2858,2025-09-02 23:38:00,17500.0,31.09,0
N2859,2025-09-02 23:39:00,105993.0,8.95,0
N2860,2025-09-02 23:40:00,56289.0,155.38,0
N2861,2025-09-02 23:41:00,92156.0,10.21,0
N2862,2025-09-02 23:42:00,7994.0,13.58,0
N2863,2025-09-02 23:43:00,79180.0,58.24,0
N2864,2025-09-02 23:44:00,273206.0,13.59,0
N2865,2025-09-02 23:45:00,107984.0,11.06,0
N2866,2025-09-02 23:46:00,204269.0,15.75,0
N2867,2025-09-02 23:47:00,66189.0,57.01,0
N2868,2025-09-02 23:48:00,30875.0,39.02,0
N2869,2025-09-02 23:49:00,70546.0,24.9,0
N2870,2025-09-02 23:50:00,116846.0,294.38,0
N2871,2025-09-02 23:51:00,58029.0,66.33,0
N2872,2025-09-02 23:52:00,26786.0,29.36,0
N2873,2025-09-02 23:53:00,103065.0,14.05,0
N2874,2025-09-02 23:54:00,401981.0,43.62,0
N2875,2025-09-02 23:55:00,138958.0,56.32,0
N2876,2025-09-02 23:56:00,490520.0,7.45,0
N2877,2025-09-02 23:57:00,13399.0,115.01,0
N2878,2025-09-02 23:58:00,30183.0,41.49,0
N2879,2025-09-02 23:59:00,200447.0,43.84,0
N2880,2025-09-03 00:00:00,98916.0,76.25,0
N2881,2025-09-03 00:01:00,112870.0,35.91,0
N2882,2025-09-03 00:02:00,150470.0,10.68,0
N2883,2025-09-03 00:03:00,110452.0,119.84,0
N2884,2025-09-03 00:04:00,16332.0,123.84,0
N2885,2025-09-03 00:05:00,129779.0,15.74,0
N2886,2025-09-03 00:06:00,112091.0,33.17,0
N2887,2025-09-03 00:07:00,63333.0,8.59,0
N2888,2025-09-03 00:08:00,54025.0,222.14,0
N2889,2025-09-03 00:09:00,20296.0,27.56,0
N2890,2025-09-03 00:10:00,25037.0,66.57,0
N2891,2025-09-03 00:11:00,292822.0,24.58,0
N2892,2025-09-03 00:12:00,42912.0,59.35,0
N2893,2025-09-03 00:13:00,104231.0,51.95,0
N2894,2025-09-03 00:14:00,17764.0,162.57,0
N2895,2025-09-03 00:15:00,19867.0,11.09,0
N2896,2025-09-03 00:16:00,110288.0,9.72,0
N2897,2025-09-03 00:17:00,40789.0,53.11,0
N2898,2025-09-03 00:18:00,89412.0,27.49,0
N2899,2025-09-03 00:19:00,36150.0,24.83,0
N2900,2025-09-03 00:20:00,125093.0,18.05,0
N2901,2025-09-03 00:21:00,195375.0,44.44,0
N2902,2025-09-03 00:22:00,35369.0,16.92,0
N2903,2025-09-03 00:23:00,111058.0,12.61,0
N2904,2025-09-03 00:24:00,62505.0,32.14,0
N2905,2025-09-03 00:25:00,447342.0,2.6,0
N2906,2025-09-03 00:26:00,650607.0,12.07,0
N2907,2025-09-03 00:27:00,33713.0,43.74,0
N2908,2025-09-03 00:28:00,337726.0,74.83,0
N2909,2025-09-03 00:29:00,39460.0,27.35,0
N2910,2025-09-03 00:30:00,33234.0,20.78,0
N2911,2025-09-03 00:31:00,306367.0,13.67,0
N2912,2025-09-03 00:32:00,165349.0,43.62,0
N2913,2025-09-03 00:33:00,38489.0,22.92,0
N2914,2025-09-03 00:34:00,48063.0,8.52,0
N2915,2025-09-03 00:35:00,96042.0,107.33,0
N2916,2025-09-03 00:36:00,192143.0,157.96,0
N2917,2025-09-03 00:37:00,71331.0,169.68,0
N2918,2025-09-03 00:38:00,54788.0,83.78,0
N2919,2025-09-03 00:39:00,96321.0,33.76,0
N2920,2025-09-03 00:40:00,71591.0,45.63,0
N2921,2025-09-03 00:41:00,29587.0,13.56,0
N2922,2025-09-03 00:42:00,245500.0,3.97,0
N2923,2025-09-03 00:43:00,27375.0,13.05,0
N2924,2025-09-03 00:44:00,52748.0,2.16,0
N2925,2025-09-03 00:45:00,231394.0,30.45,0
N2926,2025-09-03 00:46:00,43634.0,35.78,0
N2927,2025-09-03 00:47:00,29309.0,206.26,0
N2928,2025-09-03 00:48:00,189774.0,30.66,0
N2929,2025-09-03 00:49:00,157196.0,6.26,0
N2930,2025-09-03 00:50:00,84906.0,21.37,0
N2931,2025-09-03 00:51:00,170728.0,33.99,0
N2932,2025-09-03 00:52:00,83029.0,74.47,0
N2933,2025-09-03 00:53:00,137410.0,52.35,0
N2934,2025-09-03 00:54:00,240075.0,80.89,0
N2935,2025-09-03 00:55:00,95744.0,41.56,0
N2936,2025-09-03 00:56:00,22127.0,53.52,0
N2937,2025-09-03 00:57:00,24540.0,12.26,0
N2938,2025-09-03 00:58:00,51199.0,39.75,0
N2939,2025-09-03 00:59:00,108692.0,62.54,0
N2940,2025-09-03 01:00:00,54318.0,70.43,0
N2941,2025-09-03 01:01:00,157154.0,14.18,0
N2942,2025-09-03 01:02:00,97993.0,104.49,0
N2943,2025-09-03 01:03:00,68868.0,83.88,0
N2944,2025-09-03 01:04:00,151524.0,34.89,0
N2945,2025-09-03 01:05:00,36105.0,21.66,0
N2946,2025-09-03 01:06:00,142905.0,39.44,0
N2947,2025-09-03 01:07:00,65741.0,22.34,0
N2948,2025-09-03 01:08:00,134481.0,53.66,0
N2949,2025-09-03 01:09:00,191912.0,17.22,0
N2950,2025-09-03 01:10:00,26934.0,14.4,0
N2951,2025-09-03 01:11:00,51723.0,7.47,0
N2952,2025-09-03 01:12:00,413159.0,124.6,0
N2953,2025-09-03 01:13:00,136465.0,27.09,0
N2954,2025-09-03 01:14:00,174036.0,83.55,0
N2955,2025-09-03 01:15:00,47750.0,2.97,0
N2956,2025-09-03 01:16:00,25528.0,50.92,0
N2957,2025-09-03 01:17:00,42873.0,25.05,0
N2958,2025-09-03 01:18:00,271820.0,24.3,0
N2959,2025-09-03 01:19:00,38219.0,798.68,0
N2960,2025-09-03 01:20:00,108298.0,1.71,0
N2961,2025-09-03 01:21:00,69165.0,316.11,0
N2962,2025-09-03 01:22:00,266809.0,81.53,0
N2963,2025-09-03 01:23:00,548751.0,5.49,0
N2964,2025-09-03 01:24:00,103141.0,94.67,0
N2965,2025-09-03 01:25:00,39567.0,79.67,0
N2966,2025-09-03 01:26:00,108688.0,44.51,0
N2967,2025-09-03 01:27:00,198559.0,18.27,0
N2968,2025-09-03 01:28:00,19310.0,9.11,0
N2969,2025-09-03 01:29:00,140634.0,13.76,0
N2970,2025-09-03 01:30:00,117415.0,21.96,0
N2971,2025-09-03 01:31:00,96932.0,161.08,0
N2972,2025-09-03 01:32:00,64944.0,24.79,0
N2973,2025-09-03 01:33:00,102660.0,57.52,0
N2974,2025-09-03 01:34:00,60102.0,184.58,0
N2975,2025-09-03 01:35:00,28421.0,35.25,0
N2976,2025-09-03 01:36:00,111401.0,43.0,0
N2977,2025-09-03 01:37:00,269420.0,51.07,0
N2978,2025-09-03 01:38:00,29560.0,70.77,0
N2979,2025-09-03 01:39:00,21343.0,27.17,0
N2980,2025-09-03 01:40:00,65773.0,110.65,0
N2981,2025-09-03 01:41:00,67123.0,54.16,0
N2982,2025-09-03 01:42:00,10482.0,25.45,0
N2983,2025-09-03 01:43:00,36085.0,11.82,0
N2984,2025-09-03 01:44:00,453549.0,124.37,0
N2985,2025-09-03 01:45:00,143012.0,36.19,0
N2986,2025-09-03 01:46:00,57785.0,41.91,0
N2987,2025-09-03 01:47:00,225703.0,32.83,0
N2988,2025-09-03 01:48:00,53483.0,28.24,0
N2989,2025-09-03 01:49:00,116040.0,9.14,0
N2990,2025-09-03 01:50:00,75303.0,23.41,0
N2991,2025-09-03 01:51:00,299423.0,102.56,0
N2992,2025-09-03 01:52:00,422193.0,17.66,0
N2993,2025-09-03 01:53:00,109819.0,30.72,0
N2994,2025-09-03 01:54:00,53849.0,10.94,0
N2995,2025-09-03 01:55:00,61190.0,47.91,0
N2996,2025-09-03 01:56:00,43219.0,41.94,0
N2997,2025-09-03 01:57:00,454249.0,44.26,0
N2998,2025-09-03 01:58:00,103809.0,29.61,0
N2999,2025-09-03 01:59:00,200877.0,12.6,0
N3000,2025-09-03 02:00:00,81487.0,75.11,0
N3001,2025-09-03 02:01:00,299035.0,41.44,0
N3002,2025-09-03 02:02:00,62549.0,37.97,0
N3003,2025-09-03 02:03:00,34109.0,192.08,0
N3004,2025-09-03 02:04:00,118557.0,2.98,0
N3005,2025-09-03 02:05:00,82818.0,30.93,0
N3006,2025-09-03 02:06:00,27661.0,207.69,0
N3007,2025-09-03 02:07:00,1309296.0,76.11,0
N3008,2025-09-03 02:08:00,36956.0,33.15,0
N3009,2025-09-03 02:09:00,101548.0,30.17,0
N3010,2025-09-03 02:10:00,131408.0,12.68,0
N3011,2025-09-03 02:11:00,63802.0,23.34,0
N3012,2025-09-03 02:12:00,51191.0,318.54,0
N3013,2025-09-03 02:13:00,206207.0,24.62,0
N3014,2025-09-03 02:14:00,54812.0,35.6,0
N3015,2025-09-03 02:15:00,147025.0,20.33,0
N3016,2025-09-03 02:16:00,309000.0,14.95,0
N3017,2025-09-03 02:17:00,115433.0,160.37,0
N3018,2025-09-03 02:18:00,96800.0,18.47,0
N3019,2025-09-03 02:19:00,58122.0,359.14,0
N3020,2025-09-03 02:20:00,134512.0,7.99,0
N3021,2025-09-03 02:21:00,108341.0,15.11,0
N3022,2025-09-03 02:22:00,11025.0,47.38,0
N3023,2025-09-03 02:23:00,54219.0,78.68,0
N3024,2025-09-03 02:24:00,23915.0,23.51,0
N3025,2025-09-03 02:25:00,68831.0,38.09,0
N3026,2025-09-03 02:26:00,184831.0,52.35,0
N3027,2025-09-03 02:27:00,20414.0,46.92,0
N3028,2025-09-03 02:28:00,86167.0,20.4,0
N3029,2025-09-03 02:29:00,174278.0,93.41,0
N3030,2025-09-03 02:30:00,106247.0,41.44,0
N3031,2025-09-03 02:31:00,89232.0,8.85,0
N3032,2025-09-03 02:32:00,98873.0,31.44,0
N3033,2025-09-03 02:33:00,305606.0,75.48,0
N3034,2025-09-03 02:34:00,120022.0,20.73,0
N3035,2025-09-03 02:35:00,116578.0,17.87,0
N3036,2025-09-03 02:36:00,335789.0,127.81,0
N3037,2025-09-03 02:37:00,87257.0,174.66,0
N3038,2025-09-03 02:38:00,306736.0,107.96,0
N3039,2025-09-03 02:39:00,95336.0,32.99,0
N3040,2025-09-03 02:40:00,153242.0,41.76,0
N3041,2025-09-03 02:41:00,69272.0,88.3,0
N3042,2025-09-03 02:42:00,49339.0,25.37,0
N3043,2025-09-03 02:43:00,51714.0,5.22,0
N3044,2025-09-03 02:44:00,43447.0,289.08,0
N3045,2025-09-03 02:45:00,43893.0,19.92,0
N3046,2025-09-03 02:46:00,92757.0,39.43,0
N3047,2025-09-03 02:47:00,138281.0,30.91,0
N3048,2025-09-03 02:48:00,786899.0,48.97,0
N3049,2025-09-03 02:49:00,140778.0,25.09,0
N3050,2025-09-03 02:50:00,47684.0,170.55,0
N3051,2025-09-03 02:51:00,94831.0,16.18,0
N3052,2025-09-03 02:52:00,63551.0,20.25,0
N3053,2025-09-03 02:53:00,230395.0,61.54,0
N3054,2025-09-03 02:54:00,52132.0,18.28,0
N3055,2025-09-03 02:55:00,174960.0,87.57,0
N3056,2025-09-03 02:56:00,54009.0,3.28,0
N3057,2025-09-03 02:57:00,895282.0,158.8,0
N3058,2025-09-03 02:58:00,165347.0,63.26,0
N3059,2025-09-03 02:59:00,29993.0,10.17,0
N3060,2025-09-03 03:00:00,53975.0,90.0,0
N3061,2025-09-03 03:01:00,165886.0,42.05,0
N3062,2025-09-03 03:02:00,175103.0,29.54,0
N3063,2025-09-03 03:03:00,145911.0,209.0,0
N3064,2025-09-03 03:04:00,105612.0,11.43,0
N3065,2025-09-03 03:05:00,50075.0,16.18,0
N3066,2025-09-03 03:06:00,203836.0,11.47,0
N3067,2025-09-03 03:07:00,24171.0,10.2,0
N3068,2025-09-03 03:08:00,123747.0,113.26,0
N3069,2025-09-03 03:09:00,71801.0,6.62,0
N3070,2025-09-03 03:10:00,72374.0,37.74,0
N3071,2025-09-03 03:11:00,53975.0,3.8,0
N3072,2025-09-03 03:12:00,258316.0,81.32,0
N3073,2025-09-03 03:13:00,89302.0,13.75,0
N3074,2025-09-03 03:14:00,12252.0,13.49,0
N3075,2025-09-03 03:15:00,49348.0,117.49,0
N3076,2025-09-03 03:16:00,247284.0,69.75,0
N3077,2025-09-03 03:17:00,196890.0,31.08,0
N3078,2025-09-03 03:18:00,139702.0,9.54,0
N3079,2025-09-03 03:19:00,320621.0,51.88,0
N3080,2025-09-03 03:20:00,14311.0,95.72,0
N3081,2025-09-03 03:21:00,217301.0,7.21,0
N3082,2025-09-03 03:22:00,75658.0,76.92,0
N3083,2025-09-03 03:23:00,96059.0,71.45,0
N3084,2025-09-03 03:24:00,35140.0,206.61,0
N3085,2025-09-03 03:25:00,191273.0,14.48,0
N3086,2025-09-03 03:26:00,14280.0,40.22,0
N3087,2025-09-03 03:27:00,82850.0,40.37,0
N3088,2025-09-03 03:28:00,118440.0,11.14,0
N3089,2025-09-03 03:29:00,92875.0,20.15,0
N3090,2025-09-03 03:30:00,111350.0,42.27,0
N3091,2025-09-03 03:31:00,61385.0,30.71,0
N3092,2025-09-03 03:32:00,150586.0,32.63,0
N3093,2025-09-03 03:33:00,51690.0,84.98,0
N3094,2025-09-03 03:34:00,115262.0,51.0,0
N3095,2025-09-03 03:35:00,71780.0,9.34,0
N3096,2025-09-03 03:36:00,19216.0,25.99,0
N3097,2025-09-03 03:37:00,23659.0,237.22,0
N3098,2025-09-03 03:38:00,101852.0,76.65,0
N3099,2025-09-03 03:39:00,27017.0,19.67,0
N3100,2025-09-03 03:40:00,55822.0,20.77,0
N3101,2025-09-03 03:41:00,25016.0,15.11,0
N3102,2025-09-03 03:42:00,120822.0,67.97,0
N3103,2025-09-03 03:43:00,111174.0,80.72,0
N3104,2025-09-03 03:44:00,42713.0,39.64,0
N3105,2025-09-03 03:45:00,61467.0,26.52,0
N3106,2025-09-03 03:46:00,26956.0,70.65,0
N3107,2025-09-03 03:47:00,208912.0,12.28,0
N3108,2025-09-03 03:48:00,68998.0,61.62,0
N3109,2025-09-03 03:49:00,80999.0,36.15,0
N3110,2025-09-03 03:50:00,169439.0,72.3,0
N3111,2025-09-03 03:51:00,86253.0,6.57,0
N3112,2025-09-03 03:52:00,151400.0,85.23,0
N3113,2025-09-03 03:53:00,15689.0,49.17,0
N3114,2025-09-03 03:54:00,45638.0,27.56,0
N3115,2025-09-03 03:55:00,40297.0,40.24,0
N3116,2025-09-03 03:56:00,38120.0,8.77,0
N3117,2025-09-03 03:57:00,25461.0,38.71,0
N3118,2025-09-03 03:58:00,12572.0,175.66,0
N3119,2025-09-03 03:59:00,73905.0,100.8,0
N3120,2025-09-03 04:00:00,200061.0,33.47,0
N3121,2025-09-03 04:01:00,38990.0,20.16,0
N3122,2025-09-03 04:02:00,113067.0,11.87,0
N3123,2025-09-03 04:03:00,42475.0,117.77,0
N3124,2025-09-03 04:04:00,46097.0,9.92,0
N3125,2025-09-03 04:05:00,64506.0,27.75,0
N3126,2025-09-03 04:06:00,315256.0,42.95,0
N3127,2025-09-03 04:07:00,28247.0,8.04,0
N3128,2025-09-03 04:08:00,14404.0,107.35,0
N3129,2025-09-03 04:09:00,24589.0,52.08,0
N3130,2025-09-03 04:10:00,45099.0,31.84,0
N3131,2025-09-03 04:11:00,203936.0,8.71,0
N3132,2025-09-03 04:12:00,93698.0,35.92,0
N3133,2025-09-03 04:13:00,62975.0,36.46,0
N3134,2025-09-03 04:14:00,82338.0,95.06,0
N3135,2025-09-03 04:15:00,263181.0,271.74,0
N3136,2025-09-03 04:16:00,535137.0,13.79,0
N3137,2025-09-03 04:17:00,107423.0,24.75,0
N3138,2025-09-03 04:18:00,38427.0,34.63,0
N3139,2025-09-03 04:19:00,208063.0,19.67,0
N3140,2025-09-03 04:20:00,55491.0,40.2,0
N3141,2025-09-03 04:21:00,83401.0,14.64,0
N3142,2025-09-03 04:22:00,13849.0,68.05,0
N3143,2025-09-03 04:23:00,139847.0,108.64,0
N3144,2025-09-03 04:24:00,348637.0,43.74,0
N3145,2025-09-03 04:25:00,140497.0,20.82,0
N3146,2025-09-03 04:26:00,63754.0,30.04,0
N3147,2025-09-03 04:27:00,54243.0,13.38,0
N3148,2025-09-03 04:28:00,174453.0,31.41,0
N3149,2025-09-03 04:29:00,109304.0,50.46,0
N3150,2025-09-03 04:30:00,98292.0,76.26,0
N3151,2025-09-03 04:31:00,257124.0,18.98,0
N3152,2025-09-03 04:32:00,64912.0,14.15,0
N3153,2025-09-03 04:33:00,58700.0,116.53,0
N3154,2025-09-03 04:34:00,24049.0,47.04,0
N3155,2025-09-03 04:35:00,68449.0,545.11,0
N3156,2025-09-03 04:36:00,242757.0,40.88,0
N3157,2025-09-03 04:37:00,67566.0,171.51,0
N3158,2025-09-03 04:38:00,10836.0,180.92,0
N3159,2025-09-03 04:39:00,170052.0,30.81,0
N3160,2025-09-03 04:40:00,344608.0,12.84,0
N3161,2025-09-03 04:41:00,185356.0,56.26,0
N3162,2025-09-03 04:42:00,35967.0,74.49,0
N3163,2025-09-03 04:43:00,42153.0,72.43,0
N3164,2025-09-03 04:44:00,48155.0,11.94,0
N3165,2025-09-03 04:45:00,43933.0,19.16,0
N3166,2025-09-03 04:46:00,109250.0,12.2,0
N3167,2025-09-03 04:47:00,148775.0,100.79,0
N3168,2025-09-03 04:48:00,226989.0,10.44,0
N3169,2025-09-03 04:49:00,37500.0,59.2,0
N3170,2025-09-03 04:50:00,83631.0,10.1,0
N3171,2025-09-03 04:51:00,91436.0,25.97,0
N3172,2025-09-03 04:52:00,35010.0,10.36,0
N3173,2025-09-03 04:53:00,133760.0,16.35,0
N3174,2025-09-03 04:54:00,100175.0,27.97,0
N3175,2025-09-03 04:55:00,198229.0,24.03,0
N3176,2025-09-03 04:56:00,177933.0,227.63,0
N3177,2025-09-03 04:57:00,84193.0,9.82,0
N3178,2025-09-03 04:58:00,89984.0,87.88,0
N3179,2025-09-03 04:59:00,29594.0,84.91,0
N3180,2025-09-03 05:00:00,207227.0,155.14,0
N3181,2025-09-03 05:01:00,110652.0,30.13,0
N3182,2025-09-03 05:02:00,67843.0,53.91,0
N3183,2025-09-03 05:03:00,379033.0,195.39,0
N3184,2025-09-03 05:04:00,37399.0,39.0,0
N3185,2025-09-03 05:05:00,324473.0,32.77,0
N3186,2025-09-03 05:06:00,33988.0,40.85,0
N3187,2025-09-03 05:07:00,87780.0,58.41,0
N3188,2025-09-03 05:08:00,139710.0,69.05,0
N3189,2025-09-03 05:09:00,27972.0,99.64,0
N3190,2025-09-03 05:10:00,54934.0,22.75,0
N3191,2025-09-03 05:11:00,92804.0,31.39,0
N3192,2025-09-03 05:12:00,13256.0,222.74,0
N3193,2025-09-03 05:13:00,57870.0,4.56,0
N3194,2025-09-03 05:14:00,9162.0,9.14,0
N3195,2025-09-03 05:15:00,112575.0,44.33,0
N3196,2025-09-03 05:16:00,98101.0,99.78,0
N3197,2025-09-03 05:17:00,205548.0,49.93,0
N3198,2025-09-03 05:18:00,5898.0,148.82,0
N3199,2025-09-03 05:19:00,50540.0,23.61,0
N3200,2025-09-03 05:20:00,60230.0,16.15,0
N3201,2025-09-03 05:21:00,11586.0,26.48,0
N3202,2025-09-03 05:22:00,135263.0,53.25,0
N3203,2025-09-03 05:23:00,15800.0,53.05,0
N3204,2025-09-03 05:24:00,34823.0,10.82,0
N3205,2025-09-03 05:25:00,79974.0,4.73,0
N3206,2025-09-03 05:26:00,80108.0,49.92,0
N3207,2025-09-03 05:27:00,86044.0,178.37,0
N3208,2025-09-03 05:28:00,67340.0,37.42,0
N3209,2025-09-03 05:29:00,65960.0,104.52,0
N3210,2025-09-03 05:30:00,60722.0,30.31,0
N3211,2025-09-03 05:31:00,77269.0,14.03,0
N3212,2025-09-03 05:32:00,234983.0,154.22,0
N3213,2025-09-03 05:33:00,93574.0,33.51,0
N3214,2025-09-03 05:34:00,121555.0,11.91,0
N3215,2025-09-03 05:35:00,27836.0,15.07,0
N3216,2025-09-03 05:36:00,342022.0,162.61,0
N3217,2025-09-03 05:37:00,79415.0,10.79,0
N3218,2025-09-03 05:38:00,47306.0,10.52,0
N3219,2025-09-03 05:39:00,91766.0,14.41,0
N3220,2025-09-03 05:40:00,110246.0,28.29,0
N3221,2025-09-03 05:41:00,55007.0,17.65,0
N3222,2025-09-03 05:42:00,43471.0,172.81,0
N3223,2025-09-03 05:43:00,51424.0,57.64,0
N3224,2025-09-03 05:44:00,75838.0,6.48,0
N3225,2025-09-03 05:45:00,524250.0,4.68,0
N3226,2025-09-03 05:46:00,57351.0,146.5,0
N3227,2025-09-03 05:47:00,115667.0,7.38,0
N3228,2025-09-03 05:48:00,49282.0,4.29,0
N3229,2025-09-03 05:49:00,208765.0,29.05,0
N3230,2025-09-03 05:50:00,47979.0,53.09,0
N3231,2025-09-03 05:51:00,547572.0,7.89,0
N3232,2025-09-03 05:52:00,134775.0,50.58,0
N3233,2025-09-03 05:53:00,54247.0,16.19,0
N3234,2025-09-03 05:54:00,77628.0,37.74,0
N3235,2025-09-03 05:55:00,87287.0,73.84,0
N3236,2025-09-03 05:56:00,71121.0,67.06,0
N3237,2025-09-03 05:57:00,236825.0,21.91,0
N3238,2025-09-03 05:58:00,38919.0,37.87,0
N3239,2025-09-03 05:59:00,70345.0,57.21,0
N3240,2025-09-03 06:00:00,55971.0,145.78,0
N3241,2025-09-03 06:01:00,102323.0,38.14,0
N3242,2025-09-03 06:02:00,17812.0,204.26,0
N3243,2025-09-03 06:03:00,62293.0,15.43,0
N3244,2025-09-03 06:04:00,35500.0,91.58,0
N3245,2025-09-03 06:05:00,44787.0,55.23,0
N3246,2025-09-03 06:06:00,179983.0,310.35,0
N3247,2025-09-03 06:07:00,49515.0,26.74,0
N3248,2025-09-03 06:08:00,186105.0,7.31,0
N3249,2025-09-03 06:09:00,185120.0,48.98,0
N3250,2025-09-03 06:10:00,67640.0,17.69,0
N3251,2025-09-03 06:11:00,32357.0,67.05,0
N3252,2025-09-03 06:12:00,146009.0,8.22,0
N3253,2025-09-03 06:13:00,54898.0,26.75,0
N3254,2025-09-03 06:14:00,221204.0,29.84,0
N3255,2025-09-03 06:15:00,791249.0,58.76,0
N3256,2025-09-03 06:16:00,88959.0,79.13,0
N3257,2025-09-03 06:17:00,88557.0,22.31,0
N3258,2025-09-03 06:18:00,116346.0,22.09,0
N3259,2025-09-03 06:19:00,133541.0,21.62,0
N3260,2025-09-03 06:20:00,784540.0,56.93,0
N3261,2025-09-03 06:21:00,58776.0,53.47,0
N3262,2025-09-03 06:22:00,48519.0,19.04,0
N3263,2025-09-03 06:23:00,150680.0,25.11,0
N3264,2025-09-03 06:24:00,36816.0,75.15,0
N3265,2025-09-03 06:25:00,62004.0,17.17,0
N3266,2025-09-03 06:26:00,166234.0,11.35,0
N3267,2025-09-03 06:27:00,328135.0,48.65,0
N3268,2025-09-03 06:28:00,1135259.0,14.44,0
N3269,2025-09-03 06:29:00,11595.0,35.09,0
N3270,2025-09-03 06:30:00,72702.0,27.54,0
N3271,2025-09-03 06:31:00,103641.0,5.05,0
N3272,2025-09-03 06:32:00,37939.0,35.51,0
N3273,2025-09-03 06:33:00,176543.0,83.74,0
N3274,2025-09-03 06:34:00,209351.0,7.2,0
N3275,2025-09-03 06:35:00,104174.0,9.85,0
N3276,2025-09-03 06:36:00,335658.0,15.18,0
N3277,2025-09-03 06:37:00,334511.0,13.77,0
N3278,2025-09-03 06:38:00,24856.0,13.44,0
N3279,2025-09-03 06:39:00,246559.0,21.01,0
N3280,2025-09-03 06:40:00,122432.0,94.58,0
N3281,2025-09-03 06:41:00,59078.0,35.3,0
N3282,2025-09-03 06:42:00,52741.0,11.15,0
N3283,2025-09-03 06:43:00,132522.0,39.03,0
N3284,2025-09-03 06:44:00,44690.0,51.19,0
N3285,2025-09-03 06:45:00,19513.0,24.71,0
N3286,2025-09-03 06:46:00,53382.0,34.92,0
N3287,2025-09-03 06:47:00,74568.0,25.26,0
N3288,2025-09-03 06:48:00,61979.0,46.71,0
N3289,2025-09-03 06:49:00,48972.0,11.76,0
N3290,2025-09-03 06:50:00,27138.0,7.02,0
N3291,2025-09-03 06:51:00,69484.0,25.46,0
N3292,2025-09-03 06:52:00,132207.0,25.75,0
N3293,2025-09-03 06:53:00,163702.0,9.36,0
N3294,2025-09-03 06:54:00,398439.0,16.92,0
N3295,2025-09-03 06:55:00,143376.0,31.78,0
N3296,2025-09-03 06:56:00,50282.0,151.1,0
N3297,2025-09-03 06:57:00,185829.0,24.68,0
N3298,2025-09-03 06:58:00,53130.0,68.47,0
N3299,2025-09-03 06:59:00,41363.0,133.91,0
N3300,2025-09-03 07:00:00,229006.0,103.74,0
N3301,2025-09-03 07:01:00,67028.0,27.78,0
N3302,2025-09-03 07:02:00,37823.0,112.4,0
N3303,2025-09-03 07:03:00,169434.0,73.18,0
N3304,2025-09-03 07:04:00,8688.0,94.82,0
N3305,2025-09-03 07:05:00,69632.0,31.73,0
N3306,2025-09-03 07:06:00,93806.0,107.08,0
N3307,2025-09-03 07:07:00,64319.0,47.85,0
N3308,2025-09-03 07:08:00,88375.0,78.59,0
N3309,2025-09-03 07:09:00,266248.0,18.13,0
N3310,2025-09-03 07:10:00,41969.0,13.31,0
N3311,2025-09-03 07:11:00,75747.0,158.06,0
N3312,2025-09-03 07:12:00,113825.0,21.82,0
N3313,2025-09-03 07:13:00,123382.0,51.22,0
N3314,2025-09-03 07:14:00,100888.0,244.45,0
N3315,2025-09-03 07:15:00,204207.0,52.98,0
N3316,2025-09-03 07:16:00,98275.0,87.16,0
N3317,2025-09-03 07:17:00,62187.0,91.73,0
N3318,2025-09-03 07:18:00,140466.0,37.51,0
N3319,2025-09-03 07:19:00,447008.0,124.94,0
N3320,2025-09-03 07:20:00,54672.0,74.38,0
N3321,2025-09-03 07:21:00,76143.0,88.86,0
N3322,2025-09-03 07:22:00,98896.0,80.2,0
N3323,2025-09-03 07:23:00,31136.0,16.71,0
N3324,2025-09-03 07:24:00,88498.0,79.97,0
N3325,2025-09-03 07:25:00,7573.0,7.28,0
N3326,2025-09-03 07:26:00,83565.0,109.45,0
N3327,2025-09-03 07:27:00,146246.0,51.85,0
N3328,2025-09-03 07:28:00,40191.0,9.71,0
N3329,2025-09-03 07:29:00,212777.0,42.38,0
N3330,2025-09-03 07:30:00,86744.0,27.33,0
N3331,2025-09-03 07:31:00,141076.0,99.02,0
N3332,2025-09-03 07:32:00,124346.0,60.47,0
N3333,2025-09-03 07:33:00,25098.0,20.22,0
N3334,2025-09-03 07:34:00,184437.0,53.98,0
N3335,2025-09-03 07:35:00,62201.0,17.1,0
N3336,2025-09-03 07:36:00,37654.0,133.16,0
N3337,2025-09-03 07:37:00,167397.0,21.84,0
N3338,2025-09-03 07:38:00,26247.0,104.05,0
N3339,2025-09-03 07:39:00,53962.0,10.5,0
N3340,2025-09-03 07:40:00,94924.0,3.15,0
N3341,2025-09-03 07:41:00,31170.0,25.81,0
N3342,2025-09-03 07:42:00,182179.0,81.64,0
N3343,2025-09-03 07:43:00,109416.0,21.36,0
N3344,2025-09-03 07:44:00,216596.0,25.42,0
N3345,2025-09-03 07:45:00,37363.0,12.33,0
N3346,2025-09-03 07:46:00,14257.0,22.89,0
N3347,2025-09-03 07:47:00,56008.0,17.14,0
N3348,2025-09-03 07:48:00,283316.0,30.99,0
N3349,2025-09-03 07:49:00,50147.0,191.69,0
N3350,2025-09-03 07:50:00,36300.0,22.53,0
N3351,2025-09-03 07:51:00,117954.0,9.82,0
N3352,2025-09-03 07:52:00,61288.0,5.19,0
N3353,2025-09-03 07:53:00,65001.0,155.32,0
N3354,2025-09-03 07:54:00,155640.0,133.13,0
N3355,2025-09-03 07:55:00,70392.0,54.19,0
N3356,2025-09-03 07:56:00,130879.0,141.06,0
N3357,2025-09-03 07:57:00,307085.0,9.52,0
N3358,2025-09-03 07:58:00,59351.0,15.07,0
N3359,2025-09-03 07:59:00,40818.0,60.8,0
N3360,2025-09-03 08:00:00,14509.0,135.96,0
N3361,2025-09-03 08:01:00,32956.0,348.2,0
N3362,2025-09-03 08:02:00,199677.0,25.72,0
N3363,2025-09-03 08:03:00,15745.0,174.11,0
N3364,2025-09-03 08:04:00,55251.0,45.93,0
N3365,2025-09-03 08:05:00,44764.0,54.55,0
N3366,2025-09-03 08:06:00,92585.0,58.06,0
N3367,2025-09-03 08:07:00,140519.0,25.11,0
N3368,2025-09-03 08:08:00,32399.0,15.07,0
N3369,2025-09-03 08:09:00,474487.0,46.09,0
N3370,2025-09-03 08:10:00,32194.0,110.56,0
N3371,2025-09-03 08:11:00,49853.0,15.21,0
N3372,2025-09-03 08:12:00,66967.0,167.87,0
N3373,2025-09-03 08:13:00,88257.0,111.77,0
N3374,2025-09-03 08:14:00,47407.0,52.89,0
N3375,2025-09-03 08:15:00,329428.0,50.6,0
N3376,2025-09-03 08:16:00,54446.0,87.28,0
N3377,2025-09-03 08:17:00,59498.0,42.11,0
N3378,2025-09-03 08:18:00,24344.0,22.69,0
N3379,2025-09-03 08:19:00,95610.0,7.33,0
N3380,2025-09-03 08:20:00,69022.0,288.84,0
N3381,2025-09-03 08:21:00,126117.0,7.75,0
N3382,2025-09-03 08:22:00,403172.0,43.11,0
N3383,2025-09-03 08:23:00,35045.0,225.3,0
N3384,2025-09-03 08:24:00,83256.0,29.47,0
N3385,2025-09-03 08:25:00,66822.0,74.3,0
N3386,2025-09-03 08:26:00,67297.0,110.5,0
N3387,2025-09-03 08:27:00,128404.0,134.26,0
N3388,2025-09-03 08:28:00,55627.0,2.02,0
N3389,2025-09-03 08:29:00,112898.0,8.06,0
N3390,2025-09-03 08:30:00,80450.0,49.94,0
N3391,2025-09-03 08:31:00,306653.0,77.02,0
N3392,2025-09-03 08:32:00,57157.0,36.86,0
N3393,2025-09-03 08:33:00,252395.0,11.78,0
N3394,2025-09-03 08:34:00,45248.0,39.78,0
N3395,2025-09-03 08:35:00,163628.0,162.54,0
N3396,2025-09-03 08:36:00,72413.0,67.1,0
N3397,2025-09-03 08:37:00,29437.0,111.68,0
N3398,2025-09-03 08:38:00,68908.0,105.49,0
N3399,2025-09-03 08:39:00,55569.0,42.23,0
N3400,2025-09-03 08:40:00,44780.0,24.54,0
N3401,2025-09-03 08:41:00,112839.0,21.85,0
N3402,2025-09-03 08:42:00,61446.0,33.17,0
N3403,2025-09-03 08:43:00,66502.0,89.82,0
N3404,2025-09-03 08:44:00,59393.0,18.82,0
N3405,2025-09-03 08:45:00,31894.0,115.05,0
N3406,2025-09-03 08:46:00,22130.0,570.49,0
N3407,2025-09-03 08:47:00,63001.0,39.01,0
N3408,2025-09-03 08:48:00,36122.0,22.04,0
N3409,2025-09-03 08:49:00,152868.0,24.98,0
N3410,2025-09-03 08:50:00,89944.0,113.83,0
N3411,2025-09-03 08:51:00,66038.0,63.55,0
N3412,2025-09-03 08:52:00,96227.0,217.12,0
N3413,2025-09-03 08:53:00,14046.0,22.89,0
N3414,2025-09-03 08:54:00,59042.0,86.42,0
N3415,2025-09-03 08:55:00,55331.0,24.21,0
N3416,2025-09-03 08:56:00,95001.0,21.66,0
N3417,2025-09-03 08:57:00,110607.0,9.62,0
N3418,2025-09-03 08:58:00,61451.0,60.76,0
N3419,2025-09-03 08:59:00,29644.0,72.97,0
N3420,2025-09-03 09:00:00,191806.0,53.99,0
N3421,2025-09-03 09:01:00,28623.0,387.47,0
N3422,2025-09-03 09:02:00,99189.0,94.49,0
N3423,2025-09-03 09:03:00,84021.0,52.09,0
N3424,2025-09-03 09:04:00,31181.0,35.11,0
N3425,2025-09-03 09:05:00,146554.0,47.54,0
N3426,2025-09-03 09:06:00,140963.0,97.48,0
N3427,2025-09-03 09:07:00,119372.0,92.24,0
N3428,2025-09-03 09:08:00,315856.0,1.05,0
N3429,2025-09-03 09:09:00,385072.0,3.92,0
N3430,2025-09-03 09:10:00,167440.0,65.85,0
N3431,2025-09-03 09:11:00,79181.0,170.94,0
N3432,2025-09-03 09:12:00,136178.0,24.4,0
N3433,2025-09-03 09:13:00,313240.0,51.74,0
N3434,2025-09-03 09:14:00,40307.0,12.83,0
N3435,2025-09-03 09:15:00,84103.0,19.61,0
N3436,2025-09-03 09:16:00,17722.0,133.99,0
N3437,2025-09-03 09:17:00,29446.0,46.45,0
N3438,2025-09-03 09:18:00,44950.0,66.94,0
N3439,2025-09-03 09:19:00,205650.0,20.88,0
N3440,2025-09-03 09:20:00,70654.0,115.98,0
N3441,2025-09-03 09:21:00,31531.0,35.25,0
N3442,2025-09-03 09:22:00,75428.0,82.51,0
N3443,2025-09-03 09:23:00,152081.0,39.66,0
N3444,2025-09-03 09:24:00,108448.0,25.63,0
N3445,2025-09-03 09:25:00,482935.0,94.77,0
N3446,2025-09-03 09:26:00,40107.0,12.89,0
N3447,2025-09-03 09:27:00,182406.0,151.24,0
N3448,2025-09-03 09:28:00,149573.0,161.33,0
N3449,2025-09-03 09:29:00,77542.0,21.78,0
N3450,2025-09-03 09:30:00,83746.0,20.47,0
N3451,2025-09-03 09:31:00,127668.0,16.31,0
N3452,2025-09-03 09:32:00,133782.0,34.39,0
N3453,2025-09-03 09:33:00,80151.0,63.39,0
N3454,2025-09-03 09:34:00,141573.0,56.33,0
N3455,2025-09-03 09:35:00,60152.0,20.02,0
N3456,2025-09-03 09:36:00,45893.0,4.59,0
N3457,2025-09-03 09:37:00,68357.0,83.34,0
N3458,2025-09-03 09:38:00,22057.0,57.23,0
N3459,2025-09-03 09:39:00,63610.0,149.34,0
N3460,2025-09-03 09:40:00,263044.0,104.38,0
N3461,2025-09-03 09:41:00,305861.0,14.85,0
N3462,2025-09-03 09:42:00,9793.0,35.08,0
N3463,2025-09-03 09:43:00,35994.0,37.44,0
N3464,2025-09-03 09:44:00,145134.0,9.38,0
N3465,2025-09-03 09:45:00,78486.0,44.4,0
N3466,2025-09-03 09:46:00,184725.0,73.16,0
N3467,2025-09-03 09:47:00,36990.0,121.83,0
N3468,2025-09-03 09:48:00,121472.0,54.01,0
N3469,2025-09-03 09:49:00,42893.0,9.57,0
N3470,2025-09-03 09:50:00,68337.0,81.55,0
N3471,2025-09-03 09:51:00,53911.0,94.24,0
N3472,2025-09-03 09:52:00,83449.0,86.59,0
N3473,2025-09-03 09:53:00,33546.0,8.98,0
N3474,2025-09-03 09:54:00,41371.0,34.5,0
N3475,2025-09-03 09:55:00,81507.0,59.46,0
N3476,2025-09-03 09:56:00,62334.0,148.36,0
N3477,2025-09-03 09:57:00,84727.0,16.15,0
N3478,2025-09-03 09:58:00,34831.0,53.61,0
N3479,2025-09-03 09:59:00,32048.0,611.32,0
N3480,2025-09-03 10:00:00,95759.0,104.86,0
N3481,2025-09-03 10:01:00,81704.0,60.4,0
N3482,2025-09-03 10:02:00,140556.0,100.84,0
N3483,2025-09-03 10:03:00,8348.0,65.47,0
N3484,2025-09-03 10:04:00,25937.0,49.97,0
N3485,2025-09-03 10:05:00,91732.0,21.74,0
N3486,2025-09-03 10:06:00,31735.0,9.85,0
N3487,2025-09-03 10:07:00,210957.0,131.64,0
N3488,2025-09-03 10:08:00,21068.0,40.29,0
N3489,2025-09-03 10:09:00,26862.0,22.92,0
N3490,2025-09-03 10:10:00,72824.0,47.71,0
N3491,2025-09-03 10:11:00,50990.0,49.38,0
N3492,2025-09-03 10:12:00,116424.0,71.91,0
N3493,2025-09-03 10:13:00,847134.0,81.5,0
N3494,2025-09-03 10:14:00,55961.0,19.55,0
N3495,2025-09-03 10:15:00,205394.0,17.59,0
N3496,2025-09-03 10:16:00,122631.0,25.41,0
N3497,2025-09-03 10:17:00,11891.0,17.25,0
N3498,2025-09-03 10:18:00,18718.0,88.29,0
N3499,2025-09-03 10:19:00,96152.0,14.85,0
N3500,2025-09-03 10:20:00,47404.0,32.42,0
N3501,2025-09-03 10:21:00,54230.0,10.61,0
N3502,2025-09-03 10:22:00,97354.0,2.82,0
N3503,2025-09-03 10:23:00,198259.0,49.57,0
N3504,2025-09-03 10:24:00,69607.0,191.56,0
N3505,2025-09-03 10:25:00,77870.0,29.97,0
N3506,2025-09-03 10:26:00,102948.0,59.46,0
N3507,2025-09-03 10:27:00,379484.0,73.27,0
N3508,2025-09-03 10:28:00,28320.0,45.68,0
N3509,2025-09-03 10:29:00,82977.0,6.22,0
N3510,2025-09-03 10:30:00,250394.0,48.35,0
N3511,2025-09-03 10:31:00,276369.0,55.62,0
N3512,2025-09-03 10:32:00,47075.0,34.73,0
N3513,2025-09-03 10:33:00,31228.0,25.69,0
N3514,2025-09-03 10:34:00,46282.0,30.7,0
N3515,2025-09-03 10:35:00,139652.0,9.21,0
N3516,2025-09-03 10:36:00,691240.0,20.81,0
N3517,2025-09-03 10:37:00,17349.0,143.72,0
N3518,2025-09-03 10:38:00,59607.0,18.39,0
N3519,2025-09-03 10:39:00,61534.0,66.14,0
N3520,2025-09-03 10:40:00,40078.0,21.05,0
N3521,2025-09-03 10:41:00,107044.0,50.79,0
N3522,2025-09-03 10:42:00,21197.0,48.7,0
N3523,2025-09-03 10:43:00,32296.0,28.78,0
N3524,2025-09-03 10:44:00,744379.0,37.26,0
N3525,2025-09-03 10:45:00,234543.0,31.31,0
N3526,2025-09-03 10:46:00,502564.0,37.25,0
N3527,2025-09-03 10:47:00,360346.0,2.6,0
N3528,2025-09-03 10:48:00,48179.0,320.94,0
N3529,2025-09-03 10:49:00,18769.0,11.11,0
N3530,2025-09-03 10:50:00,82410.0,71.27,0
N3531,2025-09-03 10:51:00,132133.0,6.74,0
N3532,2025-09-03 10:52:00,18676.0,7.84,0
N3533,2025-09-03 10:53:00,148941.0,38.98,0
N3534,2025-09-03 10:54:00,48290.0,43.37,0
N3535,2025-09-03 10:55:00,47700.0,42.62,0
N3536,2025-09-03 10:56:00,115801.0,14.32,0
N3537,2025-09-03 10:57:00,23341.0,7.39,0
N3538,2025-09-03 10:58:00,83260.0,38.28,0
N3539,2025-09-03 10:59:00,128216.0,48.59,0
N3540,2025-09-03 11:00:00,42710.0,24.24,0
N3541,2025-09-03 11:01:00,105238.0,15.08,0
N3542,2025-09-03 11:02:00,48277.0,105.36,0
N3543,2025-09-03 11:03:00,171411.0,16.5,0
N3544,2025-09-03 11:04:00,187631.0,44.68,0
N3545,2025-09-03 11:05:00,114796.0,227.97,0
N3546,2025-09-03 11:06:00,130611.0,105.96,0
N3547,2025-09-03 11:07:00,205412.0,88.55,0
N3548,2025-09-03 11:08:00,148491.0,12.95,0
N3549,2025-09-03 11:09:00,127760.0,179.9,0
N3550,2025-09-03 11:10:00,232216.0,12.96,0
N3551,2025-09-03 11:11:00,490427.0,24.69,0
N3552,2025-09-03 11:12:00,234315.0,26.28,0
N3553,2025-09-03 11:13:00,68829.0,8.72,0
N3554,2025-09-03 11:14:00,195673.0,7.25,0
N3555,2025-09-03 11:15:00,61302.0,151.07,0
N3556,2025-09-03 11:16:00,38643.0,43.83,0
N3557,2025-09-03 11:17:00,376227.0,69.36,0
N3558,2025-09-03 11:18:00,15704.0,69.53,0
N3559,2025-09-03 11:19:00,28065.0,206.22,0
N3560,2025-09-03 11:20:00,205413.0,119.84,0
N3561,2025-09-03 11:21:00,69985.0,23.23,0
N3562,2025-09-03 11:22:00,45987.0,43.57,0
N3563,2025-09-03 11:23:00,33465.0,67.43,0
N3564,2025-09-03 11:24:00,13431.0,3.35,0
N3565,2025-09-03 11:25:00,87451.0,8.51,0
N3566,2025-09-03 11:26:00,68685.0,186.89,0
N3567,2025-09-03 11:27:00,36704.0,43.75,0
N3568,2025-09-03 11:28:00,194565.0,19.67,0
N3569,2025-09-03 11:29:00,76380.0,21.97,0
N3570,2025-09-03 11:30:00,85291.0,36.17,0
N3571,2025-09-03 11:31:00,168819.0,14.67,0
N3572,2025-09-03 11:32:00,85921.0,15.03,0
N3573,2025-09-03 11:33:00,36207.0,26.54,0
N3574,2025-09-03 11:34:00,87898.0,34.64,0
N3575,2025-09-03 11:35:00,103206.0,23.57,0
N3576,2025-09-03 11:36:00,75524.0,96.09,0
N3577,2025-09-03 11:37:00,36290.0,42.4,0
N3578,2025-09-03 11:38:00,69263.0,9.12,0
N3579,2025-09-03 11:39:00,37119.0,8.41,0
N3580,2025-09-03 11:40:00,13030.0,6.28,0
N3581,2025-09-03 11:41:00,44041.0,23.88,0
N3582,2025-09-03 11:42:00,29354.0,18.96,0
N3583,2025-09-03 11:43:00,100785.0,112.9,0
N3584,2025-09-03 11:44:00,117685.0,60.58,0
N3585,2025-09-03 11:45:00,12406.0,34.13,0
N3586,2025-09-03 11:46:00,91717.0,124.19,0
N3587,2025-09-03 11:47:00,109469.0,8.63,0
N3588,2025-09-03 11:48:00,48500.0,50.88,0
N3589,2025-09-03 11:49:00,55726.0,195.4,0
N3590,2025-09-03 11:50:00,787883.0,67.71,0
N3591,2025-09-03 11:51:00,66380.0,11.75,0
N3592,2025-09-03 11:52:00,47051.0,238.26,0
N3593,2025-09-03 11:53:00,125146.0,20.03,0
N3594,2025-09-03 11:54:00,41356.0,27.66,0
N3595,2025-09-03 11:55:00,76826.0,31.74,0
N3596,2025-09-03 11:56:00,464726.0,60.32,0
N3597,2025-09-03 11:57:00,17111.0,41.13,0
N3598,2025-09-03 11:58:00,33316.0,31.31,0
N3599,2025-09-03 11:59:00,51834.0,17.33,0
N3600,2025-09-03 12:00:00,52911.0,7.84,0
N3601,2025-09-03 12:01:00,313152.0,27.18,0
N3602,2025-09-03 12:02:00,50036.0,135.57,0
N3603,2025-09-03 12:03:00,21918.0,42.51,0
N3604,2025-09-03 12:04:00,74297.0,9.19,0
N3605,2025-09-03 12:05:00,232848.0,24.4,0
N3606,2025-09-03 12:06:00,30837.0,119.22,0
N3607,2025-09-03 12:07:00,13923.0,69.5,0
N3608,2025-09-03 12:08:00,102210.0,53.57,0
N3609,2025-09-03 12:09:00,109631.0,28.37,0
N3610,2025-09-03 12:10:00,86603.0,12.37,0
N3611,2025-09-03 12:11:00,136362.0,69.21,0
N3612,2025-09-03 12:12:00,56223.0,38.99,0
N3613,2025-09-03 12:13:00,31697.0,22.34,0
N3614,2025-09-03 12:14:00,20462.0,20.69,0
N3615,2025-09-03 12:15:00,91200.0,32.89,0
N3616,2025-09-03 12:16:00,182969.0,24.2,0
N3617,2025-09-03 12:17:00,61355.0,18.01,0
N3618,2025-09-03 12:18:00,44052.0,8.13,0
N3619,2025-09-03 12:19:00,40997.0,793.33,0
N3620,2025-09-03 12:20:00,272669.0,5.83,0
N3621,2025-09-03 12:21:00,83967.0,104.88,0
N3622,2025-09-03 12:22:00,78641.0,152.13,0
N3623,2025-09-03 12:23:00,161954.0,54.64,0
N3624,2025-09-03 12:24:00,475221.0,105.05,0
N3625,2025-09-03 12:25:00,200708.0,26.22,0
N3626,2025-09-03 12:26:00,100154.0,17.67,0
N3627,2025-09-03 12:27:00,204501.0,8.99,0
N3628,2025-09-03 12:28:00,97569.0,20.88,0
N3629,2025-09-03 12:29:00,72399.0,19.43,0
N3630,2025-09-03 12:30:00,191432.0,48.7,0
N3631,2025-09-03 12:31:00,84252.0,34.24,0
N3632,2025-09-03 12:32:00,236334.0,161.72,0
N3633,2025-09-03 12:33:00,157460.0,59.07,0
N3634,2025-09-03 12:34:00,167803.0,30.78,0
N3635,2025-09-03 12:35:00,124645.0,5.34,0
N3636,2025-09-03 12:36:00,83909.0,40.98,0
N3637,2025-09-03 12:37:00,140017.0,38.92,0
N3638,2025-09-03 12:38:00,168276.0,12.51,0
N3639,2025-09-03 12:39:00,42578.0,6.39,0
N3640,2025-09-03 12:40:00,198500.0,14.71,0
N3641,2025-09-03 12:41:00,18711.0,120.38,0
N3642,2025-09-03 12:42:00,94362.0,26.57,0
N3643,2025-09-03 12:43:00,73209.0,29.77,0
N3644,2025-09-03 12:44:00,39564.0,3.79,0
N3645,2025-09-03 12:45:00,95034.0,33.93,0
N3646,2025-09-03 12:46:00,75274.0,98.89,0
N3647,2025-09-03 12:47:00,103862.0,108.29,0
N3648,2025-09-03 12:48:00,56913.0,80.83,0
N3649,2025-09-03 12:49:00,167041.0,44.67,0
N3650,2025-09-03 12:50:00,219906.0,35.77,0
N3651,2025-09-03 12:51:00,125359.0,6.53,0
N3652,2025-09-03 12:52:00,55998.0,54.1,0
N3653,2025-09-03 12:53:00,84109.0,196.84,0
N3654,2025-09-03 12:54:00,47936.0,49.36,0
N3655,2025-09-03 12:55:00,59963.0,47.25,0
N3656,2025-09-03 12:56:00,22174.0,28.8,0
N3657,2025-09-03 12:57:00,29278.0,101.29,0
N3658,2025-09-03 12:58:00,57398.0,38.73,0
N3659,2025-09-03 12:59:00,63769.0,55.64,0
N3660,2025-09-03 13:00:00,114582.0,59.01,0
N3661,2025-09-03 13:01:00,73527.0,9.95,0
N3662,2025-09-03 13:02:00,14609.0,76.44,0
N3663,2025-09-03 13:03:00,21399.0,19.73,0
N3664,2025-09-03 13:04:00,343145.0,7.74,0
N3665,2025-09-03 13:05:00,53282.0,22.7,0
N3666,2025-09-03 13:06:00,269609.0,39.33,0
N3667,2025-09-03 13:07:00,28533.0,11.51,0
N3668,2025-09-03 13:08:00,83474.0,131.2,0
N3669,2025-09-03 13:09:00,144981.0,33.9,0
N3670,2025-09-03 13:10:00,11619.0,17.12,0
N3671,2025-09-03 13:11:00,36286.0,8.96,0
N3672,2025-09-03 13:12:00,97304.0,22.38,0
N3673,2025-09-03 13:13:00,16852.0,90.3,0
N3674,2025-09-03 13:14:00,58456.0,25.0,0
N3675,2025-09-03 13:15:00,32674.0,50.96,0
N3676,2025-09-03 13:16:00,95345.0,22.67,0
N3677,2025-09-03 13:17:00,60321.0,6.66,0
N3678,2025-09-03 13:18:00,78153.0,16.73,0
N3679,2025-09-03 13:19:00,118140.0,21.48,0
N3680,2025-09-03 13:20:00,96731.0,330.99,0
N3681,2025-09-03 13:21:00,202304.0,195.82,0
N3682,2025-09-03 13:22:00,271588.0,58.56,0
N3683,2025-09-03 13:23:00,328970.0,12.44,0
N3684,2025-09-03 13:24:00,57984.0,3.37,0
N3685,2025-09-03 13:25:00,26697.0,13.57,0
N3686,2025-09-03 13:26:00,129862.0,24.46,0
N3687,2025-09-03 13:27:00,159204.0,271.09,0
N3688,2025-09-03 13:28:00,45949.0,10.91,0
N3689,2025-09-03 13:29:00,231788.0,16.49,0
N3690,2025-09-03 13:30:00,15193.0,23.51,0
N3691,2025-09-03 13:31:00,171894.0,21.11,0
N3692,2025-09-03 13:32:00,48045.0,167.54,0
N3693,2025-09-03 13:33:00,19200.0,23.21,0
N3694,2025-09-03 13:34:00,13175.0,53.14,0
N3695,2025-09-03 13:35:00,22254.0,131.88,0
N3696,2025-09-03 13:36:00,535712.0,38.04,0
N3697,2025-09-03 13:37:00,57984.0,23.2,0
N3698,2025-09-03 13:38:00,568527.0,131.05,0
N3699,2025-09-03 13:39:00,137971.0,24.12,0
N3700,2025-09-03 13:40:00,111491.0,17.63,0
N3701,2025-09-03 13:41:00,154276.0,18.41,0
N3702,2025-09-03 13:42:00,25000.0,44.66,0
N3703,2025-09-03 13:43:00,136820.0,134.41,0
N3704,2025-09-03 13:44:00,176474.0,22.83,0
N3705,2025-09-03 13:45:00,72437.0,33.96,0
N3706,2025-09-03 13:46:00,179365.0,96.94,0
N3707,2025-09-03 13:47:00,34993.0,24.76,0
N3708,2025-09-03 13:48:00,44543.0,137.76,0
N3709,2025-09-03 13:49:00,735202.0,82.77,0
N3710,2025-09-03 13:50:00,72488.0,76.92,0
N3711,2025-09-03 13:51:00,8885.0,36.09,0
N3712,2025-09-03 13:52:00,304070.0,16.43,0
N3713,2025-09-03 13:53:00,103269.0,36.88,0
N3714,2025-09-03 13:54:00,87086.0,16.83,0
N3715,2025-09-03 13:55:00,204830.0,35.27,0
N3716,2025-09-03 13:56:00,76833.0,27.16,0
N3717,2025-09-03 13:57:00,79170.0,141.47,0
N3718,2025-09-03 13:58:00,70966.0,49.5,0
N3719,2025-09-03 13:59:00,64885.0,306.64,0
N3720,2025-09-03 14:00:00,54613.0,22.1,0
N3721,2025-09-03 14:01:00,61353.0,50.07,0
N3722,2025-09-03 14:02:00,16041.0,31.86,0
N3723,2025-09-03 14:03:00,31622.0,43.87,0
N3724,2025-09-03 14:04:00,84372.0,23.06,0
N3725,2025-09-03 14:05:00,43086.0,381.73,0
N3726,2025-09-03 14:06:00,33414.0,21.38,0
N3727,2025-09-03 14:07:00,143140.0,7.78,0
N3728,2025-09-03 14:08:00,102718.0,81.58,0
N3729,2025-09-03 14:09:00,160006.0,58.19,0
N3730,2025-09-03 14:10:00,20792.0,210.11,0
N3731,2025-09-03 14:11:00,100456.0,26.77,0
N3732,2025-09-03 14:12:00,60204.0,202.02,0
N3733,2025-09-03 14:13:00,146882.0,173.61,0
N3734,2025-09-03 14:14:00,33146.0,16.24,0
N3735,2025-09-03 14:15:00,38580.0,29.59,0
N3736,2025-09-03 14:16:00,47779.0,26.43,0
N3737,2025-09-03 14:17:00,116535.0,578.58,0
N3738,2025-09-03 14:18:00,73516.0,134.79,0
N3739,2025-09-03 14:19:00,117177.0,28.24,0
N3740,2025-09-03 14:20:00,79502.0,47.26,0
N3741,2025-09-03 14:21:00,143948.0,58.78,0
N3742,2025-09-03 14:22:00,30387.0,43.09,0
N3743,2025-09-03 14:23:00,198951.0,6.21,0
N3744,2025-09-03 14:24:00,25713.0,15.64,0
N3745,2025-09-03 14:25:00,49701.0,4.73,0
N3746,2025-09-03 14:26:00,14103.0,7.21,0
N3747,2025-09-03 14:27:00,23805.0,87.21,0
N3748,2025-09-03 14:28:00,39489.0,24.45,0
N3749,2025-09-03 14:29:00,546292.0,33.16,0
N3750,2025-09-03 14:30:00,176071.0,143.79,0
N3751,2025-09-03 14:31:00,213522.0,37.5,0
N3752,2025-09-03 14:32:00,133714.0,180.25,0
N3753,2025-09-03 14:33:00,37305.0,36.69,0
N3754,2025-09-03 14:34:00,43561.0,61.69,0
N3755,2025-09-03 14:35:00,88452.0,14.25,0
N3756,2025-09-03 14:36:00,361672.0,18.35,0
N3757,2025-09-03 14:37:00,64968.0,100.14,0
N3758,2025-09-03 14:38:00,32034.0,46.92,0
N3759,2025-09-03 14:39:00,225923.0,88.24,0
N3760,2025-09-03 14:40:00,18008.0,135.82,0
N3761,2025-09-03 14:41:00,34742.0,127.81,0
N3762,2025-09-03 14:42:00,240022.0,31.86,0
N3763,2025-09-03 14:43:00,106897.0,144.1,0
N3764,2025-09-03 14:44:00,30723.0,118.2,0
N3765,2025-09-03 14:45:00,34960.0,28.99,0
N3766,2025-09-03 14:46:00,57616.0,9.38,0
N3767,2025-09-03 14:47:00,173743.0,19.27,0
N3768,2025-09-03 14:48:00,120321.0,90.68,0
N3769,2025-09-03 14:49:00,158620.0,45.42,0
N3770,2025-09-03 14:50:00,68619.0,14.75,0
N3771,2025-09-03 14:51:00,108044.0,112.71,0
N3772,2025-09-03 14:52:00,28227.0,45.38,0
N3773,2025-09-03 14:53:00,42865.0,37.48,0
N3774,2025-09-03 14:54:00,187390.0,81.43,0
N3775,2025-09-03 14:55:00,107723.0,22.82,0
N3776,2025-09-03 14:56:00,80731.0,31.83,0
N3777,2025-09-03 14:57:00,93149.0,31.66,0
N3778,2025-09-03 14:58:00,231274.0,74.75,0
N3779,2025-09-03 14:59:00,197777.0,60.9,0
N3780,2025-09-03 15:00:00,34308.0,7.65,0
N3781,2025-09-03 15:01:00,170683.0,60.85,0
N3782,2025-09-03 15:02:00,104009.0,83.37,0
N3783,2025-09-03 15:03:00,23503.0,18.53,0
N3784,2025-09-03 15:04:00,174118.0,225.05,0
N3785,2025-09-03 15:05:00,324645.0,25.17,0
N3786,2025-09-03 15:06:00,144777.0,25.87,0
N3787,2025-09-03 15:07:00,108024.0,13.21,0
N3788,2025-09-03 15:08:00,148282.0,22.15,0
N3789,2025-09-03 15:09:00,21549.0,81.92,0
N3790,2025-09-03 15:10:00,353064.0,37.76,0
N3791,2025-09-03 15:11:00,38592.0,1.99,0
N3792,2025-09-03 15:12:00,91419.0,29.25,0
N3793,2025-09-03 15:13:00,94624.0,12.43,0
N3794,2025-09-03 15:14:00,227810.0,70.08,0
N3795,2025-09-03 15:15:00,60798.0,105.96,0
N3796,2025-09-03 15:16:00,13682.0,35.86,0
N3797,2025-09-03 15:17:00,29868.0,56.91,0
N3798,2025-09-03 15:18:00,895474.0,6.02,0
N3799,2025-09-03 15:19:00,39120.0,51.62,0
N3800,2025-09-03 15:20:00,22150.0,18.8,0
N3801,2025-09-03 15:21:00,16763.0,121.88,0
N3802,2025-09-03 15:22:00,94238.0,80.03,0
N3803,2025-09-03 15:23:00,175779.0,37.37,0
N3804,2025-09-03 15:24:00,20614.0,65.3,0
N3805,2025-09-03 15:25:00,44765.0,54.3,0
N3806,2025-09-03 15:26:00,20308.0,23.86,0
N3807,2025-09-03 15:27:00,81474.0,17.79,0
N3808,2025-09-03 15:28:00,31894.0,177.55,0
N3809,2025-09-03 15:29:00,49711.0,11.19,0
N3810,2025-09-03 15:30:00,281387.0,126.41,0
N3811,2025-09-03 15:31:00,137675.0,31.04,0
N3812,2025-09-03 15:32:00,181936.0,42.11,0
N3813,2025-09-03 15:33:00,18419.0,26.13,0
N3814,2025-09-03 15:34:00,67186.0,17.94,0
N3815,2025-09-03 15:35:00,293901.0,79.94,0
N3816,2025-09-03 15:36:00,71559.0,99.28,0
N3817,2025-09-03 15:37:00,113689.0,40.13,0
N3818,2025-09-03 15:38:00,316299.0,29.74,0
N3819,2025-09-03 15:39:00,140199.0,10.33,0
N3820,2025-09-03 15:40:00,23261.0,6.76,0
N3821,2025-09-03 15:41:00,45650.0,24.69,0
N3822,2025-09-03 15:42:00,66603.0,127.63,0
N3823,2025-09-03 15:43:00,34496.0,643.38,0
N3824,2025-09-03 15:44:00,101926.0,32.06,0
N3825,2025-09-03 15:45:00,87418.0,23.48,0
N3826,2025-09-03 15:46:00,30950.0,3.32,0
N3827,2025-09-03 15:47:00,191193.0,30.79,0
N3828,2025-09-03 15:48:00,140548.0,131.22,0
N3829,2025-09-03 15:49:00,86474.0,14.35,0
N3830,2025-09-03 15:50:00,516402.0,6.43,0
N3831,2025-09-03 15:51:00,34630.0,96.01,0
N3832,2025-09-03 15:52:00,60687.0,11.81,0
N3833,2025-09-03 15:53:00,81624.0,31.89,0
N3834,2025-09-03 15:54:00,252589.0,49.55,0
N3835,2025-09-03 15:55:00,96560.0,16.01,0
N3836,2025-09-03 15:56:00,158991.0,34.32,0
N3837,2025-09-03 15:57:00,104197.0,8.14,0
N3838,2025-09-03 15:58:00,34007.0,7.2,0
N3839,2025-09-03 15:59:00,115086.0,180.28,0
N3840,2025-09-03 16:00:00,152729.0,111.29,0
N3841,2025-09-03 16:01:00,195591.0,50.22,0
N3842,2025-09-03 16:02:00,95633.0,34.77,0
N3843,2025-09-03 16:03:00,30358.0,18.51,0
N3844,2025-09-03 16:04:00,41810.0,50.08,0
N3845,2025-09-03 16:05:00,43276.0,35.54,0
N3846,2025-09-03 16:06:00,41861.0,37.41,0
N3847,2025-09-03 16:07:00,62319.0,25.77,0
N3848,2025-09-03 16:08:00,109710.0,15.56,0
N3849,2025-09-03 16:09:00,26005.0,37.86,0
N3850,2025-09-03 16:10:00,47125.0,25.64,0
N3851,2025-09-03 16:11:00,67871.0,13.97,0
N3852,2025-09-03 16:12:00,467791.0,45.21,0
N3853,2025-09-03 16:13:00,39082.0,36.21,0
N3854,2025-09-03 16:14:00,104666.0,4.81,0
N3855,2025-09-03 16:15:00,70031.0,32.01,0
N3856,2025-09-03 16:16:00,82490.0,356.26,0
N3857,2025-09-03 16:17:00,58827.0,6.2,0
N3858,2025-09-03 16:18:00,132325.0,18.34,0
N3859,2025-09-03 16:19:00,374029.0,8.83,0
N3860,2025-09-03 16:20:00,93842.0,77.79,0
N3861,2025-09-03 16:21:00,65147.0,25.78,0
N3862,2025-09-03 16:22:00,396649.0,37.19,0
N3863,2025-09-03 16:23:00,367667.0,18.0,0
N3864,2025-09-03 16:24:00,35721.0,12.64,0
N3865,2025-09-03 16:25:00,22788.0,15.8,0
N3866,2025-09-03 16:26:00,62133.0,25.42,0
N3867,2025-09-03 16:27:00,72243.0,104.73,0
N3868,2025-09-03 16:28:00,103389.0,5.94,0
N3869,2025-09-03 16:29:00,59335.0,54.89,0
N3870,2025-09-03 16:30:00,143540.0,176.71,0
N3871,2025-09-03 16:31:00,773593.0,166.46,0
N3872,2025-09-03 16:32:00,5953.0,47.85,0
N3873,2025-09-03 16:33:00,58637.0,15.79,0
N3874,2025-09-03 16:34:00,19608.0,94.91,0
N3875,2025-09-03 16:35:00,39391.0,242.75,0
N3876,2025-09-03 16:36:00,175894.0,102.78,0
N3877,2025-09-03 16:37:00,90678.0,9.75,0
N3878,2025-09-03 16:38:00,51094.0,18.8,0
N3879,2025-09-03 16:39:00,71416.0,19.09,0
N3880,2025-09-03 16:40:00,110441.0,123.03,0
N3881,2025-09-03 16:41:00,161793.0,9.58,0
N3882,2025-09-03 16:42:00,8489.0,286.82,0
N3883,2025-09-03 16:43:00,47769.0,173.1,0
N3884,2025-09-03 16:44:00,53184.0,18.44,0
N3885,2025-09-03 16:45:00,123710.0,19.64,0
N3886,2025-09-03 16:46:00,34993.0,35.85,0
N3887,2025-09-03 16:47:00,380728.0,14.59,0
N3888,2025-09-03 16:48:00,58277.0,83.7,0
N3889,2025-09-03 16:49:00,201084.0,54.91,0
N3890,2025-09-03 16:50:00,95053.0,60.47,0
N3891,2025-09-03 16:51:00,253384.0,358.37,0
N3892,2025-09-03 16:52:00,356335.0,91.09,0
N3893,2025-09-03 16:53:00,22723.0,8.9,0
N3894,2025-09-03 16:54:00,77781.0,52.16,0
N3895,2025-09-03 16:55:00,57837.0,232.01,0
N3896,2025-09-03 16:56:00,165251.0,20.44,0
N3897,2025-09-03 16:57:00,169010.0,23.51,0
N3898,2025-09-03 16:58:00,163513.0,23.55,0
N3899,2025-09-03 16:59:00,349103.0,21.6,0
N3900,2025-09-03 17:00:00,19457.0,89.53,0
N3901,2025-09-03 17:01:00,101032.0,34.15,0
N3902,2025-09-03 17:02:00,75607.0,11.74,0
N3903,2025-09-03 17:03:00,484264.0,19.18,0
N3904,2025-09-03 17:04:00,71939.0,24.8,0
N3905,2025-09-03 17:05:00,192915.0,12.58,0
N3906,2025-09-03 17:06:00,93889.0,75.76,0
N3907,2025-09-03 17:07:00,152892.0,13.18,0
N3908,2025-09-03 17:08:00,19676.0,99.04,0
N3909,2025-09-03 17:09:00,146973.0,118.98,0
N3910,2025-09-03 17:10:00,217360.0,17.32,0
N3911,2025-09-03 17:11:00,22737.0,15.05,0
N3912,2025-09-03 17:12:00,140879.0,100.68,0
N3913,2025-09-03 17:13:00,60486.0,281.07,0
N3914,2025-09-03 17:14:00,132178.0,127.71,0
N3915,2025-09-03 17:15:00,109419.0,37.31,0
N3916,2025-09-03 17:16:00,33806.0,69.2,0
N3917,2025-09-03 17:17:00,167499.0,289.9,0
N3918,2025-09-03 17:18:00,147432.0,17.05,0
N3919,2025-09-03 17:19:00,45116.0,15.73,0
N3920,2025-09-03 17:20:00,241609.0,145.18,0
N3921,2025-09-03 17:21:00,160993.0,73.42,0
N3922,2025-09-03 17:22:00,592826.0,28.22,0
N3923,2025-09-03 17:23:00,279938.0,67.28,0
N3924,2025-09-03 17:24:00,40732.0,19.57,0
N3925,2025-09-03 17:25:00,63621.0,8.22,0
N3926,2025-09-03 17:26:00,77471.0,18.0,0
N3927,2025-09-03 17:27:00,39881.0,41.98,0
N3928,2025-09-03 17:28:00,365167.0,73.24,0
N3929,2025-09-03 17:29:00,148406.0,45.05,0
N3930,2025-09-03 17:30:00,112857.0,79.03,0
N3931,2025-09-03 17:31:00,349791.0,37.99,0
N3932,2025-09-03 17:32:00,162050.0,63.75,0
N3933,2025-09-03 17:33:00,104396.0,32.88,0
N3934,2025-09-03 17:34:00,106750.0,39.2,0
N3935,2025-09-03 17:35:00,89563.0,21.15,0
N3936,2025-09-03 17:36:00,118160.0,31.82,0
N3937,2025-09-03 17:37:00,15733.0,8.67,0
N3938,2025-09-03 17:38:00,40865.0,172.26,0
N3939,2025-09-03 17:39:00,49154.0,131.15,0
N3940,2025-09-03 17:40:00,46329.0,52.45,0
N3941,2025-09-03 17:41:00,67576.0,10.13,0
N3942,2025-09-03 17:42:00,70173.0,65.54,0
N3943,2025-09-03 17:43:00,22772.0,66.61,0
N3944,2025-09-03 17:44:00,128206.0,588.53,0
N3945,2025-09-03 17:45:00,51298.0,86.38,0
N3946,2025-09-03 17:46:00,69746.0,32.75,0
N3947,2025-09-03 17:47:00,36451.0,19.25,0
N3948,2025-09-03 17:48:00,129282.0,36.56,0
N3949,2025-09-03 17:49:00,30789.0,22.32,0
N3950,2025-09-03 17:50:00,17437.0,165.75,0
N3951,2025-09-03 17:51:00,238908.0,100.97,0
N3952,2025-09-03 17:52:00,118537.0,14.99,0
N3953,2025-09-03 17:53:00,281488.0,17.59,0
N3954,2025-09-03 17:54:00,127203.0,52.97,0
N3955,2025-09-03 17:55:00,64897.0,203.21,0
N3956,2025-09-03 17:56:00,74307.0,33.68,0
N3957,2025-09-03 17:57:00,185248.0,40.37,0
N3958,2025-09-03 17:58:00,57750.0,5.48,0
N3959,2025-09-03 17:59:00,130857.0,27.31,0
N3960,2025-09-03 18:00:00,41140.0,14.65,0
N3961,2025-09-03 18:01:00,50754.0,2.75,0
N3962,2025-09-03 18:02:00,100847.0,20.86,0
N3963,2025-09-03 18:03:00,89971.0,5.46,0
N3964,2025-09-03 18:04:00,95151.0,19.72,0
N3965,2025-09-03 18:05:00,19868.0,27.89,0
N3966,2025-09-03 18:06:00,130375.0,38.26,0
N3967,2025-09-03 18:07:00,71170.0,3.6,0
N3968,2025-09-03 18:08:00,56286.0,71.97,0
N3969,2025-09-03 18:09:00,117569.0,83.68,0
N3970,2025-09-03 18:10:00,28283.0,9.77,0
N3971,2025-09-03 18:11:00,103576.0,19.38,0
N3972,2025-09-03 18:12:00,37692.0,51.78,0
N3973,2025-09-03 18:13:00,125320.0,57.21,0
N3974,2025-09-03 18:14:00,86168.0,8.78,0
N3975,2025-09-03 18:15:00,136612.0,86.78,0
N3976,2025-09-03 18:16:00,33486.0,23.77,0
N3977,2025-09-03 18:17:00,37059.0,47.39,0
N3978,2025-09-03 18:18:00,135745.0,4.8,0
N3979,2025-09-03 18:19:00,105880.0,122.16,0
N3980,2025-09-03 18:20:00,238146.0,9.17,0
N3981,2025-09-03 18:21:00,71340.0,28.08,0
N3982,2025-09-03 18:22:00,105894.0,197.61,0
N3983,2025-09-03 18:23:00,34975.0,32.19,0
N3984,2025-09-03 18:24:00,43310.0,26.8,0
N3985,2025-09-03 18:25:00,31356.0,42.04,0
N3986,2025-09-03 18:26:00,98128.0,44.03,0
N3987,2025-09-03 18:27:00,88712.0,84.63,0
N3988,2025-09-03 18:28:00,55948.0,5.2,0
N3989,2025-09-03 18:29:00,483093.0,7.61,0
N3990,2025-09-03 18:30:00,26546.0,98.15,0
N3991,2025-09-03 18:31:00,16002.0,46.72,0
N3992,2025-09-03 18:32:00,59722.0,26.24,0
N3993,2025-09-03 18:33:00,28822.0,14.52,0
N3994,2025-09-03 18:34:00,19701.0,146.17,0
N3995,2025-09-03 18:35:00,87467.0,33.39,0
N3996,2025-09-03 18:36:00,43295.0,281.11,0
N3997,2025-09-03 18:37:00,60251.0,34.49,0
N3998,2025-09-03 18:38:00,14355.0,18.65,0
N3999,2025-09-03 18:39:00,9516.0,14.64,0
N4000,2025-09-03 18:40:00,213140.0,92.28,0
N4001,2025-09-03 18:41:00,131716.0,89.19,0
N4002,2025-09-03 18:42:00,42001.0,14.9,0
N4003,2025-09-03 18:43:00,53204.0,112.53,0
N4004,2025-09-03 18:44:00,145495.0,110.1,0
N4005,2025-09-03 18:45:00,49691.0,18.2,0
N4006,2025-09-03 18:46:00,23523.0,37.23,0
N4007,2025-09-03 18:47:00,156348.0,126.9,0
N4008,2025-09-03 18:48:00,62736.0,78.51,0
N4009,2025-09-03 18:49:00,55816.0,106.87,0
N4010,2025-09-03 18:50:00,73129.0,10.47,0
N4011,2025-09-03 18:51:00,30995.0,19.86,0
N4012,2025-09-03 18:52:00,11243.0,29.6,0
N4013,2025-09-03 18:53:00,169767.0,50.47,0
N4014,2025-09-03 18:54:00,21517.0,33.07,0
N4015,2025-09-03 18:55:00,53133.0,44.07,0
N4016,2025-09-03 18:56:00,142835.0,43.3,0
N4017,2025-09-03 18:57:00,80519.0,78.75,0
N4018,2025-09-03 18:58:00,143549.0,57.95,0
N4019,2025-09-03 18:59:00,572240.0,17.73,0
N4020,2025-09-03 19:00:00,73758.0,86.17,0
N4021,2025-09-03 19:01:00,156263.0,69.75,0
N4022,2025-09-03 19:02:00,56722.0,84.84,0
N4023,2025-09-03 19:03:00,96517.0,18.74,0
N4024,2025-09-03 19:04:00,42770.0,6.55,0
N4025,2025-09-03 19:05:00,43339.0,64.25,0
N4026,2025-09-03 19:06:00,14162.0,19.57,0
N4027,2025-09-03 19:07:00,100651.0,8.66,0
N4028,2025-09-03 19:08:00,59788.0,19.26,0
N4029,2025-09-03 19:09:00,144749.0,84.21,0
N4030,2025-09-03 19:10:00,21212.0,78.49,0
N4031,2025-09-03 19:11:00,188742.0,141.4,0
N4032,2025-09-03 19:12:00,125132.0,72.54,0
N4033,2025-09-03 19:13:00,170393.0,29.29,0
N4034,2025-09-03 19:14:00,120555.0,60.13,0
N4035,2025-09-03 19:15:00,135253.0,31.43,0
N4036,2025-09-03 19:16:00,231350.0,9.34,0
N4037,2025-09-03 19:17:00,161359.0,122.06,0
N4038,2025-09-03 19:18:00,220818.0,24.6,0
N4039,2025-09-03 19:19:00,27145.0,215.16,0
N4040,2025-09-03 19:20:00,88431.0,99.32,0
N4041,2025-09-03 19:21:00,229356.0,9.03,0
N4042,2025-09-03 19:22:00,28910.0,66.58,0
N4043,2025-09-03 19:23:00,191180.0,39.36,0
N4044,2025-09-03 19:24:00,25136.0,38.12,0
N4045,2025-09-03 19:25:00,71141.0,17.78,0
N4046,2025-09-03 19:26:00,197246.0,43.42,0
N4047,2025-09-03 19:27:00,53039.0,223.48,0
N4048,2025-09-03 19:28:00,31927.0,16.84,0
N4049,2025-09-03 19:29:00,97829.0,9.56,0
N4050,2025-09-03 19:30:00,46672.0,29.91,0
N4051,2025-09-03 19:31:00,279863.0,81.82,0
N4052,2025-09-03 19:32:00,47739.0,42.37,0
N4053,2025-09-03 19:33:00,178693.0,42.42,0
N4054,2025-09-03 19:34:00,78117.0,65.61,0
N4055,2025-09-03 19:35:00,24545.0,31.81,0
N4056,2025-09-03 19:36:00,111725.0,44.46,0
N4057,2025-09-03 19:37:00,56825.0,25.67,0
N4058,2025-09-03 19:38:00,171062.0,102.16,0
N4059,2025-09-03 19:39:00,57603.0,240.19,0
N4060,2025-09-03 19:40:00,24423.0,1.8,0
N4061,2025-09-03 19:41:00,27659.0,34.28,0
N4062,2025-09-03 19:42:00,27239.0,106.24,0
N4063,2025-09-03 19:43:00,259577.0,16.21,0
N4064,2025-09-03 19:44:00,96124.0,175.77,0
N4065,2025-09-03 19:45:00,130328.0,15.34,0
N4066,2025-09-03 19:46:00,206166.0,28.22,0
N4067,2025-09-03 19:47:00,72100.0,291.89,0
N4068,2025-09-03 19:48:00,167367.0,54.68,0
N4069,2025-09-03 19:49:00,183420.0,18.03,0
N4070,2025-09-03 19:50:00,82827.0,56.24,0
N4071,2025-09-03 19:51:00,90547.0,8.42,0
N4072,2025-09-03 19:52:00,38320.0,16.12,0
N4073,2025-09-03 19:53:00,68285.0,79.64,0
N4074,2025-09-03 19:54:00,28479.0,50.26,0
N4075,2025-09-03 19:55:00,213914.0,21.14,0
N4076,2025-09-03 19:56:00,27308.0,57.37,0
N4077,2025-09-03 19:57:00,29108.0,27.83,0
N4078,2025-09-03 19:58:00,71893.0,43.0,0
N4079,2025-09-03 19:59:00,150256.0,155.08,0
N4080,2025-09-03 20:00:00,31014.0,50.79,0
N4081,2025-09-03 20:01:00,48304.0,103.42,0
N4082,2025-09-03 20:02:00,124814.0,79.25,0
N4083,2025-09-03 20:03:00,132115.0,66.55,0
N4084,2025-09-03 20:04:00,44104.0,19.07,0
N4085,2025-09-03 20:05:00,19868.0,56.37,0
N4086,2025-09-03 20:06:00,93030.0,23.4,0
N4087,2025-09-03 20:07:00,192334.0,92.17,0
N4088,2025-09-03 20:08:00,107258.0,34.27,0
N4089,2025-09-03 20:09:00,54949.0,115.64,0
N4090,2025-09-03 20:10:00,18040.0,52.19,0
N4091,2025-09-03 20:11:00,38952.0,250.8,0
N4092,2025-09-03 20:12:00,44579.0,73.44,0
N4093,2025-09-03 20:13:00,24301.0,23.17,0
N4094,2025-09-03 20:14:00,90578.0,6.41,0
N4095,2025-09-03 20:15:00,51417.0,43.87,0
N4096,2025-09-03 20:16:00,57716.0,56.04,0
N4097,2025-09-03 20:17:00,60563.0,79.53,0
N4098,2025-09-03 20:18:00,287487.0,48.92,0
N4099,2025-09-03 20:19:00,343017.0,52.47,0
N4100,2025-09-03 20:20:00,89679.0,43.23,0
N4101,2025-09-03 20:21:00,23253.0,224.73,0
N4102,2025-09-03 20:22:00,201272.0,23.17,0
N4103,2025-09-03 20:23:00,68602.0,6.73,0
N4104,2025-09-03 20:24:00,34544.0,40.53,0
N4105,2025-09-03 20:25:00,21469.0,69.66,0
N4106,2025-09-03 20:26:00,47734.0,454.0,0
N4107,2025-09-03 20:27:00,37896.0,25.54,0
N4108,2025-09-03 20:28:00,71196.0,94.56,0
N4109,2025-09-03 20:29:00,63610.0,32.77,0
N4110,2025-09-03 20:30:00,33739.0,23.52,0
N4111,2025-09-03 20:31:00,251202.0,110.71,0
N4112,2025-09-03 20:32:00,57055.0,497.74,0
N4113,2025-09-03 20:33:00,228091.0,9.43,0
N4114,2025-09-03 20:34:00,54353.0,12.8,0
N4115,2025-09-03 20:35:00,193117.0,28.29,0
N4116,2025-09-03 20:36:00,14820.0,39.88,0
N4117,2025-09-03 20:37:00,46596.0,33.37,0
N4118,2025-09-03 20:38:00,18198.0,110.31,0
N4119,2025-09-03 20:39:00,35413.0,20.04,0
N4120,2025-09-03 20:40:00,211372.0,24.94,0
N4121,2025-09-03 20:41:00,38869.0,74.36,0
N4122,2025-09-03 20:42:00,131305.0,29.88,0
N4123,2025-09-03 20:43:00,122100.0,51.09,0
N4124,2025-09-03 20:44:00,70802.0,25.43,0
N4125,2025-09-03 20:45:00,112441.0,156.81,0
N4126,2025-09-03 20:46:00,76258.0,57.3,0
N4127,2025-09-03 20:47:00,61416.0,48.71,0
N4128,2025-09-03 20:48:00,43735.0,35.54,0
N4129,2025-09-03 20:49:00,299369.0,23.83,0
N4130,2025-09-03 20:50:00,16240.0,29.96,0
N4131,2025-09-03 20:51:00,23826.0,12.19,0
N4132,2025-09-03 20:52:00,49636.0,23.66,0
N4133,2025-09-03 20:53:00,134448.0,15.9,0
N4134,2025-09-03 20:54:00,79973.0,35.79,0
N4135,2025-09-03 20:55:00,85043.0,22.54,0
N4136,2025-09-03 20:56:00,125699.0,5.29,0
N4137,2025-09-03 20:57:00,239450.0,60.59,0
N4138,2025-09-03 20:58:00,48523.0,153.7,0
N4139,2025-09-03 20:59:00,488204.0,219.09,0
N4140,2025-09-03 21:00:00,68598.0,99.95,0
N4141,2025-09-03 21:01:00,61685.0,53.14,0
N4142,2025-09-03 21:02:00,67430.0,15.56,0
N4143,2025-09-03 21:03:00,179397.0,21.25,0
N4144,2025-09-03 21:04:00,52139.0,273.18,0
N4145,2025-09-03 21:05:00,140309.0,63.87,0
N4146,2025-09-03 21:06:00,50887.0,79.18,0
N4147,2025-09-03 21:07:00,35325.0,73.84,0
N4148,2025-09-03 21:08:00,34568.0,22.63,0
N4149,2025-09-03 21:09:00,57619.0,351.73,0
N4150,2025-09-03 21:10:00,173552.0,15.63,0
N4151,2025-09-03 21:11:00,241997.0,112.37,0
N4152,2025-09-03 21:12:00,131996.0,18.94,0
N4153,2025-09-03 21:13:00,29159.0,99.59,0
N4154,2025-09-03 21:14:00,53952.0,257.63,0
N4155,2025-09-03 21:15:00,387484.0,317.54,0
N4156,2025-09-03 21:16:00,208945.0,3.93,0
N4157,2025-09-03 21:17:00,114539.0,39.8,0
N4158,2025-09-03 21:18:00,52703.0,18.87,0
N4159,2025-09-03 21:19:00,575084.0,42.14,0
N4160,2025-09-03 21:20:00,68781.0,87.8,0
N4161,2025-09-03 21:21:00,37627.0,100.59,0
N4162,2025-09-03 21:22:00,51018.0,41.96,0
N4163,2025-09-03 21:23:00,63175.0,7.94,0
N4164,2025-09-03 21:24:00,254615.0,62.99,0
N4165,2025-09-03 21:25:00,84307.0,16.79,0
N4166,2025-09-03 21:26:00,153263.0,101.82,0
N4167,2025-09-03 21:27:00,54054.0,52.73,0
N4168,2025-09-03 21:28:00,52486.0,12.35,0
N4169,2025-09-03 21:29:00,74111.0,997.78,0
N4170,2025-09-03 21:30:00,27291.0,74.47,0
N4171,2025-09-03 21:31:00,735960.0,33.83,0
N4172,2025-09-03 21:32:00,246188.0,50.91,0
N4173,2025-09-03 21:33:00,196763.0,11.18,0
N4174,2025-09-03 21:34:00,229892.0,32.7,0
N4175,2025-09-03 21:35:00,49869.0,37.22,0
N4176,2025-09-03 21:36:00,506116.0,54.73,0
N4177,2025-09-03 21:37:00,25676.0,5.83,0
N4178,2025-09-03 21:38:00,80339.0,45.16,0
N4179,2025-09-03 21:39:00,68285.0,136.07,0
N4180,2025-09-03 21:40:00,185833.0,5.22,0
N4181,2025-09-03 21:41:00,76357.0,21.41,0
N4182,2025-09-03 21:42:00,42151.0,95.14,0
N4183,2025-09-03 21:43:00,117667.0,11.57,0
N4184,2025-09-03 21:44:00,387806.0,659.71,0
N4185,2025-09-03 21:45:00,174933.0,33.37,0
N4186,2025-09-03 21:46:00,168596.0,125.89,0
N4187,2025-09-03 21:47:00,27379.0,37.33,0
N4188,2025-09-03 21:48:00,31514.0,8.94,0
N4189,2025-09-03 21:49:00,222043.0,25.02,0
N4190,2025-09-03 21:50:00,177678.0,34.39,0
N4191,2025-09-03 21:51:00,41100.0,34.26,0
N4192,2025-09-03 21:52:00,100333.0,13.03,0
N4193,2025-09-03 21:53:00,38119.0,44.38,0
N4194,2025-09-03 21:54:00,102198.0,21.46,0
N4195,2025-09-03 21:55:00,109384.0,8.39,0
N4196,2025-09-03 21:56:00,35748.0,19.73,0
N4197,2025-09-03 21:57:00,68038.0,48.04,0
N4198,2025-09-03 21:58:00,110149.0,71.47,0
N4199,2025-09-03 21:59:00,19932.0,14.76,0
N4200,2025-09-03 22:00:00,53346.0,63.18,0
N4201,2025-09-03 22:01:00,104836.0,28.47,0
N4202,2025-09-03 22:02:00,46554.0,261.06,0
N4203,2025-09-03 22:03:00,107910.0,21.82,0
N4204,2025-09-03 22:04:00,27420.0,45.86,0
N4205,2025-09-03 22:05:00,78633.0,84.19,0
N4206,2025-09-03 22:06:00,152434.0,61.81,0
N4207,2025-09-03 22:07:00,24171.0,51.55,0
N4208,2025-09-03 22:08:00,32972.0,35.72,0
N4209,2025-09-03 22:09:00,161971.0,14.66,0
N4210,2025-09-03 22:10:00,102131.0,17.65,0
N4211,2025-09-03 22:11:00,10308.0,221.0,0
N4212,2025-09-03 22:12:00,189556.0,11.88,0
N4213,2025-09-03 22:13:00,118031.0,12.9,0
N4214,2025-09-03 22:14:00,141089.0,50.09,0
N4215,2025-09-03 22:15:00,37703.0,5.45,0
N4216,2025-09-03 22:16:00,41404.0,26.08,0
N4217,2025-09-03 22:17:00,142030.0,114.46,0
N4218,2025-09-03 22:18:00,44825.0,18.82,0
N4219,2025-09-03 22:19:00,87486.0,50.44,0
N4220,2025-09-03 22:20:00,25540.0,7.04,0
N4221,2025-09-03 22:21:00,109153.0,66.51,0
N4222,2025-09-03 22:22:00,249225.0,19.78,0
N4223,2025-09-03 22:23:00,38377.0,16.99,0
N4224,2025-09-03 22:24:00,130745.0,32.43,0
N4225,2025-09-03 22:25:00,44640.0,12.52,0
N4226,2025-09-03 22:26:00,485824.0,217.85,0
N4227,2025-09-03 22:27:00,98782.0,44.47,0
N4228,2025-09-03 22:28:00,158182.0,214.8,0
N4229,2025-09-03 22:29:00,106321.0,38.2,0
N4230,2025-09-03 22:30:00,268392.0,59.65,0
N4231,2025-09-03 22:31:00,112986.0,18.87,0
N4232,2025-09-03 22:32:00,119926.0,9.84,0
N4233,2025-09-03 22:33:00,251442.0,18.53,0
N4234,2025-09-03 22:34:00,54405.0,6.72,0
N4235,2025-09-03 22:35:00,39261.0,32.1,0
N4236,2025-09-03 22:36:00,78302.0,255.64,0
N4237,2025-09-03 22:37:00,78452.0,22.15,0
N4238,2025-09-03 22:38:00,237417.0,85.79,0
N4239,2025-09-03 22:39:00,17441.0,185.58,0
N4240,2025-09-03 22:40:00,108474.0,90.58,0
N4241,2025-09-03 22:41:00,438704.0,51.28,0
N4242,2025-09-03 22:42:00,113464.0,72.11,0
N4243,2025-09-03 22:43:00,502781.0,180.58,0
N4244,2025-09-03 22:44:00,81178.0,111.31,0
N4245,2025-09-03 22:45:00,38111.0,39.09,0
N4246,2025-09-03 22:46:00,6142.0,18.0,0
N4247,2025-09-03 22:47:00,535011.0,18.35,0
N4248,2025-09-03 22:48:00,31335.0,37.8,0
N4249,2025-09-03 22:49:00,17452.0,254.08,0
N4250,2025-09-03 22:50:00,166939.0,97.46,0
N4251,2025-09-03 22:51:00,9383.0,27.27,0
N4252,2025-09-03 22:52:00,39488.0,39.95,0
N4253,2025-09-03 22:53:00,19358.0,13.23,0
N4254,2025-09-03 22:54:00,85515.0,183.99,0
N4255,2025-09-03 22:55:00,58563.0,29.21,0
N4256,2025-09-03 22:56:00,8408.0,629.84,0
N4257,2025-09-03 22:57:00,68232.0,10.98,0
N4258,2025-09-03 22:58:00,68233.0,99.74,0
N4259,2025-09-03 22:59:00,118488.0,16.19,0
N4260,2025-09-03 23:00:00,20215.0,17.27,0
N4261,2025-09-03 23:01:00,144426.0,18.21,0
N4262,2025-09-03 23:02:00,263217.0,23.65,0
N4263,2025-09-03 23:03:00,158193.0,8.92,0
N4264,2025-09-03 23:04:00,31762.0,24.75,0
N4265,2025-09-03 23:05:00,229093.0,75.79,0
N4266,2025-09-03 23:06:00,338863.0,13.96,0
N4267,2025-09-03 23:07:00,37142.0,132.15,0
N4268,2025-09-03 23:08:00,42564.0,5.88,0
N4269,2025-09-03 23:09:00,454993.0,8.03,0
N4270,2025-09-03 23:10:00,51370.0,34.32,0
N4271,2025-09-03 23:11:00,101368.0,27.43,0
N4272,2025-09-03 23:12:00,171194.0,18.0,0
N4273,2025-09-03 23:13:00,332931.0,40.94,0
N4274,2025-09-03 23:14:00,20042.0,10.53,0
N4275,2025-09-03 23:15:00,76892.0,29.97,0
N4276,2025-09-03 23:16:00,159237.0,39.62,0
N4277,2025-09-03 23:17:00,102337.0,8.31,0
N4278,2025-09-03 23:18:00,46958.0,49.37,0
N4279,2025-09-03 23:19:00,168147.0,68.42,0
N4280,2025-09-03 23:20:00,35629.0,122.09,0
N4281,2025-09-03 23:21:00,38982.0,5.81,0
N4282,2025-09-03 23:22:00,41597.0,54.21,0
N4283,2025-09-03 23:23:00,110177.0,92.19,0
N4284,2025-09-03 23:24:00,106434.0,45.58,0
N4285,2025-09-03 23:25:00,73177.0,108.67,0
N4286,2025-09-03 23:26:00,219395.0,59.97,0
N4287,2025-09-03 23:27:00,97245.0,3.9,0
N4288,2025-09-03 23:28:00,101267.0,124.93,0
N4289,2025-09-03 23:29:00,27948.0,29.16,0
N4290,2025-09-03 23:30:00,102476.0,14.27,0
N4291,2025-09-03 23:31:00,79580.0,25.33,0
N4292,2025-09-03 23:32:00,288107.0,13.71,0
N4293,2025-09-03 23:33:00,226797.0,89.54,0
N4294,2025-09-03 23:34:00,58504.0,24.9,0
N4295,2025-09-03 23:35:00,12073.0,118.99,0
N4296,2025-09-03 23:36:00,19890.0,7.46,0
N4297,2025-09-03 23:37:00,202060.0,64.4,0
N4298,2025-09-03 23:38:00,61776.0,101.1,0
N4299,2025-09-03 23:39:00,79042.0,11.91,0
N4300,2025-09-03 23:40:00,45148.0,6.59,0
N4301,2025-09-03 23:41:00,137179.0,61.93,0
N4302,2025-09-03 23:42:00,566406.0,1.32,0
N4303,2025-09-03 23:43:00,485770.0,112.9,0
N4304,2025-09-03 23:44:00,73592.0,44.48,0
N4305,2025-09-03 23:45:00,32478.0,38.07,0
N4306,2025-09-03 23:46:00,32651.0,41.06,0
N4307,2025-09-03 23:47:00,28371.0,39.61,0
N4308,2025-09-03 23:48:00,232180.0,41.51,0
N4309,2025-09-03 23:49:00,152351.0,109.59,0
N4310,2025-09-03 23:50:00,208257.0,31.67,0
N4311,2025-09-03 23:51:00,76482.0,57.57,0
N4312,2025-09-03 23:52:00,517080.0,21.88,0
N4313,2025-09-03 23:53:00,116372.0,20.75,0
N4314,2025-09-03 23:54:00,137318.0,31.28,0
N4315,2025-09-03 23:55:00,135082.0,96.36,0
N4316,2025-09-03 23:56:00,414669.0,20.04,0
N4317,2025-09-03 23:57:00,13825.0,77.78,0
N4318,2025-09-03 23:58:00,16802.0,141.9,0
N4319,2025-09-03 23:59:00,141727.0,55.9,0
N4320,2025-09-04 00:00:00,258488.0,142.2,0
N4321,2025-09-04 00:01:00,252507.0,51.15,0
N4322,2025-09-04 00:02:00,140233.0,28.89,0
N4323,2025-09-04 00:03:00,28453.0,80.68,0
N4324,2025-09-04 00:04:00,83901.0,14.29,0
N4325,2025-09-04 00:05:00,100933.0,13.88,0
N4326,2025-09-04 00:06:00,90668.0,7.8,0
N4327,2025-09-04 00:07:00,28403.0,3.63,0
N4328,2025-09-04 00:08:00,43985.0,17.98,0
N4329,2025-09-04 00:09:00,79380.0,20.72,0
N4330,2025-09-04 00:10:00,331141.0,45.62,0
N4331,2025-09-04 00:11:00,58396.0,3.17,0
N4332,2025-09-04 00:12:00,624306.0,42.07,0
N4333,2025-09-04 00:13:00,77954.0,7.91,0
N4334,2025-09-04 00:14:00,179375.0,11.34,0
N4335,2025-09-04 00:15:00,193280.0,41.21,0
N4336,2025-09-04 00:16:00,388002.0,40.17,0
N4337,2025-09-04 00:17:00,52983.0,239.28,0
N4338,2025-09-04 00:18:00,94468.0,38.24,0
N4339,2025-09-04 00:19:00,163333.0,9.91,0
N4340,2025-09-04 00:20:00,86747.0,56.32,0
N4341,2025-09-04 00:21:00,45663.0,110.7,0
N4342,2025-09-04 00:22:00,159954.0,110.96,0
N4343,2025-09-04 00:23:00,49682.0,52.4,0
N4344,2025-09-04 00:24:00,108191.0,333.97,0
N4345,2025-09-04 00:25:00,34035.0,64.77,0
N4346,2025-09-04 00:26:00,376855.0,76.62,0
N4347,2025-09-04 00:27:00,82006.0,4.53,0
N4348,2025-09-04 00:28:00,259767.0,12.71,0
N4349,2025-09-04 00:29:00,86851.0,157.32,0
N4350,2025-09-04 00:30:00,103327.0,252.91,0
N4351,2025-09-04 00:31:00,20318.0,122.16,0
N4352,2025-09-04 00:32:00,33441.0,48.82,0
N4353,2025-09-04 00:33:00,125698.0,28.61,0
N4354,2025-09-04 00:34:00,80078.0,32.72,0
N4355,2025-09-04 00:35:00,36100.0,41.3,0
N4356,2025-09-04 00:36:00,164424.0,74.99,0
N4357,2025-09-04 00:37:00,20083.0,24.92,0
N4358,2025-09-04 00:38:00,47852.0,117.29,0
N4359,2025-09-04 00:39:00,121402.0,77.25,0
N4360,2025-09-04 00:40:00,169616.0,31.91,0
N4361,2025-09-04 00:41:00,95875.0,21.57,0
N4362,2025-09-04 00:42:00,53737.0,87.52,0
N4363,2025-09-04 00:43:00,49270.0,14.68,0
N4364,2025-09-04 00:44:00,35533.0,5.22,0
N4365,2025-09-04 00:45:00,82572.0,73.63,0
N4366,2025-09-04 00:46:00,502428.0,180.02,0
N4367,2025-09-04 00:47:00,37934.0,28.73,0
N4368,2025-09-04 00:48:00,32220.0,15.09,0
N4369,2025-09-04 00:49:00,134597.0,6.03,0
N4370,2025-09-04 00:50:00,16003.0,78.6,0
N4371,2025-09-04 00:51:00,43205.0,7.86,0
N4372,2025-09-04 00:52:00,103902.0,20.52,0
N4373,2025-09-04 00:53:00,627444.0,15.33,0
N4374,2025-09-04 00:54:00,148163.0,57.63,0
N4375,2025-09-04 00:55:00,155449.0,17.07,0
N4376,2025-09-04 00:56:00,60095.0,7.75,0
N4377,2025-09-04 00:57:00,176908.0,6.61,0
N4378,2025-09-04 00:58:00,178765.0,5.74,0
N4379,2025-09-04 00:59:00,79561.0,40.85,0
N4380,2025-09-04 01:00:00,133357.0,93.68,0
N4381,2025-09-04 01:01:00,36295.0,17.79,0
N4382,2025-09-04 01:02:00,103522.0,70.36,0
N4383,2025-09-04 01:03:00,61439.0,75.9,0
N4384,2025-09-04 01:04:00,109801.0,39.07,0
N4385,2025-09-04 01:05:00,137777.0,20.17,0
N4386,2025-09-04 01:06:00,39239.0,25.25,0
N4387,2025-09-04 01:07:00,62159.0,22.17,0
N4388,2025-09-04 01:08:00,388773.0,34.1,0
N4389,2025-09-04 01:09:00,32617.0,20.95,0
N4390,2025-09-04 01:10:00,51085.0,67.08,0
N4391,2025-09-04 01:11:00,51617.0,119.25,0
N4392,2025-09-04 01:12:00,65879.0,24.24,0
N4393,2025-09-04 01:13:00,179191.0,70.57,0
N4394,2025-09-04 01:14:00,7085.0,168.82,0
N4395,2025-09-04 01:15:00,136499.0,45.79,0
N4396,2025-09-04 01:16:00,103637.0,87.81,0
N4397,2025-09-04 01:17:00,113772.0,62.32,0
N4398,2025-09-04 01:18:00,118677.0,17.1,0
N4399,2025-09-04 01:19:00,240733.0,59.78,0
N4400,2025-09-04 01:20:00,103646.0,64.36,0
N4401,2025-09-04 01:21:00,104310.0,34.07,0
N4402,2025-09-04 01:22:00,49313.0,16.59,0
N4403,2025-09-04 01:23:00,82568.0,36.46,0
N4404,2025-09-04 01:24:00,175863.0,48.19,0
N4405,2025-09-04 01:25:00,60082.0,20.98,0
N4406,2025-09-04 01:26:00,156755.0,17.4,0
N4407,2025-09-04 01:27:00,124542.0,148.79,0
N4408,2025-09-04 01:28:00,33574.0,108.56,0
N4409,2025-09-04 01:29:00,109154.0,16.05,0
N4410,2025-09-04 01:30:00,36086.0,67.59,0
N4411,2025-09-04 01:31:00,34306.0,10.01,0
N4412,2025-09-04 01:32:00,68072.0,44.63,0
N4413,2025-09-04 01:33:00,79042.0,21.19,0
N4414,2025-09-04 01:34:00,28683.0,35.09,0
N4415,2025-09-04 01:35:00,22292.0,111.86,0
N4416,2025-09-04 01:36:00,22992.0,149.04,0
N4417,2025-09-04 01:37:00,187443.0,29.34,0
N4418,2025-09-04 01:38:00,111832.0,11.58,0
N4419,2025-09-04 01:39:00,213880.0,6.23,0
N4420,2025-09-04 01:40:00,54226.0,153.8,0
N4421,2025-09-04 01:41:00,91634.0,52.78,0
N4422,2025-09-04 01:42:00,235570.0,83.81,0
N4423,2025-09-04 01:43:00,46296.0,41.11,0
N4424,2025-09-04 01:44:00,55914.0,26.04,0
N4425,2025-09-04 01:45:00,540121.0,48.05,0
N4426,2025-09-04 01:46:00,55967.0,34.54,0
N4427,2025-09-04 01:47:00,204997.0,15.34,0
N4428,2025-09-04 01:48:00,157352.0,17.16,0
N4429,2025-09-04 01:49:00,88733.0,232.53,0
N4430,2025-09-04 01:50:00,94042.0,31.39,0
N4431,2025-09-04 01:51:00,93461.0,29.52,0
N4432,2025-09-04 01:52:00,119350.0,121.6,0
N4433,2025-09-04 01:53:00,45444.0,8.73,0
N4434,2025-09-04 01:54:00,109819.0,37.11,0
N4435,2025-09-04 01:55:00,112187.0,9.23,0
N4436,2025-09-04 01:56:00,95916.0,277.25,0
N4437,2025-09-04 01:57:00,26734.0,22.75,0
N4438,2025-09-04 01:58:00,44258.0,8.54,0
N4439,2025-09-04 01:59:00,57374.0,5.32,0
N4440,2025-09-04 02:00:00,56553.0,36.94,0
N4441,2025-09-04 02:01:00,88619.0,34.4,0
N4442,2025-09-04 02:02:00,30296.0,18.45,0
N4443,2025-09-04 02:03:00,125750.0,13.66,0
N4444,2025-09-04 02:04:00,67998.0,236.89,0
N4445,2025-09-04 02:05:00,154774.0,49.47,0
N4446,2025-09-04 02:06:00,44916.0,214.64,0
N4447,2025-09-04 02:07:00,216021.0,5.18,0
N4448,2025-09-04 02:08:00,29467.0,36.92,0
N4449,2025-09-04 02:09:00,141328.0,88.31,0
N4450,2025-09-04 02:10:00,97831.0,122.17,0
N4451,2025-09-04 02:11:00,156583.0,21.43,0
N4452,2025-09-04 02:12:00,152682.0,131.21,0
N4453,2025-09-04 02:13:00,54510.0,21.29,0
N4454,2025-09-04 02:14:00,68935.0,92.3,0
N4455,2025-09-04 02:15:00,172700.0,38.96,0
N4456,2025-09-04 02:16:00,48799.0,28.7,0
N4457,2025-09-04 02:17:00,63241.0,12.09,0
N4458,2025-09-04 02:18:00,260774.0,34.38,0
N4459,2025-09-04 02:19:00,60283.0,76.37,0
N4460,2025-09-04 02:20:00,62911.0,89.22,0
N4461,2025-09-04 02:21:00,94102.0,34.05,0
N4462,2025-09-04 02:22:00,151564.0,19.01,0
N4463,2025-09-04 02:23:00,42641.0,74.52,0
N4464,2025-09-04 02:24:00,725463.0,1104.22,0
N4465,2025-09-04 02:25:00,11334.0,161.0,0
N4466,2025-09-04 02:26:00,80228.0,15.21,0
N4467,2025-09-04 02:27:00,49418.0,18.83,0
N4468,2025-09-04 02:28:00,99694.0,36.48,0
N4469,2025-09-04 02:29:00,227724.0,72.36,0
N4470,2025-09-04 02:30:00,36793.0,24.27,0
N4471,2025-09-04 02:31:00,153113.0,136.55,0
N4472,2025-09-04 02:32:00,96705.0,23.08,0
N4473,2025-09-04 02:33:00,45426.0,144.32,0
N4474,2025-09-04 02:34:00,73272.0,16.04,0
N4475,2025-09-04 02:35:00,89199.0,79.62,0
N4476,2025-09-04 02:36:00,26406.0,18.23,0
N4477,2025-09-04 02:37:00,76527.0,6.66,0
N4478,2025-09-04 02:38:00,128202.0,51.74,0
N4479,2025-09-04 02:39:00,23163.0,20.17,0
N4480,2025-09-04 02:40:00,28732.0,16.61,0
N4481,2025-09-04 02:41:00,246639.0,6.03,0
N4482,2025-09-04 02:42:00,66605.0,53.13,0
N4483,2025-09-04 02:43:00,13851.0,77.52,0
N4484,2025-09-04 02:44:00,141261.0,31.08,0
N4485,2025-09-04 02:45:00,56939.0,19.5,0
N4486,2025-09-04 02:46:00,267206.0,25.72,0
N4487,2025-09-04 02:47:00,64095.0,94.1,0
N4488,2025-09-04 02:48:00,639098.0,13.51,0
N4489,2025-09-04 02:49:00,81443.0,54.29,0
N4490,2025-09-04 02:50:00,175585.0,26.88,0
N4491,2025-09-04 02:51:00,93941.0,106.75,0
N4492,2025-09-04 02:52:00,34901.0,97.75,0
N4493,2025-09-04 02:53:00,13582.0,29.68,0
N4494,2025-09-04 02:54:00,38691.0,17.0,0
N4495,2025-09-04 02:55:00,75210.0,35.74,0
N4496,2025-09-04 02:56:00,30922.0,27.67,0
N4497,2025-09-04 02:57:00,121808.0,11.62,0
N4498,2025-09-04 02:58:00,53292.0,15.62,0
N4499,2025-09-04 02:59:00,10874.0,41.23,0
N4500,2025-09-04 03:00:00,173030.0,48.61,0
N4501,2025-09-04 03:01:00,142101.0,78.93,0
N4502,2025-09-04 03:02:00,132875.0,76.03,0
N4503,2025-09-04 03:03:00,133522.0,27.12,0
N4504,2025-09-04 03:04:00,89454.0,16.73,0
N4505,2025-09-04 03:05:00,72212.0,19.56,0
N4506,2025-09-04 03:06:00,73877.0,302.49,0
N4507,2025-09-04 03:07:00,22841.0,56.18,0
N4508,2025-09-04 03:08:00,68928.0,61.39,0
N4509,2025-09-04 03:09:00,100096.0,89.12,0
N4510,2025-09-04 03:10:00,226296.0,15.3,0
N4511,2025-09-04 03:11:00,119202.0,13.42,0
N4512,2025-09-04 03:12:00,516165.0,110.43,0
N4513,2025-09-04 03:13:00,31124.0,59.59,0
N4514,2025-09-04 03:14:00,6215.0,85.89,0
N4515,2025-09-04 03:15:00,28257.0,14.07,0
N4516,2025-09-04 03:16:00,570916.0,38.91,0
N4517,2025-09-04 03:17:00,92984.0,4.26,0
N4518,2025-09-04 03:18:00,74033.0,32.66,0
N4519,2025-09-04 03:19:00,40701.0,251.11,0
N4520,2025-09-04 03:20:00,40051.0,71.14,0
N4521,2025-09-04 03:21:00,44111.0,71.48,0
N4522,2025-09-04 03:22:00,82967.0,43.12,0
N4523,2025-09-04 03:23:00,55466.0,36.05,0
N4524,2025-09-04 03:24:00,37459.0,10.28,0
N4525,2025-09-04 03:25:00,63731.0,33.44,0
N4526,2025-09-04 03:26:00,29471.0,42.24,0
N4527,2025-09-04 03:27:00,227020.0,58.05,0
N4528,2025-09-04 03:28:00,40332.0,93.27,0
N4529,2025-09-04 03:29:00,594117.0,13.78,0
N4530,2025-09-04 03:30:00,134611.0,51.28,0
N4531,2025-09-04 03:31:00,44650.0,17.38,0
N4532,2025-09-04 03:32:00,51436.0,35.23,0
N4533,2025-09-04 03:33:00,42853.0,50.41,0
N4534,2025-09-04 03:34:00,28197.0,1265.2,0
N4535,2025-09-04 03:35:00,21450.0,318.24,0
N4536,2025-09-04 03:36:00,51408.0,28.72,0
N4537,2025-09-04 03:37:00,56598.0,60.41,0
N4538,2025-09-04 03:38:00,374242.0,121.84,0
N4539,2025-09-04 03:39:00,352568.0,61.54,0
N4540,2025-09-04 03:40:00,74695.0,28.72,0
N4541,2025-09-04 03:41:00,348160.0,46.32,0
N4542,2025-09-04 03:42:00,62684.0,24.02,0
N4543,2025-09-04 03:43:00,154130.0,37.66,0
N4544,2025-09-04 03:44:00,150613.0,37.46,0
N4545,2025-09-04 03:45:00,74975.0,19.92,0
N4546,2025-09-04 03:46:00,84122.0,9.63,0
N4547,2025-09-04 03:47:00,85677.0,24.38,0
N4548,2025-09-04 03:48:00,83254.0,7.13,0
N4549,2025-09-04 03:49:00,13377.0,30.37,0
N4550,2025-09-04 03:50:00,20804.0,59.89,0
N4551,2025-09-04 03:51:00,93863.0,422.27,0
N4552,2025-09-04 03:52:00,49242.0,15.24,0
N4553,2025-09-04 03:53:00,72933.0,68.76,0
N4554,2025-09-04 03:54:00,200302.0,8.77,0
N4555,2025-09-04 03:55:00,31465.0,101.54,0
N4556,2025-09-04 03:56:00,246045.0,16.16,0
N4557,2025-09-04 03:57:00,78828.0,46.18,0
N4558,2025-09-04 03:58:00,29747.0,14.2,0
N4559,2025-09-04 03:59:00,77887.0,18.57,0
N4560,2025-09-04 04:00:00,182736.0,17.08,0
N4561,2025-09-04 04:01:00,68830.0,6.7,0
N4562,2025-09-04 04:02:00,16837.0,16.93,0
N4563,2025-09-04 04:03:00,28433.0,11.57,0
N4564,2025-09-04 04:04:00,78405.0,19.01,0
N4565,2025-09-04 04:05:00,154115.0,14.24,0
N4566,2025-09-04 04:06:00,598122.0,53.61,0
N4567,2025-09-04 04:07:00,67104.0,50.0,0
N4568,2025-09-04 04:08:00,265015.0,20.17,0
N4569,2025-09-04 04:09:00,17496.0,146.71,0
N4570,2025-09-04 04:10:00,167040.0,12.35,0
N4571,2025-09-04 04:11:00,161540.0,7.32,0
N4572,2025-09-04 04:12:00,29522.0,14.51,0
N4573,2025-09-04 04:13:00,78147.0,34.97,0
N4574,2025-09-04 04:14:00,46385.0,128.49,0
N4575,2025-09-04 04:15:00,50965.0,35.58,0
N4576,2025-09-04 04:16:00,114723.0,38.64,0
N4577,2025-09-04 04:17:00,166368.0,24.01,0
N4578,2025-09-04 04:18:00,41174.0,162.32,0
N4579,2025-09-04 04:19:00,39684.0,38.46,0
N4580,2025-09-04 04:20:00,29059.0,102.22,0
N4581,2025-09-04 04:21:00,215081.0,52.29,0
N4582,2025-09-04 04:22:00,79677.0,48.17,0
N4583,2025-09-04 04:23:00,220727.0,391.24,0
N4584,2025-09-04 04:24:00,62116.0,17.64,0
N4585,2025-09-04 04:25:00,292754.0,50.22,0
N4586,2025-09-04 04:26:00,42217.0,12.7,0
N4587,2025-09-04 04:27:00,371047.0,53.7,0
N4588,2025-09-04 04:28:00,186502.0,9.96,0
N4589,2025-09-04 04:29:00,67139.0,101.17,0
N4590,2025-09-04 04:30:00,253296.0,43.62,0
N4591,2025-09-04 04:31:00,59096.0,21.61,0
N4592,2025-09-04 04:32:00,259843.0,34.6,0
N4593,2025-09-04 04:33:00,310164.0,364.57,0
N4594,2025-09-04 04:34:00,111978.0,6.65,0
N4595,2025-09-04 04:35:00,17905.0,66.3,0
N4596,2025-09-04 04:36:00,106961.0,293.98,0
N4597,2025-09-04 04:37:00,121391.0,18.84,0
N4598,2025-09-04 04:38:00,45828.0,5.01,0
N4599,2025-09-04 04:39:00,63290.0,19.5,0
N4600,2025-09-04 04:40:00,26200.0,11.73,0
N4601,2025-09-04 04:41:00,90439.0,108.38,0
N4602,2025-09-04 04:42:00,247459.0,39.69,0
N4603,2025-09-04 04:43:00,8409.0,165.2,0
N4604,2025-09-04 04:44:00,75682.0,59.58,0
N4605,2025-09-04 04:45:00,169834.0,83.65,0
N4606,2025-09-04 04:46:00,95789.0,3.39,0
N4607,2025-09-04 04:47:00,115040.0,21.53,0
N4608,2025-09-04 04:48:00,333051.0,27.67,0
N4609,2025-09-04 04:49:00,59986.0,112.25,0
N4610,2025-09-04 04:50:00,35499.0,36.14,0
N4611,2025-09-04 04:51:00,83889.0,6.69,0
N4612,2025-09-04 04:52:00,43728.0,54.5,0
N4613,2025-09-04 04:53:00,88680.0,10.81,0
N4614,2025-09-04 04:54:00,144729.0,83.05,0
N4615,2025-09-04 04:55:00,88372.0,48.52,0
N4616,2025-09-04 04:56:00,145944.0,22.05,0
N4617,2025-09-04 04:57:00,17560.0,74.35,0
N4618,2025-09-04 04:58:00,102120.0,47.78,0
N4619,2025-09-04 04:59:00,151933.0,13.13,0
N4620,2025-09-04 05:00:00,139991.0,38.29,0
N4621,2025-09-04 05:01:00,465955.0,153.92,0
N4622,2025-09-04 05:02:00,23968.0,229.25,0
N4623,2025-09-04 05:03:00,52267.0,7.76,0
N4624,2025-09-04 05:04:00,18598.0,9.4,0
N4625,2025-09-04 05:05:00,245824.0,50.2,0
N4626,2025-09-04 05:06:00,189043.0,15.05,0
N4627,2025-09-04 05:07:00,157676.0,32.41,0
N4628,2025-09-04 05:08:00,241799.0,11.76,0
N4629,2025-09-04 05:09:00,505486.0,90.82,0
N4630,2025-09-04 05:10:00,1608197.0,41.89,0
N4631,2025-09-04 05:11:00,76795.0,20.22,0
N4632,2025-09-04 05:12:00,78144.0,32.76,0
N4633,2025-09-04 05:13:00,40910.0,16.55,0
N4634,2025-09-04 05:14:00,58567.0,46.92,0
N4635,2025-09-04 05:15:00,101753.0,32.96,0
N4636,2025-09-04 05:16:00,41603.0,54.49,0
N4637,2025-09-04 05:17:00,76474.0,88.43,0
N4638,2025-09-04 05:18:00,156930.0,10.53,0
N4639,2025-09-04 05:19:00,238705.0,226.45,0
N4640,2025-09-04 05:20:00,49618.0,174.37,0
N4641,2025-09-04 05:21:00,57741.0,89.08,0
N4642,2025-09-04 05:22:00,323908.0,76.39,0
N4643,2025-09-04 05:23:00,69599.0,132.43,0
N4644,2025-09-04 05:24:00,42564.0,110.67,0
N4645,2025-09-04 05:25:00,74647.0,8.98,0
N4646,2025-09-04 05:26:00,39868.0,87.73,0
N4647,2025-09-04 05:27:00,47679.0,54.08,0
N4648,2025-09-04 05:28:00,266990.0,31.53,0
N4649,2025-09-04 05:29:00,60159.0,20.24,0
N4650,2025-09-04 05:30:00,23775.0,19.07,0
N4651,2025-09-04 05:31:00,52431.0,46.43,0
N4652,2025-09-04 05:32:00,114521.0,19.06,0
N4653,2025-09-04 05:33:00,96518.0,86.17,0
N4654,2025-09-04 05:34:00,239221.0,12.93,0
N4655,2025-09-04 05:35:00,94949.0,44.99,0
N4656,2025-09-04 05:36:00,120949.0,56.69,0
N4657,2025-09-04 05:37:00,194109.0,33.34,0
N4658,2025-09-04 05:38:00,121152.0,117.53,0
N4659,2025-09-04 05:39:00,212240.0,14.85,0
N4660,2025-09-04 05:40:00,44686.0,26.16,0
N4661,2025-09-04 05:41:00,57473.0,71.32,0
N4662,2025-09-04 05:42:00,72601.0,54.7,0
N4663,2025-09-04 05:43:00,29746.0,123.55,0
N4664,2025-09-04 05:44:00,377153.0,10.71,0
N4665,2025-09-04 05:45:00,80389.0,61.74,0
N4666,2025-09-04 05:46:00,86536.0,6.0,0
N4667,2025-09-04 05:47:00,540652.0,85.5,0
N4668,2025-09-04 05:48:00,58494.0,121.57,0
N4669,2025-09-04 05:49:00,88362.0,197.25,0
N4670,2025-09-04 05:50:00,86108.0,116.55,0
N4671,2025-09-04 05:51:00,29093.0,18.9,0
N4672,2025-09-04 05:52:00,590046.0,10.98,0
N4673,2025-09-04 05:53:00,39469.0,49.13,0
N4674,2025-09-04 05:54:00,107575.0,44.26,0
N4675,2025-09-04 05:55:00,36846.0,73.23,0
N4676,2025-09-04 05:56:00,42536.0,21.94,0
N4677,2025-09-04 05:57:00,62515.0,26.13,0
N4678,2025-09-04 05:58:00,100259.0,3.56,0
N4679,2025-09-04 05:59:00,93953.0,11.01,0
N4680,2025-09-04 06:00:00,217953.0,64.57,0
N4681,2025-09-04 06:01:00,404029.0,20.6,0
N4682,2025-09-04 06:02:00,133555.0,30.9,0
N4683,2025-09-04 06:03:00,44112.0,8.35,0
N4684,2025-09-04 06:04:00,94437.0,6.55,0
N4685,2025-09-04 06:05:00,50947.0,6.83,0
N4686,2025-09-04 06:06:00,298661.0,25.55,0
N4687,2025-09-04 06:07:00,90370.0,123.74,0
N4688,2025-09-04 06:08:00,11644.0,17.15,0
N4689,2025-09-04 06:09:00,124221.0,84.76,0
N4690,2025-09-04 06:10:00,110259.0,18.11,0
N4691,2025-09-04 06:11:00,203309.0,72.84,0
N4692,2025-09-04 06:12:00,3352.0,20.22,0
N4693,2025-09-04 06:13:00,12371.0,26.93,0
N4694,2025-09-04 06:14:00,34362.0,41.62,0
N4695,2025-09-04 06:15:00,208366.0,14.61,0
N4696,2025-09-04 06:16:00,221455.0,105.55,0
N4697,2025-09-04 06:17:00,25437.0,35.27,0
N4698,2025-09-04 06:18:00,113496.0,21.08,0
N4699,2025-09-04 06:19:00,550828.0,63.07,0
N4700,2025-09-04 06:20:00,54965.0,25.41,0
N4701,2025-09-04 06:21:00,25853.0,34.11,0
N4702,2025-09-04 06:22:00,79622.0,21.52,0
N4703,2025-09-04 06:23:00,160024.0,39.46,0
N4704,2025-09-04 06:24:00,266516.0,34.87,0
N4705,2025-09-04 06:25:00,69506.0,9.93,0
N4706,2025-09-04 06:26:00,138484.0,178.05,0
N4707,2025-09-04 06:27:00,120149.0,12.84,0
N4708,2025-09-04 06:28:00,16276.0,27.01,0
N4709,2025-09-04 06:29:00,186023.0,12.22,0
N4710,2025-09-04 06:30:00,43334.0,33.86,0
N4711,2025-09-04 06:31:00,66593.0,49.01,0
N4712,2025-09-04 06:32:00,44811.0,44.31,0
N4713,2025-09-04 06:33:00,69540.0,71.01,0
N4714,2025-09-04 06:34:00,111279.0,30.09,0
N4715,2025-09-04 06:35:00,34402.0,141.78,0
N4716,2025-09-04 06:36:00,60025.0,78.24,0
N4717,2025-09-04 06:37:00,41598.0,17.37,0
N4718,2025-09-04 06:38:00,154422.0,150.95,0
N4719,2025-09-04 06:39:00,318709.0,31.59,0
N4720,2025-09-04 06:40:00,26166.0,55.08,0
N4721,2025-09-04 06:41:00,17493.0,14.78,0
N4722,2025-09-04 06:42:00,27995.0,88.03,0
N4723,2025-09-04 06:43:00,55958.0,4.11,0
N4724,2025-09-04 06:44:00,31238.0,19.28,0
N4725,2025-09-04 06:45:00,91263.0,22.79,0
N4726,2025-09-04 06:46:00,59171.0,8.45,0
N4727,2025-09-04 06:47:00,25699.0,16.03,0
N4728,2025-09-04 06:48:00,16260.0,161.37,0
N4729,2025-09-04 06:49:00,53287.0,266.58,0
N4730,2025-09-04 06:50:00,204411.0,39.53,0
N4731,2025-09-04 06:51:00,33642.0,30.71,0
N4732,2025-09-04 06:52:00,117148.0,12.98,0
N4733,2025-09-04 06:53:00,173556.0,6.44,0
N4734,2025-09-04 06:54:00,56647.0,26.18,0
N4735,2025-09-04 06:55:00,40931.0,115.69,0
N4736,2025-09-04 06:56:00,78251.0,23.29,0
N4737,2025-09-04 06:57:00,73581.0,12.48,0
N4738,2025-09-04 06:58:00,38732.0,27.35,0
N4739,2025-09-04 06:59:00,196390.0,19.33,0
N4740,2025-09-04 07:00:00,83993.0,358.47,0
N4741,2025-09-04 07:01:00,44645.0,94.2,0
N4742,2025-09-04 07:02:00,137553.0,31.23,0
N4743,2025-09-04 07:03:00,198807.0,128.91,0
N4744,2025-09-04 07:04:00,515074.0,35.63,0
N4745,2025-09-04 07:05:00,69307.0,47.24,0
N4746,2025-09-04 07:06:00,177089.0,14.12,0
N4747,2025-09-04 07:07:00,74713.0,4.61,0
N4748,2025-09-04 07:08:00,14913.0,88.88,0
N4749,2025-09-04 07:09:00,983668.0,13.71,0
N4750,2025-09-04 07:10:00,86892.0,159.56,0
N4751,2025-09-04 07:11:00,44174.0,37.63,0
N4752,2025-09-04 07:12:00,18358.0,123.21,0
N4753,2025-09-04 07:13:00,64720.0,15.08,0
N4754,2025-09-04 07:14:00,173503.0,45.28,0
N4755,2025-09-04 07:15:00,56750.0,143.55,0
N4756,2025-09-04 07:16:00,11831.0,47.75,0
N4757,2025-09-04 07:17:00,108252.0,35.7,0
N4758,2025-09-04 07:18:00,21672.0,3.42,0
N4759,2025-09-04 07:19:00,53677.0,20.42,0
N4760,2025-09-04 07:20:00,53325.0,40.46,0
N4761,2025-09-04 07:21:00,589266.0,162.91,0
N4762,2025-09-04 07:22:00,66529.0,88.8,0
N4763,2025-09-04 07:23:00,44321.0,11.14,0
N4764,2025-09-04 07:24:00,100932.0,25.09,0
N4765,2025-09-04 07:25:00,58363.0,55.74,0
N4766,2025-09-04 07:26:00,18657.0,56.46,0
N4767,2025-09-04 07:27:00,193053.0,10.77,0
N4768,2025-09-04 07:28:00,191579.0,37.34,0
N4769,2025-09-04 07:29:00,102712.0,78.94,0
N4770,2025-09-04 07:30:00,24542.0,117.18,0
N4771,2025-09-04 07:31:00,38774.0,29.71,0
N4772,2025-09-04 07:32:00,52812.0,4.79,0
N4773,2025-09-04 07:33:00,51339.0,44.1,0
N4774,2025-09-04 07:34:00,88522.0,36.56,0
N4775,2025-09-04 07:35:00,58106.0,53.84,0
N4776,2025-09-04 07:36:00,36491.0,96.69,0
N4777,2025-09-04 07:37:00,327610.0,7.63,0
N4778,2025-09-04 07:38:00,72440.0,60.56,0
N4779,2025-09-04 07:39:00,46342.0,71.14,0
N4780,2025-09-04 07:40:00,424789.0,20.24,0
N4781,2025-09-04 07:41:00,334380.0,40.32,0
N4782,2025-09-04 07:42:00,16877.0,56.54,0
N4783,2025-09-04 07:43:00,74816.0,196.35,0
N4784,2025-09-04 07:44:00,48769.0,68.75,0
N4785,2025-09-04 07:45:00,261147.0,8.51,0
N4786,2025-09-04 07:46:00,52683.0,2.75,0
N4787,2025-09-04 07:47:00,176043.0,114.03,0
N4788,2025-09-04 07:48:00,80296.0,66.01,0
N4789,2025-09-04 07:49:00,41369.0,2.5,0
N4790,2025-09-04 07:50:00,97221.0,8.04,0
N4791,2025-09-04 07:51:00,148434.0,91.53,0
N4792,2025-09-04 07:52:00,81940.0,31.4,0
N4793,2025-09-04 07:53:00,208133.0,106.48,0
N4794,2025-09-04 07:54:00,138879.0,2.35,0
N4795,2025-09-04 07:55:00,37392.0,46.66,0
N4796,2025-09-04 07:56:00,60621.0,13.52,0
N4797,2025-09-04 07:57:00,121017.0,65.84,0
N4798,2025-09-04 07:58:00,193006.0,7.59,0
N4799,2025-09-04 07:59:00,52811.0,34.21,0
N4800,2025-09-04 08:00:00,89356.0,21.09,0
N4801,2025-09-04 08:01:00,253447.0,41.84,0
N4802,2025-09-04 08:02:00,47690.0,159.53,0
N4803,2025-09-04 08:03:00,222588.0,156.35,0
N4804,2025-09-04 08:04:00,100634.0,12.26,0
N4805,2025-09-04 08:05:00,57780.0,11.79,0
N4806,2025-09-04 08:06:00,648793.0,17.94,0
N4807,2025-09-04 08:07:00,67442.0,3.15,0
N4808,2025-09-04 08:08:00,47585.0,202.13,0
N4809,2025-09-04 08:09:00,47708.0,236.13,0
N4810,2025-09-04 08:10:00,201693.0,66.53,0
N4811,2025-09-04 08:11:00,135782.0,47.59,0
N4812,2025-09-04 08:12:00,271775.0,18.57,0
N4813,2025-09-04 08:13:00,30249.0,12.49,0
N4814,2025-09-04 08:14:00,25231.0,23.07,0
N4815,2025-09-04 08:15:00,306952.0,25.53,0
N4816,2025-09-04 08:16:00,48387.0,46.33,0
N4817,2025-09-04 08:17:00,33267.0,25.85,0
N4818,2025-09-04 08:18:00,202156.0,82.73,0
N4819,2025-09-04 08:19:00,163373.0,32.66,0
N4820,2025-09-04 08:20:00,49709.0,9.5,0
N4821,2025-09-04 08:21:00,14766.0,36.19,0
N4822,2025-09-04 08:22:00,32221.0,10.49,0
N4823,2025-09-04 08:23:00,33908.0,25.31,0
N4824,2025-09-04 08:24:00,253239.0,58.69,0
N4825,2025-09-04 08:25:00,155270.0,45.07,0
N4826,2025-09-04 08:26:00,37006.0,28.22,0
N4827,2025-09-04 08:27:00,69317.0,35.99,0
N4828,2025-09-04 08:28:00,74071.0,113.85,0
N4829,2025-09-04 08:29:00,168457.0,17.47,0
N4830,2025-09-04 08:30:00,10228.0,39.6,0
N4831,2025-09-04 08:31:00,216900.0,38.92,0
N4832,2025-09-04 08:32:00,169181.0,44.56,0
N4833,2025-09-04 08:33:00,182507.0,14.86,0
N4834,2025-09-04 08:34:00,151573.0,3.53,0
N4835,2025-09-04 08:35:00,320871.0,11.53,0
N4836,2025-09-04 08:36:00,34954.0,9.88,0
N4837,2025-09-04 08:37:00,237538.0,13.86,0
N4838,2025-09-04 08:38:00,278411.0,305.42,0
N4839,2025-09-04 08:39:00,200174.0,19.9,0
N4840,2025-09-04 08:40:00,127168.0,50.71,0
N4841,2025-09-04 08:41:00,98729.0,28.8,0
N4842,2025-09-04 08:42:00,42083.0,49.33,0
N4843,2025-09-04 08:43:00,78237.0,167.07,0
N4844,2025-09-04 08:44:00,28723.0,43.99,0
N4845,2025-09-04 08:45:00,26239.0,25.75,0
N4846,2025-09-04 08:46:00,205898.0,14.84,0
N4847,2025-09-04 08:47:00,69218.0,26.87,0
N4848,2025-09-04 08:48:00,120104.0,237.07,0
N4849,2025-09-04 08:49:00,88104.0,40.49,0
N4850,2025-09-04 08:50:00,144586.0,38.0,0
N4851,2025-09-04 08:51:00,85033.0,6.58,0
N4852,2025-09-04 08:52:00,51268.0,12.81,0
N4853,2025-09-04 08:53:00,192440.0,110.35,0
N4854,2025-09-04 08:54:00,110643.0,14.32,0
N4855,2025-09-04 08:55:00,117841.0,32.43,0
N4856,2025-09-04 08:56:00,27897.0,132.22,0
N4857,2025-09-04 08:57:00,164064.0,43.41,0
N4858,2025-09-04 08:58:00,33847.0,29.6,0
N4859,2025-09-04 08:59:00,217982.0,53.09,0
N4860,2025-09-04 09:00:00,58391.0,54.1,0
N4861,2025-09-04 09:01:00,27075.0,37.55,0
N4862,2025-09-04 09:02:00,226633.0,51.25,0
N4863,2025-09-04 09:03:00,325668.0,97.82,0
N4864,2025-09-04 09:04:00,38554.0,12.47,0
N4865,2025-09-04 09:05:00,577503.0,47.62,0
N4866,2025-09-04 09:06:00,170191.0,54.88,0
N4867,2025-09-04 09:07:00,18281.0,20.16,0
N4868,2025-09-04 09:08:00,31905.0,15.96,0
N4869,2025-09-04 09:09:00,371709.0,19.45,0
N4870,2025-09-04 09:10:00,55226.0,19.66,0
N4871,2025-09-04 09:11:00,31641.0,42.53,0
N4872,2025-09-04 09:12:00,23312.0,53.32,0
N4873,2025-09-04 09:13:00,28127.0,44.59,0
N4874,2025-09-04 09:14:00,148836.0,139.98,0
N4875,2025-09-04 09:15:00,50902.0,50.91,0
N4876,2025-09-04 09:16:00,74784.0,131.66,0
N4877,2025-09-04 09:17:00,25829.0,15.96,0
N4878,2025-09-04 09:18:00,124102.0,31.52,0
N4879,2025-09-04 09:19:00,65010.0,49.84,0
N4880,2025-09-04 09:20:00,38920.0,150.82,0
N4881,2025-09-04 09:21:00,41573.0,59.26,0
N4882,2025-09-04 09:22:00,94292.0,3.48,0
N4883,2025-09-04 09:23:00,103443.0,46.58,0
N4884,2025-09-04 09:24:00,214000.0,17.03,0
N4885,2025-09-04 09:25:00,188499.0,2.21,0
N4886,2025-09-04 09:26:00,12122.0,22.79,0
N4887,2025-09-04 09:27:00,30164.0,17.98,0
N4888,2025-09-04 09:28:00,49393.0,22.03,0
N4889,2025-09-04 09:29:00,102556.0,66.88,0
N4890,2025-09-04 09:30:00,58352.0,117.7,0
N4891,2025-09-04 09:31:00,133186.0,18.06,0
N4892,2025-09-04 09:32:00,36007.0,26.41,0
N4893,2025-09-04 09:33:00,191665.0,27.93,0
N4894,2025-09-04 09:34:00,48267.0,54.65,0
N4895,2025-09-04 09:35:00,73892.0,41.84,0
N4896,2025-09-04 09:36:00,234273.0,16.14,0
N4897,2025-09-04 09:37:00,13938.0,52.37,0
N4898,2025-09-04 09:38:00,129442.0,100.22,0
N4899,2025-09-04 09:39:00,147778.0,10.01,0
N4900,2025-09-04 09:40:00,15290.0,47.3,0
N4901,2025-09-04 09:41:00,50559.0,10.11,0
N4902,2025-09-04 09:42:00,20012.0,72.91,0
N4903,2025-09-04 09:43:00,40101.0,140.34,0
N4904,2025-09-04 09:44:00,40532.0,112.6,0
N4905,2025-09-04 09:45:00,20641.0,16.94,0
N4906,2025-09-04 09:46:00,6730.0,44.55,0
N4907,2025-09-04 09:47:00,63021.0,9.57,0
N4908,2025-09-04 09:48:00,56153.0,142.92,0
N4909,2025-09-04 09:49:00,113531.0,175.04,0
N4910,2025-09-04 09:50:00,32669.0,14.25,0
N4911,2025-09-04 09:51:00,81373.0,32.92,0
N4912,2025-09-04 09:52:00,17418.0,32.03,0
N4913,2025-09-04 09:53:00,237912.0,91.33,0
N4914,2025-09-04 09:54:00,56699.0,9.68,0
N4915,2025-09-04 09:55:00,88746.0,132.44,0
N4916,2025-09-04 09:56:00,189782.0,44.03,0
N4917,2025-09-04 09:57:00,99268.0,129.32,0
N4918,2025-09-04 09:58:00,218433.0,11.44,0
N4919,2025-09-04 09:59:00,72563.0,22.94,0
N4920,2025-09-04 10:00:00,210474.0,21.36,0
N4921,2025-09-04 10:01:00,82738.0,12.02,0
N4922,2025-09-04 10:02:00,90557.0,37.57,0
N4923,2025-09-04 10:03:00,28774.0,95.13,0
N4924,2025-09-04 10:04:00,37340.0,29.65,0
N4925,2025-09-04 10:05:00,13489.0,7.58,0
N4926,2025-09-04 10:06:00,61158.0,73.65,0
N4927,2025-09-04 10:07:00,25294.0,179.71,0
N4928,2025-09-04 10:08:00,15749.0,47.04,0
N4929,2025-09-04 10:09:00,43290.0,41.78,0
N4930,2025-09-04 10:10:00,133805.0,29.1,0
N4931,2025-09-04 10:11:00,142942.0,1.62,0
N4932,2025-09-04 10:12:00,52418.0,41.7,0
N4933,2025-09-04 10:13:00,23202.0,13.02,0
N4934,2025-09-04 10:14:00,213328.0,35.8,0
N4935,2025-09-04 10:15:00,308447.0,9.57,0
N4936,2025-09-04 10:16:00,87406.0,39.39,0
N4937,2025-09-04 10:17:00,30868.0,15.78,0
N4938,2025-09-04 10:18:00,69364.0,129.7,0
N4939,2025-09-04 10:19:00,122172.0,62.0,0
N4940,2025-09-04 10:20:00,15680.0,23.73,0
N4941,2025-09-04 10:21:00,30238.0,7.78,0
N4942,2025-09-04 10:22:00,838934.0,35.74,0
N4943,2025-09-04 10:23:00,300899.0,118.54,0
N4944,2025-09-04 10:24:00,160043.0,83.96,0
N4945,2025-09-04 10:25:00,61622.0,5.93,0
N4946,2025-09-04 10:26:00,98719.0,16.43,0
N4947,2025-09-04 10:27:00,84325.0,31.77,0
N4948,2025-09-04 10:28:00,101994.0,49.14,0
N4949,2025-09-04 10:29:00,101591.0,47.54,0
N4950,2025-09-04 10:30:00,106439.0,156.04,0
N4951,2025-09-04 10:31:00,42182.0,58.72,0
N4952,2025-09-04 10:32:00,151610.0,33.57,0
N4953,2025-09-04 10:33:00,93478.0,14.28,0
N4954,2025-09-04 10:34:00,14287.0,31.69,0
N4955,2025-09-04 10:35:00,45757.0,58.17,0
N4956,2025-09-04 10:36:00,19571.0,46.34,0
N4957,2025-09-04 10:37:00,27843.0,3.3,0
N4958,2025-09-04 10:38:00,18977.0,16.96,0
N4959,2025-09-04 10:39:00,196967.0,4.32,0
N4960,2025-09-04 10:40:00,26896.0,34.84,0
N4961,2025-09-04 10:41:00,23266.0,62.13,0
N4962,2025-09-04 10:42:00,65746.0,2.03,0
N4963,2025-09-04 10:43:00,152082.0,82.89,0
N4964,2025-09-04 10:44:00,21396.0,325.84,0
N4965,2025-09-04 10:45:00,349859.0,53.04,0
N4966,2025-09-04 10:46:00,72728.0,62.74,0
N4967,2025-09-04 10:47:00,73302.0,39.78,0
N4968,2025-09-04 10:48:00,110596.0,28.03,0
N4969,2025-09-04 10:49:00,61762.0,46.72,0
N4970,2025-09-04 10:50:00,457173.0,38.01,0
N4971,2025-09-04 10:51:00,70166.0,12.99,0
N4972,2025-09-04 10:52:00,108814.0,93.66,0
N4973,2025-09-04 10:53:00,26593.0,11.58,0
N4974,2025-09-04 10:54:00,226165.0,17.86,0
N4975,2025-09-04 10:55:00,27447.0,148.55,0
N4976,2025-09-04 10:56:00,10990.0,58.2,0
N4977,2025-09-04 10:57:00,79260.0,5.66,0
N4978,2025-09-04 10:58:00,100284.0,44.22,0
N4979,2025-09-04 10:59:00,63545.0,85.41,0
N4980,2025-09-04 11:00:00,63892.0,48.82,0
N4981,2025-09-04 11:01:00,93065.0,153.67,0
N4982,2025-09-04 11:02:00,360074.0,41.57,0
N4983,2025-09-04 11:03:00,41783.0,18.92,0
N4984,2025-09-04 11:04:00,51929.0,102.44,0
N4985,2025-09-04 11:05:00,37780.0,47.93,0
N4986,2025-09-04 11:06:00,20620.0,51.36,0
N4987,2025-09-04 11:07:00,77148.0,20.61,0
N4988,2025-09-04 11:08:00,23776.0,160.32,0
N4989,2025-09-04 11:09:00,263399.0,233.96,0
N4990,2025-09-04 11:10:00,303979.0,5.25,0
N4991,2025-09-04 11:11:00,82839.0,19.47,0
N4992,2025-09-04 11:12:00,65508.0,12.26,0
N4993,2025-09-04 11:13:00,43008.0,14.95,0
N4994,2025-09-04 11:14:00,67616.0,30.37,0
N4995,2025-09-04 11:15:00,86355.0,21.09,0
N4996,2025-09-04 11:16:00,79614.0,172.56,0
N4997,2025-09-04 11:17:00,312643.0,32.98,0
N4998,2025-09-04 11:18:00,44283.0,9.9,0
N4999,2025-09-04 11:19:00,52942.0,26.53,0
N5000,2025-09-04 11:20:00,117315.0,22.48,0
N5001,2025-09-04 11:21:00,93564.0,18.82,0
N5002,2025-09-04 11:22:00,81806.0,69.12,0
N5003,2025-09-04 11:23:00,8661.0,144.53,0
N5004,2025-09-04 11:24:00,241516.0,9.34,0
N5005,2025-09-04 11:25:00,167526.0,39.57,0
N5006,2025-09-04 11:26:00,149724.0,199.05,0
N5007,2025-09-04 11:27:00,24077.0,76.54,0
N5008,2025-09-04 11:28:00,20391.0,46.75,0
N5009,2025-09-04 11:29:00,314402.0,100.7,0
N5010,2025-09-04 11:30:00,19815.0,42.4,0
N5011,2025-09-04 11:31:00,182555.0,20.88,0
N5012,2025-09-04 11:32:00,239034.0,11.99,0
N5013,2025-09-04 11:33:00,31456.0,37.36,0
N5014,2025-09-04 11:34:00,327865.0,5.01,0
N5015,2025-09-04 11:35:00,37240.0,57.95,0
N5016,2025-09-04 11:36:00,82923.0,4.03,0
N5017,2025-09-04 11:37:00,76793.0,17.55,0
N5018,2025-09-04 11:38:00,85730.0,47.04,0
N5019,2025-09-04 11:39:00,345952.0,28.69,0
N5020,2025-09-04 11:40:00,82484.0,25.98,0
N5021,2025-09-04 11:41:00,73674.0,109.68,0
N5022,2025-09-04 11:42:00,132334.0,91.3,0
N5023,2025-09-04 11:43:00,117772.0,14.18,0
N5024,2025-09-04 11:44:00,505973.0,48.75,0
N5025,2025-09-04 11:45:00,9767.0,11.42,0
N5026,2025-09-04 11:46:00,37678.0,12.95,0
N5027,2025-09-04 11:47:00,185898.0,19.29,0
N5028,2025-09-04 11:48:00,32357.0,25.72,0
N5029,2025-09-04 11:49:00,44363.0,63.29,0
N5030,2025-09-04 11:50:00,347048.0,51.95,0
N5031,2025-09-04 11:51:00,76186.0,10.43,0
N5032,2025-09-04 11:52:00,95345.0,79.55,0
N5033,2025-09-04 11:53:00,333668.0,257.06,0
N5034,2025-09-04 11:54:00,289418.0,62.23,0
N5035,2025-09-04 11:55:00,25401.0,301.04,0
N5036,2025-09-04 11:56:00,293054.0,16.81,0
N5037,2025-09-04 11:57:00,46509.0,27.69,0
N5038,2025-09-04 11:58:00,45313.0,16.25,0
N5039,2025-09-04 11:59:00,118899.0,11.43,0
N5040,2025-09-04 12:00:00,243265.0,193.43,0
N5041,2025-09-04 12:01:00,242543.0,6.82,0
N5042,2025-09-04 12:02:00,322348.0,32.02,0
N5043,2025-09-04 12:03:00,400302.0,30.84,0
N5044,2025-09-04 12:04:00,78453.0,24.48,0
N5045,2025-09-04 12:05:00,36299.0,29.51,0
N5046,2025-09-04 12:06:00,23606.0,30.14,0
N5047,2025-09-04 12:07:00,47302.0,19.11,0
N5048,2025-09-04 12:08:00,95113.0,13.81,0
N5049,2025-09-04 12:09:00,128432.0,14.93,0
N5050,2025-09-04 12:10:00,105004.0,7.23,0
N5051,2025-09-04 12:11:00,136012.0,14.7,0
N5052,2025-09-04 12:12:00,97338.0,122.67,0
N5053,2025-09-04 12:13:00,303794.0,35.03,0
N5054,2025-09-04 12:14:00,136128.0,17.61,0
N5055,2025-09-04 12:15:00,60322.0,20.13,0
N5056,2025-09-04 12:16:00,37425.0,63.68,0
N5057,2025-09-04 12:17:00,202657.0,8.62,0
N5058,2025-09-04 12:18:00,235585.0,41.16,0
N5059,2025-09-04 12:19:00,31572.0,19.28,0
N5060,2025-09-04 12:20:00,38782.0,61.17,0
N5061,2025-09-04 12:21:00,54559.0,49.92,0
N5062,2025-09-04 12:22:00,16480.0,190.05,0
N5063,2025-09-04 12:23:00,61781.0,85.04,0
N5064,2025-09-04 12:24:00,496596.0,19.66,0
N5065,2025-09-04 12:25:00,312645.0,105.76,0
N5066,2025-09-04 12:26:00,217389.0,24.32,0
N5067,2025-09-04 12:27:00,438647.0,342.54,0
N5068,2025-09-04 12:28:00,44112.0,30.22,0
N5069,2025-09-04 12:29:00,107103.0,1.35,0
N5070,2025-09-04 12:30:00,27709.0,85.73,0
N5071,2025-09-04 12:31:00,186932.0,85.38,0
N5072,2025-09-04 12:32:00,32369.0,138.09,0
N5073,2025-09-04 12:33:00,110336.0,55.75,0
N5074,2025-09-04 12:34:00,34509.0,24.66,0
N5075,2025-09-04 12:35:00,50630.0,28.67,0
N5076,2025-09-04 12:36:00,291467.0,153.73,0
N5077,2025-09-04 12:37:00,53882.0,6.28,0
N5078,2025-09-04 12:38:00,149407.0,35.37,0
N5079,2025-09-04 12:39:00,38795.0,75.17,0
N5080,2025-09-04 12:40:00,193650.0,53.91,0
N5081,2025-09-04 12:41:00,165168.0,20.31,0
N5082,2025-09-04 12:42:00,71005.0,136.06,0
N5083,2025-09-04 12:43:00,36328.0,6.25,0
N5084,2025-09-04 12:44:00,14626.0,33.75,0
N5085,2025-09-04 12:45:00,128156.0,32.18,0
N5086,2025-09-04 12:46:00,141311.0,38.34,0
N5087,2025-09-04 12:47:00,610384.0,101.22,0
N5088,2025-09-04 12:48:00,125483.0,8.16,0
N5089,2025-09-04 12:49:00,68426.0,41.76,0
N5090,2025-09-04 12:50:00,62160.0,66.3,0
N5091,2025-09-04 12:51:00,55377.0,28.25,0
N5092,2025-09-04 12:52:00,36752.0,80.68,0
N5093,2025-09-04 12:53:00,51824.0,8.7,0
N5094,2025-09-04 12:54:00,33816.0,22.26,0
N5095,2025-09-04 12:55:00,40929.0,291.21,0
N5096,2025-09-04 12:56:00,100459.0,8.33,0
N5097,2025-09-04 12:57:00,8763.0,156.67,0
N5098,2025-09-04 12:58:00,581627.0,15.18,0
N5099,2025-09-04 12:59:00,220862.0,11.12,0
N5100,2025-09-04 13:00:00,159762.0,20.18,0
N5101,2025-09-04 13:01:00,135342.0,6.82,0
N5102,2025-09-04 13:02:00,91769.0,9.75,0
N5103,2025-09-04 13:03:00,84367.0,16.99,0
N5104,2025-09-04 13:04:00,144142.0,125.77,0
N5105,2025-09-04 13:05:00,117440.0,25.97,0
N5106,2025-09-04 13:06:00,142338.0,466.69,0
N5107,2025-09-04 13:07:00,71996.0,108.32,0
N5108,2025-09-04 13:08:00,41041.0,6.64,0
N5109,2025-09-04 13:09:00,214595.0,16.66,0
N5110,2025-09-04 13:10:00,87304.0,40.05,0
N5111,2025-09-04 13:11:00,68616.0,30.05,0
N5112,2025-09-04 13:12:00,145136.0,32.9,0
N5113,2025-09-04 13:13:00,27995.0,20.55,0
N5114,2025-09-04 13:14:00,76200.0,136.0,0
N5115,2025-09-04 13:15:00,35373.0,15.83,0
N5116,2025-09-04 13:16:00,57110.0,12.0,0
N5117,2025-09-04 13:17:00,37401.0,81.68,0
N5118,2025-09-04 13:18:00,221743.0,43.2,0
N5119,2025-09-04 13:19:00,87324.0,14.68,0
N5120,2025-09-04 13:20:00,57995.0,52.51,0
N5121,2025-09-04 13:21:00,37124.0,39.87,0
N5122,2025-09-04 13:22:00,73901.0,32.63,0
N5123,2025-09-04 13:23:00,83713.0,31.3,0
N5124,2025-09-04 13:24:00,170707.0,204.23,0
N5125,2025-09-04 13:25:00,75922.0,142.18,0
N5126,2025-09-04 13:26:00,241599.0,71.82,0
N5127,2025-09-04 13:27:00,33707.0,132.75,0
N5128,2025-09-04 13:28:00,42667.0,18.66,0
N5129,2025-09-04 13:29:00,64893.0,14.95,0
N5130,2025-09-04 13:30:00,189034.0,125.01,0
N5131,2025-09-04 13:31:00,32067.0,2.43,0
N5132,2025-09-04 13:32:00,99618.0,19.5,0
N5133,2025-09-04 13:33:00,40171.0,22.24,0
N5134,2025-09-04 13:34:00,92169.0,32.48,0
N5135,2025-09-04 13:35:00,32024.0,18.67,0
N5136,2025-09-04 13:36:00,81140.0,232.34,0
N5137,2025-09-04 13:37:00,176378.0,23.02,0
N5138,2025-09-04 13:38:00,197580.0,174.38,0
N5139,2025-09-04 13:39:00,179770.0,2.36,0
N5140,2025-09-04 13:40:00,1030829.0,56.81,0
N5141,2025-09-04 13:41:00,57876.0,12.11,0
N5142,2025-09-04 13:42:00,39390.0,16.91,0
N5143,2025-09-04 13:43:00,95337.0,14.61,0
N5144,2025-09-04 13:44:00,105217.0,4.07,0
N5145,2025-09-04 13:45:00,74980.0,136.64,0
N5146,2025-09-04 13:46:00,111783.0,180.89,0
N5147,2025-09-04 13:47:00,45184.0,6.66,0
N5148,2025-09-04 13:48:00,49812.0,159.48,0
N5149,2025-09-04 13:49:00,164633.0,100.68,0
N5150,2025-09-04 13:50:00,54510.0,52.69,0
N5151,2025-09-04 13:51:00,16666.0,11.51,0
N5152,2025-09-04 13:52:00,105540.0,38.36,0
N5153,2025-09-04 13:53:00,43414.0,226.58,0
N5154,2025-09-04 13:54:00,105057.0,47.82,0
N5155,2025-09-04 13:55:00,111000.0,24.05,0
N5156,2025-09-04 13:56:00,22138.0,31.8,0
N5157,2025-09-04 13:57:00,24420.0,40.06,0
N5158,2025-09-04 13:58:00,125681.0,21.06,0
N5159,2025-09-04 13:59:00,65243.0,20.53,0
N5160,2025-09-04 14:00:00,158444.0,45.29,0
N5161,2025-09-04 14:01:00,88644.0,494.61,0
N5162,2025-09-04 14:02:00,58082.0,39.03,0
N5163,2025-09-04 14:03:00,136709.0,13.45,0
N5164,2025-09-04 14:04:00,72552.0,26.11,0
N5165,2025-09-04 14:05:00,14868.0,214.63,0
N5166,2025-09-04 14:06:00,147491.0,13.83,0
N5167,2025-09-04 14:07:00,228928.0,32.22,0
N5168,2025-09-04 14:08:00,92473.0,29.0,0
N5169,2025-09-04 14:09:00,114646.0,45.12,0
N5170,2025-09-04 14:10:00,31365.0,15.14,0
N5171,2025-09-04 14:11:00,28945.0,13.04,0
N5172,2025-09-04 14:12:00,325253.0,33.0,0
N5173,2025-09-04 14:13:00,34778.0,31.55,0
N5174,2025-09-04 14:14:00,40409.0,129.39,0
N5175,2025-09-04 14:15:00,51547.0,66.33,0
N5176,2025-09-04 14:16:00,243162.0,211.39,0
N5177,2025-09-04 14:17:00,26768.0,18.42,0
N5178,2025-09-04 14:18:00,103826.0,57.53,0
N5179,2025-09-04 14:19:00,66398.0,57.95,0
N5180,2025-09-04 14:20:00,73839.0,154.38,0
N5181,2025-09-04 14:21:00,28309.0,13.22,0
N5182,2025-09-04 14:22:00,38116.0,8.84,0
N5183,2025-09-04 14:23:00,116746.0,4.13,0
N5184,2025-09-04 14:24:00,41662.0,127.06,0
N5185,2025-09-04 14:25:00,15196.0,19.42,0
N5186,2025-09-04 14:26:00,122783.0,41.1,0
N5187,2025-09-04 14:27:00,67424.0,86.22,0
N5188,2025-09-04 14:28:00,48386.0,9.73,0
N5189,2025-09-04 14:29:00,77256.0,3.26,0
N5190,2025-09-04 14:30:00,109959.0,19.06,0
N5191,2025-09-04 14:31:00,239385.0,7.63,0
N5192,2025-09-04 14:32:00,45906.0,16.92,0
N5193,2025-09-04 14:33:00,64630.0,389.53,0
N5194,2025-09-04 14:34:00,92132.0,27.76,0
N5195,2025-09-04 14:35:00,31166.0,68.44,0
N5196,2025-09-04 14:36:00,14511.0,34.5,0
N5197,2025-09-04 14:37:00,47792.0,97.61,0
N5198,2025-09-04 14:38:00,201208.0,64.71,0
N5199,2025-09-04 14:39:00,84515.0,23.07,0
N5200,2025-09-04 14:40:00,34079.0,87.2,0
N5201,2025-09-04 14:41:00,115420.0,13.96,0
N5202,2025-09-04 14:42:00,99445.0,27.3,0
N5203,2025-09-04 14:43:00,123065.0,66.09,0
N5204,2025-09-04 14:44:00,42481.0,15.07,0
N5205,2025-09-04 14:45:00,115916.0,6.92,0
N5206,2025-09-04 14:46:00,40616.0,182.71,0
N5207,2025-09-04 14:47:00,81487.0,4.06,0
N5208,2025-09-04 14:48:00,121607.0,16.26,0
N5209,2025-09-04 14:49:00,62969.0,184.27,0
N5210,2025-09-04 14:50:00,328396.0,9.16,0
N5211,2025-09-04 14:51:00,165534.0,66.18,0
N5212,2025-09-04 14:52:00,52282.0,22.77,0
N5213,2025-09-04 14:53:00,211966.0,14.81,0
N5214,2025-09-04 14:54:00,49767.0,16.85,0
N5215,2025-09-04 14:55:00,54743.0,52.09,0
N5216,2025-09-04 14:56:00,128741.0,31.78,0
N5217,2025-09-04 14:57:00,144899.0,62.17,0
N5218,2025-09-04 14:58:00,164814.0,65.64,0
N5219,2025-09-04 14:59:00,641988.0,56.88,0
N5220,2025-09-04 15:00:00,37551.0,375.06,0
N5221,2025-09-04 15:01:00,169408.0,22.94,0
N5222,2025-09-04 15:02:00,1656494.0,27.62,0
N5223,2025-09-04 15:03:00,24261.0,26.23,0
N5224,2025-09-04 15:04:00,191774.0,17.95,0
N5225,2025-09-04 15:05:00,359040.0,45.25,0
N5226,2025-09-04 15:06:00,122581.0,51.46,0
N5227,2025-09-04 15:07:00,186198.0,14.54,0
N5228,2025-09-04 15:08:00,34570.0,59.69,0
N5229,2025-09-04 15:09:00,21956.0,36.46,0
N5230,2025-09-04 15:10:00,37527.0,292.79,0
N5231,2025-09-04 15:11:00,189486.0,11.23,0
N5232,2025-09-04 15:12:00,42187.0,30.16,0
N5233,2025-09-04 15:13:00,19048.0,270.79,0
N5234,2025-09-04 15:14:00,118610.0,74.62,0
N5235,2025-09-04 15:15:00,57859.0,78.31,0
N5236,2025-09-04 15:16:00,187530.0,20.33,0
N5237,2025-09-04 15:17:00,134476.0,28.11,0
N5238,2025-09-04 15:18:00,147225.0,23.75,0
N5239,2025-09-04 15:19:00,102683.0,13.68,0
N5240,2025-09-04 15:20:00,134163.0,19.61,0
N5241,2025-09-04 15:21:00,110853.0,83.44,0
N5242,2025-09-04 15:22:00,122636.0,55.75,0
N5243,2025-09-04 15:23:00,81689.0,42.1,0
N5244,2025-09-04 15:24:00,57345.0,19.57,0
N5245,2025-09-04 15:25:00,174858.0,119.81,0
N5246,2025-09-04 15:26:00,440461.0,40.92,0
N5247,2025-09-04 15:27:00,57224.0,88.87,0
N5248,2025-09-04 15:28:00,101280.0,10.04,0
N5249,2025-09-04 15:29:00,56403.0,12.14,0
N5250,2025-09-04 15:30:00,126404.0,13.34,0
N5251,2025-09-04 15:31:00,15713.0,34.97,0
N5252,2025-09-04 15:32:00,433013.0,64.65,0
N5253,2025-09-04 15:33:00,274677.0,39.61,0
N5254,2025-09-04 15:34:00,31115.0,37.83,0
N5255,2025-09-04 15:35:00,221014.0,20.1,0
N5256,2025-09-04 15:36:00,57892.0,4.44,0
N5257,2025-09-04 15:37:00,31511.0,45.99,0
N5258,2025-09-04 15:38:00,47504.0,87.59,0
N5259,2025-09-04 15:39:00,48317.0,36.28,0
N5260,2025-09-04 15:40:00,130682.0,36.12,0
N5261,2025-09-04 15:41:00,113027.0,11.4,0
N5262,2025-09-04 15:42:00,311788.0,4.63,0
N5263,2025-09-04 15:43:00,137550.0,55.06,0
N5264,2025-09-04 15:44:00,46440.0,298.72,0
N5265,2025-09-04 15:45:00,85547.0,113.77,0
N5266,2025-09-04 15:46:00,92579.0,321.36,0
N5267,2025-09-04 15:47:00,88344.0,37.81,0
N5268,2025-09-04 15:48:00,22182.0,263.29,0
N5269,2025-09-04 15:49:00,191316.0,20.55,0
N5270,2025-09-04 15:50:00,546365.0,215.49,0
N5271,2025-09-04 15:51:00,26633.0,251.46,0
N5272,2025-09-04 15:52:00,46259.0,39.27,0
N5273,2025-09-04 15:53:00,39987.0,321.24,0
N5274,2025-09-04 15:54:00,180748.0,108.79,0
N5275,2025-09-04 15:55:00,65321.0,21.94,0
N5276,2025-09-04 15:56:00,84626.0,20.73,0
N5277,2025-09-04 15:57:00,99875.0,18.34,0
N5278,2025-09-04 15:58:00,32352.0,34.71,0
N5279,2025-09-04 15:59:00,68940.0,10.93,0
N5280,2025-09-04 16:00:00,99252.0,60.42,0
N5281,2025-09-04 16:01:00,157902.0,12.15,0
N5282,2025-09-04 16:02:00,237833.0,35.42,0
N5283,2025-09-04 16:03:00,78611.0,62.78,0
N5284,2025-09-04 16:04:00,100396.0,44.31,0
N5285,2025-09-04 16:05:00,251600.0,35.23,0
N5286,2025-09-04 16:06:00,103123.0,15.06,0
N5287,2025-09-04 16:07:00,86836.0,440.56,0
N5288,2025-09-04 16:08:00,18711.0,24.96,0
N5289,2025-09-04 16:09:00,104786.0,15.39,0
N5290,2025-09-04 16:10:00,69342.0,48.02,0
N5291,2025-09-04 16:11:00,361977.0,22.35,0
N5292,2025-09-04 16:12:00,41541.0,82.8,0
N5293,2025-09-04 16:13:00,66800.0,97.88,0
N5294,2025-09-04 16:14:00,73525.0,108.1,0
N5295,2025-09-04 16:15:00,134322.0,403.22,0
N5296,2025-09-04 16:16:00,93237.0,48.6,0
N5297,2025-09-04 16:17:00,19889.0,13.85,0
N5298,2025-09-04 16:18:00,98331.0,37.58,0
N5299,2025-09-04 16:19:00,78407.0,50.2,0
N5300,2025-09-04 16:20:00,338711.0,18.02,0
N5301,2025-09-04 16:21:00,104694.0,39.55,0
N5302,2025-09-04 16:22:00,43291.0,3.45,0
N5303,2025-09-04 16:23:00,960645.0,18.64,0
N5304,2025-09-04 16:24:00,288097.0,40.07,0
N5305,2025-09-04 16:25:00,259065.0,7.51,0
N5306,2025-09-04 16:26:00,18432.0,8.79,0
N5307,2025-09-04 16:27:00,216672.0,20.89,0
N5308,2025-09-04 16:28:00,75101.0,22.23,0
N5309,2025-09-04 16:29:00,97484.0,135.98,0
N5310,2025-09-04 16:30:00,73328.0,72.5,0
N5311,2025-09-04 16:31:00,164360.0,9.29,0
N5312,2025-09-04 16:32:00,43295.0,24.18,0
N5313,2025-09-04 16:33:00,54716.0,33.67,0
N5314,2025-09-04 16:34:00,98221.0,143.35,0
N5315,2025-09-04 16:35:00,222194.0,44.5,0
N5316,2025-09-04 16:36:00,134189.0,19.12,0
N5317,2025-09-04 16:37:00,111664.0,325.63,0
N5318,2025-09-04 16:38:00,107124.0,31.42,0
N5319,2025-09-04 16:39:00,24393.0,16.93,0
N5320,2025-09-04 16:40:00,66649.0,66.57,0
N5321,2025-09-04 16:41:00,88392.0,38.82,0
N5322,2025-09-04 16:42:00,23059.0,68.84,0
N5323,2025-09-04 16:43:00,99689.0,61.15,0
N5324,2025-09-04 16:44:00,25722.0,73.21,0
N5325,2025-09-04 16:45:00,67534.0,124.84,0
N5326,2025-09-04 16:46:00,137253.0,8.17,0
N5327,2025-09-04 16:47:00,24857.0,75.18,0
N5328,2025-09-04 16:48:00,89931.0,11.5,0
N5329,2025-09-04 16:49:00,82940.0,21.42,0
N5330,2025-09-04 16:50:00,68613.0,48.8,0
N5331,2025-09-04 16:51:00,25926.0,68.55,0
N5332,2025-09-04 16:52:00,40858.0,132.12,0
N5333,2025-09-04 16:53:00,44123.0,56.49,0
N5334,2025-09-04 16:54:00,13889.0,44.82,0
N5335,2025-09-04 16:55:00,71242.0,54.19,0
N5336,2025-09-04 16:56:00,74718.0,200.14,0
N5337,2025-09-04 16:57:00,100280.0,22.31,0
N5338,2025-09-04 16:58:00,187668.0,86.35,0
N5339,2025-09-04 16:59:00,212487.0,17.51,0
N5340,2025-09-04 17:00:00,80490.0,116.09,0
N5341,2025-09-04 17:01:00,195938.0,27.13,0
N5342,2025-09-04 17:02:00,43924.0,18.0,0
N5343,2025-09-04 17:03:00,61998.0,8.74,0
N5344,2025-09-04 17:04:00,236254.0,45.08,0
N5345,2025-09-04 17:05:00,103001.0,200.56,0
N5346,2025-09-04 17:06:00,25741.0,80.66,0
N5347,2025-09-04 17:07:00,252724.0,130.55,0
N5348,2025-09-04 17:08:00,81703.0,82.2,0
N5349,2025-09-04 17:09:00,55811.0,46.26,0
N5350,2025-09-04 17:10:00,279041.0,65.97,0
N5351,2025-09-04 17:11:00,35746.0,12.41,0
N5352,2025-09-04 17:12:00,21301.0,50.79,0
N5353,2025-09-04 17:13:00,119251.0,142.13,0
N5354,2025-09-04 17:14:00,27207.0,25.35,0
N5355,2025-09-04 17:15:00,168255.0,99.87,0
N5356,2025-09-04 17:16:00,176425.0,118.82,0
N5357,2025-09-04 17:17:00,106194.0,106.51,0
N5358,2025-09-04 17:18:00,81407.0,289.54,0
N5359,2025-09-04 17:19:00,38409.0,82.54,0
N5360,2025-09-04 17:20:00,58835.0,85.7,0
N5361,2025-09-04 17:21:00,133646.0,46.12,0
N5362,2025-09-04 17:22:00,42821.0,10.76,0
N5363,2025-09-04 17:23:00,299843.0,13.1,0
N5364,2025-09-04 17:24:00,321511.0,33.26,0
N5365,2025-09-04 17:25:00,698451.0,36.02,0
N5366,2025-09-04 17:26:00,156650.0,49.46,0
N5367,2025-09-04 17:27:00,105813.0,67.55,0
N5368,2025-09-04 17:28:00,312269.0,23.93,0
N5369,2025-09-04 17:29:00,9047.0,13.7,0
N5370,2025-09-04 17:30:00,92195.0,41.84,0
N5371,2025-09-04 17:31:00,139932.0,174.32,0
N5372,2025-09-04 17:32:00,21717.0,65.27,0
N5373,2025-09-04 17:33:00,76912.0,110.73,0
N5374,2025-09-04 17:34:00,41084.0,40.06,0
N5375,2025-09-04 17:35:00,27706.0,5.58,0
N5376,2025-09-04 17:36:00,38601.0,63.63,0
N5377,2025-09-04 17:37:00,25550.0,29.47,0
N5378,2025-09-04 17:38:00,76941.0,119.47,0
N5379,2025-09-04 17:39:00,9448.0,348.78,0
N5380,2025-09-04 17:40:00,535769.0,19.47,0
N5381,2025-09-04 17:41:00,148870.0,35.95,0
N5382,2025-09-04 17:42:00,60425.0,39.14,0
N5383,2025-09-04 17:43:00,13812.0,28.52,0
N5384,2025-09-04 17:44:00,226229.0,23.6,0
N5385,2025-09-04 17:45:00,16787.0,95.34,0
N5386,2025-09-04 17:46:00,56441.0,56.65,0
N5387,2025-09-04 17:47:00,283887.0,4.7,0
N5388,2025-09-04 17:48:00,84284.0,25.51,0
N5389,2025-09-04 17:49:00,84219.0,41.1,0
N5390,2025-09-04 17:50:00,450416.0,9.48,0
N5391,2025-09-04 17:51:00,89201.0,26.14,0
N5392,2025-09-04 17:52:00,58286.0,22.62,0
N5393,2025-09-04 17:53:00,61669.0,49.64,0
N5394,2025-09-04 17:54:00,16613.0,24.78,0
N5395,2025-09-04 17:55:00,105982.0,11.57,0
N5396,2025-09-04 17:56:00,30284.0,23.45,0
N5397,2025-09-04 17:57:00,114636.0,172.84,0
N5398,2025-09-04 17:58:00,10890.0,16.45,0
N5399,2025-09-04 17:59:00,241497.0,321.21,0
N5400,2025-09-04 18:00:00,186357.0,10.96,0
N5401,2025-09-04 18:01:00,105325.0,5.92,0
N5402,2025-09-04 18:02:00,37399.0,58.4,0
N5403,2025-09-04 18:03:00,78596.0,86.72,0
N5404,2025-09-04 18:04:00,35855.0,117.61,0
N5405,2025-09-04 18:05:00,17371.0,28.97,0
N5406,2025-09-04 18:06:00,201709.0,95.12,0
N5407,2025-09-04 18:07:00,115486.0,15.1,0
N5408,2025-09-04 18:08:00,22534.0,78.48,0
N5409,2025-09-04 18:09:00,143177.0,30.73,0
N5410,2025-09-04 18:10:00,128526.0,53.08,0
N5411,2025-09-04 18:11:00,18944.0,120.17,0
N5412,2025-09-04 18:12:00,203345.0,256.79,0
N5413,2025-09-04 18:13:00,114285.0,28.78,0
N5414,2025-09-04 18:14:00,247528.0,28.74,0
N5415,2025-09-04 18:15:00,174798.0,33.61,0
N5416,2025-09-04 18:16:00,57730.0,9.82,0
N5417,2025-09-04 18:17:00,128410.0,188.49,0
N5418,2025-09-04 18:18:00,68666.0,36.16,0
N5419,2025-09-04 18:19:00,26095.0,49.86,0
N5420,2025-09-04 18:20:00,93097.0,23.13,0
N5421,2025-09-04 18:21:00,39648.0,6.05,0
N5422,2025-09-04 18:22:00,24801.0,54.13,0
N5423,2025-09-04 18:23:00,37176.0,77.57,0
N5424,2025-09-04 18:24:00,48260.0,10.52,0
N5425,2025-09-04 18:25:00,12294.0,334.95,0
N5426,2025-09-04 18:26:00,100705.0,91.85,0
N5427,2025-09-04 18:27:00,46590.0,8.62,0
N5428,2025-09-04 18:28:00,91673.0,23.62,0
N5429,2025-09-04 18:29:00,45340.0,24.44,0
N5430,2025-09-04 18:30:00,133632.0,18.96,0
N5431,2025-09-04 18:31:00,140874.0,20.04,0
N5432,2025-09-04 18:32:00,132796.0,54.21,0
N5433,2025-09-04 18:33:00,180499.0,5.5,0
N5434,2025-09-04 18:34:00,156685.0,42.98,0
N5435,2025-09-04 18:35:00,163411.0,15.65,0
N5436,2025-09-04 18:36:00,126445.0,62.79,0
N5437,2025-09-04 18:37:00,70071.0,118.7,0
N5438,2025-09-04 18:38:00,89755.0,212.76,0
N5439,2025-09-04 18:39:00,69819.0,30.71,0
N5440,2025-09-04 18:40:00,59986.0,27.75,0
N5441,2025-09-04 18:41:00,30081.0,16.14,0
N5442,2025-09-04 18:42:00,128109.0,150.81,0
N5443,2025-09-04 18:43:00,77247.0,23.33,0
N5444,2025-09-04 18:44:00,256786.0,52.43,0
N5445,2025-09-04 18:45:00,40321.0,30.37,0
N5446,2025-09-04 18:46:00,84198.0,17.02,0
N5447,2025-09-04 18:47:00,237348.0,17.04,0
N5448,2025-09-04 18:48:00,110228.0,42.53,0
N5449,2025-09-04 18:49:00,40111.0,81.87,0
N5450,2025-09-04 18:50:00,72338.0,168.93,0
N5451,2025-09-04 18:51:00,292680.0,62.0,0
N5452,2025-09-04 18:52:00,104542.0,177.15,0
N5453,2025-09-04 18:53:00,86679.0,22.73,0
N5454,2025-09-04 18:54:00,177846.0,27.97,0
N5455,2025-09-04 18:55:00,20001.0,185.92,0
N5456,2025-09-04 18:56:00,226745.0,140.5,0
N5457,2025-09-04 18:57:00,49700.0,132.77,0
N5458,2025-09-04 18:58:00,130780.0,33.8,0
N5459,2025-09-04 18:59:00,26097.0,31.43,0
N5460,2025-09-04 19:00:00,85263.0,125.12,0
N5461,2025-09-04 19:01:00,49978.0,25.21,0
N5462,2025-09-04 19:02:00,14329.0,8.09,0
N5463,2025-09-04 19:03:00,182818.0,40.29,0
N5464,2025-09-04 19:04:00,762438.0,27.64,0
N5465,2025-09-04 19:05:00,123026.0,237.51,0
N5466,2025-09-04 19:06:00,83745.0,16.14,0
N5467,2025-09-04 19:07:00,102430.0,11.99,0
N5468,2025-09-04 19:08:00,17339.0,45.39,0
N5469,2025-09-04 19:09:00,25920.0,42.99,0
N5470,2025-09-04 19:10:00,100834.0,48.3,0
N5471,2025-09-04 19:11:00,19367.0,12.07,0
N5472,2025-09-04 19:12:00,193461.0,18.86,0
N5473,2025-09-04 19:13:00,92418.0,102.25,0
N5474,2025-09-04 19:14:00,186459.0,90.71,0
N5475,2025-09-04 19:15:00,78726.0,151.03,0
N5476,2025-09-04 19:16:00,47397.0,32.89,0
N5477,2025-09-04 19:17:00,80399.0,121.65,0
N5478,2025-09-04 19:18:00,56621.0,20.88,0
N5479,2025-09-04 19:19:00,92628.0,78.18,0
N5480,2025-09-04 19:20:00,106441.0,42.02,0
N5481,2025-09-04 19:21:00,28598.0,281.74,0
N5482,2025-09-04 19:22:00,21477.0,26.69,0
N5483,2025-09-04 19:23:00,186119.0,29.22,0
N5484,2025-09-04 19:24:00,63912.0,9.42,0
N5485,2025-09-04 19:25:00,109365.0,15.54,0
N5486,2025-09-04 19:26:00,119645.0,31.83,0
N5487,2025-09-04 19:27:00,144533.0,31.14,0
N5488,2025-09-04 19:28:00,100163.0,8.34,0
N5489,2025-09-04 19:29:00,61021.0,17.97,0
N5490,2025-09-04 19:30:00,128341.0,20.56,0
N5491,2025-09-04 19:31:00,172189.0,3.03,0
N5492,2025-09-04 19:32:00,71915.0,7.69,0
N5493,2025-09-04 19:33:00,51823.0,12.38,0
N5494,2025-09-04 19:34:00,29403.0,18.4,0
N5495,2025-09-04 19:35:00,196158.0,9.31,0
N5496,2025-09-04 19:36:00,142487.0,149.16,0
N5497,2025-09-04 19:37:00,53054.0,35.97,0
N5498,2025-09-04 19:38:00,91226.0,134.06,0
N5499,2025-09-04 19:39:00,115788.0,30.43,0
N5500,2025-09-04 19:40:00,76806.0,5.96,0
N5501,2025-09-04 19:41:00,78015.0,55.15,0
N5502,2025-09-04 19:42:00,155236.0,153.85,0
N5503,2025-09-04 19:43:00,156323.0,160.82,0
N5504,2025-09-04 19:44:00,87650.0,298.64,0
N5505,2025-09-04 19:45:00,109021.0,24.86,0
N5506,2025-09-04 19:46:00,29100.0,36.71,0
N5507,2025-09-04 19:47:00,23849.0,78.31,0
N5508,2025-09-04 19:48:00,46071.0,19.17,0
N5509,2025-09-04 19:49:00,65965.0,6.27,0
N5510,2025-09-04 19:50:00,60727.0,60.89,0
N5511,2025-09-04 19:51:00,331980.0,41.36,0
N5512,2025-09-04 19:52:00,41893.0,16.17,0
N5513,2025-09-04 19:53:00,35049.0,76.09,0
N5514,2025-09-04 19:54:00,51006.0,89.1,0
N5515,2025-09-04 19:55:00,51857.0,131.48,0
N5516,2025-09-04 19:56:00,145195.0,104.94,0
N5517,2025-09-04 19:57:00,100209.0,46.4,0
N5518,2025-09-04 19:58:00,69774.0,41.82,0
N5519,2025-09-04 19:59:00,57895.0,27.37,0
N5520,2025-09-04 20:00:00,170716.0,63.32,0
N5521,2025-09-04 20:01:00,229153.0,51.29,0
N5522,2025-09-04 20:02:00,219240.0,65.15,0
N5523,2025-09-04 20:03:00,167440.0,28.59,0
N5524,2025-09-04 20:04:00,32453.0,25.15,0
N5525,2025-09-04 20:05:00,40810.0,10.34,0
N5526,2025-09-04 20:06:00,218371.0,76.38,0
N5527,2025-09-04 20:07:00,69429.0,10.73,0
N5528,2025-09-04 20:08:00,102469.0,29.9,0
N5529,2025-09-04 20:09:00,10220.0,49.76,0
N5530,2025-09-04 20:10:00,209652.0,24.4,0
N5531,2025-09-04 20:11:00,376808.0,62.74,0
N5532,2025-09-04 20:12:00,27931.0,21.7,0
N5533,2025-09-04 20:13:00,111473.0,58.89,0
N5534,2025-09-04 20:14:00,174687.0,26.26,0
N5535,2025-09-04 20:15:00,262288.0,4.8,0
N5536,2025-09-04 20:16:00,63949.0,48.94,0
N5537,2025-09-04 20:17:00,199496.0,8.01,0
N5538,2025-09-04 20:18:00,75673.0,93.77,0
N5539,2025-09-04 20:19:00,45274.0,66.26,0
N5540,2025-09-04 20:20:00,391455.0,41.4,0
N5541,2025-09-04 20:21:00,42657.0,290.03,0
N5542,2025-09-04 20:22:00,83035.0,36.23,0
N5543,2025-09-04 20:23:00,15823.0,62.33,0
N5544,2025-09-04 20:24:00,16924.0,14.67,0
N5545,2025-09-04 20:25:00,29078.0,14.53,0
N5546,2025-09-04 20:26:00,92739.0,166.97,0
N5547,2025-09-04 20:27:00,91495.0,21.32,0
N5548,2025-09-04 20:28:00,100599.0,124.43,0
N5549,2025-09-04 20:29:00,76866.0,30.88,0
N5550,2025-09-04 20:30:00,183278.0,82.83,0
N5551,2025-09-04 20:31:00,256056.0,290.37,0
N5552,2025-09-04 20:32:00,24225.0,5.57,0
N5553,2025-09-04 20:33:00,20229.0,126.55,0
N5554,2025-09-04 20:34:00,68855.0,207.46,0
N5555,2025-09-04 20:35:00,46264.0,160.03,0
N5556,2025-09-04 20:36:00,309103.0,148.02,0
N5557,2025-09-04 20:37:00,86254.0,100.25,0
N5558,2025-09-04 20:38:00,66482.0,23.78,0
N5559,2025-09-04 20:39:00,34113.0,40.9,0
N5560,2025-09-04 20:40:00,51506.0,35.97,0
N5561,2025-09-04 20:41:00,49467.0,40.15,0
N5562,2025-09-04 20:42:00,50675.0,109.03,0
N5563,2025-09-04 20:43:00,42205.0,29.4,0
N5564,2025-09-04 20:44:00,15033.0,4.07,0
N5565,2025-09-04 20:45:00,47062.0,59.45,0
N5566,2025-09-04 20:46:00,145742.0,24.53,0
N5567,2025-09-04 20:47:00,173561.0,96.25,0
N5568,2025-09-04 20:48:00,206089.0,44.65,0
N5569,2025-09-04 20:49:00,582664.0,14.04,0
N5570,2025-09-04 20:50:00,60292.0,22.49,0
N5571,2025-09-04 20:51:00,55619.0,38.7,0
N5572,2025-09-04 20:52:00,215268.0,13.17,0
N5573,2025-09-04 20:53:00,112605.0,42.54,0
N5574,2025-09-04 20:54:00,37632.0,13.43,0
N5575,2025-09-04 20:55:00,725106.0,27.48,0
N5576,2025-09-04 20:56:00,26167.0,14.09,0
N5577,2025-09-04 20:57:00,42849.0,20.54,0
N5578,2025-09-04 20:58:00,139016.0,11.69,0
N5579,2025-09-04 20:59:00,69543.0,45.1,0
N5580,2025-09-04 21:00:00,47581.0,33.43,0
N5581,2025-09-04 21:01:00,200025.0,99.5,0
N5582,2025-09-04 21:02:00,240875.0,48.3,0
N5583,2025-09-04 21:03:00,100004.0,21.32,0
N5584,2025-09-04 21:04:00,42798.0,56.78,0
N5585,2025-09-04 21:05:00,28593.0,174.0,0
N5586,2025-09-04 21:06:00,70719.0,144.38,0
N5587,2025-09-04 21:07:00,86975.0,15.66,0
N5588,2025-09-04 21:08:00,92516.0,21.93,0
N5589,2025-09-04 21:09:00,320612.0,822.43,0
N5590,2025-09-04 21:10:00,136035.0,15.72,0
N5591,2025-09-04 21:11:00,759285.0,47.89,0
N5592,2025-09-04 21:12:00,481038.0,38.89,0
N5593,2025-09-04 21:13:00,102078.0,21.05,0
N5594,2025-09-04 21:14:00,65358.0,194.96,0
N5595,2025-09-04 21:15:00,68738.0,39.96,0
N5596,2025-09-04 21:16:00,298518.0,10.86,0
N5597,2025-09-04 21:17:00,74410.0,38.34,0
N5598,2025-09-04 21:18:00,72834.0,40.95,0
N5599,2025-09-04 21:19:00,73010.0,143.13,0
N5600,2025-09-04 21:20:00,8841.0,94.04,0
N5601,2025-09-04 21:21:00,52350.0,66.21,0
N5602,2025-09-04 21:22:00,141717.0,238.03,0
N5603,2025-09-04 21:23:00,352562.0,57.21,0
N5604,2025-09-04 21:24:00,218059.0,53.1,0
N5605,2025-09-04 21:25:00,53779.0,54.09,0
N5606,2025-09-04 21:26:00,107334.0,6.01,0
N5607,2025-09-04 21:27:00,46364.0,10.62,0
N5608,2025-09-04 21:28:00,199466.0,57.45,0
N5609,2025-09-04 21:29:00,15109.0,31.2,0
N5610,2025-09-04 21:30:00,11928.0,22.54,0
N5611,2025-09-04 21:31:00,80061.0,50.96,0
N5612,2025-09-04 21:32:00,37233.0,188.08,0
N5613,2025-09-04 21:33:00,181441.0,172.48,0
N5614,2025-09-04 21:34:00,127463.0,5.33,0
N5615,2025-09-04 21:35:00,129384.0,86.13,0
N5616,2025-09-04 21:36:00,121468.0,21.36,0
N5617,2025-09-04 21:37:00,452786.0,86.84,0
N5618,2025-09-04 21:38:00,6085.0,9.4,0
N5619,2025-09-04 21:39:00,42914.0,40.32,0
N5620,2025-09-04 21:40:00,76043.0,65.19,0
N5621,2025-09-04 21:41:00,66901.0,193.01,0
N5622,2025-09-04 21:42:00,105361.0,53.68,0
N5623,2025-09-04 21:43:00,50151.0,22.7,0
N5624,2025-09-04 21:44:00,35032.0,61.41,0
N5625,2025-09-04 21:45:00,30659.0,4.46,0
N5626,2025-09-04 21:46:00,42058.0,22.86,0
N5627,2025-09-04 21:47:00,35404.0,195.82,0
N5628,2025-09-04 21:48:00,206886.0,121.44,0
N5629,2025-09-04 21:49:00,62449.0,212.51,0
N5630,2025-09-04 21:50:00,130676.0,227.46,0
N5631,2025-09-04 21:51:00,108266.0,271.02,0
N5632,2025-09-04 21:52:00,157802.0,154.15,0
N5633,2025-09-04 21:53:00,162709.0,15.19,0
N5634,2025-09-04 21:54:00,19008.0,32.45,0
N5635,2025-09-04 21:55:00,301968.0,38.15,0
N5636,2025-09-04 21:56:00,160427.0,82.89,0
N5637,2025-09-04 21:57:00,45119.0,52.23,0
N5638,2025-09-04 21:58:00,39070.0,14.14,0
N5639,2025-09-04 21:59:00,79663.0,82.65,0
N5640,2025-09-04 22:00:00,152728.0,34.82,0
N5641,2025-09-04 22:01:00,148215.0,41.42,0
N5642,2025-09-04 22:02:00,109593.0,90.12,0
N5643,2025-09-04 22:03:00,141985.0,22.44,0
N5644,2025-09-04 22:04:00,59376.0,117.26,0
N5645,2025-09-04 22:05:00,336063.0,16.1,0
N5646,2025-09-04 22:06:00,105255.0,60.41,0
N5647,2025-09-04 22:07:00,35518.0,69.22,0
N5648,2025-09-04 22:08:00,20425.0,30.22,0
N5649,2025-09-04 22:09:00,94387.0,23.66,0
N5650,2025-09-04 22:10:00,30444.0,175.74,0
N5651,2025-09-04 22:11:00,265730.0,191.61,0
N5652,2025-09-04 22:12:00,50149.0,91.74,0
N5653,2025-09-04 22:13:00,125470.0,53.86,0
N5654,2025-09-04 22:14:00,29748.0,237.62,0
N5655,2025-09-04 22:15:00,28915.0,40.98,0
N5656,2025-09-04 22:16:00,205651.0,291.79,0
N5657,2025-09-04 22:17:00,128528.0,264.07,0
N5658,2025-09-04 22:18:00,66492.0,301.98,0
N5659,2025-09-04 22:19:00,365590.0,66.6,0
N5660,2025-09-04 22:20:00,44534.0,7.03,0
N5661,2025-09-04 22:21:00,82966.0,24.83,0
N5662,2025-09-04 22:22:00,184557.0,13.24,0
N5663,2025-09-04 22:23:00,121765.0,77.07,0
N5664,2025-09-04 22:24:00,13334.0,75.79,0
N5665,2025-09-04 22:25:00,160385.0,21.86,0
N5666,2025-09-04 22:26:00,142527.0,58.9,0
N5667,2025-09-04 22:27:00,180736.0,784.66,0
N5668,2025-09-04 22:28:00,17084.0,290.22,0
N5669,2025-09-04 22:29:00,80558.0,30.51,0
N5670,2025-09-04 22:30:00,70390.0,35.34,0
N5671,2025-09-04 22:31:00,29696.0,85.01,0
N5672,2025-09-04 22:32:00,103372.0,192.84,0
N5673,2025-09-04 22:33:00,160483.0,87.09,0
N5674,2025-09-04 22:34:00,34141.0,4.78,0
N5675,2025-09-04 22:35:00,49831.0,56.48,0
N5676,2025-09-04 22:36:00,126477.0,73.76,0
N5677,2025-09-04 22:37:00,147379.0,24.67,0
N5678,2025-09-04 22:38:00,98520.0,7.75,0
N5679,2025-09-04 22:39:00,132858.0,42.78,0
N5680,2025-09-04 22:40:00,159583.0,178.02,0
N5681,2025-09-04 22:41:00,897751.0,18.26,0
N5682,2025-09-04 22:42:00,222226.0,20.8,0
N5683,2025-09-04 22:43:00,30190.0,20.57,0
N5684,2025-09-04 22:44:00,144795.0,16.42,0
N5685,2025-09-04 22:45:00,319129.0,30.64,0
N5686,2025-09-04 22:46:00,131537.0,50.6,0
N5687,2025-09-04 22:47:00,247168.0,68.18,0
N5688,2025-09-04 22:48:00,87729.0,24.9,0
N5689,2025-09-04 22:49:00,400965.0,20.72,0
N5690,2025-09-04 22:50:00,97017.0,12.48,0
N5691,2025-09-04 22:51:00,91343.0,84.61,0
N5692,2025-09-04 22:52:00,13098.0,31.13,0
N5693,2025-09-04 22:53:00,10723.0,15.74,0
N5694,2025-09-04 22:54:00,80944.0,118.67,0
N5695,2025-09-04 22:55:00,11534.0,17.04,0
N5696,2025-09-04 22:56:00,89854.0,33.71,0
N5697,2025-09-04 22:57:00,207149.0,10.29,0
N5698,2025-09-04 22:58:00,72807.0,16.45,0
N5699,2025-09-04 22:59:00,51895.0,59.05,0
N5700,2025-09-04 23:00:00,91088.0,32.01,0
N5701,2025-09-04 23:01:00,181437.0,38.14,0
N5702,2025-09-04 23:02:00,76030.0,153.5,0
N5703,2025-09-04 23:03:00,24875.0,12.69,0
N5704,2025-09-04 23:04:00,261007.0,25.77,0
N5705,2025-09-04 23:05:00,67319.0,9.46,0
N5706,2025-09-04 23:06:00,23530.0,7.21,0
N5707,2025-09-04 23:07:00,122410.0,10.73,0
N5708,2025-09-04 23:08:00,158321.0,15.08,0
N5709,2025-09-04 23:09:00,47105.0,63.94,0
N5710,2025-09-04 23:10:00,31893.0,43.44,0
N5711,2025-09-04 23:11:00,109589.0,34.22,0
N5712,2025-09-04 23:12:00,71226.0,92.58,0
N5713,2025-09-04 23:13:00,19092.0,7.39,0
N5714,2025-09-04 23:14:00,238511.0,103.72,0
N5715,2025-09-04 23:15:00,74207.0,15.42,0
N5716,2025-09-04 23:16:00,34393.0,11.46,0
N5717,2025-09-04 23:17:00,99295.0,34.24,0
N5718,2025-09-04 23:18:00,56668.0,23.44,0
N5719,2025-09-04 23:19:00,44169.0,289.7,0
N5720,2025-09-04 23:20:00,52161.0,333.34,0
N5721,2025-09-04 23:21:00,129608.0,43.11,0
N5722,2025-09-04 23:22:00,36947.0,25.75,0
N5723,2025-09-04 23:23:00,169872.0,122.94,0
N5724,2025-09-04 23:24:00,168764.0,29.99,0
N5725,2025-09-04 23:25:00,41245.0,12.08,0
N5726,2025-09-04 23:26:00,41393.0,48.68,0
N5727,2025-09-04 23:27:00,89643.0,27.13,0
N5728,2025-09-04 23:28:00,60626.0,63.11,0
N5729,2025-09-04 23:29:00,234378.0,83.42,0
N5730,2025-09-04 23:30:00,72084.0,114.53,0
N5731,2025-09-04 23:31:00,18338.0,11.78,0
N5732,2025-09-04 23:32:00,13623.0,80.31,0
N5733,2025-09-04 23:33:00,24672.0,20.56,0
N5734,2025-09-04 23:34:00,26444.0,125.35,0
N5735,2025-09-04 23:35:00,177814.0,67.34,0
N5736,2025-09-04 23:36:00,32489.0,17.78,0
N5737,2025-09-04 23:37:00,235334.0,18.7,0
N5738,2025-09-04 23:38:00,95735.0,20.62,0
N5739,2025-09-04 23:39:00,46842.0,19.89,0
N5740,2025-09-04 23:40:00,18774.0,107.2,0
N5741,2025-09-04 23:41:00,81869.0,8.02,0
N5742,2025-09-04 23:42:00,73715.0,85.47,0
N5743,2025-09-04 23:43:00,19000.0,33.46,0
N5744,2025-09-04 23:44:00,42986.0,34.11,0
N5745,2025-09-04 23:45:00,31223.0,19.72,0
N5746,2025-09-04 23:46:00,123125.0,4.6,0
N5747,2025-09-04 23:47:00,56020.0,177.4,0
N5748,2025-09-04 23:48:00,71489.0,10.22,0
N5749,2025-09-04 23:49:00,60983.0,16.98,0
N5750,2025-09-04 23:50:00,75567.0,56.51,0
N5751,2025-09-04 23:51:00,88235.0,46.8,0
N5752,2025-09-04 23:52:00,35799.0,114.21,0
N5753,2025-09-04 23:53:00,203730.0,35.48,0
N5754,2025-09-04 23:54:00,89126.0,17.72,0
N5755,2025-09-04 23:55:00,890745.0,26.65,0
N5756,2025-09-04 23:56:00,44623.0,16.33,0
N5757,2025-09-04 23:57:00,196716.0,6.58,0
N5758,2025-09-04 23:58:00,25954.0,79.99,0
N5759,2025-09-04 23:59:00,49557.0,207.54,0
N5760,2025-09-05 00:00:00,20971.0,56.06,0
N5761,2025-09-05 00:01:00,57511.0,110.31,0
N5762,2025-09-05 00:02:00,87712.0,3.75,0
N5763,2025-09-05 00:03:00,66288.0,50.03,0
N5764,2025-09-05 00:04:00,13521.0,907.48,0
N5765,2025-09-05 00:05:00,153916.0,9.24,0
N5766,2025-09-05 00:06:00,182557.0,93.4,0
N5767,2025-09-05 00:07:00,9555.0,18.01,0
N5768,2025-09-05 00:08:00,179191.0,35.44,0
N5769,2025-09-05 00:09:00,32268.0,13.35,0
N5770,2025-09-05 00:10:00,270315.0,34.95,0
N5771,2025-09-05 00:11:00,85914.0,8.91,0
N5772,2025-09-05 00:12:00,73637.0,55.53,0
N5773,2025-09-05 00:13:00,22972.0,4.76,0
N5774,2025-09-05 00:14:00,229731.0,21.92,0
N5775,2025-09-05 00:15:00,16850.0,437.0,0
N5776,2025-09-05 00:16:00,42727.0,57.21,0
N5777,2025-09-05 00:17:00,50950.0,42.06,0
N5778,2025-09-05 00:18:00,118361.0,19.02,0
N5779,2025-09-05 00:19:00,82510.0,57.15,0
N5780,2025-09-05 00:20:00,15878.0,23.29,0
N5781,2025-09-05 00:21:00,81457.0,290.51,0
N5782,2025-09-05 00:22:00,127421.0,110.74,0
N5783,2025-09-05 00:23:00,348513.0,270.61,0
N5784,2025-09-05 00:24:00,23073.0,39.15,0
N5785,2025-09-05 00:25:00,214292.0,29.73,0
N5786,2025-09-05 00:26:00,113049.0,83.5,0
N5787,2025-09-05 00:27:00,131971.0,12.51,0
N5788,2025-09-05 00:28:00,79509.0,10.39,0
N5789,2025-09-05 00:29:00,106829.0,38.5,0
N5790,2025-09-05 00:30:00,355167.0,38.79,0
N5791,2025-09-05 00:31:00,45788.0,21.27,0
N5792,2025-09-05 00:32:00,364899.0,119.82,0
N5793,2025-09-05 00:33:00,150774.0,18.85,0
N5794,2025-09-05 00:34:00,234355.0,40.19,0
N5795,2025-09-05 00:35:00,17543.0,37.71,0
N5796,2025-09-05 00:36:00,111160.0,49.91,0
N5797,2025-09-05 00:37:00,47293.0,32.9,0
N5798,2025-09-05 00:38:00,102687.0,43.31,0
N5799,2025-09-05 00:39:00,55995.0,31.85,0
N5800,2025-09-05 00:40:00,403290.0,451.75,0
N5801,2025-09-05 00:41:00,50753.0,51.76,0
N5802,2025-09-05 00:42:00,26006.0,76.76,0
N5803,2025-09-05 00:43:00,53632.0,78.7,0
N5804,2025-09-05 00:44:00,93651.0,18.56,0
N5805,2025-09-05 00:45:00,58309.0,37.36,0
N5806,2025-09-05 00:46:00,221238.0,104.26,0
N5807,2025-09-05 00:47:00,40904.0,30.37,0
N5808,2025-09-05 00:48:00,131313.0,81.73,0
N5809,2025-09-05 00:49:00,20796.0,190.89,0
N5810,2025-09-05 00:50:00,60929.0,32.53,0
N5811,2025-09-05 00:51:00,64740.0,17.24,0
N5812,2025-09-05 00:52:00,85569.0,25.42,0
N5813,2025-09-05 00:53:00,58025.0,52.09,0
N5814,2025-09-05 00:54:00,268743.0,11.22,0
N5815,2025-09-05 00:55:00,30522.0,144.71,0
N5816,2025-09-05 00:56:00,20510.0,33.41,0
N5817,2025-09-05 00:57:00,174707.0,40.62,0
N5818,2025-09-05 00:58:00,27080.0,47.57,0
N5819,2025-09-05 00:59:00,137080.0,15.03,0
N5820,2025-09-05 01:00:00,17055.0,14.8,0
N5821,2025-09-05 01:01:00,73941.0,49.99,0
N5822,2025-09-05 01:02:00,132075.0,27.5,0
N5823,2025-09-05 01:03:00,157990.0,125.96,0
N5824,2025-09-05 01:04:00,59327.0,20.97,0
N5825,2025-09-05 01:05:00,533823.0,97.1,0
N5826,2025-09-05 01:06:00,162551.0,36.87,0
N5827,2025-09-05 01:07:00,189965.0,176.52,0
N5828,2025-09-05 01:08:00,60699.0,15.85,0
N5829,2025-09-05 01:09:00,56191.0,45.15,0
N5830,2025-09-05 01:10:00,75325.0,48.67,0
N5831,2025-09-05 01:11:00,651332.0,10.05,0
N5832,2025-09-05 01:12:00,298121.0,82.94,0
N5833,2025-09-05 01:13:00,19118.0,40.36,0
N5834,2025-09-05 01:14:00,9196.0,27.59,0
N5835,2025-09-05 01:15:00,33598.0,27.31,0
N5836,2025-09-05 01:16:00,77352.0,247.0,0
N5837,2025-09-05 01:17:00,24334.0,21.46,0
N5838,2025-09-05 01:18:00,129253.0,67.0,0
N5839,2025-09-05 01:19:00,60670.0,43.99,0
N5840,2025-09-05 01:20:00,101747.0,61.19,0
N5841,2025-09-05 01:21:00,789025.0,72.04,0
N5842,2025-09-05 01:22:00,42741.0,6.67,0
N5843,2025-09-05 01:23:00,110183.0,56.52,0
N5844,2025-09-05 01:24:00,549569.0,137.06,0
N5845,2025-09-05 01:25:00,27602.0,19.35,0
N5846,2025-09-05 01:26:00,172607.0,4.88,0
N5847,2025-09-05 01:27:00,39802.0,229.1,0
N5848,2025-09-05 01:28:00,25572.0,12.08,0
N5849,2025-09-05 01:29:00,159306.0,104.7,0
N5850,2025-09-05 01:30:00,154211.0,43.95,0
N5851,2025-09-05 01:31:00,54482.0,4.93,0
N5852,2025-09-05 01:32:00,122204.0,280.38,0
N5853,2025-09-05 01:33:00,502130.0,12.79,0
N5854,2025-09-05 01:34:00,48819.0,13.15,0
N5855,2025-09-05 01:35:00,208206.0,1.78,0
N5856,2025-09-05 01:36:00,15484.0,31.09,0
N5857,2025-09-05 01:37:00,47563.0,47.93,0
N5858,2025-09-05 01:38:00,19930.0,49.39,0
N5859,2025-09-05 01:39:00,52648.0,7.78,0
N5860,2025-09-05 01:40:00,60571.0,21.72,0
N5861,2025-09-05 01:41:00,120253.0,13.68,0
N5862,2025-09-05 01:42:00,71188.0,5.35,0
N5863,2025-09-05 01:43:00,56209.0,14.51,0
N5864,2025-09-05 01:44:00,114431.0,75.04,0
N5865,2025-09-05 01:45:00,157618.0,15.92,0
N5866,2025-09-05 01:46:00,50146.0,42.72,0
N5867,2025-09-05 01:47:00,77362.0,72.5,0
N5868,2025-09-05 01:48:00,551232.0,6.85,0
N5869,2025-09-05 01:49:00,23100.0,31.38,0
N5870,2025-09-05 01:50:00,128677.0,68.8,0
N5871,2025-09-05 01:51:00,20080.0,105.22,0
N5872,2025-09-05 01:52:00,36137.0,48.41,0
N5873,2025-09-05 01:53:00,119718.0,13.54,0
N5874,2025-09-05 01:54:00,373629.0,75.16,0
N5875,2025-09-05 01:55:00,230939.0,47.56,0
N5876,2025-09-05 01:56:00,50867.0,8.06,0
N5877,2025-09-05 01:57:00,108145.0,447.49,0
N5878,2025-09-05 01:58:00,280665.0,49.19,0
N5879,2025-09-05 01:59:00,201935.0,47.55,0
N5880,2025-09-05 02:00:00,25558.0,41.86,0
N5881,2025-09-05 02:01:00,84730.0,53.93,0
N5882,2025-09-05 02:02:00,34616.0,27.29,0
N5883,2025-09-05 02:03:00,97670.0,42.97,0
N5884,2025-09-05 02:04:00,452714.0,14.81,0
N5885,2025-09-05 02:05:00,276943.0,45.52,0
N5886,2025-09-05 02:06:00,125997.0,18.33,0
N5887,2025-09-05 02:07:00,87473.0,30.32,0
N5888,2025-09-05 02:08:00,25714.0,18.51,0
N5889,2025-09-05 02:09:00,113501.0,62.59,0
N5890,2025-09-05 02:10:00,35953.0,16.09,0
N5891,2025-09-05 02:11:00,134687.0,26.47,0
N5892,2025-09-05 02:12:00,108381.0,90.86,0
N5893,2025-09-05 02:13:00,170077.0,44.04,0
N5894,2025-09-05 02:14:00,99301.0,33.02,0
N5895,2025-09-05 02:15:00,176076.0,3.01,0
N5896,2025-09-05 02:16:00,55663.0,10.62,0
N5897,2025-09-05 02:17:00,249453.0,19.09,0
N5898,2025-09-05 02:18:00,102033.0,8.88,0
N5899,2025-09-05 02:19:00,36778.0,9.72,0
N5900,2025-09-05 02:20:00,11300.0,46.27,0
N5901,2025-09-05 02:21:00,61812.0,31.53,0
N5902,2025-09-05 02:22:00,276362.0,24.32,0
N5903,2025-09-05 02:23:00,168466.0,81.25,0
N5904,2025-09-05 02:24:00,4371.0,15.33,0
N5905,2025-09-05 02:25:00,137196.0,129.45,0
N5906,2025-09-05 02:26:00,201967.0,125.22,0
N5907,2025-09-05 02:27:00,237942.0,38.79,0
N5908,2025-09-05 02:28:00,42022.0,10.92,0
N5909,2025-09-05 02:29:00,52999.0,26.98,0
N5910,2025-09-05 02:30:00,326657.0,36.81,0
N5911,2025-09-05 02:31:00,73388.0,93.05,0
N5912,2025-09-05 02:32:00,51353.0,34.39,0
N5913,2025-09-05 02:33:00,23216.0,34.62,0
N5914,2025-09-05 02:34:00,132982.0,29.24,0
N5915,2025-09-05 02:35:00,54569.0,43.99,0
N5916,2025-09-05 02:36:00,52857.0,14.76,0
N5917,2025-09-05 02:37:00,39638.0,67.14,0
N5918,2025-09-05 02:38:00,46337.0,11.12,0
N5919,2025-09-05 02:39:00,49566.0,36.33,0
N5920,2025-09-05 02:40:00,74039.0,34.79,0
N5921,2025-09-05 02:41:00,211386.0,99.77,0
N5922,2025-09-05 02:42:00,113578.0,48.68,0
N5923,2025-09-05 02:43:00,115767.0,217.46,0
N5924,2025-09-05 02:44:00,105617.0,170.6,0
N5925,2025-09-05 02:45:00,48701.0,16.57,0
N5926,2025-09-05 02:46:00,93823.0,24.23,0
N5927,2025-09-05 02:47:00,334098.0,9.38,0
N5928,2025-09-05 02:48:00,123531.0,30.26,0
N5929,2025-09-05 02:49:00,35724.0,11.5,0
N5930,2025-09-05 02:50:00,64985.0,31.74,0
N5931,2025-09-05 02:51:00,9568.0,26.71,0
N5932,2025-09-05 02:52:00,102718.0,113.5,0
N5933,2025-09-05 02:53:00,163011.0,12.97,0
N5934,2025-09-05 02:54:00,490485.0,15.51,0
N5935,2025-09-05 02:55:00,88088.0,123.1,0
N5936,2025-09-05 02:56:00,73095.0,19.22,0
N5937,2025-09-05 02:57:00,388035.0,8.05,0
N5938,2025-09-05 02:58:00,82159.0,67.79,0
N5939,2025-09-05 02:59:00,189402.0,82.94,0
N5940,2025-09-05 03:00:00,151777.0,28.33,0
N5941,2025-09-05 03:01:00,115576.0,14.06,0
N5942,2025-09-05 03:02:00,387072.0,86.57,0
N5943,2025-09-05 03:03:00,216933.0,33.23,0
N5944,2025-09-05 03:04:00,89796.0,19.34,0
N5945,2025-09-05 03:05:00,1110554.0,11.03,0
N5946,2025-09-05 03:06:00,231312.0,11.59,0
N5947,2025-09-05 03:07:00,327606.0,19.9,0
N5948,2025-09-05 03:08:00,203858.0,42.75,0
N5949,2025-09-05 03:09:00,52784.0,21.29,0
N5950,2025-09-05 03:10:00,1600768.0,4.52,0
N5951,2025-09-05 03:11:00,276943.0,106.42,0
N5952,2025-09-05 03:12:00,77624.0,34.03,0
N5953,2025-09-05 03:13:00,410876.0,7.22,0
N5954,2025-09-05 03:14:00,17535.0,10.61,0
N5955,2025-09-05 03:15:00,14859.0,2.37,0
N5956,2025-09-05 03:16:00,21760.0,58.09,0
N5957,2025-09-05 03:17:00,123074.0,15.61,0
N5958,2025-09-05 03:18:00,68495.0,77.52,0
N5959,2025-09-05 03:19:00,50891.0,62.81,0
N5960,2025-09-05 03:20:00,57775.0,8.8,0
N5961,2025-09-05 03:21:00,99131.0,45.97,0
N5962,2025-09-05 03:22:00,228952.0,54.74,0
N5963,2025-09-05 03:23:00,131656.0,79.58,0
N5964,2025-09-05 03:24:00,122365.0,43.03,0
N5965,2025-09-05 03:25:00,75242.0,97.18,0
N5966,2025-09-05 03:26:00,454171.0,56.66,0
N5967,2025-09-05 03:27:00,26679.0,66.05,0
N5968,2025-09-05 03:28:00,5805.0,2.89,0
N5969,2025-09-05 03:29:00,163292.0,32.17,0
N5970,2025-09-05 03:30:00,56875.0,30.73,0
N5971,2025-09-05 03:31:00,108936.0,75.39,0
N5972,2025-09-05 03:32:00,104723.0,20.67,0
N5973,2025-09-05 03:33:00,330315.0,19.93,0
N5974,2025-09-05 03:34:00,58565.0,151.95,0
N5975,2025-09-05 03:35:00,158893.0,22.12,0
N5976,2025-09-05 03:36:00,22581.0,20.85,0
N5977,2025-09-05 03:37:00,16074.0,9.44,0
N5978,2025-09-05 03:38:00,124273.0,4.16,0
N5979,2025-09-05 03:39:00,45323.0,26.44,0
N5980,2025-09-05 03:40:00,44749.0,8.11,0
N5981,2025-09-05 03:41:00,26403.0,98.65,0
N5982,2025-09-05 03:42:00,240105.0,46.63,0
N5983,2025-09-05 03:43:00,158509.0,32.91,0
N5984,2025-09-05 03:44:00,28199.0,15.02,0
N5985,2025-09-05 03:45:00,246790.0,33.02,0
N5986,2025-09-05 03:46:00,62244.0,52.63,0
N5987,2025-09-05 03:47:00,44104.0,15.78,0
N5988,2025-09-05 03:48:00,61675.0,63.65,0
N5989,2025-09-05 03:49:00,80045.0,63.04,0
N5990,2025-09-05 03:50:00,100629.0,34.04,0
N5991,2025-09-05 03:51:00,222584.0,46.35,0
N5992,2025-09-05 03:52:00,211505.0,121.37,0
N5993,2025-09-05 03:53:00,73418.0,4.48,0
N5994,2025-09-05 03:54:00,429934.0,54.43,0
N5995,2025-09-05 03:55:00,334749.0,15.88,0
N5996,2025-09-05 03:56:00,64392.0,14.92,0
N5997,2025-09-05 03:57:00,188392.0,70.3,0
N5998,2025-09-05 03:58:00,107099.0,281.15,0
N5999,2025-09-05 03:59:00,59281.0,58.13,0
N6000,2025-09-05 04:00:00,138890.0,27.96,0
N6001,2025-09-05 04:01:00,49696.0,12.84,0
N6002,2025-09-05 04:02:00,29522.0,55.44,0
N6003,2025-09-05 04:03:00,154387.0,4.54,0
N6004,2025-09-05 04:04:00,35823.0,43.55,0
N6005,2025-09-05 04:05:00,173019.0,11.58,0
N6006,2025-09-05 04:06:00,130381.0,12.31,0
N6007,2025-09-05 04:07:00,105037.0,7.23,0
N6008,2025-09-05 04:08:00,71575.0,51.69,0
N6009,2025-09-05 04:09:00,19494.0,41.43,0
N6010,2025-09-05 04:10:00,35361.0,65.58,0
N6011,2025-09-05 04:11:00,51983.0,16.34,0
N6012,2025-09-05 04:12:00,55000.0,56.43,0
N6013,2025-09-05 04:13:00,10645.0,263.53,0
N6014,2025-09-05 04:14:00,8927.0,47.62,0
N6015,2025-09-05 04:15:00,53689.0,72.91,0
N6016,2025-09-05 04:16:00,26342.0,23.74,0
N6017,2025-09-05 04:17:00,48473.0,16.93,0
N6018,2025-09-05 04:18:00,76921.0,24.58,0
N6019,2025-09-05 04:19:00,95628.0,38.05,0
N6020,2025-09-05 04:20:00,68019.0,21.09,0
N6021,2025-09-05 04:21:00,53194.0,18.68,0
N6022,2025-09-05 04:22:00,188514.0,75.66,0
N6023,2025-09-05 04:23:00,131945.0,8.54,0
N6024,2025-09-05 04:24:00,90943.0,13.28,0
N6025,2025-09-05 04:25:00,50134.0,32.6,0
N6026,2025-09-05 04:26:00,72922.0,11.35,0
N6027,2025-09-05 04:27:00,15720.0,42.67,0
N6028,2025-09-05 04:28:00,230850.0,144.72,0
N6029,2025-09-05 04:29:00,14309.0,29.31,0
N6030,2025-09-05 04:30:00,60445.0,79.43,0
N6031,2025-09-05 04:31:00,117668.0,27.58,0
N6032,2025-09-05 04:32:00,31088.0,49.67,0
N6033,2025-09-05 04:33:00,66682.0,30.26,0
N6034,2025-09-05 04:34:00,185010.0,107.88,0
N6035,2025-09-05 04:35:00,119318.0,35.78,0
N6036,2025-09-05 04:36:00,109724.0,40.52,0
N6037,2025-09-05 04:37:00,60607.0,7.01,0
N6038,2025-09-05 04:38:00,60653.0,16.24,0
N6039,2025-09-05 04:39:00,48100.0,134.32,0
N6040,2025-09-05 04:40:00,15595.0,15.88,0
N6041,2025-09-05 04:41:00,248437.0,225.14,0
N6042,2025-09-05 04:42:00,580924.0,4.71,0
N6043,2025-09-05 04:43:00,71349.0,280.98,0
N6044,2025-09-05 04:44:00,42865.0,21.17,0
N6045,2025-09-05 04:45:00,100245.0,6.74,0
N6046,2025-09-05 04:46:00,545313.0,6.22,0
N6047,2025-09-05 04:47:00,78716.0,53.29,0
N6048,2025-09-05 04:48:00,113464.0,181.05,0
N6049,2025-09-05 04:49:00,27470.0,30.22,0
N6050,2025-09-05 04:50:00,72514.0,50.24,0
N6051,2025-09-05 04:51:00,80709.0,8.44,0
N6052,2025-09-05 04:52:00,197194.0,94.23,0
N6053,2025-09-05 04:53:00,19446.0,406.6,0
N6054,2025-09-05 04:54:00,209859.0,78.44,0
N6055,2025-09-05 04:55:00,112117.0,23.03,0
N6056,2025-09-05 04:56:00,57899.0,49.41,0
N6057,2025-09-05 04:57:00,44488.0,40.8,0
N6058,2025-09-05 04:58:00,229969.0,31.2,0
N6059,2025-09-05 04:59:00,33529.0,18.62,0
N6060,2025-09-05 05:00:00,28016.0,80.12,0
N6061,2025-09-05 05:01:00,62959.0,62.34,0
N6062,2025-09-05 05:02:00,84623.0,43.64,0
N6063,2025-09-05 05:03:00,107201.0,115.33,0
N6064,2025-09-05 05:04:00,93444.0,17.12,0
N6065,2025-09-05 05:05:00,247460.0,55.4,0
N6066,2025-09-05 05:06:00,11896.0,39.84,0
N6067,2025-09-05 05:07:00,337349.0,278.66,0
N6068,2025-09-05 05:08:00,143687.0,21.54,0
N6069,2025-09-05 05:09:00,32420.0,13.47,0
N6070,2025-09-05 05:10:00,207098.0,27.5,0
N6071,2025-09-05 05:11:00,488450.0,29.18,0
N6072,2025-09-05 05:12:00,128763.0,100.87,0
N6073,2025-09-05 05:13:00,202170.0,69.03,0
N6074,2025-09-05 05:14:00,96063.0,64.9,0
N6075,2025-09-05 05:15:00,113570.0,13.1,0
N6076,2025-09-05 05:16:00,72426.0,8.3,0
N6077,2025-09-05 05:17:00,51413.0,16.07,0
N6078,2025-09-05 05:18:00,68494.0,49.73,0
N6079,2025-09-05 05:19:00,48097.0,45.92,0
N6080,2025-09-05 05:20:00,234604.0,22.92,0
N6081,2025-09-05 05:21:00,110913.0,44.87,0
N6082,2025-09-05 05:22:00,85902.0,11.9,0
N6083,2025-09-05 05:23:00,13442.0,13.5,0
N6084,2025-09-05 05:24:00,96206.0,35.71,0
N6085,2025-09-05 05:25:00,38975.0,13.16,0
N6086,2025-09-05 05:26:00,71116.0,25.01,0
N6087,2025-09-05 05:27:00,65653.0,112.78,0
N6088,2025-09-05 05:28:00,58013.0,32.67,0
N6089,2025-09-05 05:29:00,549943.0,53.96,0
N6090,2025-09-05 05:30:00,58319.0,10.25,0
N6091,2025-09-05 05:31:00,15661.0,29.31,0
N6092,2025-09-05 05:32:00,257059.0,35.17,0
N6093,2025-09-05 05:33:00,25336.0,5.84,0
N6094,2025-09-05 05:34:00,95722.0,48.5,0
N6095,2025-09-05 05:35:00,165198.0,65.27,0
N6096,2025-09-05 05:36:00,118983.0,162.81,0
N6097,2025-09-05 05:37:00,223386.0,10.35,0
N6098,2025-09-05 05:38:00,224658.0,12.79,0
N6099,2025-09-05 05:39:00,89634.0,22.98,0
N6100,2025-09-05 05:40:00,378129.0,21.27,0
N6101,2025-09-05 05:41:00,116472.0,127.39,0
N6102,2025-09-05 05:42:00,68123.0,329.62,0
N6103,2025-09-05 05:43:00,454472.0,15.83,0
N6104,2025-09-05 05:44:00,27856.0,14.54,0
N6105,2025-09-05 05:45:00,19544.0,59.74,0
N6106,2025-09-05 05:46:00,290839.0,41.2,0
N6107,2025-09-05 05:47:00,177564.0,5.54,0
N6108,2025-09-05 05:48:00,31946.0,30.22,0
N6109,2025-09-05 05:49:00,113493.0,9.13,0
N6110,2025-09-05 05:50:00,108720.0,23.78,0
N6111,2025-09-05 05:51:00,54470.0,108.11,0
N6112,2025-09-05 05:52:00,101458.0,98.33,0
N6113,2025-09-05 05:53:00,151607.0,49.29,0
N6114,2025-09-05 05:54:00,271809.0,13.2,0
N6115,2025-09-05 05:55:00,86148.0,149.16,0
N6116,2025-09-05 05:56:00,161195.0,92.06,0
N6117,2025-09-05 05:57:00,94846.0,21.59,0
N6118,2025-09-05 05:58:00,74730.0,6.68,0
N6119,2025-09-05 05:59:00,251410.0,67.81,0
N6120,2025-09-05 06:00:00,29302.0,176.66,0
N6121,2025-09-05 06:01:00,61644.0,41.64,0
N6122,2025-09-05 06:02:00,43047.0,25.69,0
N6123,2025-09-05 06:03:00,115041.0,86.08,0
N6124,2025-09-05 06:04:00,26744.0,280.87,0
N6125,2025-09-05 06:05:00,133292.0,15.96,0
N6126,2025-09-05 06:06:00,162630.0,12.39,0
N6127,2025-09-05 06:07:00,87675.0,28.06,0
N6128,2025-09-05 06:08:00,152624.0,9.73,0
N6129,2025-09-05 06:09:00,420247.0,44.79,0
N6130,2025-09-05 06:10:00,42823.0,15.6,0
N6131,2025-09-05 06:11:00,50723.0,53.03,0
N6132,2025-09-05 06:12:00,176669.0,169.12,0
N6133,2025-09-05 06:13:00,130138.0,92.38,0
N6134,2025-09-05 06:14:00,386315.0,65.75,0
N6135,2025-09-05 06:15:00,62751.0,30.9,0
N6136,2025-09-05 06:16:00,81125.0,26.36,0
N6137,2025-09-05 06:17:00,19989.0,9.68,0
N6138,2025-09-05 06:18:00,292170.0,4.81,0
N6139,2025-09-05 06:19:00,27892.0,132.96,0
N6140,2025-09-05 06:20:00,113859.0,22.71,0
N6141,2025-09-05 06:21:00,139323.0,76.54,0
N6142,2025-09-05 06:22:00,26104.0,124.82,0
N6143,2025-09-05 06:23:00,36398.0,159.94,0
N6144,2025-09-05 06:24:00,81636.0,43.36,0
N6145,2025-09-05 06:25:00,44521.0,27.41,0
N6146,2025-09-05 06:26:00,50376.0,19.7,0
N6147,2025-09-05 06:27:00,78229.0,48.96,0
N6148,2025-09-05 06:28:00,39930.0,157.22,0
N6149,2025-09-05 06:29:00,272026.0,14.77,0
N6150,2025-09-05 06:30:00,27923.0,16.05,0
N6151,2025-09-05 06:31:00,26068.0,243.94,0
N6152,2025-09-05 06:32:00,195430.0,42.3,0
N6153,2025-09-05 06:33:00,68323.0,19.75,0
N6154,2025-09-05 06:34:00,82664.0,33.46,0
N6155,2025-09-05 06:35:00,64325.0,78.62,0
N6156,2025-09-05 06:36:00,81847.0,8.41,0
N6157,2025-09-05 06:37:00,112159.0,20.23,0
N6158,2025-09-05 06:38:00,130936.0,84.9,0
N6159,2025-09-05 06:39:00,546214.0,11.48,0
N6160,2025-09-05 06:40:00,59959.0,91.47,0
N6161,2025-09-05 06:41:00,148990.0,18.8,0
N6162,2025-09-05 06:42:00,99221.0,46.29,0
N6163,2025-09-05 06:43:00,39986.0,55.31,0
N6164,2025-09-05 06:44:00,64088.0,55.68,0
N6165,2025-09-05 06:45:00,60760.0,4.33,0
N6166,2025-09-05 06:46:00,76518.0,14.05,0
N6167,2025-09-05 06:47:00,47107.0,121.33,0
N6168,2025-09-05 06:48:00,69652.0,18.81,0
N6169,2025-09-05 06:49:00,51926.0,10.57,0
N6170,2025-09-05 06:50:00,78047.0,8.19,0
N6171,2025-09-05 06:51:00,29295.0,7.46,0
N6172,2025-09-05 06:52:00,31928.0,130.37,0
N6173,2025-09-05 06:53:00,275206.0,188.59,0
N6174,2025-09-05 06:54:00,21860.0,5.77,0
N6175,2025-09-05 06:55:00,673431.0,76.99,0
N6176,2025-09-05 06:56:00,38420.0,13.64,0
N6177,2025-09-05 06:57:00,124965.0,48.98,0
N6178,2025-09-05 06:58:00,67023.0,60.5,0
N6179,2025-09-05 06:59:00,25507.0,26.37,0
N6180,2025-09-05 07:00:00,54428.0,6.18,0
N6181,2025-09-05 07:01:00,133268.0,392.27,0
N6182,2025-09-05 07:02:00,178264.0,178.15,0
N6183,2025-09-05 07:03:00,50441.0,23.15,0
N6184,2025-09-05 07:04:00,6205.0,8.93,0
N6185,2025-09-05 07:05:00,168537.0,208.62,0
N6186,2025-09-05 07:06:00,121696.0,9.66,0
N6187,2025-09-05 07:07:00,91963.0,145.96,0
N6188,2025-09-05 07:08:00,203110.0,86.07,0
N6189,2025-09-05 07:09:00,243804.0,9.95,0
N6190,2025-09-05 07:10:00,405552.0,20.51,0
N6191,2025-09-05 07:11:00,77507.0,59.85,0
N6192,2025-09-05 07:12:00,103233.0,21.73,0
N6193,2025-09-05 07:13:00,29080.0,7.25,0
N6194,2025-09-05 07:14:00,57761.0,3.31,0
N6195,2025-09-05 07:15:00,112300.0,6.9,0
N6196,2025-09-05 07:16:00,100791.0,66.9,0
N6197,2025-09-05 07:17:00,363215.0,19.43,0
N6198,2025-09-05 07:18:00,85988.0,22.73,0
N6199,2025-09-05 07:19:00,220275.0,142.02,0
N6200,2025-09-05 07:20:00,29999.0,78.71,0
N6201,2025-09-05 07:21:00,101951.0,45.47,0
N6202,2025-09-05 07:22:00,70428.0,8.67,0
N6203,2025-09-05 07:23:00,151355.0,18.63,0
N6204,2025-09-05 07:24:00,12237.0,12.31,0
N6205,2025-09-05 07:25:00,106061.0,6.52,0
N6206,2025-09-05 07:26:00,185577.0,39.53,0
N6207,2025-09-05 07:27:00,72441.0,49.07,0
N6208,2025-09-05 07:28:00,86420.0,30.31,0
N6209,2025-09-05 07:29:00,85938.0,41.86,0
N6210,2025-09-05 07:30:00,52287.0,73.75,0
N6211,2025-09-05 07:31:00,50502.0,90.76,0
N6212,2025-09-05 07:32:00,34815.0,42.19,0
N6213,2025-09-05 07:33:00,33451.0,73.77,0
N6214,2025-09-05 07:34:00,131797.0,11.75,0
N6215,2025-09-05 07:35:00,68601.0,39.74,0
N6216,2025-09-05 07:36:00,142726.0,29.04,0
N6217,2025-09-05 07:37:00,50225.0,26.23,0
N6218,2025-09-05 07:38:00,91165.0,38.56,0
N6219,2025-09-05 07:39:00,16770.0,53.94,0
N6220,2025-09-05 07:40:00,43117.0,59.17,0
N6221,2025-09-05 07:41:00,71663.0,93.4,0
N6222,2025-09-05 07:42:00,54153.0,23.51,0
N6223,2025-09-05 07:43:00,53901.0,135.68,0
N6224,2025-09-05 07:44:00,146208.0,10.88,0
N6225,2025-09-05 07:45:00,55794.0,34.98,0
N6226,2025-09-05 07:46:00,82735.0,9.04,0
N6227,2025-09-05 07:47:00,112163.0,110.67,0
N6228,2025-09-05 07:48:00,185995.0,178.77,0
N6229,2025-09-05 07:49:00,57233.0,31.9,0
N6230,2025-09-05 07:50:00,68295.0,17.94,0
N6231,2025-09-05 07:51:00,25895.0,10.11,0
N6232,2025-09-05 07:52:00,46162.0,37.77,0
N6233,2025-09-05 07:53:00,157873.0,27.32,0
N6234,2025-09-05 07:54:00,40303.0,99.24,0
N6235,2025-09-05 07:55:00,39992.0,177.27,0
N6236,2025-09-05 07:56:00,51916.0,60.47,0
N6237,2025-09-05 07:57:00,179319.0,47.5,0
N6238,2025-09-05 07:58:00,89763.0,71.0,0
N6239,2025-09-05 07:59:00,61129.0,72.96,0
N6240,2025-09-05 08:00:00,121127.0,93.19,0
N6241,2025-09-05 08:01:00,210283.0,148.21,0
N6242,2025-09-05 08:02:00,218938.0,26.25,0
N6243,2025-09-05 08:03:00,24487.0,19.67,0
N6244,2025-09-05 08:04:00,153218.0,17.1,0
N6245,2025-09-05 08:05:00,54102.0,121.82,0
N6246,2025-09-05 08:06:00,75549.0,73.09,0
N6247,2025-09-05 08:07:00,90979.0,312.31,0
N6248,2025-09-05 08:08:00,112148.0,29.04,0
N6249,2025-09-05 08:09:00,69513.0,23.87,0
N6250,2025-09-05 08:10:00,78560.0,69.31,0
N6251,2025-09-05 08:11:00,245602.0,83.02,0
N6252,2025-09-05 08:12:00,135428.0,74.73,0
N6253,2025-09-05 08:13:00,138754.0,79.74,0
N6254,2025-09-05 08:14:00,176409.0,17.81,0
N6255,2025-09-05 08:15:00,11245.0,65.31,0
N6256,2025-09-05 08:16:00,10150.0,42.24,0
N6257,2025-09-05 08:17:00,65446.0,175.25,0
N6258,2025-09-05 08:18:00,69239.0,9.63,0
N6259,2025-09-05 08:19:00,117711.0,17.11,0
N6260,2025-09-05 08:20:00,105844.0,117.39,0
N6261,2025-09-05 08:21:00,332750.0,58.73,0
N6262,2025-09-05 08:22:00,245731.0,201.37,0
N6263,2025-09-05 08:23:00,146523.0,28.76,0
N6264,2025-09-05 08:24:00,39044.0,84.6,0
N6265,2025-09-05 08:25:00,20815.0,10.66,0
N6266,2025-09-05 08:26:00,90447.0,30.76,0
N6267,2025-09-05 08:27:00,127052.0,177.67,0
N6268,2025-09-05 08:28:00,72874.0,179.13,0
N6269,2025-09-05 08:29:00,39546.0,32.15,0
N6270,2025-09-05 08:30:00,135822.0,12.88,0
N6271,2025-09-05 08:31:00,95222.0,45.11,0
N6272,2025-09-05 08:32:00,113811.0,59.53,0
N6273,2025-09-05 08:33:00,31662.0,168.18,0
N6274,2025-09-05 08:34:00,26160.0,125.64,0
N6275,2025-09-05 08:35:00,16262.0,3.15,0
N6276,2025-09-05 08:36:00,122049.0,32.07,0
N6277,2025-09-05 08:37:00,36965.0,105.75,0
N6278,2025-09-05 08:38:00,208954.0,24.0,0
N6279,2025-09-05 08:39:00,507665.0,40.96,0
N6280,2025-09-05 08:40:00,33826.0,63.33,0
N6281,2025-09-05 08:41:00,36040.0,159.53,0
N6282,2025-09-05 08:42:00,74401.0,34.35,0
N6283,2025-09-05 08:43:00,55572.0,173.41,0
N6284,2025-09-05 08:44:00,313631.0,24.98,0
N6285,2025-09-05 08:45:00,40757.0,149.98,0
N6286,2025-09-05 08:46:00,258733.0,32.96,0
N6287,2025-09-05 08:47:00,123712.0,26.77,0
N6288,2025-09-05 08:48:00,67581.0,54.02,0
N6289,2025-09-05 08:49:00,110820.0,52.42,0
N6290,2025-09-05 08:50:00,56182.0,35.97,0
N6291,2025-09-05 08:51:00,326853.0,29.87,0
N6292,2025-09-05 08:52:00,75759.0,22.86,0
N6293,2025-09-05 08:53:00,32773.0,69.2,0
N6294,2025-09-05 08:54:00,78877.0,28.08,0
N6295,2025-09-05 08:55:00,55562.0,41.61,0
N6296,2025-09-05 08:56:00,20715.0,37.16,0
N6297,2025-09-05 08:57:00,22835.0,205.76,0
N6298,2025-09-05 08:58:00,22285.0,77.38,0
N6299,2025-09-05 08:59:00,54144.0,35.94,0
N6300,2025-09-05 09:00:00,99632.0,14.52,0
N6301,2025-09-05 09:01:00,59362.0,48.36,0
N6302,2025-09-05 09:02:00,893179.0,20.77,0
N6303,2025-09-05 09:03:00,24959.0,28.19,0
N6304,2025-09-05 09:04:00,137759.0,48.97,0
N6305,2025-09-05 09:05:00,316092.0,50.04,0
N6306,2025-09-05 09:06:00,16801.0,21.39,0
N6307,2025-09-05 09:07:00,42481.0,122.1,0
N6308,2025-09-05 09:08:00,220289.0,8.25,0
N6309,2025-09-05 09:09:00,240336.0,92.67,0
N6310,2025-09-05 09:10:00,10737.0,90.45,0
N6311,2025-09-05 09:11:00,113803.0,191.86,0
N6312,2025-09-05 09:12:00,89941.0,67.06,0
N6313,2025-09-05 09:13:00,201720.0,29.02,0
N6314,2025-09-05 09:14:00,104225.0,56.92,0
N6315,2025-09-05 09:15:00,211160.0,39.76,0
N6316,2025-09-05 09:16:00,81835.0,43.52,0
N6317,2025-09-05 09:17:00,93743.0,44.62,0
N6318,2025-09-05 09:18:00,65014.0,12.26,0
N6319,2025-09-05 09:19:00,43982.0,88.01,0
N6320,2025-09-05 09:20:00,32527.0,10.03,0
N6321,2025-09-05 09:21:00,23323.0,7.83,0
N6322,2025-09-05 09:22:00,40826.0,4.55,0
N6323,2025-09-05 09:23:00,100463.0,9.85,0
N6324,2025-09-05 09:24:00,136266.0,14.19,0
N6325,2025-09-05 09:25:00,238002.0,20.65,0
N6326,2025-09-05 09:26:00,95673.0,20.78,0
N6327,2025-09-05 09:27:00,98444.0,89.22,0
N6328,2025-09-05 09:28:00,32377.0,91.41,0
N6329,2025-09-05 09:29:00,44895.0,12.06,0
N6330,2025-09-05 09:30:00,316339.0,71.71,0
N6331,2025-09-05 09:31:00,120039.0,18.4,0
N6332,2025-09-05 09:32:00,38654.0,114.82,0
N6333,2025-09-05 09:33:00,126437.0,18.94,0
N6334,2025-09-05 09:34:00,9479.0,24.94,0
N6335,2025-09-05 09:35:00,17961.0,14.84,0
N6336,2025-09-05 09:36:00,181505.0,42.09,0
N6337,2025-09-05 09:37:00,50394.0,12.22,0
N6338,2025-09-05 09:38:00,59476.0,36.85,0
N6339,2025-09-05 09:39:00,87359.0,135.5,0
N6340,2025-09-05 09:40:00,86101.0,132.21,0
N6341,2025-09-05 09:41:00,228770.0,56.27,0
N6342,2025-09-05 09:42:00,10219.0,40.55,0
N6343,2025-09-05 09:43:00,103641.0,13.15,0
N6344,2025-09-05 09:44:00,31787.0,33.63,0
N6345,2025-09-05 09:45:00,102033.0,128.38,0
N6346,2025-09-05 09:46:00,14803.0,36.43,0
N6347,2025-09-05 09:47:00,116800.0,22.37,0
N6348,2025-09-05 09:48:00,472107.0,22.51,0
N6349,2025-09-05 09:49:00,65383.0,45.61,0
N6350,2025-09-05 09:50:00,33629.0,53.12,0
N6351,2025-09-05 09:51:00,993819.0,90.55,0
N6352,2025-09-05 09:52:00,17623.0,7.41,0
N6353,2025-09-05 09:53:00,70629.0,45.04,0
N6354,2025-09-05 09:54:00,335621.0,36.24,0
N6355,2025-09-05 09:55:00,155284.0,97.9,0
N6356,2025-09-05 09:56:00,24822.0,14.31,0
N6357,2025-09-05 09:57:00,164613.0,56.43,0
N6358,2025-09-05 09:58:00,305184.0,23.25,0
N6359,2025-09-05 09:59:00,260322.0,27.83,0
N6360,2025-09-05 10:00:00,56424.0,23.7,0
N6361,2025-09-05 10:01:00,51296.0,22.81,0
N6362,2025-09-05 10:02:00,79481.0,52.52,0
N6363,2025-09-05 10:03:00,141470.0,15.8,0
N6364,2025-09-05 10:04:00,24733.0,6.39,0
N6365,2025-09-05 10:05:00,11033.0,34.91,0
N6366,2025-09-05 10:06:00,58192.0,66.63,0
N6367,2025-09-05 10:07:00,269172.0,11.24,0
N6368,2025-09-05 10:08:00,77186.0,9.42,0
N6369,2025-09-05 10:09:00,228436.0,35.71,0
N6370,2025-09-05 10:10:00,227329.0,42.43,0
N6371,2025-09-05 10:11:00,128410.0,56.02,0
N6372,2025-09-05 10:12:00,289800.0,228.01,0
N6373,2025-09-05 10:13:00,219012.0,40.58,0
N6374,2025-09-05 10:14:00,88737.0,108.2,0
N6375,2025-09-05 10:15:00,64228.0,40.08,0
N6376,2025-09-05 10:16:00,111713.0,60.36,0
N6377,2025-09-05 10:17:00,298420.0,59.84,0
N6378,2025-09-05 10:18:00,226782.0,106.5,0
N6379,2025-09-05 10:19:00,137638.0,10.18,0
N6380,2025-09-05 10:20:00,353588.0,14.06,0
N6381,2025-09-05 10:21:00,113871.0,16.21,0
N6382,2025-09-05 10:22:00,24985.0,14.77,0
N6383,2025-09-05 10:23:00,36559.0,23.79,0
N6384,2025-09-05 10:24:00,56937.0,91.38,0
N6385,2025-09-05 10:25:00,51244.0,26.42,0
N6386,2025-09-05 10:26:00,142862.0,25.94,0
N6387,2025-09-05 10:27:00,20808.0,93.46,0
N6388,2025-09-05 10:28:00,23245.0,11.93,0
N6389,2025-09-05 10:29:00,127101.0,6.1,0
N6390,2025-09-05 10:30:00,88421.0,28.98,0
N6391,2025-09-05 10:31:00,215146.0,5.28,0
N6392,2025-09-05 10:32:00,25591.0,7.5,0
N6393,2025-09-05 10:33:00,62632.0,92.53,0
N6394,2025-09-05 10:34:00,323200.0,36.06,0
N6395,2025-09-05 10:35:00,81095.0,23.96,0
N6396,2025-09-05 10:36:00,10371.0,73.94,0
N6397,2025-09-05 10:37:00,59949.0,39.46,0
N6398,2025-09-05 10:38:00,49787.0,66.45,0
N6399,2025-09-05 10:39:00,59440.0,31.98,0
N6400,2025-09-05 10:40:00,8188.0,15.22,0
N6401,2025-09-05 10:41:00,967629.0,82.72,0
N6402,2025-09-05 10:42:00,32252.0,34.05,0
N6403,2025-09-05 10:43:00,73219.0,44.42,0
N6404,2025-09-05 10:44:00,18352.0,28.17,0
N6405,2025-09-05 10:45:00,100627.0,130.59,0
N6406,2025-09-05 10:46:00,185734.0,10.82,0
N6407,2025-09-05 10:47:00,74033.0,14.8,0
N6408,2025-09-05 10:48:00,74079.0,20.13,0
N6409,2025-09-05 10:49:00,33149.0,7.03,0
N6410,2025-09-05 10:50:00,83196.0,18.24,0
N6411,2025-09-05 10:51:00,174367.0,23.65,0
N6412,2025-09-05 10:52:00,28997.0,15.75,0
N6413,2025-09-05 10:53:00,129128.0,53.21,0
N6414,2025-09-05 10:54:00,103322.0,144.06,0
N6415,2025-09-05 10:55:00,180718.0,33.03,0
N6416,2025-09-05 10:56:00,109626.0,89.94,0
N6417,2025-09-05 10:57:00,16556.0,2.22,0
N6418,2025-09-05 10:58:00,107343.0,29.67,0
N6419,2025-09-05 10:59:00,23954.0,48.35,0
N6420,2025-09-05 11:00:00,140710.0,41.65,0
N6421,2025-09-05 11:01:00,118000.0,34.96,0
N6422,2025-09-05 11:02:00,52133.0,47.0,0
N6423,2025-09-05 11:03:00,55961.0,285.84,0
N6424,2025-09-05 11:04:00,61921.0,54.86,0
N6425,2025-09-05 11:05:00,192006.0,31.54,0
N6426,2025-09-05 11:06:00,59218.0,5.79,0
N6427,2025-09-05 11:07:00,63642.0,61.69,0
N6428,2025-09-05 11:08:00,61578.0,65.69,0
N6429,2025-09-05 11:09:00,146980.0,90.07,0
N6430,2025-09-05 11:10:00,73048.0,67.67,0
N6431,2025-09-05 11:11:00,210933.0,47.11,0
N6432,2025-09-05 11:12:00,203977.0,36.05,0
N6433,2025-09-05 11:13:00,24859.0,17.95,0
N6434,2025-09-05 11:14:00,33701.0,244.56,0
N6435,2025-09-05 11:15:00,194054.0,339.48,0
N6436,2025-09-05 11:16:00,95954.0,89.3,0
N6437,2025-09-05 11:17:00,539879.0,8.67,0
N6438,2025-09-05 11:18:00,143638.0,41.06,0
N6439,2025-09-05 11:19:00,244114.0,11.55,0
N6440,2025-09-05 11:20:00,102269.0,33.39,0
N6441,2025-09-05 11:21:00,78696.0,10.01,0
N6442,2025-09-05 11:22:00,180049.0,79.6,0
N6443,2025-09-05 11:23:00,70585.0,30.83,0
N6444,2025-09-05 11:24:00,120934.0,22.49,0
N6445,2025-09-05 11:25:00,239911.0,21.28,0
N6446,2025-09-05 11:26:00,103349.0,90.22,0
N6447,2025-09-05 11:27:00,74045.0,3.88,0
N6448,2025-09-05 11:28:00,34800.0,27.34,0
N6449,2025-09-05 11:29:00,129714.0,5.76,0
N6450,2025-09-05 11:30:00,194104.0,17.1,0
N6451,2025-09-05 11:31:00,120649.0,21.23,0
N6452,2025-09-05 11:32:00,42716.0,362.8,0
N6453,2025-09-05 11:33:00,28691.0,44.23,0
N6454,2025-09-05 11:34:00,128670.0,142.88,0
N6455,2025-09-05 11:35:00,313345.0,23.99,0
N6456,2025-09-05 11:36:00,376844.0,55.83,0
N6457,2025-09-05 11:37:00,28150.0,17.38,0
N6458,2025-09-05 11:38:00,183221.0,10.19,0
N6459,2025-09-05 11:39:00,60177.0,98.24,0
N6460,2025-09-05 11:40:00,91924.0,136.92,0
N6461,2025-09-05 11:41:00,38987.0,109.0,0
N6462,2025-09-05 11:42:00,141061.0,129.95,0
N6463,2025-09-05 11:43:00,148660.0,18.35,0
N6464,2025-09-05 11:44:00,21213.0,60.15,0
N6465,2025-09-05 11:45:00,20993.0,17.55,0
N6466,2025-09-05 11:46:00,38961.0,78.47,0
N6467,2025-09-05 11:47:00,217862.0,56.66,0
N6468,2025-09-05 11:48:00,17870.0,97.72,0
N6469,2025-09-05 11:49:00,201286.0,76.28,0
N6470,2025-09-05 11:50:00,93996.0,39.16,0
N6471,2025-09-05 11:51:00,45685.0,22.07,0
N6472,2025-09-05 11:52:00,117826.0,52.51,0
N6473,2025-09-05 11:53:00,224353.0,13.91,0
N6474,2025-09-05 11:54:00,234517.0,32.86,0
N6475,2025-09-05 11:55:00,96357.0,69.04,0
N6476,2025-09-05 11:56:00,30832.0,36.52,0
N6477,2025-09-05 11:57:00,192002.0,45.42,0
N6478,2025-09-05 11:58:00,23578.0,112.13,0
N6479,2025-09-05 11:59:00,291204.0,62.05,0
N6480,2025-09-05 12:00:00,13958.0,24.65,0
N6481,2025-09-05 12:01:00,87070.0,24.99,0
N6482,2025-09-05 12:02:00,215480.0,27.74,0
N6483,2025-09-05 12:03:00,96974.0,25.05,0
N6484,2025-09-05 12:04:00,463694.0,60.23,0
N6485,2025-09-05 12:05:00,126377.0,139.45,0
N6486,2025-09-05 12:06:00,17582.0,49.38,0
N6487,2025-09-05 12:07:00,751133.0,26.18,0
N6488,2025-09-05 12:08:00,173017.0,48.99,0
N6489,2025-09-05 12:09:00,148122.0,5.01,0
N6490,2025-09-05 12:10:00,74204.0,16.55,0
N6491,2025-09-05 12:11:00,385605.0,15.86,0
N6492,2025-09-05 12:12:00,54982.0,117.19,0
N6493,2025-09-05 12:13:00,125703.0,3.19,0
N6494,2025-09-05 12:14:00,229324.0,152.7,0
N6495,2025-09-05 12:15:00,43301.0,75.52,0
N6496,2025-09-05 12:16:00,47098.0,33.72,0
N6497,2025-09-05 12:17:00,39574.0,61.01,0
N6498,2025-09-05 12:18:00,35073.0,9.38,0
N6499,2025-09-05 12:19:00,81819.0,21.91,0
N6500,2025-09-05 12:20:00,275902.0,43.41,0
N6501,2025-09-05 12:21:00,42866.0,19.58,0
N6502,2025-09-05 12:22:00,112278.0,14.95,0
N6503,2025-09-05 12:23:00,103999.0,30.45,0
N6504,2025-09-05 12:24:00,79241.0,43.11,0
N6505,2025-09-05 12:25:00,106285.0,193.21,0
N6506,2025-09-05 12:26:00,22963.0,20.31,0
N6507,2025-09-05 12:27:00,66957.0,28.66,0
N6508,2025-09-05 12:28:00,42023.0,19.65,0
N6509,2025-09-05 12:29:00,51535.0,155.64,0
N6510,2025-09-05 12:30:00,40844.0,73.42,0
N6511,2025-09-05 12:31:00,20023.0,15.87,0
N6512,2025-09-05 12:32:00,112801.0,56.85,0
N6513,2025-09-05 12:33:00,513756.0,117.78,0
N6514,2025-09-05 12:34:00,105839.0,172.76,0
N6515,2025-09-05 12:35:00,450926.0,50.81,0
N6516,2025-09-05 12:36:00,55032.0,27.38,0
N6517,2025-09-05 12:37:00,73065.0,61.28,0
N6518,2025-09-05 12:38:00,104328.0,11.6,0
N6519,2025-09-05 12:39:00,13656.0,14.18,0
N6520,2025-09-05 12:40:00,119332.0,44.61,0
N6521,2025-09-05 12:41:00,53640.0,167.83,0
N6522,2025-09-05 12:42:00,108701.0,21.17,0
N6523,2025-09-05 12:43:00,31515.0,61.96,0
N6524,2025-09-05 12:44:00,312360.0,7.01,0
N6525,2025-09-05 12:45:00,70704.0,38.45,0
N6526,2025-09-05 12:46:00,84996.0,43.34,0
N6527,2025-09-05 12:47:00,26314.0,26.24,0
N6528,2025-09-05 12:48:00,36044.0,30.45,0
N6529,2025-09-05 12:49:00,40250.0,17.13,0
N6530,2025-09-05 12:50:00,119866.0,34.93,0
N6531,2025-09-05 12:51:00,171166.0,90.36,0
N6532,2025-09-05 12:52:00,33759.0,4.91,0
N6533,2025-09-05 12:53:00,57571.0,20.88,0
N6534,2025-09-05 12:54:00,42315.0,58.04,0
N6535,2025-09-05 12:55:00,55835.0,12.59,0
N6536,2025-09-05 12:56:00,22835.0,6.49,0
N6537,2025-09-05 12:57:00,36182.0,56.23,0
N6538,2025-09-05 12:58:00,146896.0,731.0,0
N6539,2025-09-05 12:59:00,61295.0,18.11,0
N6540,2025-09-05 13:00:00,439007.0,13.39,0
N6541,2025-09-05 13:01:00,116101.0,17.69,0
N6542,2025-09-05 13:02:00,46151.0,23.31,0
N6543,2025-09-05 13:03:00,84372.0,90.09,0
N6544,2025-09-05 13:04:00,78179.0,12.3,0
N6545,2025-09-05 13:05:00,63477.0,189.05,0
N6546,2025-09-05 13:06:00,290279.0,31.6,0
N6547,2025-09-05 13:07:00,10104.0,25.69,0
N6548,2025-09-05 13:08:00,151667.0,83.46,0
N6549,2025-09-05 13:09:00,305587.0,52.5,0
N6550,2025-09-05 13:10:00,301024.0,44.44,0
N6551,2025-09-05 13:11:00,52141.0,9.86,0
N6552,2025-09-05 13:12:00,119174.0,24.41,0
N6553,2025-09-05 13:13:00,249500.0,54.89,0
N6554,2025-09-05 13:14:00,39710.0,49.06,0
N6555,2025-09-05 13:15:00,208109.0,8.28,0
N6556,2025-09-05 13:16:00,78774.0,27.62,0
N6557,2025-09-05 13:17:00,80558.0,35.9,0
N6558,2025-09-05 13:18:00,321952.0,445.22,0
N6559,2025-09-05 13:19:00,68767.0,61.28,0
N6560,2025-09-05 13:20:00,137959.0,60.23,0
N6561,2025-09-05 13:21:00,149974.0,74.94,0
N6562,2025-09-05 13:22:00,32836.0,31.09,0
N6563,2025-09-05 13:23:00,167544.0,57.69,0
N6564,2025-09-05 13:24:00,135147.0,14.35,0
N6565,2025-09-05 13:25:00,53152.0,55.67,0
N6566,2025-09-05 13:26:00,91614.0,39.56,0
N6567,2025-09-05 13:27:00,134315.0,10.84,0
N6568,2025-09-05 13:28:00,39108.0,67.34,0
N6569,2025-09-05 13:29:00,104841.0,22.17,0
N6570,2025-09-05 13:30:00,99300.0,9.2,0
N6571,2025-09-05 13:31:00,23028.0,84.85,0
N6572,2025-09-05 13:32:00,199032.0,70.53,0
N6573,2025-09-05 13:33:00,48254.0,20.24,0
N6574,2025-09-05 13:34:00,43098.0,35.25,0
N6575,2025-09-05 13:35:00,151203.0,49.54,0
N6576,2025-09-05 13:36:00,27740.0,7.37,0
N6577,2025-09-05 13:37:00,52598.0,17.69,0
N6578,2025-09-05 13:38:00,40532.0,18.85,0
N6579,2025-09-05 13:39:00,56694.0,18.69,0
N6580,2025-09-05 13:40:00,47232.0,83.83,0
N6581,2025-09-05 13:41:00,96654.0,32.94,0
N6582,2025-09-05 13:42:00,770551.0,140.1,0
N6583,2025-09-05 13:43:00,339804.0,12.48,0
N6584,2025-09-05 13:44:00,224092.0,18.91,0
N6585,2025-09-05 13:45:00,77056.0,57.86,0
N6586,2025-09-05 13:46:00,70919.0,67.01,0
N6587,2025-09-05 13:47:00,27946.0,38.97,0
N6588,2025-09-05 13:48:00,55693.0,49.25,0
N6589,2025-09-05 13:49:00,41302.0,505.43,0
N6590,2025-09-05 13:50:00,125474.0,79.8,0
N6591,2025-09-05 13:51:00,52928.0,54.78,0
N6592,2025-09-05 13:52:00,41605.0,71.42,0
N6593,2025-09-05 13:53:00,145115.0,26.72,0
N6594,2025-09-05 13:54:00,47037.0,11.35,0
N6595,2025-09-05 13:55:00,113861.0,61.64,0
N6596,2025-09-05 13:56:00,19358.0,57.88,0
N6597,2025-09-05 13:57:00,150744.0,7.51,0
N6598,2025-09-05 13:58:00,18330.0,10.13,0
N6599,2025-09-05 13:59:00,59490.0,15.73,0
N6600,2025-09-05 14:00:00,323826.0,26.62,0
N6601,2025-09-05 14:01:00,6341.0,28.04,0
N6602,2025-09-05 14:02:00,176424.0,90.73,0
N6603,2025-09-05 14:03:00,16672.0,46.67,0
N6604,2025-09-05 14:04:00,143543.0,7.26,0
N6605,2025-09-05 14:05:00,5076.0,50.15,0
N6606,2025-09-05 14:06:00,614039.0,25.23,0
N6607,2025-09-05 14:07:00,33339.0,17.72,0
N6608,2025-09-05 14:08:00,128743.0,17.26,0
N6609,2025-09-05 14:09:00,161612.0,5.59,0
N6610,2025-09-05 14:10:00,38534.0,251.9,0
N6611,2025-09-05 14:11:00,279770.0,241.93,0
N6612,2025-09-05 14:12:00,185151.0,6.08,0
N6613,2025-09-05 14:13:00,52807.0,10.81,0
N6614,2025-09-05 14:14:00,91476.0,19.37,0
N6615,2025-09-05 14:15:00,75131.0,21.83,0
N6616,2025-09-05 14:16:00,250283.0,91.95,0
N6617,2025-09-05 14:17:00,135051.0,21.68,0
N6618,2025-09-05 14:18:00,84884.0,14.68,0
N6619,2025-09-05 14:19:00,156523.0,59.9,0
N6620,2025-09-05 14:20:00,81258.0,29.92,0
N6621,2025-09-05 14:21:00,16692.0,5.85,0
N6622,2025-09-05 14:22:00,105027.0,31.39,0
N6623,2025-09-05 14:23:00,137768.0,70.4,0
N6624,2025-09-05 14:24:00,457166.0,62.73,0
N6625,2025-09-05 14:25:00,127753.0,32.0,0
N6626,2025-09-05 14:26:00,101763.0,77.46,0
N6627,2025-09-05 14:27:00,337848.0,41.55,0
N6628,2025-09-05 14:28:00,42664.0,58.3,0
N6629,2025-09-05 14:29:00,437095.0,59.18,0
N6630,2025-09-05 14:30:00,217321.0,481.31,0
N6631,2025-09-05 14:31:00,247815.0,112.73,0
N6632,2025-09-05 14:32:00,120966.0,50.74,0
N6633,2025-09-05 14:33:00,34575.0,34.37,0
N6634,2025-09-05 14:34:00,208856.0,14.62,0
N6635,2025-09-05 14:35:00,50786.0,67.52,0
N6636,2025-09-05 14:36:00,20671.0,16.15,0
N6637,2025-09-05 14:37:00,140328.0,69.73,0
N6638,2025-09-05 14:38:00,37590.0,42.21,0
N6639,2025-09-05 14:39:00,96431.0,4.15,0
N6640,2025-09-05 14:40:00,353286.0,27.57,0
N6641,2025-09-05 14:41:00,59928.0,39.18,0
N6642,2025-09-05 14:42:00,10745.0,112.54,0
N6643,2025-09-05 14:43:00,332210.0,48.67,0
N6644,2025-09-05 14:44:00,129743.0,38.91,0
N6645,2025-09-05 14:45:00,540538.0,24.57,0
N6646,2025-09-05 14:46:00,6319.0,142.78,0
N6647,2025-09-05 14:47:00,23809.0,18.71,0
N6648,2025-09-05 14:48:00,58549.0,16.37,0
N6649,2025-09-05 14:49:00,100345.0,75.76,0
N6650,2025-09-05 14:50:00,72356.0,141.73,0
N6651,2025-09-05 14:51:00,23447.0,8.94,0
N6652,2025-09-05 14:52:00,84993.0,30.3,0
N6653,2025-09-05 14:53:00,28195.0,87.24,0
N6654,2025-09-05 14:54:00,51047.0,78.83,0
N6655,2025-09-05 14:55:00,64744.0,27.77,0
N6656,2025-09-05 14:56:00,75165.0,8.22,0
N6657,2025-09-05 14:57:00,387453.0,29.74,0
N6658,2025-09-05 14:58:00,264734.0,96.4,0
N6659,2025-09-05 14:59:00,103439.0,21.48,0
N6660,2025-09-05 15:00:00,438660.0,181.86,0
N6661,2025-09-05 15:01:00,69896.0,86.89,0
N6662,2025-09-05 15:02:00,15076.0,254.71,0
N6663,2025-09-05 15:03:00,38973.0,164.1,0
N6664,2025-09-05 15:04:00,137417.0,58.81,0
N6665,2025-09-05 15:05:00,277934.0,14.97,0
N6666,2025-09-05 15:06:00,177946.0,63.48,0
N6667,2025-09-05 15:07:00,33231.0,20.03,0
N6668,2025-09-05 15:08:00,346017.0,30.53,0
N6669,2025-09-05 15:09:00,154020.0,19.05,0
N6670,2025-09-05 15:10:00,85214.0,44.18,0
N6671,2025-09-05 15:11:00,39675.0,31.2,0
N6672,2025-09-05 15:12:00,323625.0,29.7,0
N6673,2025-09-05 15:13:00,118809.0,10.8,0
N6674,2025-09-05 15:14:00,39410.0,25.57,0
N6675,2025-09-05 15:15:00,37174.0,7.88,0
N6676,2025-09-05 15:16:00,58951.0,48.72,0
N6677,2025-09-05 15:17:00,23461.0,53.58,0
N6678,2025-09-05 15:18:00,17529.0,69.43,0
N6679,2025-09-05 15:19:00,46468.0,17.46,0
N6680,2025-09-05 15:20:00,159678.0,17.63,0
N6681,2025-09-05 15:21:00,17979.0,248.79,0
N6682,2025-09-05 15:22:00,48304.0,305.06,0
N6683,2025-09-05 15:23:00,58708.0,3.38,0
N6684,2025-09-05 15:24:00,7686.0,28.75,0
N6685,2025-09-05 15:25:00,12207.0,23.53,0
N6686,2025-09-05 15:26:00,60908.0,72.46,0
N6687,2025-09-05 15:27:00,111991.0,86.23,0
N6688,2025-09-05 15:28:00,228371.0,5.33,0
N6689,2025-09-05 15:29:00,212729.0,29.94,0
N6690,2025-09-05 15:30:00,242325.0,23.61,0
N6691,2025-09-05 15:31:00,42709.0,12.06,0
N6692,2025-09-05 15:32:00,153191.0,16.61,0
N6693,2025-09-05 15:33:00,157153.0,14.7,0
N6694,2025-09-05 15:34:00,60370.0,257.07,0
N6695,2025-09-05 15:35:00,161571.0,98.67,0
N6696,2025-09-05 15:36:00,188189.0,68.77,0
N6697,2025-09-05 15:37:00,9880.0,46.26,0
N6698,2025-09-05 15:38:00,198917.0,109.67,0
N6699,2025-09-05 15:39:00,85390.0,124.98,0
N6700,2025-09-05 15:40:00,57072.0,4.79,0
N6701,2025-09-05 15:41:00,177642.0,54.82,0
N6702,2025-09-05 15:42:00,196068.0,59.2,0
N6703,2025-09-05 15:43:00,19922.0,84.04,0
N6704,2025-09-05 15:44:00,110828.0,90.43,0
N6705,2025-09-05 15:45:00,17911.0,77.87,0
N6706,2025-09-05 15:46:00,28815.0,25.72,0
N6707,2025-09-05 15:47:00,166260.0,15.59,0
N6708,2025-09-05 15:48:00,39823.0,53.54,0
N6709,2025-09-05 15:49:00,36119.0,66.44,0
N6710,2025-09-05 15:50:00,51887.0,53.74,0
N6711,2025-09-05 15:51:00,185363.0,20.31,0
N6712,2025-09-05 15:52:00,20200.0,3.26,0
N6713,2025-09-05 15:53:00,24135.0,50.68,0
N6714,2025-09-05 15:54:00,157478.0,11.71,0
N6715,2025-09-05 15:55:00,22940.0,41.61,0
N6716,2025-09-05 15:56:00,24101.0,106.46,0
N6717,2025-09-05 15:57:00,93813.0,21.44,0
N6718,2025-09-05 15:58:00,233245.0,47.57,0
N6719,2025-09-05 15:59:00,34352.0,18.41,0
N6720,2025-09-05 16:00:00,253413.0,31.55,0
N6721,2025-09-05 16:01:00,34174.0,22.44,0
N6722,2025-09-05 16:02:00,29345.0,163.4,0
N6723,2025-09-05 16:03:00,119227.0,186.36,0
N6724,2025-09-05 16:04:00,47686.0,64.42,0
N6725,2025-09-05 16:05:00,190730.0,14.43,0
N6726,2025-09-05 16:06:00,241874.0,61.21,0
N6727,2025-09-05 16:07:00,92910.0,88.46,0
N6728,2025-09-05 16:08:00,572048.0,35.24,0
N6729,2025-09-05 16:09:00,118971.0,14.61,0
N6730,2025-09-05 16:10:00,110405.0,15.43,0
N6731,2025-09-05 16:11:00,33929.0,17.43,0
N6732,2025-09-05 16:12:00,323529.0,27.01,0
N6733,2025-09-05 16:13:00,38872.0,20.96,0
N6734,2025-09-05 16:14:00,521217.0,97.1,0
N6735,2025-09-05 16:15:00,82072.0,32.91,0
N6736,2025-09-05 16:16:00,144027.0,30.66,0
N6737,2025-09-05 16:17:00,156211.0,37.19,0
N6738,2025-09-05 16:18:00,76984.0,59.36,0
N6739,2025-09-05 16:19:00,107016.0,116.5,0
N6740,2025-09-05 16:20:00,53639.0,13.44,0
N6741,2025-09-05 16:21:00,195739.0,13.74,0
N6742,2025-09-05 16:22:00,73776.0,41.41,0
N6743,2025-09-05 16:23:00,24112.0,95.82,0
N6744,2025-09-05 16:24:00,97780.0,12.58,0
N6745,2025-09-05 16:25:00,30781.0,151.03,0
N6746,2025-09-05 16:26:00,12763.0,10.53,0
N6747,2025-09-05 16:27:00,69304.0,78.46,0
N6748,2025-09-05 16:28:00,21794.0,40.58,0
N6749,2025-09-05 16:29:00,45169.0,10.29,0
N6750,2025-09-05 16:30:00,46732.0,42.21,0
N6751,2025-09-05 16:31:00,111243.0,28.33,0
N6752,2025-09-05 16:32:00,139118.0,12.11,0
N6753,2025-09-05 16:33:00,97828.0,35.34,0
N6754,2025-09-05 16:34:00,114823.0,63.76,0
N6755,2025-09-05 16:35:00,27541.0,85.22,0
N6756,2025-09-05 16:36:00,45637.0,19.35,0
N6757,2025-09-05 16:37:00,136801.0,10.66,0
N6758,2025-09-05 16:38:00,40558.0,117.18,0
N6759,2025-09-05 16:39:00,42333.0,81.5,0
N6760,2025-09-05 16:40:00,126011.0,84.48,0
N6761,2025-09-05 16:41:00,175749.0,48.44,0
N6762,2025-09-05 16:42:00,62786.0,7.96,0
N6763,2025-09-05 16:43:00,20122.0,83.56,0
N6764,2025-09-05 16:44:00,83878.0,130.18,0
N6765,2025-09-05 16:45:00,165020.0,12.21,0
N6766,2025-09-05 16:46:00,34189.0,243.61,0
N6767,2025-09-05 16:47:00,77443.0,30.7,0
N6768,2025-09-05 16:48:00,32792.0,40.01,0
N6769,2025-09-05 16:49:00,110456.0,16.72,0
N6770,2025-09-05 16:50:00,30805.0,51.03,0
N6771,2025-09-05 16:51:00,32066.0,20.02,0
N6772,2025-09-05 16:52:00,10924.0,32.06,0
N6773,2025-09-05 16:53:00,175543.0,54.99,0
N6774,2025-09-05 16:54:00,47871.0,31.06,0
N6775,2025-09-05 16:55:00,100468.0,45.68,0
N6776,2025-09-05 16:56:00,27231.0,46.13,0
N6777,2025-09-05 16:57:00,122532.0,155.31,0
N6778,2025-09-05 16:58:00,47543.0,9.16,0
N6779,2025-09-05 16:59:00,22936.0,5.48,0
N6780,2025-09-05 17:00:00,29253.0,8.79,0
N6781,2025-09-05 17:01:00,46589.0,44.25,0
N6782,2025-09-05 17:02:00,52900.0,43.39,0
N6783,2025-09-05 17:03:00,34895.0,72.63,0
N6784,2025-09-05 17:04:00,80935.0,46.14,0
N6785,2025-09-05 17:05:00,17515.0,10.25,0
N6786,2025-09-05 17:06:00,344283.0,20.99,0
N6787,2025-09-05 17:07:00,89236.0,28.33,0
N6788,2025-09-05 17:08:00,79561.0,53.59,0
N6789,2025-09-05 17:09:00,97031.0,23.36,0
N6790,2025-09-05 17:10:00,75999.0,60.58,0
N6791,2025-09-05 17:11:00,89087.0,12.41,0
N6792,2025-09-05 17:12:00,116297.0,22.16,0
N6793,2025-09-05 17:13:00,20058.0,99.81,0
N6794,2025-09-05 17:14:00,24000.0,11.54,0
N6795,2025-09-05 17:15:00,149093.0,75.74,0
N6796,2025-09-05 17:16:00,14440.0,26.71,0
N6797,2025-09-05 17:17:00,43455.0,55.05,0
N6798,2025-09-05 17:18:00,118901.0,89.13,0
N6799,2025-09-05 17:19:00,40109.0,75.08,0
N6800,2025-09-05 17:20:00,195324.0,45.44,0
N6801,2025-09-05 17:21:00,40584.0,35.99,0
N6802,2025-09-05 17:22:00,48190.0,64.76,0
N6803,2025-09-05 17:23:00,607899.0,37.82,0
N6804,2025-09-05 17:24:00,407382.0,25.2,0
N6805,2025-09-05 17:25:00,46103.0,66.15,0
N6806,2025-09-05 17:26:00,95737.0,165.65,0
N6807,2025-09-05 17:27:00,106518.0,28.79,0
N6808,2025-09-05 17:28:00,116189.0,9.42,0
N6809,2025-09-05 17:29:00,61255.0,9.37,0
N6810,2025-09-05 17:30:00,187114.0,80.43,0
N6811,2025-09-05 17:31:00,41066.0,21.91,0
N6812,2025-09-05 17:32:00,45653.0,11.4,0
N6813,2025-09-05 17:33:00,440366.0,58.81,0
N6814,2025-09-05 17:34:00,183289.0,54.92,0
N6815,2025-09-05 17:35:00,23241.0,25.46,0
N6816,2025-09-05 17:36:00,28243.0,26.62,0
N6817,2025-09-05 17:37:00,54520.0,67.01,0
N6818,2025-09-05 17:38:00,63176.0,45.33,0
N6819,2025-09-05 17:39:00,31445.0,58.35,0
N6820,2025-09-05 17:40:00,478716.0,24.77,0
N6821,2025-09-05 17:41:00,91224.0,56.74,0
N6822,2025-09-05 17:42:00,12140.0,44.72,0
N6823,2025-09-05 17:43:00,91589.0,87.47,0
N6824,2025-09-05 17:44:00,161430.0,85.49,0
N6825,2025-09-05 17:45:00,87613.0,12.44,0
N6826,2025-09-05 17:46:00,35349.0,137.07,0
N6827,2025-09-05 17:47:00,41195.0,18.68,0
N6828,2025-09-05 17:48:00,37740.0,49.15,0
N6829,2025-09-05 17:49:00,375576.0,36.59,0
N6830,2025-09-05 17:50:00,283128.0,32.61,0
N6831,2025-09-05 17:51:00,44045.0,45.43,0
N6832,2025-09-05 17:52:00,157140.0,70.83,0
N6833,2025-09-05 17:53:00,39842.0,23.16,0
N6834,2025-09-05 17:54:00,48846.0,9.53,0
N6835,2025-09-05 17:55:00,96480.0,73.74,0
N6836,2025-09-05 17:56:00,109028.0,29.61,0
N6837,2025-09-05 17:57:00,19772.0,5.91,0
N6838,2025-09-05 17:58:00,148725.0,168.75,0
N6839,2025-09-05 17:59:00,93407.0,6.97,0
N6840,2025-09-05 18:00:00,46953.0,7.55,0
N6841,2025-09-05 18:01:00,59593.0,53.42,0
N6842,2025-09-05 18:02:00,58326.0,41.1,0
N6843,2025-09-05 18:03:00,167028.0,49.75,0
N6844,2025-09-05 18:04:00,183055.0,389.43,0
N6845,2025-09-05 18:05:00,105373.0,52.14,0
N6846,2025-09-05 18:06:00,312737.0,68.1,0
N6847,2025-09-05 18:07:00,54065.0,46.94,0
N6848,2025-09-05 18:08:00,54288.0,27.73,0
N6849,2025-09-05 18:09:00,19773.0,74.51,0
N6850,2025-09-05 18:10:00,192110.0,71.83,0
N6851,2025-09-05 18:11:00,131252.0,47.98,0
N6852,2025-09-05 18:12:00,26329.0,34.28,0
N6853,2025-09-05 18:13:00,75382.0,44.52,0
N6854,2025-09-05 18:14:00,53993.0,83.78,0
N6855,2025-09-05 18:15:00,41022.0,44.9,0
N6856,2025-09-05 18:16:00,181029.0,9.99,0
N6857,2025-09-05 18:17:00,20703.0,34.38,0
N6858,2025-09-05 18:18:00,87237.0,6.26,0
N6859,2025-09-05 18:19:00,83075.0,96.04,0
N6860,2025-09-05 18:20:00,66664.0,11.05,0
N6861,2025-09-05 18:21:00,27073.0,14.4,0
N6862,2025-09-05 18:22:00,266974.0,22.14,0
N6863,2025-09-05 18:23:00,59427.0,102.66,0
N6864,2025-09-05 18:24:00,37633.0,8.2,0
N6865,2025-09-05 18:25:00,1435117.0,63.31,0
N6866,2025-09-05 18:26:00,76899.0,38.02,0
N6867,2025-09-05 18:27:00,50441.0,5.03,0
N6868,2025-09-05 18:28:00,78528.0,10.4,0
N6869,2025-09-05 18:29:00,108204.0,47.02,0
N6870,2025-09-05 18:30:00,146126.0,70.73,0
N6871,2025-09-05 18:31:00,53571.0,214.49,0
N6872,2025-09-05 18:32:00,14327.0,34.27,0
N6873,2025-09-05 18:33:00,41834.0,71.1,0
N6874,2025-09-05 18:34:00,18780.0,13.23,0
N6875,2025-09-05 18:35:00,24130.0,62.58,0
N6876,2025-09-05 18:36:00,78753.0,252.84,0
N6877,2025-09-05 18:37:00,171023.0,10.69,0
N6878,2025-09-05 18:38:00,195169.0,41.97,0
N6879,2025-09-05 18:39:00,109262.0,37.86,0
N6880,2025-09-05 18:40:00,39163.0,22.9,0
N6881,2025-09-05 18:41:00,23585.0,23.46,0
N6882,2025-09-05 18:42:00,70530.0,96.38,0
N6883,2025-09-05 18:43:00,110988.0,14.85,0
N6884,2025-09-05 18:44:00,142853.0,52.82,0
N6885,2025-09-05 18:45:00,31765.0,19.75,0
N6886,2025-09-05 18:46:00,88104.0,40.13,0
N6887,2025-09-05 18:47:00,78381.0,8.87,0
N6888,2025-09-05 18:48:00,337776.0,43.01,0
N6889,2025-09-05 18:49:00,44940.0,73.33,0
N6890,2025-09-05 18:50:00,38627.0,37.27,0
N6891,2025-09-05 18:51:00,170980.0,69.79,0
N6892,2025-09-05 18:52:00,73744.0,12.77,0
N6893,2025-09-05 18:53:00,184455.0,10.91,0
N6894,2025-09-05 18:54:00,42316.0,105.88,0
N6895,2025-09-05 18:55:00,433105.0,97.78,0
N6896,2025-09-05 18:56:00,31594.0,32.91,0
N6897,2025-09-05 18:57:00,69196.0,16.49,0
N6898,2025-09-05 18:58:00,161821.0,31.64,0
N6899,2025-09-05 18:59:00,20284.0,27.93,0
N6900,2025-09-05 19:00:00,38206.0,85.34,0
N6901,2025-09-05 19:01:00,114516.0,35.63,0
N6902,2025-09-05 19:02:00,24932.0,23.29,0
N6903,2025-09-05 19:03:00,188311.0,35.92,0
N6904,2025-09-05 19:04:00,52590.0,30.37,0
N6905,2025-09-05 19:05:00,98737.0,23.17,0
N6906,2025-09-05 19:06:00,67202.0,27.09,0
N6907,2025-09-05 19:07:00,145537.0,7.17,0
N6908,2025-09-05 19:08:00,66487.0,101.06,0
N6909,2025-09-05 19:09:00,155305.0,63.29,0
N6910,2025-09-05 19:10:00,24061.0,28.06,0
N6911,2025-09-05 19:11:00,232254.0,80.85,0
N6912,2025-09-05 19:12:00,541958.0,28.17,0
N6913,2025-09-05 19:13:00,24456.0,117.28,0
N6914,2025-09-05 19:14:00,152860.0,25.93,0
N6915,2025-09-05 19:15:00,112022.0,89.61,0
N6916,2025-09-05 19:16:00,50719.0,25.58,0
N6917,2025-09-05 19:17:00,222036.0,253.54,0
N6918,2025-09-05 19:18:00,99327.0,30.16,0
N6919,2025-09-05 19:19:00,129430.0,63.49,0
N6920,2025-09-05 19:20:00,72217.0,26.48,0
N6921,2025-09-05 19:21:00,141420.0,44.45,0
N6922,2025-09-05 19:22:00,187685.0,12.71,0
N6923,2025-09-05 19:23:00,32979.0,63.15,0
N6924,2025-09-05 19:24:00,48804.0,124.57,0
N6925,2025-09-05 19:25:00,62113.0,84.54,0
N6926,2025-09-05 19:26:00,112143.0,53.95,0
N6927,2025-09-05 19:27:00,49202.0,38.99,0
N6928,2025-09-05 19:28:00,8265.0,88.48,0
N6929,2025-09-05 19:29:00,11831.0,47.19,0
N6930,2025-09-05 19:30:00,59524.0,30.29,0
N6931,2025-09-05 19:31:00,84989.0,16.35,0
N6932,2025-09-05 19:32:00,54650.0,28.78,0
N6933,2025-09-05 19:33:00,206238.0,60.43,0
N6934,2025-09-05 19:34:00,246042.0,13.33,0
N6935,2025-09-05 19:35:00,24275.0,7.95,0
N6936,2025-09-05 19:36:00,458170.0,110.53,0
N6937,2025-09-05 19:37:00,32674.0,23.73,0
N6938,2025-09-05 19:38:00,19450.0,27.88,0
N6939,2025-09-05 19:39:00,63325.0,19.4,0
N6940,2025-09-05 19:40:00,360032.0,58.08,0
N6941,2025-09-05 19:41:00,79283.0,97.06,0
N6942,2025-09-05 19:42:00,78361.0,46.02,0
N6943,2025-09-05 19:43:00,148560.0,118.51,0
N6944,2025-09-05 19:44:00,72836.0,19.03,0
N6945,2025-09-05 19:45:00,60302.0,79.91,0
N6946,2025-09-05 19:46:00,117929.0,163.42,0
N6947,2025-09-05 19:47:00,131565.0,243.7,0
N6948,2025-09-05 19:48:00,426111.0,92.51,0
N6949,2025-09-05 19:49:00,141970.0,111.4,0
N6950,2025-09-05 19:50:00,218639.0,50.89,0
N6951,2025-09-05 19:51:00,62770.0,9.77,0
N6952,2025-09-05 19:52:00,206992.0,53.09,0
N6953,2025-09-05 19:53:00,54655.0,70.7,0
N6954,2025-09-05 19:54:00,204531.0,29.33,0
N6955,2025-09-05 19:55:00,342510.0,24.17,0
N6956,2025-09-05 19:56:00,137505.0,46.31,0
N6957,2025-09-05 19:57:00,153002.0,82.81,0
N6958,2025-09-05 19:58:00,67746.0,4.53,0
N6959,2025-09-05 19:59:00,204794.0,28.51,0
N6960,2025-09-05 20:00:00,92147.0,87.29,0
N6961,2025-09-05 20:01:00,173587.0,6.2,0
N6962,2025-09-05 20:02:00,351486.0,34.9,0
N6963,2025-09-05 20:03:00,96457.0,28.99,0
N6964,2025-09-05 20:04:00,20845.0,17.29,0
N6965,2025-09-05 20:05:00,126226.0,45.02,0
N6966,2025-09-05 20:06:00,170388.0,7.68,0
N6967,2025-09-05 20:07:00,36355.0,8.73,0
N6968,2025-09-05 20:08:00,374531.0,10.87,0
N6969,2025-09-05 20:09:00,11511.0,33.02,0
N6970,2025-09-05 20:10:00,66831.0,32.78,0
N6971,2025-09-05 20:11:00,102797.0,28.84,0
N6972,2025-09-05 20:12:00,45913.0,49.38,0
N6973,2025-09-05 20:13:00,40722.0,9.45,0
N6974,2025-09-05 20:14:00,698473.0,29.19,0
N6975,2025-09-05 20:15:00,26069.0,652.02,0
N6976,2025-09-05 20:16:00,39419.0,99.26,0
N6977,2025-09-05 20:17:00,121678.0,7.38,0
N6978,2025-09-05 20:18:00,51986.0,171.26,0
N6979,2025-09-05 20:19:00,76926.0,16.36,0
N6980,2025-09-05 20:20:00,47461.0,30.96,0
N6981,2025-09-05 20:21:00,70706.0,80.72,0
N6982,2025-09-05 20:22:00,17005.0,26.16,0
N6983,2025-09-05 20:23:00,145652.0,26.52,0
N6984,2025-09-05 20:24:00,32954.0,124.18,0
N6985,2025-09-05 20:25:00,192945.0,75.14,0
N6986,2025-09-05 20:26:00,182302.0,38.79,0
N6987,2025-09-05 20:27:00,44906.0,6.43,0
N6988,2025-09-05 20:28:00,391538.0,35.65,0
N6989,2025-09-05 20:29:00,48851.0,56.51,0
N6990,2025-09-05 20:30:00,91104.0,142.93,0
N6991,2025-09-05 20:31:00,51676.0,42.93,0
N6992,2025-09-05 20:32:00,76057.0,53.42,0
N6993,2025-09-05 20:33:00,52326.0,14.48,0
N6994,2025-09-05 20:34:00,179916.0,136.29,0
N6995,2025-09-05 20:35:00,119997.0,56.06,0
N6996,2025-09-05 20:36:00,165161.0,33.35,0
N6997,2025-09-05 20:37:00,90641.0,56.32,0
N6998,2025-09-05 20:38:00,10177.0,38.36,0
N6999,2025-09-05 20:39:00,138361.0,41.19,0
N7000,2025-09-05 20:40:00,31961.0,21.58,0
N7001,2025-09-05 20:41:00,20668.0,41.77,0
N7002,2025-09-05 20:42:00,22870.0,94.5,0
N7003,2025-09-05 20:43:00,36352.0,124.34,0
N7004,2025-09-05 20:44:00,82661.0,38.86,0
N7005,2025-09-05 20:45:00,61579.0,164.41,0
N7006,2025-09-05 20:46:00,66748.0,56.57,0
N7007,2025-09-05 20:47:00,148251.0,16.84,0
N7008,2025-09-05 20:48:00,27722.0,53.62,0
N7009,2025-09-05 20:49:00,127199.0,57.34,0
N7010,2025-09-05 20:50:00,19821.0,200.43,0
N7011,2025-09-05 20:51:00,322033.0,201.79,0
N7012,2025-09-05 20:52:00,41745.0,25.09,0
N7013,2025-09-05 20:53:00,45666.0,8.53,0
N7014,2025-09-05 20:54:00,31946.0,10.59,0
N7015,2025-09-05 20:55:00,268617.0,48.25,0
N7016,2025-09-05 20:56:00,98082.0,313.15,0
N7017,2025-09-05 20:57:00,197704.0,42.67,0
N7018,2025-09-05 20:58:00,41071.0,8.78,0
N7019,2025-09-05 20:59:00,13705.0,60.98,0
N7020,2025-09-05 21:00:00,175601.0,79.64,0
N7021,2025-09-05 21:01:00,18755.0,22.59,0
N7022,2025-09-05 21:02:00,222204.0,42.06,0
N7023,2025-09-05 21:03:00,174894.0,42.73,0
N7024,2025-09-05 21:04:00,157157.0,2.5,0
N7025,2025-09-05 21:05:00,62750.0,55.21,0
N7026,2025-09-05 21:06:00,78234.0,31.72,0
N7027,2025-09-05 21:07:00,137931.0,41.62,0
N7028,2025-09-05 21:08:00,143419.0,32.99,0
N7029,2025-09-05 21:09:00,28450.0,15.36,0
N7030,2025-09-05 21:10:00,107548.0,84.11,0
N7031,2025-09-05 21:11:00,13584.0,36.6,0
N7032,2025-09-05 21:12:00,44204.0,21.28,0
N7033,2025-09-05 21:13:00,44455.0,61.44,0
N7034,2025-09-05 21:14:00,58605.0,29.38,0
N7035,2025-09-05 21:15:00,8351.0,15.95,0
N7036,2025-09-05 21:16:00,271826.0,36.74,0
N7037,2025-09-05 21:17:00,27323.0,38.45,0
N7038,2025-09-05 21:18:00,129840.0,56.32,0
N7039,2025-09-05 21:19:00,51748.0,18.37,0
N7040,2025-09-05 21:20:00,296720.0,41.69,0
N7041,2025-09-05 21:21:00,67422.0,9.83,0
N7042,2025-09-05 21:22:00,116558.0,58.87,0
N7043,2025-09-05 21:23:00,109335.0,5.38,0
N7044,2025-09-05 21:24:00,92065.0,36.24,0
N7045,2025-09-05 21:25:00,275644.0,45.43,0
N7046,2025-09-05 21:26:00,83446.0,11.77,0
N7047,2025-09-05 21:27:00,106035.0,3.15,0
N7048,2025-09-05 21:28:00,12533.0,122.95,0
N7049,2025-09-05 21:29:00,87558.0,6.58,0
N7050,2025-09-05 21:30:00,26254.0,10.14,0
N7051,2025-09-05 21:31:00,38467.0,8.46,0
N7052,2025-09-05 21:32:00,24605.0,151.19,0
N7053,2025-09-05 21:33:00,118174.0,37.53,0
N7054,2025-09-05 21:34:00,65756.0,94.56,0
N7055,2025-09-05 21:35:00,103909.0,24.62,0
N7056,2025-09-05 21:36:00,99901.0,11.79,0
N7057,2025-09-05 21:37:00,63839.0,64.37,0
N7058,2025-09-05 21:38:00,257495.0,44.02,0
N7059,2025-09-05 21:39:00,23788.0,24.93,0
N7060,2025-09-05 21:40:00,50677.0,15.09,0
N7061,2025-09-05 21:41:00,92262.0,60.64,0
N7062,2025-09-05 21:42:00,14655.0,38.9,0
N7063,2025-09-05 21:43:00,66585.0,59.96,0
N7064,2025-09-05 21:44:00,102526.0,31.5,0
N7065,2025-09-05 21:45:00,22197.0,28.94,0
N7066,2025-09-05 21:46:00,238576.0,8.94,0
N7067,2025-09-05 21:47:00,132564.0,7.63,0
N7068,2025-09-05 21:48:00,130607.0,24.86,0
N7069,2025-09-05 21:49:00,62820.0,89.39,0
N7070,2025-09-05 21:50:00,22645.0,35.37,0
N7071,2025-09-05 21:51:00,76306.0,8.48,0
N7072,2025-09-05 21:52:00,157003.0,445.59,0
N7073,2025-09-05 21:53:00,98739.0,216.97,0
N7074,2025-09-05 21:54:00,152634.0,29.55,0
N7075,2025-09-05 21:55:00,119802.0,13.25,0
N7076,2025-09-05 21:56:00,50909.0,56.17,0
N7077,2025-09-05 21:57:00,51314.0,112.45,0
N7078,2025-09-05 21:58:00,78147.0,18.79,0
N7079,2025-09-05 21:59:00,314370.0,61.14,0
N7080,2025-09-05 22:00:00,192466.0,4.82,0
N7081,2025-09-05 22:01:00,159909.0,12.65,0
N7082,2025-09-05 22:02:00,21604.0,117.56,0
N7083,2025-09-05 22:03:00,42905.0,20.49,0
N7084,2025-09-05 22:04:00,176800.0,35.38,0
N7085,2025-09-05 22:05:00,133957.0,23.41,0
N7086,2025-09-05 22:06:00,39951.0,43.83,0
N7087,2025-09-05 22:07:00,107410.0,144.74,0
N7088,2025-09-05 22:08:00,53588.0,370.01,0
N7089,2025-09-05 22:09:00,112974.0,2.62,0
N7090,2025-09-05 22:10:00,52969.0,5.86,0
N7091,2025-09-05 22:11:00,40462.0,22.15,0
N7092,2025-09-05 22:12:00,12008.0,82.42,0
N7093,2025-09-05 22:13:00,452029.0,16.33,0
N7094,2025-09-05 22:14:00,24084.0,21.22,0
N7095,2025-09-05 22:15:00,71473.0,24.56,0
N7096,2025-09-05 22:16:00,42712.0,5.51,0
N7097,2025-09-05 22:17:00,76738.0,16.0,0
N7098,2025-09-05 22:18:00,52186.0,10.99,0
N7099,2025-09-05 22:19:00,34020.0,42.35,0
N7100,2025-09-05 22:20:00,42320.0,18.51,0
N7101,2025-09-05 22:21:00,53073.0,34.2,0
N7102,2025-09-05 22:22:00,76540.0,30.77,0
N7103,2025-09-05 22:23:00,148686.0,133.09,0
N7104,2025-09-05 22:24:00,74428.0,49.29,0
N7105,2025-09-05 22:25:00,149705.0,146.76,0
N7106,2025-09-05 22:26:00,52176.0,374.38,0
N7107,2025-09-05 22:27:00,102403.0,163.42,0
N7108,2025-09-05 22:28:00,404621.0,12.3,0
N7109,2025-09-05 22:29:00,116923.0,19.22,0
N7110,2025-09-05 22:30:00,71641.0,30.42,0
N7111,2025-09-05 22:31:00,537516.0,25.67,0
N7112,2025-09-05 22:32:00,104571.0,23.59,0
N7113,2025-09-05 22:33:00,49444.0,74.62,0
N7114,2025-09-05 22:34:00,60836.0,20.43,0
N7115,2025-09-05 22:35:00,39811.0,16.87,0
N7116,2025-09-05 22:36:00,74885.0,71.98,0
N7117,2025-09-05 22:37:00,53883.0,21.09,0
N7118,2025-09-05 22:38:00,27698.0,13.05,0
N7119,2025-09-05 22:39:00,97447.0,84.77,0
N7120,2025-09-05 22:40:00,78338.0,15.12,0
N7121,2025-09-05 22:41:00,55451.0,9.37,0
N7122,2025-09-05 22:42:00,806561.0,58.87,0
N7123,2025-09-05 22:43:00,93526.0,27.68,0
N7124,2025-09-05 22:44:00,113480.0,26.04,0
N7125,2025-09-05 22:45:00,478606.0,40.73,0
N7126,2025-09-05 22:46:00,350060.0,198.69,0
N7127,2025-09-05 22:47:00,66199.0,53.99,0
N7128,2025-09-05 22:48:00,278149.0,5.4,0
N7129,2025-09-05 22:49:00,275874.0,100.56,0
N7130,2025-09-05 22:50:00,96959.0,30.5,0
N7131,2025-09-05 22:51:00,33653.0,102.8,0
N7132,2025-09-05 22:52:00,46841.0,38.44,0
N7133,2025-09-05 22:53:00,67384.0,67.95,0
N7134,2025-09-05 22:54:00,26814.0,3.19,0
N7135,2025-09-05 22:55:00,129919.0,27.08,0
N7136,2025-09-05 22:56:00,1066613.0,8.84,0
N7137,2025-09-05 22:57:00,154646.0,35.43,0
N7138,2025-09-05 22:58:00,200331.0,16.26,0
N7139,2025-09-05 22:59:00,83098.0,209.52,0
N7140,2025-09-05 23:00:00,254987.0,49.77,0
N7141,2025-09-05 23:01:00,35427.0,25.98,0
N7142,2025-09-05 23:02:00,28846.0,65.29,0
N7143,2025-09-05 23:03:00,89272.0,41.24,0
N7144,2025-09-05 23:04:00,521663.0,137.84,0
N7145,2025-09-05 23:05:00,209781.0,34.28,0
N7146,2025-09-05 23:06:00,149438.0,26.86,0
N7147,2025-09-05 23:07:00,111985.0,137.95,0
N7148,2025-09-05 23:08:00,163783.0,117.27,0
N7149,2025-09-05 23:09:00,86226.0,147.66,0
N7150,2025-09-05 23:10:00,100686.0,78.35,0
N7151,2025-09-05 23:11:00,225618.0,26.75,0
N7152,2025-09-05 23:12:00,165755.0,38.59,0
N7153,2025-09-05 23:13:00,78439.0,18.07,0
N7154,2025-09-05 23:14:00,47161.0,36.17,0
N7155,2025-09-05 23:15:00,90696.0,27.28,0
N7156,2025-09-05 23:16:00,59589.0,70.32,0
N7157,2025-09-05 23:17:00,2273.0,13.05,0
N7158,2025-09-05 23:18:00,92656.0,67.86,0
N7159,2025-09-05 23:19:00,37385.0,62.41,0
N7160,2025-09-05 23:20:00,51577.0,28.26,0
N7161,2025-09-05 23:21:00,256656.0,43.01,0
N7162,2025-09-05 23:22:00,45708.0,13.46,0
N7163,2025-09-05 23:23:00,19552.0,89.4,0
N7164,2025-09-05 23:24:00,228168.0,46.82,0
N7165,2025-09-05 23:25:00,47430.0,76.67,0
N7166,2025-09-05 23:26:00,116839.0,13.31,0
N7167,2025-09-05 23:27:00,155132.0,50.64,0
N7168,2025-09-05 23:28:00,37231.0,62.81,0
N7169,2025-09-05 23:29:00,44484.0,13.94,0
N7170,2025-09-05 23:30:00,88747.0,26.28,0
N7171,2025-09-05 23:31:00,140206.0,11.25,0
N7172,2025-09-05 23:32:00,158034.0,19.23,0
N7173,2025-09-05 23:33:00,80474.0,42.07,0
N7174,2025-09-05 23:34:00,102634.0,7.88,0
N7175,2025-09-05 23:35:00,262486.0,11.24,0
N7176,2025-09-05 23:36:00,81963.0,282.86,0
N7177,2025-09-05 23:37:00,24989.0,41.45,0
N7178,2025-09-05 23:38:00,85775.0,108.41,0
N7179,2025-09-05 23:39:00,29290.0,5.83,0
N7180,2025-09-05 23:40:00,298731.0,26.97,0
N7181,2025-09-05 23:41:00,143776.0,3.78,0
N7182,2025-09-05 23:42:00,66087.0,76.08,0
N7183,2025-09-05 23:43:00,75045.0,16.53,0
N7184,2025-09-05 23:44:00,467388.0,231.35,0
N7185,2025-09-05 23:45:00,43956.0,14.48,0
N7186,2025-09-05 23:46:00,141689.0,4.9,0
N7187,2025-09-05 23:47:00,221282.0,63.55,0
N7188,2025-09-05 23:48:00,98050.0,65.56,0
N7189,2025-09-05 23:49:00,72684.0,118.14,0
N7190,2025-09-05 23:50:00,279545.0,62.38,0
N7191,2025-09-05 23:51:00,44037.0,276.39,0
N7192,2025-09-05 23:52:00,262813.0,134.46,0
N7193,2025-09-05 23:53:00,50999.0,21.23,0
N7194,2025-09-05 23:54:00,48556.0,17.1,0
N7195,2025-09-05 23:55:00,41118.0,132.33,0
N7196,2025-09-05 23:56:00,261355.0,52.93,0
N7197,2025-09-05 23:57:00,56036.0,59.72,0
N7198,2025-09-05 23:58:00,166785.0,147.33,0
N7199,2025-09-05 23:59:00,69746.0,30.59,0
N7200,2025-09-06 00:00:00,13346.0,18.93,0
N7201,2025-09-06 00:01:00,110757.0,142.11,0
N7202,2025-09-06 00:02:00,23588.0,11.23,0
N7203,2025-09-06 00:03:00,179131.0,20.09,0
N7204,2025-09-06 00:04:00,34487.0,7.67,0
N7205,2025-09-06 00:05:00,145375.0,202.44,0
N7206,2025-09-06 00:06:00,35518.0,25.11,0
N7207,2025-09-06 00:07:00,46365.0,63.27,0
N7208,2025-09-06 00:08:00,80757.0,170.4,0
N7209,2025-09-06 00:09:00,24623.0,14.33,0
N7210,2025-09-06 00:10:00,22717.0,18.3,0
N7211,2025-09-06 00:11:00,114289.0,19.37,0
N7212,2025-09-06 00:12:00,111665.0,154.37,0
N7213,2025-09-06 00:13:00,44343.0,18.9,0
N7214,2025-09-06 00:14:00,183546.0,31.69,0
N7215,2025-09-06 00:15:00,324238.0,43.58,0
N7216,2025-09-06 00:16:00,144532.0,14.31,0
N7217,2025-09-06 00:17:00,15268.0,48.26,0
N7218,2025-09-06 00:18:00,468517.0,123.77,0
N7219,2025-09-06 00:19:00,355980.0,92.31,0
N7220,2025-09-06 00:20:00,80203.0,111.09,0
N7221,2025-09-06 00:21:00,72089.0,146.25,0
N7222,2025-09-06 00:22:00,85441.0,52.39,0
N7223,2025-09-06 00:23:00,14696.0,23.66,0
N7224,2025-09-06 00:24:00,232532.0,40.68,0
N7225,2025-09-06 00:25:00,140236.0,214.75,0
N7226,2025-09-06 00:26:00,18579.0,58.6,0
N7227,2025-09-06 00:27:00,16338.0,5.78,0
N7228,2025-09-06 00:28:00,43696.0,29.57,0
N7229,2025-09-06 00:29:00,20216.0,31.78,0
N7230,2025-09-06 00:30:00,5748.0,6.28,0
N7231,2025-09-06 00:31:00,76149.0,26.97,0
N7232,2025-09-06 00:32:00,41602.0,77.89,0
N7233,2025-09-06 00:33:00,4885.0,88.22,0
N7234,2025-09-06 00:34:00,103021.0,39.48,0
N7235,2025-09-06 00:35:00,165098.0,26.35,0
N7236,2025-09-06 00:36:00,221693.0,51.03,0
N7237,2025-09-06 00:37:00,743923.0,79.97,0
N7238,2025-09-06 00:38:00,53018.0,14.69,0
N7239,2025-09-06 00:39:00,246756.0,14.27,0
N7240,2025-09-06 00:40:00,152317.0,17.11,0
N7241,2025-09-06 00:41:00,144478.0,52.25,0
N7242,2025-09-06 00:42:00,134869.0,41.88,0
N7243,2025-09-06 00:43:00,17155.0,88.23,0
N7244,2025-09-06 00:44:00,234249.0,18.19,0
N7245,2025-09-06 00:45:00,305588.0,78.89,0
N7246,2025-09-06 00:46:00,239809.0,102.4,0
N7247,2025-09-06 00:47:00,81525.0,14.5,0
N7248,2025-09-06 00:48:00,273013.0,67.45,0
N7249,2025-09-06 00:49:00,49172.0,9.25,0
N7250,2025-09-06 00:50:00,66028.0,30.26,0
N7251,2025-09-06 00:51:00,154706.0,16.09,0
N7252,2025-09-06 00:52:00,94195.0,19.4,0
N7253,2025-09-06 00:53:00,151028.0,75.72,0
N7254,2025-09-06 00:54:00,110890.0,8.75,0
N7255,2025-09-06 00:55:00,80597.0,16.25,0
N7256,2025-09-06 00:56:00,120652.0,45.21,0
N7257,2025-09-06 00:57:00,95493.0,103.63,0
N7258,2025-09-06 00:58:00,84527.0,12.33,0
N7259,2025-09-06 00:59:00,78875.0,28.54,0
N7260,2025-09-06 01:00:00,76957.0,100.8,0
N7261,2025-09-06 01:01:00,57055.0,62.13,0
N7262,2025-09-06 01:02:00,84840.0,31.61,0
N7263,2025-09-06 01:03:00,188996.0,23.25,0
N7264,2025-09-06 01:04:00,22213.0,11.94,0
N7265,2025-09-06 01:05:00,174835.0,38.31,0
N7266,2025-09-06 01:06:00,99249.0,13.03,0
N7267,2025-09-06 01:07:00,37696.0,40.74,0
N7268,2025-09-06 01:08:00,102516.0,30.88,0
N7269,2025-09-06 01:09:00,49362.0,48.15,0
N7270,2025-09-06 01:10:00,41936.0,42.74,0
N7271,2025-09-06 01:11:00,9462.0,20.23,0
N7272,2025-09-06 01:12:00,106759.0,50.35,0
N7273,2025-09-06 01:13:00,21153.0,71.45,0
N7274,2025-09-06 01:14:00,482697.0,20.18,0
N7275,2025-09-06 01:15:00,146164.0,88.34,0
N7276,2025-09-06 01:16:00,42246.0,52.19,0
N7277,2025-09-06 01:17:00,746219.0,156.98,0
N7278,2025-09-06 01:18:00,18610.0,126.98,0
N7279,2025-09-06 01:19:00,91307.0,9.19,0
N7280,2025-09-06 01:20:00,138709.0,98.29,0
N7281,2025-09-06 01:21:00,87719.0,24.61,0
N7282,2025-09-06 01:22:00,35226.0,14.7,0
N7283,2025-09-06 01:23:00,17337.0,55.03,0
N7284,2025-09-06 01:24:00,41275.0,24.97,0
N7285,2025-09-06 01:25:00,133098.0,51.52,0
N7286,2025-09-06 01:26:00,50967.0,8.5,0
N7287,2025-09-06 01:27:00,45990.0,9.86,0
N7288,2025-09-06 01:28:00,88709.0,82.7,0
N7289,2025-09-06 01:29:00,23194.0,31.53,0
N7290,2025-09-06 01:30:00,39807.0,31.31,0
N7291,2025-09-06 01:31:00,129056.0,142.15,0
N7292,2025-09-06 01:32:00,50428.0,15.18,0
N7293,2025-09-06 01:33:00,61209.0,48.16,0
N7294,2025-09-06 01:34:00,56233.0,8.55,0
N7295,2025-09-06 01:35:00,53576.0,36.43,0
N7296,2025-09-06 01:36:00,192747.0,31.83,0
N7297,2025-09-06 01:37:00,113746.0,52.8,0
N7298,2025-09-06 01:38:00,182921.0,16.68,0
N7299,2025-09-06 01:39:00,24537.0,89.22,0
N7300,2025-09-06 01:40:00,80984.0,7.74,0
N7301,2025-09-06 01:41:00,105412.0,13.94,0
N7302,2025-09-06 01:42:00,64240.0,30.34,0
N7303,2025-09-06 01:43:00,117769.0,90.82,0
N7304,2025-09-06 01:44:00,98305.0,76.52,0
N7305,2025-09-06 01:45:00,14531.0,66.54,0
N7306,2025-09-06 01:46:00,61443.0,98.7,0
N7307,2025-09-06 01:47:00,80876.0,93.69,0
N7308,2025-09-06 01:48:00,169555.0,7.3,0
N7309,2025-09-06 01:49:00,96317.0,31.86,0
N7310,2025-09-06 01:50:00,35719.0,40.22,0
N7311,2025-09-06 01:51:00,229105.0,643.25,0
N7312,2025-09-06 01:52:00,42407.0,33.59,0
N7313,2025-09-06 01:53:00,89547.0,35.23,0
N7314,2025-09-06 01:54:00,40607.0,33.4,0
N7315,2025-09-06 01:55:00,152398.0,143.3,0
N7316,2025-09-06 01:56:00,255334.0,27.51,0
N7317,2025-09-06 01:57:00,97030.0,35.62,0
N7318,2025-09-06 01:58:00,38623.0,20.98,0
N7319,2025-09-06 01:59:00,62510.0,18.79,0
N7320,2025-09-06 02:00:00,165946.0,16.63,0
N7321,2025-09-06 02:01:00,31275.0,36.24,0
N7322,2025-09-06 02:02:00,76341.0,37.14,0
N7323,2025-09-06 02:03:00,92477.0,238.55,0
N7324,2025-09-06 02:04:00,193361.0,12.48,0
N7325,2025-09-06 02:05:00,85094.0,6.36,0
N7326,2025-09-06 02:06:00,200733.0,7.61,0
N7327,2025-09-06 02:07:00,77095.0,32.93,0
N7328,2025-09-06 02:08:00,217305.0,147.23,0
N7329,2025-09-06 02:09:00,568830.0,89.39,0
N7330,2025-09-06 02:10:00,540329.0,131.96,0
N7331,2025-09-06 02:11:00,70826.0,4.82,0
N7332,2025-09-06 02:12:00,173682.0,135.82,0
N7333,2025-09-06 02:13:00,54709.0,4.84,0
N7334,2025-09-06 02:14:00,221075.0,50.91,0
N7335,2025-09-06 02:15:00,79422.0,29.86,0
N7336,2025-09-06 02:16:00,21693.0,18.17,0
N7337,2025-09-06 02:17:00,15740.0,21.16,0
N7338,2025-09-06 02:18:00,137703.0,17.2,0
N7339,2025-09-06 02:19:00,147933.0,17.88,0
N7340,2025-09-06 02:20:00,82547.0,23.88,0
N7341,2025-09-06 02:21:00,123640.0,91.38,0
N7342,2025-09-06 02:22:00,187227.0,30.87,0
N7343,2025-09-06 02:23:00,40571.0,6.17,0
N7344,2025-09-06 02:24:00,59702.0,310.34,0
N7345,2025-09-06 02:25:00,128476.0,6.07,0
N7346,2025-09-06 02:26:00,708621.0,34.75,0
N7347,2025-09-06 02:27:00,25152.0,23.26,0
N7348,2025-09-06 02:28:00,243888.0,49.79,0
N7349,2025-09-06 02:29:00,87185.0,73.11,0
N7350,2025-09-06 02:30:00,67040.0,97.6,0
N7351,2025-09-06 02:31:00,399505.0,77.98,0
N7352,2025-09-06 02:32:00,92555.0,21.48,0
N7353,2025-09-06 02:33:00,22152.0,6.06,0
N7354,2025-09-06 02:34:00,43625.0,10.69,0
N7355,2025-09-06 02:35:00,5291.0,84.64,0
N7356,2025-09-06 02:36:00,98689.0,109.25,0
N7357,2025-09-06 02:37:00,17388.0,15.3,0
N7358,2025-09-06 02:38:00,85553.0,219.64,0
N7359,2025-09-06 02:39:00,141509.0,369.97,0
N7360,2025-09-06 02:40:00,92795.0,73.65,0
N7361,2025-09-06 02:41:00,32783.0,23.35,0
N7362,2025-09-06 02:42:00,67378.0,62.97,0
N7363,2025-09-06 02:43:00,32635.0,122.25,0
N7364,2025-09-06 02:44:00,54881.0,28.0,0
N7365,2025-09-06 02:45:00,227841.0,77.1,0
N7366,2025-09-06 02:46:00,27923.0,35.36,0
N7367,2025-09-06 02:47:00,51050.0,67.94,0
N7368,2025-09-06 02:48:00,124758.0,60.84,0
N7369,2025-09-06 02:49:00,225600.0,16.91,0
N7370,2025-09-06 02:50:00,248983.0,103.78,0
N7371,2025-09-06 02:51:00,52170.0,31.05,0
N7372,2025-09-06 02:52:00,641080.0,98.53,0
N7373,2025-09-06 02:53:00,158554.0,53.75,0
N7374,2025-09-06 02:54:00,43770.0,26.89,0
N7375,2025-09-06 02:55:00,86478.0,155.91,0
N7376,2025-09-06 02:56:00,16792.0,42.72,0
N7377,2025-09-06 02:57:00,90971.0,45.77,0
N7378,2025-09-06 02:58:00,165688.0,58.51,0
N7379,2025-09-06 02:59:00,22808.0,83.62,0
N7380,2025-09-06 03:00:00,90728.0,12.61,0
N7381,2025-09-06 03:01:00,84370.0,27.76,0
N7382,2025-09-06 03:02:00,88750.0,70.75,0
N7383,2025-09-06 03:03:00,127762.0,33.6,0
N7384,2025-09-06 03:04:00,308153.0,23.15,0
N7385,2025-09-06 03:05:00,36881.0,19.99,0
N7386,2025-09-06 03:06:00,55009.0,36.06,0
N7387,2025-09-06 03:07:00,26428.0,189.23,0
N7388,2025-09-06 03:08:00,41247.0,43.01,0
N7389,2025-09-06 03:09:00,60791.0,35.45,0
N7390,2025-09-06 03:10:00,48354.0,33.17,0
N7391,2025-09-06 03:11:00,152950.0,16.62,0
N7392,2025-09-06 03:12:00,11211.0,120.26,0
N7393,2025-09-06 03:13:00,57029.0,48.19,0
N7394,2025-09-06 03:14:00,47419.0,47.7,0
N7395,2025-09-06 03:15:00,83477.0,37.32,0
N7396,2025-09-06 03:16:00,48795.0,28.31,0
N7397,2025-09-06 03:17:00,37387.0,65.52,0
N7398,2025-09-06 03:18:00,17498.0,21.24,0
N7399,2025-09-06 03:19:00,101213.0,38.92,0
N7400,2025-09-06 03:20:00,96160.0,86.78,0
N7401,2025-09-06 03:21:00,86185.0,21.83,0
N7402,2025-09-06 03:22:00,41852.0,70.5,0
N7403,2025-09-06 03:23:00,226971.0,56.14,0
N7404,2025-09-06 03:24:00,69253.0,53.49,0
N7405,2025-09-06 03:25:00,103365.0,74.71,0
N7406,2025-09-06 03:26:00,119036.0,45.66,0
N7407,2025-09-06 03:27:00,91571.0,32.95,0
N7408,2025-09-06 03:28:00,43597.0,73.95,0
N7409,2025-09-06 03:29:00,154010.0,14.01,0
N7410,2025-09-06 03:30:00,38425.0,40.66,0
N7411,2025-09-06 03:31:00,69991.0,22.84,0
N7412,2025-09-06 03:32:00,51706.0,12.3,0
N7413,2025-09-06 03:33:00,57769.0,66.47,0
N7414,2025-09-06 03:34:00,174895.0,51.41,0
N7415,2025-09-06 03:35:00,23502.0,37.64,0
N7416,2025-09-06 03:36:00,302968.0,18.28,0
N7417,2025-09-06 03:37:00,348053.0,3.25,0
N7418,2025-09-06 03:38:00,70696.0,348.79,0
N7419,2025-09-06 03:39:00,40030.0,19.52,0
N7420,2025-09-06 03:40:00,96551.0,49.1,0
N7421,2025-09-06 03:41:00,33025.0,115.49,0
N7422,2025-09-06 03:42:00,14785.0,13.35,0
N7423,2025-09-06 03:43:00,60474.0,68.69,0
N7424,2025-09-06 03:44:00,478835.0,23.74,0
N7425,2025-09-06 03:45:00,157616.0,40.66,0
N7426,2025-09-06 03:46:00,138399.0,34.48,0
N7427,2025-09-06 03:47:00,30012.0,30.65,0
N7428,2025-09-06 03:48:00,147530.0,31.01,0
N7429,2025-09-06 03:49:00,105940.0,93.9,0
N7430,2025-09-06 03:50:00,160836.0,59.1,0
N7431,2025-09-06 03:51:00,84559.0,50.11,0
N7432,2025-09-06 03:52:00,16368.0,343.82,0
N7433,2025-09-06 03:53:00,215388.0,81.5,0
N7434,2025-09-06 03:54:00,218927.0,47.53,0
N7435,2025-09-06 03:55:00,76401.0,57.13,0
N7436,2025-09-06 03:56:00,60415.0,394.1,0
N7437,2025-09-06 03:57:00,20097.0,10.41,0
N7438,2025-09-06 03:58:00,166782.0,63.47,0
N7439,2025-09-06 03:59:00,407555.0,31.83,0
N7440,2025-09-06 04:00:00,57658.0,109.17,0
N7441,2025-09-06 04:01:00,28160.0,40.6,0
N7442,2025-09-06 04:02:00,49658.0,15.16,0
N7443,2025-09-06 04:03:00,536015.0,30.14,0
N7444,2025-09-06 04:04:00,192897.0,12.48,0
N7445,2025-09-06 04:05:00,45837.0,44.4,0
N7446,2025-09-06 04:06:00,72097.0,4.12,0
N7447,2025-09-06 04:07:00,972253.0,50.58,0
N7448,2025-09-06 04:08:00,347860.0,11.95,0
N7449,2025-09-06 04:09:00,93274.0,145.85,0
N7450,2025-09-06 04:10:00,280318.0,248.7,0
N7451,2025-09-06 04:11:00,64500.0,7.7,0
N7452,2025-09-06 04:12:00,33888.0,4.01,0
N7453,2025-09-06 04:13:00,94446.0,21.98,0
N7454,2025-09-06 04:14:00,54566.0,61.41,0
N7455,2025-09-06 04:15:00,41270.0,263.38,0
N7456,2025-09-06 04:16:00,190474.0,51.29,0
N7457,2025-09-06 04:17:00,154284.0,13.44,0
N7458,2025-09-06 04:18:00,16552.0,38.44,0
N7459,2025-09-06 04:19:00,72107.0,21.17,0
N7460,2025-09-06 04:20:00,56728.0,19.78,0
N7461,2025-09-06 04:21:00,80780.0,23.29,0
N7462,2025-09-06 04:22:00,69288.0,35.48,0
N7463,2025-09-06 04:23:00,169649.0,54.99,0
N7464,2025-09-06 04:24:00,29372.0,56.02,0
N7465,2025-09-06 04:25:00,145208.0,36.44,0
N7466,2025-09-06 04:26:00,105295.0,90.56,0
N7467,2025-09-06 04:27:00,37391.0,29.14,0
N7468,2025-09-06 04:28:00,30221.0,117.81,0
N7469,2025-09-06 04:29:00,95907.0,81.75,0
N7470,2025-09-06 04:30:00,27676.0,25.11,0
N7471,2025-09-06 04:31:00,194090.0,26.0,0
N7472,2025-09-06 04:32:00,116152.0,17.82,0
N7473,2025-09-06 04:33:00,12246.0,105.71,0
N7474,2025-09-06 04:34:00,138156.0,66.08,0
N7475,2025-09-06 04:35:00,63775.0,24.69,0
N7476,2025-09-06 04:36:00,32298.0,20.37,0
N7477,2025-09-06 04:37:00,157216.0,156.36,0
N7478,2025-09-06 04:38:00,205227.0,50.39,0
N7479,2025-09-06 04:39:00,30705.0,30.64,0
N7480,2025-09-06 04:40:00,39025.0,5.14,0
N7481,2025-09-06 04:41:00,264181.0,26.14,0
N7482,2025-09-06 04:42:00,37941.0,54.24,0
N7483,2025-09-06 04:43:00,17211.0,33.99,0
N7484,2025-09-06 04:44:00,113609.0,10.63,0
N7485,2025-09-06 04:45:00,131258.0,16.44,0
N7486,2025-09-06 04:46:00,101104.0,12.27,0
N7487,2025-09-06 04:47:00,48635.0,53.19,0
N7488,2025-09-06 04:48:00,52734.0,8.48,0
N7489,2025-09-06 04:49:00,30632.0,47.93,0
N7490,2025-09-06 04:50:00,22717.0,20.8,0
N7491,2025-09-06 04:51:00,393768.0,17.17,0
N7492,2025-09-06 04:52:00,21264.0,27.32,0
N7493,2025-09-06 04:53:00,84502.0,16.5,0
N7494,2025-09-06 04:54:00,107164.0,17.3,0
N7495,2025-09-06 04:55:00,13496.0,59.06,0
N7496,2025-09-06 04:56:00,36856.0,36.98,0
N7497,2025-09-06 04:57:00,153964.0,10.81,0
N7498,2025-09-06 04:58:00,103458.0,21.68,0
N7499,2025-09-06 04:59:00,113141.0,56.98,0
N7500,2025-09-06 05:00:00,93120.0,47.08,0
N7501,2025-09-06 05:01:00,84175.0,10.72,0
N7502,2025-09-06 05:02:00,6758.0,231.38,0
N7503,2025-09-06 05:03:00,147871.0,25.77,0
N7504,2025-09-06 05:04:00,201015.0,31.64,0
N7505,2025-09-06 05:05:00,271999.0,27.38,0
N7506,2025-09-06 05:06:00,21125.0,32.41,0
N7507,2025-09-06 05:07:00,768464.0,36.52,0
N7508,2025-09-06 05:08:00,19813.0,95.45,0
N7509,2025-09-06 05:09:00,69930.0,33.78,0
N7510,2025-09-06 05:10:00,404383.0,74.85,0
N7511,2025-09-06 05:11:00,37885.0,15.24,0
N7512,2025-09-06 05:12:00,161992.0,26.68,0
N7513,2025-09-06 05:13:00,61388.0,11.18,0
N7514,2025-09-06 05:14:00,55634.0,149.11,0
N7515,2025-09-06 05:15:00,270910.0,137.95,0
N7516,2025-09-06 05:16:00,53995.0,44.68,0
N7517,2025-09-06 05:17:00,55543.0,7.15,0
N7518,2025-09-06 05:18:00,230068.0,134.94,0
N7519,2025-09-06 05:19:00,420620.0,16.11,0
N7520,2025-09-06 05:20:00,85046.0,19.71,0
N7521,2025-09-06 05:21:00,62294.0,28.66,0
N7522,2025-09-06 05:22:00,39390.0,11.42,0
N7523,2025-09-06 05:23:00,17748.0,8.83,0
N7524,2025-09-06 05:24:00,699020.0,15.78,0
N7525,2025-09-06 05:25:00,75326.0,28.6,0
N7526,2025-09-06 05:26:00,27159.0,47.22,0
N7527,2025-09-06 05:27:00,246391.0,127.18,0
N7528,2025-09-06 05:28:00,56210.0,106.05,0
N7529,2025-09-06 05:29:00,305287.0,478.72,0
N7530,2025-09-06 05:30:00,79496.0,27.56,0
N7531,2025-09-06 05:31:00,67256.0,62.36,0
N7532,2025-09-06 05:32:00,117770.0,13.58,0
N7533,2025-09-06 05:33:00,11556.0,246.73,0
N7534,2025-09-06 05:34:00,42168.0,40.24,0
N7535,2025-09-06 05:35:00,96489.0,25.61,0
N7536,2025-09-06 05:36:00,29193.0,134.1,0
N7537,2025-09-06 05:37:00,75219.0,9.34,0
N7538,2025-09-06 05:38:00,181591.0,34.05,0
N7539,2025-09-06 05:39:00,57275.0,68.11,0
N7540,2025-09-06 05:40:00,96019.0,103.08,0
N7541,2025-09-06 05:41:00,29808.0,8.34,0
N7542,2025-09-06 05:42:00,210943.0,40.07,0
N7543,2025-09-06 05:43:00,51339.0,13.32,0
N7544,2025-09-06 05:44:00,128595.0,36.04,0
N7545,2025-09-06 05:45:00,218438.0,33.83,0
N7546,2025-09-06 05:46:00,251674.0,25.23,0
N7547,2025-09-06 05:47:00,118302.0,57.29,0
N7548,2025-09-06 05:48:00,42988.0,118.0,0
N7549,2025-09-06 05:49:00,64164.0,19.6,0
N7550,2025-09-06 05:50:00,77727.0,80.8,0
N7551,2025-09-06 05:51:00,155669.0,121.37,0
N7552,2025-09-06 05:52:00,196445.0,38.15,0
N7553,2025-09-06 05:53:00,75639.0,4.99,0
N7554,2025-09-06 05:54:00,41992.0,15.88,0
N7555,2025-09-06 05:55:00,28750.0,66.29,0
N7556,2025-09-06 05:56:00,126049.0,21.36,0
N7557,2025-09-06 05:57:00,35375.0,30.35,0
N7558,2025-09-06 05:58:00,31350.0,108.74,0
N7559,2025-09-06 05:59:00,102092.0,102.64,0
N7560,2025-09-06 06:00:00,49709.0,34.08,0
N7561,2025-09-06 06:01:00,26157.0,25.49,0
N7562,2025-09-06 06:02:00,26840.0,43.45,0
N7563,2025-09-06 06:03:00,18495.0,172.92,0
N7564,2025-09-06 06:04:00,129816.0,22.39,0
N7565,2025-09-06 06:05:00,126278.0,76.43,0
N7566,2025-09-06 06:06:00,219808.0,75.69,0
N7567,2025-09-06 06:07:00,259933.0,92.53,0
N7568,2025-09-06 06:08:00,100808.0,72.41,0
N7569,2025-09-06 06:09:00,55042.0,77.15,0
N7570,2025-09-06 06:10:00,160579.0,139.41,0
N7571,2025-09-06 06:11:00,40126.0,15.59,0
N7572,2025-09-06 06:12:00,41703.0,18.71,0
N7573,2025-09-06 06:13:00,66387.0,83.42,0
N7574,2025-09-06 06:14:00,233686.0,195.07,0
N7575,2025-09-06 06:15:00,120837.0,30.68,0
N7576,2025-09-06 06:16:00,191940.0,9.92,0
N7577,2025-09-06 06:17:00,45710.0,11.69,0
N7578,2025-09-06 06:18:00,100111.0,38.67,0
N7579,2025-09-06 06:19:00,12043.0,19.65,0
N7580,2025-09-06 06:20:00,142884.0,26.31,0
N7581,2025-09-06 06:21:00,160187.0,87.85,0
N7582,2025-09-06 06:22:00,96284.0,75.04,0
N7583,2025-09-06 06:23:00,105283.0,31.56,0
N7584,2025-09-06 06:24:00,22054.0,53.39,0
N7585,2025-09-06 06:25:00,89280.0,35.1,0
N7586,2025-09-06 06:26:00,130243.0,24.63,0
N7587,2025-09-06 06:27:00,442963.0,227.97,0
N7588,2025-09-06 06:28:00,95801.0,9.19,0
N7589,2025-09-06 06:29:00,212119.0,8.66,0
N7590,2025-09-06 06:30:00,80374.0,19.79,0
N7591,2025-09-06 06:31:00,51317.0,9.46,0
N7592,2025-09-06 06:32:00,16786.0,28.01,0
N7593,2025-09-06 06:33:00,64938.0,271.55,0
N7594,2025-09-06 06:34:00,48268.0,85.56,0
N7595,2025-09-06 06:35:00,68248.0,85.25,0
N7596,2025-09-06 06:36:00,92058.0,44.47,0
N7597,2025-09-06 06:37:00,233612.0,7.45,0
N7598,2025-09-06 06:38:00,84280.0,4.96,0
N7599,2025-09-06 06:39:00,57437.0,94.46,0
N7600,2025-09-06 06:40:00,111961.0,21.45,0
N7601,2025-09-06 06:41:00,42478.0,22.78,0
N7602,2025-09-06 06:42:00,65246.0,33.72,0
N7603,2025-09-06 06:43:00,25546.0,9.13,0
N7604,2025-09-06 06:44:00,151442.0,23.09,0
N7605,2025-09-06 06:45:00,53896.0,13.61,0
N7606,2025-09-06 06:46:00,82262.0,76.84,0
N7607,2025-09-06 06:47:00,200615.0,125.07,0
N7608,2025-09-06 06:48:00,91960.0,177.07,0
N7609,2025-09-06 06:49:00,13006.0,30.24,0
N7610,2025-09-06 06:50:00,68641.0,22.05,0
N7611,2025-09-06 06:51:00,348977.0,224.42,0
N7612,2025-09-06 06:52:00,106966.0,85.09,0
N7613,2025-09-06 06:53:00,141093.0,51.8,0
N7614,2025-09-06 06:54:00,24295.0,75.24,0
N7615,2025-09-06 06:55:00,78478.0,28.02,0
N7616,2025-09-06 06:56:00,61909.0,55.04,0
N7617,2025-09-06 06:57:00,37877.0,503.48,0
N7618,2025-09-06 06:58:00,52087.0,207.12,0
N7619,2025-09-06 06:59:00,58308.0,37.37,0
N7620,2025-09-06 07:00:00,27837.0,56.6,0
N7621,2025-09-06 07:01:00,73765.0,27.76,0
N7622,2025-09-06 07:02:00,136276.0,33.9,0
N7623,2025-09-06 07:03:00,15514.0,46.46,0
N7624,2025-09-06 07:04:00,8920.0,27.89,0
N7625,2025-09-06 07:05:00,178356.0,129.45,0
N7626,2025-09-06 07:06:00,92788.0,31.41,0
N7627,2025-09-06 07:07:00,79900.0,28.94,0
N7628,2025-09-06 07:08:00,92046.0,15.28,0
N7629,2025-09-06 07:09:00,58439.0,34.53,0
N7630,2025-09-06 07:10:00,194735.0,8.37,0
N7631,2025-09-06 07:11:00,43990.0,14.51,0
N7632,2025-09-06 07:12:00,162739.0,229.33,0
N7633,2025-09-06 07:13:00,180239.0,34.51,0
N7634,2025-09-06 07:14:00,16191.0,56.56,0
N7635,2025-09-06 07:15:00,46452.0,44.02,0
N7636,2025-09-06 07:16:00,40174.0,11.41,0
N7637,2025-09-06 07:17:00,140061.0,19.29,0
N7638,2025-09-06 07:18:00,33088.0,24.58,0
N7639,2025-09-06 07:19:00,169283.0,11.08,0
N7640,2025-09-06 07:20:00,66485.0,39.9,0
N7641,2025-09-06 07:21:00,36402.0,16.55,0
N7642,2025-09-06 07:22:00,140605.0,39.57,0
N7643,2025-09-06 07:23:00,260917.0,81.66,0
N7644,2025-09-06 07:24:00,32008.0,76.32,0
N7645,2025-09-06 07:25:00,37225.0,57.56,0
N7646,2025-09-06 07:26:00,76547.0,12.79,0
N7647,2025-09-06 07:27:00,46884.0,8.5,0
N7648,2025-09-06 07:28:00,179788.0,33.84,0
N7649,2025-09-06 07:29:00,30918.0,42.2,0
N7650,2025-09-06 07:30:00,249164.0,51.08,0
N7651,2025-09-06 07:31:00,44331.0,8.52,0
N7652,2025-09-06 07:32:00,213676.0,125.84,0
N7653,2025-09-06 07:33:00,499647.0,101.24,0
N7654,2025-09-06 07:34:00,132790.0,13.32,0
N7655,2025-09-06 07:35:00,142897.0,37.28,0
N7656,2025-09-06 07:36:00,139600.0,23.83,0
N7657,2025-09-06 07:37:00,25950.0,14.04,0
N7658,2025-09-06 07:38:00,49748.0,37.22,0
N7659,2025-09-06 07:39:00,126477.0,26.91,0
N7660,2025-09-06 07:40:00,91380.0,52.37,0
N7661,2025-09-06 07:41:00,62965.0,85.36,0
N7662,2025-09-06 07:42:00,104012.0,193.36,0
N7663,2025-09-06 07:43:00,50149.0,33.59,0
N7664,2025-09-06 07:44:00,155222.0,58.41,0
N7665,2025-09-06 07:45:00,48059.0,23.31,0
N7666,2025-09-06 07:46:00,218739.0,670.23,0
N7667,2025-09-06 07:47:00,206067.0,30.3,0
N7668,2025-09-06 07:48:00,23226.0,65.73,0
N7669,2025-09-06 07:49:00,50903.0,120.05,0
N7670,2025-09-06 07:50:00,21681.0,56.88,0
N7671,2025-09-06 07:51:00,118890.0,40.85,0
N7672,2025-09-06 07:52:00,194050.0,4.5,0
N7673,2025-09-06 07:53:00,28399.0,66.03,0
N7674,2025-09-06 07:54:00,100334.0,27.92,0
N7675,2025-09-06 07:55:00,242468.0,8.97,0
N7676,2025-09-06 07:56:00,99380.0,94.49,0
N7677,2025-09-06 07:57:00,125045.0,28.94,0
N7678,2025-09-06 07:58:00,31003.0,130.55,0
N7679,2025-09-06 07:59:00,69654.0,8.99,0
N7680,2025-09-06 08:00:00,149346.0,67.52,0
N7681,2025-09-06 08:01:00,80075.0,28.29,0
N7682,2025-09-06 08:02:00,246737.0,41.77,0
N7683,2025-09-06 08:03:00,27372.0,10.19,0
N7684,2025-09-06 08:04:00,110207.0,41.34,0
N7685,2025-09-06 08:05:00,85305.0,45.95,0
N7686,2025-09-06 08:06:00,22084.0,14.98,0
N7687,2025-09-06 08:07:00,36156.0,25.64,0
N7688,2025-09-06 08:08:00,85511.0,87.68,0
N7689,2025-09-06 08:09:00,69159.0,85.17,0
N7690,2025-09-06 08:10:00,63487.0,17.81,0
N7691,2025-09-06 08:11:00,33077.0,33.42,0
N7692,2025-09-06 08:12:00,1031751.0,56.2,0
N7693,2025-09-06 08:13:00,218605.0,26.05,0
N7694,2025-09-06 08:14:00,59012.0,48.16,0
N7695,2025-09-06 08:15:00,649037.0,8.63,0
N7696,2025-09-06 08:16:00,326245.0,24.29,0
N7697,2025-09-06 08:17:00,148113.0,197.59,0
N7698,2025-09-06 08:18:00,45238.0,62.76,0
N7699,2025-09-06 08:19:00,61887.0,12.9,0
N7700,2025-09-06 08:20:00,152175.0,16.5,0
N7701,2025-09-06 08:21:00,77159.0,31.36,0
N7702,2025-09-06 08:22:00,57126.0,73.63,0
N7703,2025-09-06 08:23:00,100357.0,81.73,0
N7704,2025-09-06 08:24:00,72662.0,84.94,0
N7705,2025-09-06 08:25:00,191077.0,21.57,0
N7706,2025-09-06 08:26:00,49857.0,27.64,0
N7707,2025-09-06 08:27:00,108935.0,72.92,0
N7708,2025-09-06 08:28:00,44192.0,92.09,0
N7709,2025-09-06 08:29:00,164621.0,12.28,0
N7710,2025-09-06 08:30:00,37543.0,46.77,0
N7711,2025-09-06 08:31:00,329167.0,136.14,0
N7712,2025-09-06 08:32:00,72712.0,16.94,0
N7713,2025-09-06 08:33:00,121194.0,33.59,0
N7714,2025-09-06 08:34:00,107660.0,29.54,0
N7715,2025-09-06 08:35:00,127286.0,17.15,0
N7716,2025-09-06 08:36:00,84250.0,36.56,0
N7717,2025-09-06 08:37:00,93484.0,15.0,0
N7718,2025-09-06 08:38:00,34157.0,8.88,0
N7719,2025-09-06 08:39:00,73896.0,26.53,0
N7720,2025-09-06 08:40:00,20888.0,136.14,0
N7721,2025-09-06 08:41:00,25695.0,122.75,0
N7722,2025-09-06 08:42:00,68985.0,48.11,0
N7723,2025-09-06 08:43:00,126463.0,46.02,0
N7724,2025-09-06 08:44:00,467989.0,26.48,0
N7725,2025-09-06 08:45:00,29635.0,26.08,0
N7726,2025-09-06 08:46:00,140212.0,37.69,0
N7727,2025-09-06 08:47:00,205252.0,11.25,0
N7728,2025-09-06 08:48:00,19432.0,27.62,0
N7729,2025-09-06 08:49:00,39453.0,42.19,0
N7730,2025-09-06 08:50:00,72075.0,54.74,0
N7731,2025-09-06 08:51:00,34939.0,33.31,0
N7732,2025-09-06 08:52:00,89145.0,50.66,0
N7733,2025-09-06 08:53:00,43996.0,10.8,0
N7734,2025-09-06 08:54:00,103738.0,20.6,0
N7735,2025-09-06 08:55:00,272077.0,86.02,0
N7736,2025-09-06 08:56:00,79007.0,5.46,0
N7737,2025-09-06 08:57:00,41446.0,29.42,0
N7738,2025-09-06 08:58:00,38318.0,32.14,0
N7739,2025-09-06 08:59:00,24551.0,16.52,0
N7740,2025-09-06 09:00:00,246890.0,13.4,0
N7741,2025-09-06 09:01:00,161995.0,108.91,0
N7742,2025-09-06 09:02:00,59326.0,30.84,0
N7743,2025-09-06 09:03:00,65120.0,82.42,0
N7744,2025-09-06 09:04:00,58215.0,148.29,0
N7745,2025-09-06 09:05:00,74875.0,10.44,0
N7746,2025-09-06 09:06:00,51774.0,7.92,0
N7747,2025-09-06 09:07:00,27088.0,16.44,0
N7748,2025-09-06 09:08:00,30405.0,105.84,0
N7749,2025-09-06 09:09:00,44641.0,33.27,0
N7750,2025-09-06 09:10:00,40233.0,12.81,0
N7751,2025-09-06 09:11:00,414779.0,101.14,0
N7752,2025-09-06 09:12:00,8645.0,34.91,0
N7753,2025-09-06 09:13:00,17396.0,45.34,0
N7754,2025-09-06 09:14:00,229987.0,47.38,0
N7755,2025-09-06 09:15:00,106295.0,47.79,0
N7756,2025-09-06 09:16:00,107927.0,87.1,0
N7757,2025-09-06 09:17:00,105505.0,32.21,0
N7758,2025-09-06 09:18:00,100143.0,45.12,0
N7759,2025-09-06 09:19:00,633163.0,40.11,0
N7760,2025-09-06 09:20:00,22652.0,134.11,0
N7761,2025-09-06 09:21:00,132312.0,59.65,0
N7762,2025-09-06 09:22:00,64031.0,46.76,0
N7763,2025-09-06 09:23:00,116478.0,233.72,0
N7764,2025-09-06 09:24:00,18447.0,23.66,0
N7765,2025-09-06 09:25:00,58041.0,98.2,0
N7766,2025-09-06 09:26:00,16320.0,23.91,0
N7767,2025-09-06 09:27:00,48062.0,22.69,0
N7768,2025-09-06 09:28:00,116661.0,86.61,0
N7769,2025-09-06 09:29:00,69294.0,33.0,0
N7770,2025-09-06 09:30:00,146351.0,429.91,0
N7771,2025-09-06 09:31:00,32256.0,40.39,0
N7772,2025-09-06 09:32:00,51591.0,25.05,0
N7773,2025-09-06 09:33:00,58055.0,36.71,0
N7774,2025-09-06 09:34:00,6084.0,43.13,0
N7775,2025-09-06 09:35:00,77380.0,2.71,0
N7776,2025-09-06 09:36:00,127212.0,56.75,0
N7777,2025-09-06 09:37:00,108274.0,13.21,0
N7778,2025-09-06 09:38:00,264735.0,34.93,0
N7779,2025-09-06 09:39:00,271390.0,43.07,0
N7780,2025-09-06 09:40:00,50616.0,33.19,0
N7781,2025-09-06 09:41:00,161310.0,82.05,0
N7782,2025-09-06 09:42:00,148787.0,54.2,0
N7783,2025-09-06 09:43:00,36245.0,102.39,0
N7784,2025-09-06 09:44:00,85318.0,40.29,0
N7785,2025-09-06 09:45:00,36069.0,23.11,0
N7786,2025-09-06 09:46:00,93007.0,98.31,0
N7787,2025-09-06 09:47:00,165995.0,78.99,0
N7788,2025-09-06 09:48:00,117552.0,103.32,0
N7789,2025-09-06 09:49:00,109464.0,52.62,0
N7790,2025-09-06 09:50:00,40790.0,6.66,0
N7791,2025-09-06 09:51:00,64417.0,31.82,0
N7792,2025-09-06 09:52:00,315558.0,53.04,0
N7793,2025-09-06 09:53:00,22804.0,15.02,0
N7794,2025-09-06 09:54:00,48257.0,164.32,0
N7795,2025-09-06 09:55:00,62322.0,43.61,0
N7796,2025-09-06 09:56:00,110727.0,25.56,0
N7797,2025-09-06 09:57:00,80825.0,41.55,0
N7798,2025-09-06 09:58:00,38358.0,19.93,0
N7799,2025-09-06 09:59:00,67197.0,18.92,0
N7800,2025-09-06 10:00:00,268708.0,34.92,0
N7801,2025-09-06 10:01:00,176433.0,13.82,0
N7802,2025-09-06 10:02:00,243820.0,22.83,0
N7803,2025-09-06 10:03:00,123697.0,9.45,0
N7804,2025-09-06 10:04:00,53267.0,71.86,0
N7805,2025-09-06 10:05:00,21089.0,38.04,0
N7806,2025-09-06 10:06:00,55189.0,48.98,0
N7807,2025-09-06 10:07:00,69154.0,10.99,0
N7808,2025-09-06 10:08:00,167618.0,22.63,0
N7809,2025-09-06 10:09:00,32067.0,2.87,0
N7810,2025-09-06 10:10:00,144751.0,12.5,0
N7811,2025-09-06 10:11:00,753342.0,35.25,0
N7812,2025-09-06 10:12:00,58840.0,42.69,0
N7813,2025-09-06 10:13:00,97187.0,14.27,0
N7814,2025-09-06 10:14:00,42697.0,37.14,0
N7815,2025-09-06 10:15:00,39411.0,84.67,0
N7816,2025-09-06 10:16:00,23392.0,109.13,0
N7817,2025-09-06 10:17:00,26003.0,21.2,0
N7818,2025-09-06 10:18:00,379772.0,50.18,0
N7819,2025-09-06 10:19:00,71794.0,17.1,0
N7820,2025-09-06 10:20:00,74983.0,9.72,0
N7821,2025-09-06 10:21:00,78178.0,158.38,0
N7822,2025-09-06 10:22:00,88777.0,10.49,0
N7823,2025-09-06 10:23:00,162178.0,5.94,0
N7824,2025-09-06 10:24:00,21958.0,14.04,0
N7825,2025-09-06 10:25:00,25770.0,24.48,0
N7826,2025-09-06 10:26:00,252901.0,23.22,0
N7827,2025-09-06 10:27:00,178352.0,11.49,0
N7828,2025-09-06 10:28:00,53588.0,67.85,0
N7829,2025-09-06 10:29:00,22775.0,3.01,0
N7830,2025-09-06 10:30:00,38276.0,36.47,0
N7831,2025-09-06 10:31:00,40000.0,140.17,0
N7832,2025-09-06 10:32:00,280136.0,37.64,0
N7833,2025-09-06 10:33:00,32214.0,23.36,0
N7834,2025-09-06 10:34:00,297989.0,27.95,0
N7835,2025-09-06 10:35:00,28219.0,35.65,0
N7836,2025-09-06 10:36:00,66474.0,74.37,0
N7837,2025-09-06 10:37:00,72641.0,10.23,0
N7838,2025-09-06 10:38:00,19007.0,12.38,0
N7839,2025-09-06 10:39:00,491825.0,14.29,0
N7840,2025-09-06 10:40:00,334310.0,12.21,0
N7841,2025-09-06 10:41:00,101959.0,124.62,0
N7842,2025-09-06 10:42:00,85279.0,43.68,0
N7843,2025-09-06 10:43:00,27102.0,297.53,0
N7844,2025-09-06 10:44:00,151113.0,30.65,0
N7845,2025-09-06 10:45:00,131678.0,29.21,0
N7846,2025-09-06 10:46:00,61083.0,13.42,0
N7847,2025-09-06 10:47:00,96758.0,17.98,0
N7848,2025-09-06 10:48:00,1057527.0,75.42,0
N7849,2025-09-06 10:49:00,230688.0,397.55,0
N7850,2025-09-06 10:50:00,94771.0,25.54,0
N7851,2025-09-06 10:51:00,182911.0,14.14,0
N7852,2025-09-06 10:52:00,85446.0,52.8,0
N7853,2025-09-06 10:53:00,41755.0,19.19,0
N7854,2025-09-06 10:54:00,106754.0,66.87,0
N7855,2025-09-06 10:55:00,546172.0,12.93,0
N7856,2025-09-06 10:56:00,34339.0,159.54,0
N7857,2025-09-06 10:57:00,174592.0,50.66,0
N7858,2025-09-06 10:58:00,62526.0,50.72,0
N7859,2025-09-06 10:59:00,214490.0,22.3,0
N7860,2025-09-06 11:00:00,44266.0,17.71,0
N7861,2025-09-06 11:01:00,46760.0,4.41,0
N7862,2025-09-06 11:02:00,133003.0,22.03,0
N7863,2025-09-06 11:03:00,85180.0,17.9,0
N7864,2025-09-06 11:04:00,130908.0,87.26,0
N7865,2025-09-06 11:05:00,41281.0,60.43,0
N7866,2025-09-06 11:06:00,109399.0,14.57,0
N7867,2025-09-06 11:07:00,80845.0,5.41,0
N7868,2025-09-06 11:08:00,151132.0,33.11,0
N7869,2025-09-06 11:09:00,44888.0,118.32,0
N7870,2025-09-06 11:10:00,65081.0,60.29,0
N7871,2025-09-06 11:11:00,154948.0,26.78,0
N7872,2025-09-06 11:12:00,65090.0,52.23,0
N7873,2025-09-06 11:13:00,89739.0,24.44,0
N7874,2025-09-06 11:14:00,37953.0,103.05,0
N7875,2025-09-06 11:15:00,245095.0,230.04,0
N7876,2025-09-06 11:16:00,73491.0,68.17,0
N7877,2025-09-06 11:17:00,152573.0,12.4,0
N7878,2025-09-06 11:18:00,42646.0,6.97,0
N7879,2025-09-06 11:19:00,91280.0,44.43,0
N7880,2025-09-06 11:20:00,93229.0,40.81,0
N7881,2025-09-06 11:21:00,51303.0,44.22,0
N7882,2025-09-06 11:22:00,242199.0,2.57,0
N7883,2025-09-06 11:23:00,82459.0,33.81,0
N7884,2025-09-06 11:24:00,138946.0,26.24,0
N7885,2025-09-06 11:25:00,74419.0,49.38,0
N7886,2025-09-06 11:26:00,58804.0,63.58,0
N7887,2025-09-06 11:27:00,99642.0,25.28,0
N7888,2025-09-06 11:28:00,146492.0,6.73,0
N7889,2025-09-06 11:29:00,201531.0,18.14,0
N7890,2025-09-06 11:30:00,126625.0,113.89,0
N7891,2025-09-06 11:31:00,135579.0,28.27,0
N7892,2025-09-06 11:32:00,32444.0,40.89,0
N7893,2025-09-06 11:33:00,47994.0,124.8,0
N7894,2025-09-06 11:34:00,45084.0,78.15,0
N7895,2025-09-06 11:35:00,23564.0,118.18,0
N7896,2025-09-06 11:36:00,88708.0,91.56,0
N7897,2025-09-06 11:37:00,140523.0,11.34,0
N7898,2025-09-06 11:38:00,151615.0,15.94,0
N7899,2025-09-06 11:39:00,161192.0,74.41,0
N7900,2025-09-06 11:40:00,71312.0,40.31,0
N7901,2025-09-06 11:41:00,101302.0,39.58,0
N7902,2025-09-06 11:42:00,102699.0,44.46,0
N7903,2025-09-06 11:43:00,218443.0,114.06,0
N7904,2025-09-06 11:44:00,37031.0,5.14,0
N7905,2025-09-06 11:45:00,102450.0,29.8,0
N7906,2025-09-06 11:46:00,15459.0,33.57,0
N7907,2025-09-06 11:47:00,11985.0,108.51,0
N7908,2025-09-06 11:48:00,21820.0,85.33,0
N7909,2025-09-06 11:49:00,34012.0,39.89,0
N7910,2025-09-06 11:50:00,170124.0,17.67,0
N7911,2025-09-06 11:51:00,52051.0,34.58,0
N7912,2025-09-06 11:52:00,127971.0,510.19,0
N7913,2025-09-06 11:53:00,25158.0,91.3,0
N7914,2025-09-06 11:54:00,19573.0,73.31,0
N7915,2025-09-06 11:55:00,20928.0,87.72,0
N7916,2025-09-06 11:56:00,184318.0,23.14,0
N7917,2025-09-06 11:57:00,95595.0,62.26,0
N7918,2025-09-06 11:58:00,52709.0,330.53,0
N7919,2025-09-06 11:59:00,18579.0,72.27,0
N7920,2025-09-06 12:00:00,54333.0,12.92,0
N7921,2025-09-06 12:01:00,267596.0,55.03,0
N7922,2025-09-06 12:02:00,21005.0,68.37,0
N7923,2025-09-06 12:03:00,106422.0,85.66,0
N7924,2025-09-06 12:04:00,147225.0,54.53,0
N7925,2025-09-06 12:05:00,103179.0,82.26,0
N7926,2025-09-06 12:06:00,56035.0,179.27,0
N7927,2025-09-06 12:07:00,477705.0,179.71,0
N7928,2025-09-06 12:08:00,127386.0,38.2,0
N7929,2025-09-06 12:09:00,124448.0,77.42,0
N7930,2025-09-06 12:10:00,78479.0,7.22,0
N7931,2025-09-06 12:11:00,248484.0,17.77,0
N7932,2025-09-06 12:12:00,284169.0,19.96,0
N7933,2025-09-06 12:13:00,101167.0,33.26,0
N7934,2025-09-06 12:14:00,13262.0,9.78,0
N7935,2025-09-06 12:15:00,90827.0,40.18,0
N7936,2025-09-06 12:16:00,75165.0,15.12,0
N7937,2025-09-06 12:17:00,107933.0,9.7,0
N7938,2025-09-06 12:18:00,62006.0,4.73,0
N7939,2025-09-06 12:19:00,189541.0,20.28,0
N7940,2025-09-06 12:20:00,46182.0,49.06,0
N7941,2025-09-06 12:21:00,170555.0,56.67,0
N7942,2025-09-06 12:22:00,26434.0,64.1,0
N7943,2025-09-06 12:23:00,1343856.0,31.9,0
N7944,2025-09-06 12:24:00,11535.0,49.12,0
N7945,2025-09-06 12:25:00,98084.0,29.46,0
N7946,2025-09-06 12:26:00,372382.0,21.53,0
N7947,2025-09-06 12:27:00,40603.0,10.14,0
N7948,2025-09-06 12:28:00,37419.0,17.11,0
N7949,2025-09-06 12:29:00,113327.0,14.56,0
N7950,2025-09-06 12:30:00,148605.0,81.44,0
N7951,2025-09-06 12:31:00,42213.0,17.15,0
N7952,2025-09-06 12:32:00,62328.0,70.28,0
N7953,2025-09-06 12:33:00,18146.0,26.26,0
N7954,2025-09-06 12:34:00,84469.0,140.2,0
N7955,2025-09-06 12:35:00,117167.0,12.08,0
N7956,2025-09-06 12:36:00,70336.0,9.27,0
N7957,2025-09-06 12:37:00,34473.0,77.44,0
N7958,2025-09-06 12:38:00,85668.0,61.27,0
N7959,2025-09-06 12:39:00,212307.0,33.63,0
N7960,2025-09-06 12:40:00,92757.0,55.02,0
N7961,2025-09-06 12:41:00,114896.0,24.72,0
N7962,2025-09-06 12:42:00,70911.0,33.89,0
N7963,2025-09-06 12:43:00,144824.0,4.93,0
N7964,2025-09-06 12:44:00,89328.0,44.62,0
N7965,2025-09-06 12:45:00,126956.0,13.24,0
N7966,2025-09-06 12:46:00,105678.0,312.04,0
N7967,2025-09-06 12:47:00,34251.0,189.5,0
N7968,2025-09-06 12:48:00,43740.0,4.94,0
N7969,2025-09-06 12:49:00,81478.0,16.92,0
N7970,2025-09-06 12:50:00,154895.0,21.74,0
N7971,2025-09-06 12:51:00,1236803.0,12.93,0
N7972,2025-09-06 12:52:00,81332.0,40.05,0
N7973,2025-09-06 12:53:00,192393.0,31.99,0
N7974,2025-09-06 12:54:00,47991.0,102.28,0
N7975,2025-09-06 12:55:00,54085.0,268.04,0
N7976,2025-09-06 12:56:00,36416.0,8.51,0
N7977,2025-09-06 12:57:00,271727.0,125.84,0
N7978,2025-09-06 12:58:00,27392.0,23.57,0
N7979,2025-09-06 12:59:00,184979.0,64.63,0
N7980,2025-09-06 13:00:00,155610.0,166.48,0
N7981,2025-09-06 13:01:00,152164.0,62.32,0
N7982,2025-09-06 13:02:00,39034.0,53.5,0
N7983,2025-09-06 13:03:00,133661.0,30.69,0
N7984,2025-09-06 13:04:00,92232.0,109.68,0
N7985,2025-09-06 13:05:00,107356.0,24.12,0
N7986,2025-09-06 13:06:00,119042.0,75.34,0
N7987,2025-09-06 13:07:00,195700.0,82.71,0
N7988,2025-09-06 13:08:00,83802.0,22.26,0
N7989,2025-09-06 13:09:00,59608.0,169.43,0
N7990,2025-09-06 13:10:00,63637.0,65.98,0
N7991,2025-09-06 13:11:00,262427.0,42.04,0
N7992,2025-09-06 13:12:00,31977.0,34.11,0
N7993,2025-09-06 13:13:00,207930.0,50.3,0
N7994,2025-09-06 13:14:00,49915.0,25.22,0
N7995,2025-09-06 13:15:00,111623.0,10.59,0
N7996,2025-09-06 13:16:00,66181.0,23.68,0
N7997,2025-09-06 13:17:00,65903.0,672.89,0
N7998,2025-09-06 13:18:00,81810.0,47.47,0
N7999,2025-09-06 13:19:00,37152.0,12.56,0
M0,2025-09-06 13:20:00,357555.0,5.23,1
M1,2025-09-06 13:21:00,575290.0,9.23,1
M2,2025-09-06 13:22:00,1162195.0,9.14,1
M3,2025-09-06 13:23:00,950782.0,29.12,1
M4,2025-09-06 13:24:00,1004990.0,4.55,1
M5,2025-09-06 13:25:00,863549.0,9.56,1
M6,2025-09-06 13:26:00,903971.0,14.09,1
M7,2025-09-06 13:27:00,1195534.0,3.88,1
M8,2025-09-06 13:28:00,540053.0,1.29,1
M9,2025-09-06 13:29:00,785588.0,7.65,1
M10,2025-09-06 13:30:00,261566.0,2.52,1
M11,2025-09-06 13:31:00,436438.0,16.45,1
M12,2025-09-06 13:32:00,338224.0,6.53,1
M13,2025-09-06 13:33:00,767741.0,5.11,1
M14,2025-09-06 13:34:00,416081.0,5.2,1
M15,2025-09-06 13:35:00,366968.0,11.54,1
M16,2025-09-06 13:36:00,383334.0,10.43,1
M17,2025-09-06 13:37:00,1182457.0,11.1,1
M18,2025-09-06 13:38:00,280335.0,11.68,1
M19,2025-09-06 13:39:00,606931.0,20.77,1
M20,2025-09-06 13:40:00,1376831.0,2.58,1
M21,2025-09-06 13:41:00,1029999.0,6.96,1
M22,2025-09-06 13:42:00,276509.0,11.87,1
M23,2025-09-06 13:43:00,839720.0,6.93,1
M24,2025-09-06 13:44:00,221857.0,3.26,1
M25,2025-09-06 13:45:00,1467744.0,2.42,1
M26,2025-09-06 13:46:00,3283049.0,8.53,1
M27,2025-09-06 13:47:00,467015.0,2.46,1
M28,2025-09-06 13:48:00,182711.0,9.65,1
M29,2025-09-06 13:49:00,46453.0,5.03,1
M30,2025-09-06 13:50:00,1010576.0,5.76,1
M31,2025-09-06 13:51:00,608606.0,3.59,1
M32,2025-09-06 13:52:00,1365546.0,32.6,1
M33,2025-09-06 13:53:00,579777.0,16.01,1
M34,2025-09-06 13:54:00,747373.0,5.13,1
M35,2025-09-06 13:55:00,145826.0,13.29,1
M36,2025-09-06 13:56:00,86501.0,5.47,1
M37,2025-09-06 13:57:00,156049.0,14.46,1
M38,2025-09-06 13:58:00,213822.0,18.23,1
M39,2025-09-06 13:59:00,210261.0,10.78,1
M40,2025-09-06 14:00:00,199376.0,6.56,1
M41,2025-09-06 14:01:00,322756.0,1.43,1
M42,2025-09-06 14:02:00,251601.0,4.31,1
M43,2025-09-06 14:03:00,547099.0,23.96,1
M44,2025-09-06 14:04:00,370581.0,8.37,1
M45,2025-09-06 14:05:00,356853.0,5.13,1
M46,2025-09-06 14:06:00,1187484.0,5.73,1
M47,2025-09-06 14:07:00,1209643.0,6.68,1
M48,2025-09-06 14:08:00,762923.0,5.57,1
M49,2025-09-06 14:09:00,666796.0,5.63,1
M50,2025-09-06 14:10:00,74442.0,10.39,1
M51,2025-09-06 14:11:00,480766.0,6.35,1
M52,2025-09-06 14:12:00,379269.0,5.69,1
M53,2025-09-06 14:13:00,1286883.0,11.01,1
M54,2025-09-06 14:14:00,372115.0,4.87,1
M55,2025-09-06 14:15:00,771893.0,23.06,1
M56,2025-09-06 14:16:00,152267.0,8.71,1
M57,2025-09-06 14:17:00,1387423.0,24.49,1
M58,2025-09-06 14:18:00,415843.0,5.56,1
M59,2025-09-06 14:19:00,211186.0,11.47,1
M60,2025-09-06 14:20:00,778502.0,12.66,1
M61,2025-09-06 14:21:00,988202.0,14.44,1
M62,2025-09-06 14:22:00,410266.0,10.42,1
M63,2025-09-06 14:23:00,391392.0,3.6,1
M64,2025-09-06 14:24:00,375181.0,4.65,1
M65,2025-09-06 14:25:00,796766.0,15.91,1
M66,2025-09-06 14:26:00,2277520.0,9.08,1
M67,2025-09-06 14:27:00,394896.0,22.55,1
M68,2025-09-06 14:28:00,303289.0,54.4,1
M69,2025-09-06 14:29:00,2545929.0,9.37,1
M70,2025-09-06 14:30:00,482611.0,21.27,1
M71,2025-09-06 14:31:00,587808.0,4.45,1
M72,2025-09-06 14:32:00,601992.0,9.43,1
M73,2025-09-06 14:33:00,155356.0,10.69,1
M74,2025-09-06 14:34:00,759377.0,4.37,1
M75,2025-09-06 14:35:00,946508.0,9.67,1
M76,2025-09-06 14:36:00,256881.0,4.82,1
M77,2025-09-06 14:37:00,394170.0,26.34,1
M78,2025-09-06 14:38:00,988860.0,7.75,1
M79,2025-09-06 14:39:00,812269.0,28.21,1
M80,2025-09-06 14:40:00,768968.0,3.35,1
M81,2025-09-06 14:41:00,98569.0,9.51,1
M82,2025-09-06 14:42:00,399739.0,3.03,1
M83,2025-09-06 14:43:00,595026.0,4.92,1
M84,2025-09-06 14:44:00,1448361.0,5.43,1
M85,2025-09-06 14:45:00,252828.0,12.34,1
M86,2025-09-06 14:46:00,1003705.0,8.75,1
M87,2025-09-06 14:47:00,560401.0,11.05,1
M88,2025-09-06 14:48:00,440323.0,11.57,1
M89,2025-09-06 14:49:00,1088209.0,33.21,1
M90,2025-09-06 14:50:00,2350517.0,5.69,1
M91,2025-09-06 14:51:00,438219.0,15.6,1
M92,2025-09-06 14:52:00,562655.0,7.32,1
M93,2025-09-06 14:53:00,1113612.0,8.09,1
M94,2025-09-06 14:54:00,481510.0,5.91,1
M95,2025-09-06 14:55:00,1492767.0,9.96,1
M96,2025-09-06 14:56:00,665820.0,10.05,1
M97,2025-09-06 14:57:00,1386815.0,20.21,1
M98,2025-09-06 14:58:00,221970.0,17.6,1
M99,2025-09-06 14:59:00,1240836.0,2.46,1
M100,2025-09-06 15:00:00,794811.0,13.42,1
M101,2025-09-06 15:01:00,677401.0,3.48,1
M102,2025-09-06 15:02:00,1580691.0,6.6,1
M103,2025-09-06 15:03:00,1052786.0,8.14,1
M104,2025-09-06 15:04:00,935125.0,7.84,1
M105,2025-09-06 15:05:00,264550.0,5.8,1
M106,2025-09-06 15:06:00,1089534.0,12.2,1
M107,2025-09-06 15:07:00,1240912.0,7.35,1
M108,2025-09-06 15:08:00,3492016.0,7.57,1
M109,2025-09-06 15:09:00,1306442.0,19.76,1
M110,2025-09-06 15:10:00,1071441.0,4.78,1
M111,2025-09-06 15:11:00,991472.0,10.11,1
M112,2025-09-06 15:12:00,1105179.0,3.05,1
M113,2025-09-06 15:13:00,543865.0,5.36,1
M114,2025-09-06 15:14:00,608924.0,14.79,1
M115,2025-09-06 15:15:00,295454.0,3.95,1
M116,2025-09-06 15:16:00,2613377.0,6.13,1
M117,2025-09-06 15:17:00,499299.0,5.94,1
M118,2025-09-06 15:18:00,846134.0,4.06,1
M119,2025-09-06 15:19:00,229732.0,8.67,1
M120,2025-09-06 15:20:00,327669.0,6.46,1
M121,2025-09-06 15:21:00,174181.0,3.13,1
M122,2025-09-06 15:22:00,279554.0,19.73,1
M123,2025-09-06 15:23:00,1002153.0,16.85,1
M124,2025-09-06 15:24:00,269431.0,2.93,1
M125,2025-09-06 15:25:00,5566614.0,10.07,1
M126,2025-09-06 15:26:00,910579.0,16.99,1
M127,2025-09-06 15:27:00,727432.0,9.66,1
M128,2025-09-06 15:28:00,70174.0,3.01,1
M129,2025-09-06 15:29:00,412115.0,7.38,1
M130,2025-09-06 15:30:00,336252.0,7.29,1
M131,2025-09-06 15:31:00,558830.0,5.2,1
M132,2025-09-06 15:32:00,857971.0,7.13,1
M133,2025-09-06 15:33:00,790895.0,6.0,1
M134,2025-09-06 15:34:00,237799.0,8.71,1
M135,2025-09-06 15:35:00,740745.0,35.36,1
M136,2025-09-06 15:36:00,161062.0,7.39,1
M137,2025-09-06 15:37:00,308473.0,5.13,1
M138,2025-09-06 15:38:00,427513.0,11.68,1
M139,2025-09-06 15:39:00,157559.0,14.79,1
M140,2025-09-06 15:40:00,517659.0,7.25,1
M141,2025-09-06 15:41:00,1430819.0,20.99,1
M142,2025-09-06 15:42:00,201183.0,10.82,1
M143,2025-09-06 15:43:00,719817.0,6.13,1
M144,2025-09-06 15:44:00,418068.0,3.55,1
M145,2025-09-06 15:45:00,375585.0,3.13,1
M146,2025-09-06 15:46:00,1788201.0,29.37,1
M147,2025-09-06 15:47:00,192509.0,17.51,1
M148,2025-09-06 15:48:00,727323.0,8.2,1
M149,2025-09-06 15:49:00,1123025.0,4.42,1
M150,2025-09-06 15:50:00,814322.0,3.65,1
M151,2025-09-06 15:51:00,436423.0,8.29,1
M152,2025-09-06 15:52:00,471481.0,9.06,1
M153,2025-09-06 15:53:00,556001.0,7.85,1
M154,2025-09-06 15:54:00,63027.0,3.08,1
M155,2025-09-06 15:55:00,1165508.0,6.86,1
M156,2025-09-06 15:56:00,564775.0,11.21,1
M157,2025-09-06 15:57:00,1454379.0,3.71,1
M158,2025-09-06 15:58:00,388103.0,6.03,1
M159,2025-09-06 15:59:00,525080.0,11.09,1
M160,2025-09-06 16:00:00,611803.0,24.76,1
M161,2025-09-06 16:01:00,379968.0,18.54,1
M162,2025-09-06 16:02:00,599395.0,14.56,1
M163,2025-09-06 16:03:00,308438.0,5.88,1
M164,2025-09-06 16:04:00,246904.0,6.57,1
M165,2025-09-06 16:05:00,123164.0,9.22,1
M166,2025-09-06 16:06:00,714340.0,39.01,1
M167,2025-09-06 16:07:00,592658.0,13.73,1
M168,2025-09-06 16:08:00,897941.0,4.17,1
M169,2025-09-06 16:09:00,2138971.0,5.04,1
M170,2025-09-06 16:10:00,600861.0,5.45,1
M171,2025-09-06 16:11:00,534676.0,12.36,1
M172,2025-09-06 16:12:00,365047.0,3.57,1
M173,2025-09-06 16:13:00,123454.0,2.25,1
M174,2025-09-06 16:14:00,2409217.0,10.81,1
M175,2025-09-06 16:15:00,203343.0,18.58,1
M176,2025-09-06 16:16:00,1892251.0,22.37,1
M177,2025-09-06 16:17:00,699521.0,8.84,1
M178,2025-09-06 16:18:00,1272135.0,13.25,1
M179,2025-09-06 16:19:00,330734.0,5.25,1
M180,2025-09-06 16:20:00,399648.0,10.82,1
M181,2025-09-06 16:21:00,582024.0,12.2,1
M182,2025-09-06 16:22:00,2648513.0,7.86,1
M183,2025-09-06 16:23:00,503043.0,3.5,1
M184,2025-09-06 16:24:00,218286.0,2.68,1
M185,2025-09-06 16:25:00,337761.0,6.13,1
M186,2025-09-06 16:26:00,289590.0,3.45,1
M187,2025-09-06 16:27:00,678591.0,4.18,1
M188,2025-09-06 16:28:00,1135563.0,2.2,1
M189,2025-09-06 16:29:00,482352.0,5.99,1
M190,2025-09-06 16:30:00,644218.0,8.11,1
M191,2025-09-06 16:31:00,662867.0,6.76,1
M192,2025-09-06 16:32:00,1072067.0,4.46,1
M193,2025-09-06 16:33:00,183849.0,16.2,1
M194,2025-09-06 16:34:00,5300801.0,12.34,1
M195,2025-09-06 16:35:00,92633.0,13.15,1
M196,2025-09-06 16:36:00,818724.0,32.81,1
M197,2025-09-06 16:37:00,794437.0,12.04,1
M198,2025-09-06 16:38:00,2170860.0,7.99,1
M199,2025-09-06 16:39:00,202107.0,2.59,1
M200,2025-09-06 16:40:00,1331720.0,13.62,1
M201,2025-09-06 16:41:00,275833.0,20.35,1
M202,2025-09-06 16:42:00,363966.0,11.7,1
M203,2025-09-06 16:43:00,304629.0,4.03,1
M204,2025-09-06 16:44:00,911521.0,1.66,1
M205,2025-09-06 16:45:00,683396.0,12.65,1
M206,2025-09-06 16:46:00,396456.0,7.43,1
M207,2025-09-06 16:47:00,1100098.0,7.67,1
M208,2025-09-06 16:48:00,432174.0,4.59,1
M209,2025-09-06 16:49:00,1924739.0,3.76,1
M210,2025-09-06 16:50:00,758993.0,7.91,1
M211,2025-09-06 16:51:00,170240.0,11.79,1
M212,2025-09-06 16:52:00,643453.0,16.5,1
M213,2025-09-06 16:53:00,1057278.0,10.16,1
M214,2025-09-06 16:54:00,1667535.0,0.98,1
M215,2025-09-06 16:55:00,1226353.0,6.81,1
M216,2025-09-06 16:56:00,269797.0,17.56,1
M217,2025-09-06 16:57:00,1407651.0,5.68,1
M218,2025-09-06 16:58:00,357978.0,10.31,1
M219,2025-09-06 16:59:00,152609.0,7.38,1
M220,2025-09-06 17:00:00,361318.0,2.0,1
M221,2025-09-06 17:01:00,1425066.0,6.75,1
M222,2025-09-06 17:02:00,370906.0,9.84,1
M223,2025-09-06 17:03:00,1800098.0,5.48,1
M224,2025-09-06 17:04:00,593317.0,7.63,1
M225,2025-09-06 17:05:00,1910489.0,5.25,1
M226,2025-09-06 17:06:00,950861.0,22.65,1
M227,2025-09-06 17:07:00,308886.0,3.2,1
M228,2025-09-06 17:08:00,78070.0,7.33,1
M229,2025-09-06 17:09:00,853753.0,13.62,1
M230,2025-09-06 17:10:00,1150730.0,12.64,1
M231,2025-09-06 17:11:00,481463.0,4.48,1
M232,2025-09-06 17:12:00,810214.0,6.2,1
M233,2025-09-06 17:13:00,181553.0,3.48,1
M234,2025-09-06 17:14:00,204466.0,3.13,1
M235,2025-09-06 17:15:00,712401.0,3.37,1
M236,2025-09-06 17:16:00,361195.0,3.28,1
M237,2025-09-06 17:17:00,417915.0,10.89,1
M238,2025-09-06 17:18:00,357780.0,7.42,1
M239,2025-09-06 17:19:00,909479.0,28.79,1
M240,2025-09-06 17:20:00,1175284.0,8.92,1
M241,2025-09-06 17:21:00,411075.0,11.8,1
M242,2025-09-06 17:22:00,152726.0,6.77,1
M243,2025-09-06 17:23:00,383229.0,9.48,1
M244,2025-09-06 17:24:00,690663.0,1.77,1
M245,2025-09-06 17:25:00,267299.0,5.86,1
M246,2025-09-06 17:26:00,354706.0,6.67,1
M247,2025-09-06 17:27:00,1308094.0,4.76,1
M248,2025-09-06 17:28:00,394234.0,9.19,1
M249,2025-09-06 17:29:00,76571.0,11.26,1
M250,2025-09-06 17:30:00,768339.0,8.23,1
M251,2025-09-06 17:31:00,426782.0,6.9,1
M252,2025-09-06 17:32:00,1194410.0,8.5,1
M253,2025-09-06 17:33:00,273325.0,14.09,1
M254,2025-09-06 17:34:00,360901.0,6.75,1
M255,2025-09-06 17:35:00,587632.0,13.35,1
M256,2025-09-06 17:36:00,185983.0,9.79,1
M257,2025-09-06 17:37:00,614957.0,9.37,1
M258,2025-09-06 17:38:00,2521261.0,8.38,1
M259,2025-09-06 17:39:00,252852.0,20.16,1
M260,2025-09-06 17:40:00,202193.0,11.74,1
M261,2025-09-06 17:41:00,956562.0,4.09,1
M262,2025-09-06 17:42:00,279360.0,3.16,1
M263,2025-09-06 17:43:00,340507.0,6.48,1
M264,2025-09-06 17:44:00,474022.0,11.26,1
M265,2025-09-06 17:45:00,820944.0,4.68,1
M266,2025-09-06 17:46:00,1138798.0,13.7,1
M267,2025-09-06 17:47:00,2125328.0,10.0,1
M268,2025-09-06 17:48:00,49630.0,5.05,1
M269,2025-09-06 17:49:00,43535.0,3.23,1
M270,2025-09-06 17:50:00,422515.0,17.93,1
M271,2025-09-06 17:51:00,152855.0,8.76,1
M272,2025-09-06 17:52:00,198382.0,3.11,1
M273,2025-09-06 17:53:00,181679.0,4.73,1
M274,2025-09-06 17:54:00,177455.0,6.9,1
M275,2025-09-06 17:55:00,216527.0,36.03,1
M276,2025-09-06 17:56:00,1759625.0,26.46,1
M277,2025-09-06 17:57:00,72805.0,3.27,1
M278,2025-09-06 17:58:00,219370.0,10.24,1
M279,2025-09-06 17:59:00,1910845.0,3.91,1
M280,2025-09-06 18:00:00,1165431.0,19.35,1
M281,2025-09-06 18:01:00,4343690.0,11.36,1
M282,2025-09-06 18:02:00,354269.0,2.86,1
M283,2025-09-06 18:03:00,896129.0,4.32,1
M284,2025-09-06 18:04:00,821457.0,6.97,1
M285,2025-09-06 18:05:00,104159.0,5.14,1
M286,2025-09-06 18:06:00,145769.0,9.95,1
M287,2025-09-06 18:07:00,113316.0,2.45,1
M288,2025-09-06 18:08:00,467243.0,13.21,1
M289,2025-09-06 18:09:00,241496.0,3.25,1
M290,2025-09-06 18:10:00,642846.0,2.01,1
M291,2025-09-06 18:11:00,778488.0,7.3,1
M292,2025-09-06 18:12:00,176350.0,19.72,1
M293,2025-09-06 18:13:00,1539698.0,7.9,1
M294,2025-09-06 18:14:00,272834.0,14.28,1
M295,2025-09-06 18:15:00,156888.0,3.86,1
M296,2025-09-06 18:16:00,2851114.0,7.68,1
M297,2025-09-06 18:17:00,882027.0,7.9,1
M298,2025-09-06 18:18:00,997589.0,4.86,1
M299,2025-09-06 18:19:00,2205646.0,8.58,1
M300,2025-09-06 18:20:00,331823.0,7.4,1
M301,2025-09-06 18:21:00,1282153.0,11.11,1
M302,2025-09-06 18:22:00,661029.0,2.98,1
M303,2025-09-06 18:23:00,533229.0,7.32,1
M304,2025-09-06 18:24:00,556284.0,1.92,1
M305,2025-09-06 18:25:00,495021.0,6.14,1
M306,2025-09-06 18:26:00,511268.0,5.94,1
M307,2025-09-06 18:27:00,1000370.0,4.24,1
M308,2025-09-06 18:28:00,526875.0,8.27,1
M309,2025-09-06 18:29:00,378714.0,4.61,1
M310,2025-09-06 18:30:00,789381.0,4.05,1
M311,2025-09-06 18:31:00,389106.0,3.35,1
M312,2025-09-06 18:32:00,505988.0,3.27,1
M313,2025-09-06 18:33:00,543557.0,14.11,1
M314,2025-09-06 18:34:00,451343.0,3.04,1
M315,2025-09-06 18:35:00,459221.0,7.37,1
M316,2025-09-06 18:36:00,185893.0,13.16,1
M317,2025-09-06 18:37:00,457423.0,8.42,1
M318,2025-09-06 18:38:00,656442.0,2.32,1
M319,2025-09-06 18:39:00,386538.0,3.59,1
M320,2025-09-06 18:40:00,3167315.0,3.2,1
M321,2025-09-06 18:41:00,132366.0,5.34,1
M322,2025-09-06 18:42:00,221109.0,9.88,1
M323,2025-09-06 18:43:00,772622.0,4.72,1
M324,2025-09-06 18:44:00,381965.0,3.44,1
M325,2025-09-06 18:45:00,379912.0,9.09,1
M326,2025-09-06 18:46:00,930601.0,5.31,1
M327,2025-09-06 18:47:00,317872.0,12.45,1
M328,2025-09-06 18:48:00,410280.0,10.55,1
M329,2025-09-06 18:49:00,443042.0,8.59,1
M330,2025-09-06 18:50:00,3229455.0,8.31,1
M331,2025-09-06 18:51:00,2524816.0,3.78,1
M332,2025-09-06 18:52:00,361374.0,5.83,1
M333,2025-09-06 18:53:00,235374.0,12.16,1
M334,2025-09-06 18:54:00,235479.0,22.64,1
M335,2025-09-06 18:55:00,274061.0,6.6,1
M336,2025-09-06 18:56:00,674062.0,25.11,1
M337,2025-09-06 18:57:00,1711668.0,3.36,1
M338,2025-09-06 18:58:00,426513.0,3.5,1
M339,2025-09-06 18:59:00,655539.0,15.71,1
M340,2025-09-06 19:00:00,722419.0,9.55,1
M341,2025-09-06 19:01:00,1127295.0,7.6,1
M342,2025-09-06 19:02:00,3878475.0,5.88,1
M343,2025-09-06 19:03:00,296159.0,11.5,1
M344,2025-09-06 19:04:00,460390.0,2.67,1
M345,2025-09-06 19:05:00,380644.0,23.05,1
M346,2025-09-06 19:06:00,309740.0,6.6,1
M347,2025-09-06 19:07:00,116224.0,13.52,1
M348,2025-09-06 19:08:00,544660.0,4.91,1
M349,2025-09-06 19:09:00,527482.0,4.95,1
M350,2025-09-06 19:10:00,474142.0,9.22,1
M351,2025-09-06 19:11:00,435777.0,8.86,1
M352,2025-09-06 19:12:00,269733.0,2.17,1
M353,2025-09-06 19:13:00,354458.0,25.06,1
M354,2025-09-06 19:14:00,82042.0,18.46,1
M355,2025-09-06 19:15:00,855580.0,11.49,1
M356,2025-09-06 19:16:00,2199807.0,7.77,1
M357,2025-09-06 19:17:00,89788.0,4.24,1
M358,2025-09-06 19:18:00,6448510.0,25.47,1
M359,2025-09-06 19:19:00,620375.0,10.66,1
M360,2025-09-06 19:20:00,2824615.0,12.0,1
M361,2025-09-06 19:21:00,139111.0,5.53,1
M362,2025-09-06 19:22:00,853720.0,12.47,1
M363,2025-09-06 19:23:00,299051.0,5.62,1
M364,2025-09-06 19:24:00,1081111.0,7.83,1
M365,2025-09-06 19:25:00,283218.0,12.55,1
M366,2025-09-06 19:26:00,496766.0,4.19,1
M367,2025-09-06 19:27:00,209921.0,5.32,1
M368,2025-09-06 19:28:00,2041689.0,7.96,1
M369,2025-09-06 19:29:00,455244.0,30.87,1
M370,2025-09-06 19:30:00,435262.0,6.03,1
M371,2025-09-06 19:31:00,4975952.0,11.21,1
M372,2025-09-06 19:32:00,1145609.0,6.21,1
M373,2025-09-06 19:33:00,524673.0,5.25,1
M374,2025-09-06 19:34:00,409052.0,3.24,1
M375,2025-09-06 19:35:00,2586769.0,6.8,1
M376,2025-09-06 19:36:00,734281.0,7.84,1
M377,2025-09-06 19:37:00,168262.0,11.33,1
M378,2025-09-06 19:38:00,1479683.0,15.27,1
M379,2025-09-06 19:39:00,237713.0,7.42,1
M380,2025-09-06 19:40:00,240188.0,11.03,1
M381,2025-09-06 19:41:00,2475073.0,13.17,1
M382,2025-09-06 19:42:00,1600334.0,3.69,1
M383,2025-09-06 19:43:00,232112.0,9.4,1
M384,2025-09-06 19:44:00,520664.0,1.81,1
M385,2025-09-06 19:45:00,912530.0,4.34,1
M386,2025-09-06 19:46:00,606318.0,28.34,1
M387,2025-09-06 19:47:00,180234.0,6.81,1
M388,2025-09-06 19:48:00,1221792.0,18.01,1
M389,2025-09-06 19:49:00,388744.0,16.78,1
M390,2025-09-06 19:50:00,143976.0,9.85,1
M391,2025-09-06 19:51:00,576287.0,8.04,1
M392,2025-09-06 19:52:00,441407.0,16.44,1
M393,2025-09-06 19:53:00,550721.0,18.46,1
M394,2025-09-06 19:54:00,546086.0,12.98,1
M395,2025-09-06 19:55:00,821379.0,3.6,1
M396,2025-09-06 19:56:00,552835.0,15.63,1
M397,2025-09-06 19:57:00,541200.0,8.21,1
M398,2025-09-06 19:58:00,758960.0,26.37,1
M399,2025-09-06 19:59:00,1116729.0,9.43,1
M400,2025-09-06 20:00:00,297396.0,16.88,1
M401,2025-09-06 20:01:00,3041363.0,10.61,1
M402,2025-09-06 20:02:00,1056700.0,8.61,1
M403,2025-09-06 20:03:00,517597.0,19.05,1
M404,2025-09-06 20:04:00,902156.0,18.27,1
M405,2025-09-06 20:05:00,1369190.0,5.49,1
M406,2025-09-06 20:06:00,886565.0,16.72,1
M407,2025-09-06 20:07:00,1039893.0,13.97,1
M408,2025-09-06 20:08:00,328740.0,15.18,1
M409,2025-09-06 20:09:00,5250421.0,7.22,1
M410,2025-09-06 20:10:00,897760.0,2.54,1
M411,2025-09-06 20:11:00,320469.0,7.48,1
M412,2025-09-06 20:12:00,1492055.0,11.47,1
M413,2025-09-06 20:13:00,204990.0,11.54,1
M414,2025-09-06 20:14:00,423121.0,6.84,1
M415,2025-09-06 20:15:00,1654467.0,4.97,1
M416,2025-09-06 20:16:00,328342.0,35.23,1
M417,2025-09-06 20:17:00,194166.0,18.24,1
M418,2025-09-06 20:18:00,2787759.0,4.6,1
M419,2025-09-06 20:19:00,916843.0,5.11,1
M420,2025-09-06 20:20:00,422621.0,1.8,1
M421,2025-09-06 20:21:00,527745.0,5.86,1
M422,2025-09-06 20:22:00,1183092.0,10.38,1
M423,2025-09-06 20:23:00,467716.0,8.98,1
M424,2025-09-06 20:24:00,2034278.0,5.38,1
M425,2025-09-06 20:25:00,177304.0,26.38,1
M426,2025-09-06 20:26:00,226010.0,14.13,1
M427,2025-09-06 20:27:00,583103.0,19.46,1
M428,2025-09-06 20:28:00,815866.0,5.37,1
M429,2025-09-06 20:29:00,1166555.0,19.54,1
M430,2025-09-06 20:30:00,910449.0,16.89,1
M431,2025-09-06 20:31:00,146177.0,1.61,1
M432,2025-09-06 20:32:00,630467.0,1.17,1
M433,2025-09-06 20:33:00,761513.0,6.91,1
M434,2025-09-06 20:34:00,341951.0,9.55,1
M435,2025-09-06 20:35:00,1084948.0,3.12,1
M436,2025-09-06 20:36:00,2297054.0,8.78,1
M437,2025-09-06 20:37:00,791744.0,9.87,1
M438,2025-09-06 20:38:00,271083.0,2.64,1
M439,2025-09-06 20:39:00,154475.0,5.63,1
M440,2025-09-06 20:40:00,501670.0,7.37,1
M441,2025-09-06 20:41:00,803981.0,7.04,1
M442,2025-09-06 20:42:00,864439.0,11.77,1
M443,2025-09-06 20:43:00,452802.0,6.44,1
M444,2025-09-06 20:44:00,1565375.0,4.83,1
M445,2025-09-06 20:45:00,321133.0,29.28,1
M446,2025-09-06 20:46:00,642115.0,8.15,1
M447,2025-09-06 20:47:00,1617777.0,7.71,1
M448,2025-09-06 20:48:00,860964.0,9.39,1
M449,2025-09-06 20:49:00,525589.0,22.33,1
M450,2025-09-06 20:50:00,545314.0,3.6,1
M451,2025-09-06 20:51:00,593482.0,4.31,1
M452,2025-09-06 20:52:00,1213428.0,13.74,1
M453,2025-09-06 20:53:00,266376.0,19.88,1
M454,2025-09-06 20:54:00,434555.0,6.45,1
M455,2025-09-06 20:55:00,1059256.0,2.97,1
M456,2025-09-06 20:56:00,464692.0,15.5,1
M457,2025-09-06 20:57:00,481438.0,3.59,1
M458,2025-09-06 20:58:00,368234.0,13.25,1
M459,2025-09-06 20:59:00,337830.0,6.23,1
M460,2025-09-06 21:00:00,453567.0,11.99,1
M461,2025-09-06 21:01:00,3134881.0,7.27,1
M462,2025-09-06 21:02:00,629833.0,24.25,1
M463,2025-09-06 21:03:00,181673.0,7.32,1
M464,2025-09-06 21:04:00,1463639.0,24.84,1
M465,2025-09-06 21:05:00,655168.0,9.94,1
M466,2025-09-06 21:06:00,1335027.0,9.72,1
M467,2025-09-06 21:07:00,77894.0,20.41,1
M468,2025-09-06 21:08:00,374372.0,3.64,1
M469,2025-09-06 21:09:00,295839.0,3.86,1
M470,2025-09-06 21:10:00,74754.0,3.86,1
M471,2025-09-06 21:11:00,807905.0,9.65,1
M472,2025-09-06 21:12:00,871047.0,12.98,1
M473,2025-09-06 21:13:00,843705.0,11.14,1
M474,2025-09-06 21:14:00,4507526.0,12.98,1
M475,2025-09-06 21:15:00,1549698.0,10.46,1
M476,2025-09-06 21:16:00,528344.0,6.36,1
M477,2025-09-06 21:17:00,497937.0,17.93,1
M478,2025-09-06 21:18:00,1584676.0,4.16,1
M479,2025-09-06 21:19:00,465899.0,12.08,1
M480,2025-09-06 21:20:00,415465.0,2.4,1
M481,2025-09-06 21:21:00,502875.0,2.41,1
M482,2025-09-06 21:22:00,230364.0,5.79,1
M483,2025-09-06 21:23:00,1295844.0,21.76,1
M484,2025-09-06 21:24:00,2299540.0,11.52,1
M485,2025-09-06 21:25:00,523456.0,25.63,1
M486,2025-09-06 21:26:00,518169.0,2.9,1
M487,2025-09-06 21:27:00,286808.0,11.52,1
M488,2025-09-06 21:28:00,343761.0,11.79,1
M489,2025-09-06 21:29:00,648557.0,11.55,1
M490,2025-09-06 21:30:00,276557.0,13.23,1
M491,2025-09-06 21:31:00,700847.0,7.64,1
M492,2025-09-06 21:32:00,1576815.0,5.38,1
M493,2025-09-06 21:33:00,185449.0,8.91,1
M494,2025-09-06 21:34:00,341661.0,5.97,1
M495,2025-09-06 21:35:00,940865.0,12.18,1
M496,2025-09-06 21:36:00,286372.0,9.97,1
M497,2025-09-06 21:37:00,180429.0,7.82,1
M498,2025-09-06 21:38:00,238124.0,12.7,1
M499,2025-09-06 21:39:00,1002613.0,3.09,1
M500,2025-09-06 21:40:00,117202.0,5.49,1
M501,2025-09-06 21:41:00,2354882.0,11.19,1
M502,2025-09-06 21:42:00,967748.0,4.94,1
M503,2025-09-06 21:43:00,431567.0,17.16,1
M504,2025-09-06 21:44:00,866131.0,5.12,1
M505,2025-09-06 21:45:00,216916.0,9.58,1
M506,2025-09-06 21:46:00,1681816.0,11.01,1
M507,2025-09-06 21:47:00,233349.0,3.61,1
M508,2025-09-06 21:48:00,257255.0,3.31,1
M509,2025-09-06 21:49:00,236761.0,13.74,1
M510,2025-09-06 21:50:00,85657.0,7.69,1
M511,2025-09-06 21:51:00,377269.0,4.98,1
M512,2025-09-06 21:52:00,298444.0,2.16,1
M513,2025-09-06 21:53:00,987873.0,4.57,1
M514,2025-09-06 21:54:00,724361.0,9.21,1
M515,2025-09-06 21:55:00,308562.0,15.77,1
M516,2025-09-06 21:56:00,2319113.0,28.04,1
M517,2025-09-06 21:57:00,826823.0,6.44,1
M518,2025-09-06 21:58:00,507418.0,6.76,1
M519,2025-09-06 21:59:00,1200857.0,19.87,1
M520,2025-09-06 22:00:00,607247.0,2.9,1
M521,2025-09-06 22:01:00,203609.0,3.8,1
M522,2025-09-06 22:02:00,268899.0,10.43,1
M523,2025-09-06 22:03:00,355705.0,18.37,1
M524,2025-09-06 22:04:00,574528.0,5.03,1
M525,2025-09-06 22:05:00,325721.0,2.51,1
M526,2025-09-06 22:06:00,727804.0,4.42,1
M527,2025-09-06 22:07:00,356350.0,3.99,1
M528,2025-09-06 22:08:00,351711.0,12.4,1
M529,2025-09-06 22:09:00,340701.0,5.59,1
M530,2025-09-06 22:10:00,874105.0,7.12,1
M531,2025-09-06 22:11:00,202192.0,4.82,1
M532,2025-09-06 22:12:00,273528.0,3.77,1
M533,2025-09-06 22:13:00,366107.0,10.65,1
M534,2025-09-06 22:14:00,246439.0,10.25,1
M535,2025-09-06 22:15:00,409735.0,4.66,1
M536,2025-09-06 22:16:00,110148.0,13.44,1
M537,2025-09-06 22:17:00,333958.0,3.13,1
M538,2025-09-06 22:18:00,106112.0,4.2,1
M539,2025-09-06 22:19:00,136507.0,7.04,1
M540,2025-09-06 22:20:00,768609.0,6.61,1
M541,2025-09-06 22:21:00,2284359.0,1.47,1
M542,2025-09-06 22:22:00,359944.0,2.42,1
M543,2025-09-06 22:23:00,283004.0,3.35,1
M544,2025-09-06 22:24:00,224820.0,11.17,1
M545,2025-09-06 22:25:00,241271.0,18.01,1
M546,2025-09-06 22:26:00,1210102.0,1.61,1
M547,2025-09-06 22:27:00,92256.0,7.51,1
M548,2025-09-06 22:28:00,466031.0,3.46,1
M549,2025-09-06 22:29:00,476884.0,4.25,1
M550,2025-09-06 22:30:00,1512520.0,11.92,1
M551,2025-09-06 22:31:00,636512.0,3.05,1
M552,2025-09-06 22:32:00,154215.0,33.96,1
M553,2025-09-06 22:33:00,319263.0,7.15,1
M554,2025-09-06 22:34:00,88894.0,8.03,1
M555,2025-09-06 22:35:00,256593.0,8.55,1
M556,2025-09-06 22:36:00,1038917.0,4.54,1
M557,2025-09-06 22:37:00,236147.0,7.99,1
M558,2025-09-06 22:38:00,138143.0,3.83,1
M559,2025-09-06 22:39:00,181145.0,8.8,1
M560,2025-09-06 22:40:00,925869.0,9.78,1
M561,2025-09-06 22:41:00,6295057.0,11.81,1
M562,2025-09-06 22:42:00,326561.0,11.07,1
M563,2025-09-06 22:43:00,1088729.0,3.41,1
M564,2025-09-06 22:44:00,466721.0,12.55,1
M565,2025-09-06 22:45:00,143801.0,7.18,1
M566,2025-09-06 22:46:00,656603.0,3.97,1
M567,2025-09-06 22:47:00,117640.0,9.65,1
M568,2025-09-06 22:48:00,612746.0,7.79,1
M569,2025-09-06 22:49:00,1062235.0,8.86,1
M570,2025-09-06 22:50:00,1604014.0,16.56,1
M571,2025-09-06 22:51:00,250200.0,6.88,1
M572,2025-09-06 22:52:00,1589814.0,6.29,1
M573,2025-09-06 22:53:00,275656.0,3.15,1
M574,2025-09-06 22:54:00,369523.0,13.31,1
M575,2025-09-06 22:55:00,349751.0,19.34,1
M576,2025-09-06 22:56:00,462267.0,5.08,1
M577,2025-09-06 22:57:00,258983.0,10.13,1
M578,2025-09-06 22:58:00,212687.0,6.27,1
M579,2025-09-06 22:59:00,231470.0,7.57,1
M580,2025-09-06 23:00:00,560639.0,3.13,1
M581,2025-09-06 23:01:00,216482.0,1.4,1
M582,2025-09-06 23:02:00,591124.0,8.44,1
M583,2025-09-06 23:03:00,884599.0,3.59,1
M584,2025-09-06 23:04:00,1966398.0,7.38,1
M585,2025-09-06 23:05:00,684571.0,11.27,1
M586,2025-09-06 23:06:00,594160.0,11.58,1
M587,2025-09-06 23:07:00,153545.0,8.5,1
M588,2025-09-06 23:08:00,906981.0,11.57,1
M589,2025-09-06 23:09:00,189972.0,7.95,1
M590,2025-09-06 23:10:00,610390.0,12.14,1
M591,2025-09-06 23:11:00,127309.0,4.41,1
M592,2025-09-06 23:12:00,872846.0,8.86,1
M593,2025-09-06 23:13:00,315903.0,21.18,1
M594,2025-09-06 23:14:00,1221362.0,3.95,1
M595,2025-09-06 23:15:00,183888.0,1.95,1
M596,2025-09-06 23:16:00,582716.0,3.88,1
M597,2025-09-06 23:17:00,934616.0,6.45,1
M598,2025-09-06 23:18:00,1322682.0,9.68,1
M599,2025-09-06 23:19:00,535302.0,14.4,1
M600,2025-09-06 23:20:00,304748.0,15.74,1
M601,2025-09-06 23:21:00,150021.0,10.89,1
M602,2025-09-06 23:22:00,221505.0,2.68,1
M603,2025-09-06 23:23:00,376628.0,13.26,1
M604,2025-09-06 23:24:00,992474.0,14.33,1
M605,2025-09-06 23:25:00,912630.0,2.69,1
M606,2025-09-06 23:26:00,351793.0,4.0,1
M607,2025-09-06 23:27:00,406310.0,4.74,1
M608,2025-09-06 23:28:00,1026793.0,15.6,1
M609,2025-09-06 23:29:00,206935.0,21.1,1
M610,2025-09-06 23:30:00,817809.0,4.32,1
M611,2025-09-06 23:31:00,299159.0,3.2,1
M612,2025-09-06 23:32:00,350856.0,3.68,1
M613,2025-09-06 23:33:00,795346.0,22.11,1
M614,2025-09-06 23:34:00,993938.0,4.32,1
M615,2025-09-06 23:35:00,316799.0,32.33,1
M616,2025-09-06 23:36:00,113787.0,10.94,1
M617,2025-09-06 23:37:00,975085.0,2.86,1
M618,2025-09-06 23:38:00,635406.0,4.46,1
M619,2025-09-06 23:39:00,284594.0,7.11,1
M620,2025-09-06 23:40:00,455003.0,8.65,1
M621,2025-09-06 23:41:00,181475.0,5.79,1
M622,2025-09-06 23:42:00,1150899.0,9.99,1
M623,2025-09-06 23:43:00,1167460.0,31.47,1
M624,2025-09-06 23:44:00,3650633.0,2.32,1
M625,2025-09-06 23:45:00,438286.0,4.75,1
M626,2025-09-06 23:46:00,676759.0,4.7,1
M627,2025-09-06 23:47:00,598723.0,8.92,1
M628,2025-09-06 23:48:00,839890.0,4.06,1
M629,2025-09-06 23:49:00,258247.0,16.43,1
M630,2025-09-06 23:50:00,931141.0,10.51,1
M631,2025-09-06 23:51:00,667079.0,3.36,1
M632,2025-09-06 23:52:00,771005.0,9.74,1
M633,2025-09-06 23:53:00,390528.0,5.05,1
M634,2025-09-06 23:54:00,267700.0,6.12,1
M635,2025-09-06 23:55:00,449286.0,6.48,1
M636,2025-09-06 23:56:00,441228.0,8.49,1
M637,2025-09-06 23:57:00,704526.0,16.17,1
M638,2025-09-06 23:58:00,543161.0,5.83,1
M639,2025-09-06 23:59:00,212779.0,4.91,1
M640,2025-09-07 00:00:00,867961.0,8.11,1
M641,2025-09-07 00:01:00,424031.0,3.81,1
M642,2025-09-07 00:02:00,228842.0,3.89,1
M643,2025-09-07 00:03:00,703846.0,17.53,1
M644,2025-09-07 00:04:00,853220.0,4.64,1
M645,2025-09-07 00:05:00,402725.0,30.37,1
M646,2025-09-07 00:06:00,174619.0,2.33,1
M647,2025-09-07 00:07:00,339165.0,6.35,1
M648,2025-09-07 00:08:00,223814.0,7.33,1
M649,2025-09-07 00:09:00,739421.0,19.47,1
M650,2025-09-07 00:10:00,541533.0,13.67,1
M651,2025-09-07 00:11:00,170943.0,3.72,1
M652,2025-09-07 00:12:00,103176.0,6.76,1
M653,2025-09-07 00:13:00,122468.0,6.93,1
M654,2025-09-07 00:14:00,125759.0,4.63,1
M655,2025-09-07 00:15:00,899661.0,5.86,1
M656,2025-09-07 00:16:00,568148.0,3.85,1
M657,2025-09-07 00:17:00,812526.0,8.32,1
M658,2025-09-07 00:18:00,738396.0,5.95,1
M659,2025-09-07 00:19:00,708692.0,3.27,1
M660,2025-09-07 00:20:00,410066.0,11.39,1
M661,2025-09-07 00:21:00,275319.0,13.95,1
M662,2025-09-07 00:22:00,446612.0,23.51,1
M663,2025-09-07 00:23:00,243685.0,13.72,1
M664,2025-09-07 00:24:00,1013339.0,15.37,1
M665,2025-09-07 00:25:00,468540.0,9.31,1
M666,2025-09-07 00:26:00,392062.0,20.6,1
M667,2025-09-07 00:27:00,546276.0,18.16,1
M668,2025-09-07 00:28:00,625862.0,2.88,1
M669,2025-09-07 00:29:00,941950.0,7.72,1
M670,2025-09-07 00:30:00,5169281.0,12.63,1
M671,2025-09-07 00:31:00,360642.0,9.25,1
M672,2025-09-07 00:32:00,628640.0,5.71,1
M673,2025-09-07 00:33:00,828733.0,4.29,1
M674,2025-09-07 00:34:00,261650.0,16.03,1
M675,2025-09-07 00:35:00,113254.0,9.72,1
M676,2025-09-07 00:36:00,508163.0,14.68,1
M677,2025-09-07 00:37:00,775950.0,13.44,1
M678,2025-09-07 00:38:00,46137.0,7.79,1
M679,2025-09-07 00:39:00,299829.0,6.35,1
M680,2025-09-07 00:40:00,726450.0,14.18,1
M681,2025-09-07 00:41:00,2219546.0,11.83,1
M682,2025-09-07 00:42:00,193590.0,7.32,1
M683,2025-09-07 00:43:00,1025187.0,5.57,1
M684,2025-09-07 00:44:00,466228.0,2.88,1
M685,2025-09-07 00:45:00,414448.0,1.94,1
M686,2025-09-07 00:46:00,1111770.0,6.37,1
M687,2025-09-07 00:47:00,322598.0,3.38,1
M688,2025-09-07 00:48:00,212361.0,5.17,1
M689,2025-09-07 00:49:00,119757.0,13.37,1
M690,2025-09-07 00:50:00,1739517.0,3.07,1
M691,2025-09-07 00:51:00,1696545.0,6.29,1
M692,2025-09-07 00:52:00,158065.0,3.74,1
M693,2025-09-07 00:53:00,269267.0,5.98,1
M694,2025-09-07 00:54:00,1069907.0,1.8,1
M695,2025-09-07 00:55:00,302151.0,5.17,1
M696,2025-09-07 00:56:00,1955403.0,2.31,1
M697,2025-09-07 00:57:00,249333.0,4.14,1
M698,2025-09-07 00:58:00,663912.0,6.21,1
M699,2025-09-07 00:59:00,141013.0,9.59,1
M700,2025-09-07 01:00:00,1047589.0,6.84,1
M701,2025-09-07 01:01:00,217756.0,11.25,1
M702,2025-09-07 01:02:00,843951.0,3.83,1
M703,2025-09-07 01:03:00,1262173.0,10.62,1
M704,2025-09-07 01:04:00,1122109.0,7.79,1
M705,2025-09-07 01:05:00,533177.0,4.76,1
M706,2025-09-07 01:06:00,752246.0,13.2,1
M707,2025-09-07 01:07:00,540773.0,5.94,1
M708,2025-09-07 01:08:00,1336831.0,3.39,1
M709,2025-09-07 01:09:00,212072.0,8.13,1
M710,2025-09-07 01:10:00,228095.0,19.84,1
M711,2025-09-07 01:11:00,3957575.0,8.63,1
M712,2025-09-07 01:12:00,312845.0,4.03,1
M713,2025-09-07 01:13:00,847864.0,6.11,1
M714,2025-09-07 01:14:00,1051169.0,5.52,1
M715,2025-09-07 01:15:00,241728.0,17.24,1
M716,2025-09-07 01:16:00,1472158.0,3.28,1
M717,2025-09-07 01:17:00,302549.0,2.93,1
M718,2025-09-07 01:18:00,709284.0,3.98,1
M719,2025-09-07 01:19:00,1083334.0,2.7,1
M720,2025-09-07 01:20:00,1509804.0,4.97,1
M721,2025-09-07 01:21:00,761655.0,10.17,1
M722,2025-09-07 01:22:00,1898392.0,25.18,1
M723,2025-09-07 01:23:00,410258.0,11.46,1
M724,2025-09-07 01:24:00,324697.0,14.82,1
M725,2025-09-07 01:25:00,619993.0,4.91,1
M726,2025-09-07 01:26:00,182265.0,4.19,1
M727,2025-09-07 01:27:00,234167.0,6.27,1
M728,2025-09-07 01:28:00,1176674.0,13.87,1
M729,2025-09-07 01:29:00,1045055.0,4.19,1
M730,2025-09-07 01:30:00,1042001.0,5.24,1
M731,2025-09-07 01:31:00,430509.0,15.56,1
M732,2025-09-07 01:32:00,380993.0,14.77,1
M733,2025-09-07 01:33:00,117012.0,4.89,1
M734,2025-09-07 01:34:00,932316.0,16.93,1
M735,2025-09-07 01:35:00,779257.0,5.55,1
M736,2025-09-07 01:36:00,665178.0,17.96,1
M737,2025-09-07 01:37:00,2571283.0,4.92,1
M738,2025-09-07 01:38:00,1135131.0,6.69,1
M739,2025-09-07 01:39:00,359204.0,14.01,1
M740,2025-09-07 01:40:00,615133.0,2.13,1
M741,2025-09-07 01:41:00,370519.0,20.81,1
M742,2025-09-07 01:42:00,1040306.0,19.47,1
M743,2025-09-07 01:43:00,859447.0,9.44,1
M744,2025-09-07 01:44:00,129285.0,13.34,1
M745,2025-09-07 01:45:00,540861.0,4.44,1
M746,2025-09-07 01:46:00,439656.0,28.68,1
M747,2025-09-07 01:47:00,832284.0,5.14,1
M748,2025-09-07 01:48:00,266456.0,3.02,1
M749,2025-09-07 01:49:00,3391178.0,4.14,1
M750,2025-09-07 01:50:00,186085.0,16.64,1
M751,2025-09-07 01:51:00,991427.0,33.08,1
M752,2025-09-07 01:52:00,501604.0,8.91,1
M753,2025-09-07 01:53:00,1911025.0,3.22,1
M754,2025-09-07 01:54:00,1957468.0,17.35,1
M755,2025-09-07 01:55:00,456828.0,2.84,1
M756,2025-09-07 01:56:00,1234572.0,8.27,1
M757,2025-09-07 01:57:00,681080.0,10.85,1
M758,2025-09-07 01:58:00,397901.0,8.7,1
M759,2025-09-07 01:59:00,185458.0,11.38,1
M760,2025-09-07 02:00:00,6026900.0,16.16,1
M761,2025-09-07 02:01:00,1208571.0,15.4,1
M762,2025-09-07 02:02:00,197321.0,13.68,1
M763,2025-09-07 02:03:00,1596805.0,1.14,1
M764,2025-09-07 02:04:00,351636.0,5.35,1
M765,2025-09-07 02:05:00,138921.0,5.63,1
M766,2025-09-07 02:06:00,331948.0,9.53,1
M767,2025-09-07 02:07:00,439527.0,8.76,1
M768,2025-09-07 02:08:00,1095431.0,3.05,1
M769,2025-09-07 02:09:00,934900.0,7.87,1
M770,2025-09-07 02:10:00,323626.0,2.56,1
M771,2025-09-07 02:11:00,881452.0,10.74,1
M772,2025-09-07 02:12:00,442080.0,53.07,1
M773,2025-09-07 02:13:00,1155162.0,3.69,1
M774,2025-09-07 02:14:00,531307.0,3.0,1
M775,2025-09-07 02:15:00,272676.0,5.78,1
M776,2025-09-07 02:16:00,142013.0,20.29,1
M777,2025-09-07 02:17:00,360617.0,29.71,1
M778,2025-09-07 02:18:00,596695.0,5.79,1
M779,2025-09-07 02:19:00,3789873.0,9.59,1
M780,2025-09-07 02:20:00,1451402.0,4.56,1
M781,2025-09-07 02:21:00,1094123.0,15.2,1
M782,2025-09-07 02:22:00,196550.0,3.98,1
M783,2025-09-07 02:23:00,360907.0,3.17,1
M784,2025-09-07 02:24:00,440735.0,2.28,1
M785,2025-09-07 02:25:00,629054.0,2.4,1
M786,2025-09-07 02:26:00,1554435.0,6.26,1
M787,2025-09-07 02:27:00,185870.0,5.59,1
M788,2025-09-07 02:28:00,522826.0,5.38,1
M789,2025-09-07 02:29:00,423873.0,8.23,1
M790,2025-09-07 02:30:00,493385.0,9.05,1
M791,2025-09-07 02:31:00,416267.0,4.25,1
M792,2025-09-07 02:32:00,527825.0,2.43,1
M793,2025-09-07 02:33:00,578679.0,10.82,1
M794,2025-09-07 02:34:00,436939.0,18.57,1
M795,2025-09-07 02:35:00,406906.0,16.34,1
M796,2025-09-07 02:36:00,1157594.0,4.88,1
M797,2025-09-07 02:37:00,614679.0,3.47,1
M798,2025-09-07 02:38:00,474057.0,18.31,1
M799,2025-09-07 02:39:00,465141.0,14.11,1
M800,2025-09-07 02:40:00,183021.0,24.69,1
M801,2025-09-07 02:41:00,1795426.0,7.56,1
M802,2025-09-07 02:42:00,967748.0,13.42,1
M803,2025-09-07 02:43:00,310801.0,5.32,1
M804,2025-09-07 02:44:00,165991.0,7.95,1
M805,2025-09-07 02:45:00,1946205.0,7.23,1
M806,2025-09-07 02:46:00,1752559.0,8.71,1
M807,2025-09-07 02:47:00,710042.0,15.84,1
M808,2025-09-07 02:48:00,1472897.0,4.11,1
M809,2025-09-07 02:49:00,2186460.0,9.92,1
M810,2025-09-07 02:50:00,445338.0,13.96,1
M811,2025-09-07 02:51:00,4110042.0,2.32,1
M812,2025-09-07 02:52:00,587292.0,6.12,1
M813,2025-09-07 02:53:00,663192.0,4.79,1
M814,2025-09-07 02:54:00,943659.0,16.4,1
M815,2025-09-07 02:55:00,2779288.0,10.3,1
M816,2025-09-07 02:56:00,757201.0,5.98,1
M817,2025-09-07 02:57:00,509889.0,4.38,1
M818,2025-09-07 02:58:00,2098496.0,3.08,1
M819,2025-09-07 02:59:00,658077.0,3.0,1
M820,2025-09-07 03:00:00,239938.0,5.13,1
M821,2025-09-07 03:01:00,697975.0,14.94,1
M822,2025-09-07 03:02:00,466515.0,8.79,1
M823,2025-09-07 03:03:00,48395.0,19.22,1
M824,2025-09-07 03:04:00,434725.0,7.3,1
M825,2025-09-07 03:05:00,345549.0,2.68,1
M826,2025-09-07 03:06:00,56033.0,14.53,1
M827,2025-09-07 03:07:00,816082.0,11.3,1
M828,2025-09-07 03:08:00,128970.0,6.66,1
M829,2025-09-07 03:09:00,1367163.0,3.77,1
M830,2025-09-07 03:10:00,228483.0,4.32,1
M831,2025-09-07 03:11:00,599720.0,4.19,1
M832,2025-09-07 03:12:00,202436.0,4.92,1
M833,2025-09-07 03:13:00,2903257.0,10.61,1
M834,2025-09-07 03:14:00,227084.0,14.08,1
M835,2025-09-07 03:15:00,539689.0,5.25,1
M836,2025-09-07 03:16:00,1051222.0,22.86,1
M837,2025-09-07 03:17:00,1283921.0,4.75,1
M838,2025-09-07 03:18:00,538223.0,14.82,1
M839,2025-09-07 03:19:00,803221.0,3.9,1
M840,2025-09-07 03:20:00,372826.0,8.54,1
M841,2025-09-07 03:21:00,607221.0,6.19,1
M842,2025-09-07 03:22:00,578798.0,20.66,1
M843,2025-09-07 03:23:00,316092.0,9.89,1
M844,2025-09-07 03:24:00,1870352.0,8.52,1
M845,2025-09-07 03:25:00,214359.0,2.76,1
M846,2025-09-07 03:26:00,316717.0,3.72,1
M847,2025-09-07 03:27:00,1088922.0,1.64,1
M848,2025-09-07 03:28:00,965861.0,7.14,1
M849,2025-09-07 03:29:00,282880.0,3.14,1
M850,2025-09-07 03:30:00,1569564.0,11.23,1
M851,2025-09-07 03:31:00,76860.0,7.57,1
M852,2025-09-07 03:32:00,317498.0,3.61,1
M853,2025-09-07 03:33:00,1460423.0,22.39,1
M854,2025-09-07 03:34:00,83515.0,14.46,1
M855,2025-09-07 03:35:00,684172.0,6.78,1
M856,2025-09-07 03:36:00,494640.0,2.71,1
M857,2025-09-07 03:37:00,506921.0,2.83,1
M858,2025-09-07 03:38:00,377844.0,4.41,1
M859,2025-09-07 03:39:00,137762.0,22.9,1
M860,2025-09-07 03:40:00,931052.0,11.21,1
M861,2025-09-07 03:41:00,140967.0,9.06,1
M862,2025-09-07 03:42:00,1740049.0,12.67,1
M863,2025-09-07 03:43:00,211565.0,14.32,1
M864,2025-09-07 03:44:00,261121.0,3.65,1
M865,2025-09-07 03:45:00,211563.0,8.35,1
M866,2025-09-07 03:46:00,423906.0,6.23,1
M867,2025-09-07 03:47:00,645153.0,17.81,1
M868,2025-09-07 03:48:00,601352.0,4.61,1
M869,2025-09-07 03:49:00,450227.0,17.78,1
M870,2025-09-07 03:50:00,321163.0,9.07,1
M871,2025-09-07 03:51:00,793081.0,7.26,1
M872,2025-09-07 03:52:00,920041.0,5.68,1
M873,2025-09-07 03:53:00,480638.0,9.96,1
M874,2025-09-07 03:54:00,603941.0,1.45,1
M875,2025-09-07 03:55:00,1507532.0,1.44,1
M876,2025-09-07 03:56:00,2073101.0,5.08,1
M877,2025-09-07 03:57:00,215540.0,30.07,1
M878,2025-09-07 03:58:00,983075.0,12.04,1
M879,2025-09-07 03:59:00,1517317.0,9.1,1
M880,2025-09-07 04:00:00,976864.0,3.85,1
M881,2025-09-07 04:01:00,980839.0,14.44,1
M882,2025-09-07 04:02:00,1919024.0,6.86,1
M883,2025-09-07 04:03:00,517253.0,1.41,1
M884,2025-09-07 04:04:00,291698.0,4.42,1
M885,2025-09-07 04:05:00,488440.0,6.43,1
M886,2025-09-07 04:06:00,820299.0,2.54,1
M887,2025-09-07 04:07:00,401558.0,15.55,1
M888,2025-09-07 04:08:00,539137.0,7.41,1
M889,2025-09-07 04:09:00,228588.0,3.97,1
M890,2025-09-07 04:10:00,1097277.0,5.88,1
M891,2025-09-07 04:11:00,435137.0,39.64,1
M892,2025-09-07 04:12:00,254139.0,3.67,1
M893,2025-09-07 04:13:00,1331971.0,9.41,1
M894,2025-09-07 04:14:00,285373.0,4.26,1
M895,2025-09-07 04:15:00,3335533.0,8.66,1
M896,2025-09-07 04:16:00,1224507.0,4.31,1
M897,2025-09-07 04:17:00,997611.0,1.66,1
M898,2025-09-07 04:18:00,1171563.0,4.13,1
M899,2025-09-07 04:19:00,751341.0,9.96,1
M900,2025-09-07 04:20:00,1070445.0,5.07,1
M901,2025-09-07 04:21:00,1487266.0,16.35,1
M902,2025-09-07 04:22:00,350572.0,5.48,1
M903,2025-09-07 04:23:00,413253.0,4.6,1
M904,2025-09-07 04:24:00,667145.0,5.31,1
M905,2025-09-07 04:25:00,283167.0,4.97,1
M906,2025-09-07 04:26:00,499930.0,3.65,1
M907,2025-09-07 04:27:00,1038708.0,8.03,1
M908,2025-09-07 04:28:00,2928139.0,2.41,1
M909,2025-09-07 04:29:00,649836.0,3.78,1
M910,2025-09-07 04:30:00,553662.0,7.04,1
M911,2025-09-07 04:31:00,338702.0,15.34,1
M912,2025-09-07 04:32:00,596784.0,5.92,1
M913,2025-09-07 04:33:00,877455.0,8.94,1
M914,2025-09-07 04:34:00,446116.0,18.35,1
M915,2025-09-07 04:35:00,143213.0,10.63,1
M916,2025-09-07 04:36:00,257868.0,14.31,1
M917,2025-09-07 04:37:00,1425727.0,4.57,1
M918,2025-09-07 04:38:00,526580.0,5.97,1
M919,2025-09-07 04:39:00,726472.0,9.23,1
M920,2025-09-07 04:40:00,467701.0,6.82,1
M921,2025-09-07 04:41:00,1046196.0,2.49,1
M922,2025-09-07 04:42:00,379961.0,4.01,1
M923,2025-09-07 04:43:00,150945.0,9.17,1
M924,2025-09-07 04:44:00,2197919.0,3.81,1
M925,2025-09-07 04:45:00,691666.0,1.79,1
M926,2025-09-07 04:46:00,574729.0,17.31,1
M927,2025-09-07 04:47:00,497455.0,9.27,1
M928,2025-09-07 04:48:00,239995.0,3.65,1
M929,2025-09-07 04:49:00,1039628.0,17.35,1
M930,2025-09-07 04:50:00,457957.0,6.11,1
M931,2025-09-07 04:51:00,247796.0,11.59,1
M932,2025-09-07 04:52:00,184692.0,10.18,1
M933,2025-09-07 04:53:00,86487.0,6.09,1
M934,2025-09-07 04:54:00,1405443.0,22.89,1
M935,2025-09-07 04:55:00,244444.0,1.45,1
M936,2025-09-07 04:56:00,413029.0,12.86,1
M937,2025-09-07 04:57:00,1911552.0,6.74,1
M938,2025-09-07 04:58:00,1517948.0,6.31,1
M939,2025-09-07 04:59:00,421550.0,2.79,1
M940,2025-09-07 05:00:00,238382.0,10.41,1
M941,2025-09-07 05:01:00,1232069.0,4.68,1
M942,2025-09-07 05:02:00,878545.0,9.57,1
M943,2025-09-07 05:03:00,229481.0,10.01,1
M944,2025-09-07 05:04:00,395078.0,12.31,1
M945,2025-09-07 05:05:00,437679.0,7.88,1
M946,2025-09-07 05:06:00,277628.0,5.74,1
M947,2025-09-07 05:07:00,868897.0,17.75,1
M948,2025-09-07 05:08:00,731849.0,8.28,1
M949,2025-09-07 05:09:00,281838.0,3.53,1
M950,2025-09-07 05:10:00,778611.0,5.19,1
M951,2025-09-07 05:11:00,262514.0,2.61,1
M952,2025-09-07 05:12:00,368855.0,11.12,1
M953,2025-09-07 05:13:00,1084553.0,2.76,1
M954,2025-09-07 05:14:00,620935.0,4.14,1
M955,2025-09-07 05:15:00,627768.0,9.63,1
M956,2025-09-07 05:16:00,905153.0,12.39,1
M957,2025-09-07 05:17:00,382924.0,3.8,1
M958,2025-09-07 05:18:00,190903.0,6.71,1
M959,2025-09-07 05:19:00,242430.0,7.09,1
M960,2025-09-07 05:20:00,663323.0,7.95,1
M961,2025-09-07 05:21:00,281884.0,3.0,1
M962,2025-09-07 05:22:00,110650.0,16.12,1
M963,2025-09-07 05:23:00,621193.0,9.86,1
M964,2025-09-07 05:24:00,1979449.0,13.54,1
M965,2025-09-07 05:25:00,892404.0,9.98,1
M966,2025-09-07 05:26:00,661086.0,5.5,1
M967,2025-09-07 05:27:00,375722.0,7.19,1
M968,2025-09-07 05:28:00,253416.0,3.48,1
M969,2025-09-07 05:29:00,767237.0,10.7,1
M970,2025-09-07 05:30:00,245072.0,15.07,1
M971,2025-09-07 05:31:00,572064.0,2.88,1
M972,2025-09-07 05:32:00,173915.0,8.0,1
M973,2025-09-07 05:33:00,98207.0,14.36,1
M974,2025-09-07 05:34:00,673447.0,6.34,1
M975,2025-09-07 05:35:00,312007.0,39.49,1
M976,2025-09-07 05:36:00,573933.0,6.56,1
M977,2025-09-07 05:37:00,1648216.0,14.38,1
M978,2025-09-07 05:38:00,1181104.0,22.66,1
M979,2025-09-07 05:39:00,255629.0,9.04,1
M980,2025-09-07 05:40:00,442320.0,10.02,1
M981,2025-09-07 05:41:00,509505.0,10.79,1
M982,2025-09-07 05:42:00,460661.0,13.41,1
M983,2025-09-07 05:43:00,734760.0,7.17,1
M984,2025-09-07 05:44:00,438933.0,22.07,1
M985,2025-09-07 05:45:00,359154.0,9.81,1
M986,2025-09-07 05:46:00,915232.0,5.03,1
M987,2025-09-07 05:47:00,435275.0,10.72,1
M988,2025-09-07 05:48:00,926748.0,10.66,1
M989,2025-09-07 05:49:00,612058.0,7.5,1
M990,2025-09-07 05:50:00,637385.0,6.96,1
M991,2025-09-07 05:51:00,585892.0,3.75,1
M992,2025-09-07 05:52:00,359563.0,8.57,1
M993,2025-09-07 05:53:00,540319.0,8.15,1
M994,2025-09-07 05:54:00,589152.0,15.05,1
M995,2025-09-07 05:55:00,451231.0,5.46,1
M996,2025-09-07 05:56:00,43632.0,13.34,1
M997,2025-09-07 05:57:00,205459.0,4.98,1
M998,2025-09-07 05:58:00,1071886.0,5.03,1
M999,2025-09-07 05:59:00,781619.0,9.89,1
M1000,2025-09-07 06:00:00,751937.0,9.95,1
M1001,2025-09-07 06:01:00,257001.0,4.22,1
M1002,2025-09-07 06:02:00,1369404.0,9.73,1
M1003,2025-09-07 06:03:00,82532.0,4.49,1
M1004,2025-09-07 06:04:00,245884.0,4.68,1
M1005,2025-09-07 06:05:00,746198.0,7.01,1
M1006,2025-09-07 06:06:00,423319.0,9.66,1
M1007,2025-09-07 06:07:00,215843.0,13.6,1
M1008,2025-09-07 06:08:00,698137.0,4.89,1
M1009,2025-09-07 06:09:00,362084.0,6.89,1
M1010,2025-09-07 06:10:00,193480.0,1.77,1
M1011,2025-09-07 06:11:00,653903.0,3.62,1
M1012,2025-09-07 06:12:00,125026.0,10.94,1
M1013,2025-09-07 06:13:00,518285.0,16.76,1
M1014,2025-09-07 06:14:00,603202.0,15.44,1
M1015,2025-09-07 06:15:00,171677.0,5.68,1
M1016,2025-09-07 06:16:00,434797.0,9.75,1
M1017,2025-09-07 06:17:00,93285.0,11.52,1
M1018,2025-09-07 06:18:00,201518.0,7.1,1
M1019,2025-09-07 06:19:00,601450.0,6.43,1
M1020,2025-09-07 06:20:00,664304.0,16.2,1
M1021,2025-09-07 06:21:00,634795.0,14.19,1
M1022,2025-09-07 06:22:00,104510.0,2.52,1
M1023,2025-09-07 06:23:00,2690578.0,3.82,1
M1024,2025-09-07 06:24:00,1287548.0,16.85,1
M1025,2025-09-07 06:25:00,1992885.0,7.58,1
M1026,2025-09-07 06:26:00,299556.0,7.29,1
M1027,2025-09-07 06:27:00,421896.0,2.86,1
M1028,2025-09-07 06:28:00,296395.0,9.05,1
M1029,2025-09-07 06:29:00,186285.0,2.87,1
M1030,2025-09-07 06:30:00,575994.0,12.7,1
M1031,2025-09-07 06:31:00,1534946.0,14.82,1
M1032,2025-09-07 06:32:00,1164417.0,4.65,1
M1033,2025-09-07 06:33:00,1090389.0,6.85,1
M1034,2025-09-07 06:34:00,991712.0,14.01,1
M1035,2025-09-07 06:35:00,427915.0,31.33,1
M1036,2025-09-07 06:36:00,167024.0,25.05,1
M1037,2025-09-07 06:37:00,461770.0,16.31,1
M1038,2025-09-07 06:38:00,2211029.0,3.69,1
M1039,2025-09-07 06:39:00,673481.0,6.7,1
M1040,2025-09-07 06:40:00,315217.0,9.03,1
M1041,2025-09-07 06:41:00,1209766.0,13.16,1
M1042,2025-09-07 06:42:00,1010079.0,13.13,1
M1043,2025-09-07 06:43:00,1090816.0,12.82,1
M1044,2025-09-07 06:44:00,460346.0,27.0,1
M1045,2025-09-07 06:45:00,905222.0,13.4,1
M1046,2025-09-07 06:46:00,302914.0,6.72,1
M1047,2025-09-07 06:47:00,659176.0,4.88,1
M1048,2025-09-07 06:48:00,974059.0,20.96,1
M1049,2025-09-07 06:49:00,1076557.0,11.65,1
M1050,2025-09-07 06:50:00,1242826.0,7.52,1
M1051,2025-09-07 06:51:00,209719.0,11.15,1
M1052,2025-09-07 06:52:00,749753.0,11.23,1
M1053,2025-09-07 06:53:00,234390.0,10.8,1
M1054,2025-09-07 06:54:00,388453.0,5.82,1
M1055,2025-09-07 06:55:00,980163.0,8.25,1
M1056,2025-09-07 06:56:00,299124.0,2.16,1
M1057,2025-09-07 06:57:00,151749.0,4.07,1
M1058,2025-09-07 06:58:00,1720473.0,19.15,1
M1059,2025-09-07 06:59:00,4025105.0,7.08,1
M1060,2025-09-07 07:00:00,2663265.0,10.82,1
M1061,2025-09-07 07:01:00,770441.0,4.67,1
M1062,2025-09-07 07:02:00,433698.0,4.11,1
M1063,2025-09-07 07:03:00,495127.0,15.74,1
M1064,2025-09-07 07:04:00,1633034.0,2.26,1
M1065,2025-09-07 07:05:00,1307234.0,11.03,1
M1066,2025-09-07 07:06:00,420554.0,19.33,1
M1067,2025-09-07 07:07:00,356435.0,5.68,1
M1068,2025-09-07 07:08:00,1174829.0,2.21,1
M1069,2025-09-07 07:09:00,867077.0,4.07,1
M1070,2025-09-07 07:10:00,301676.0,2.54,1
M1071,2025-09-07 07:11:00,883686.0,4.7,1
M1072,2025-09-07 07:12:00,768740.0,3.69,1
M1073,2025-09-07 07:13:00,372978.0,3.34,1
M1074,2025-09-07 07:14:00,162475.0,13.93,1
M1075,2025-09-07 07:15:00,148768.0,60.66,1
M1076,2025-09-07 07:16:00,1100369.0,6.23,1
M1077,2025-09-07 07:17:00,4156641.0,9.09,1
M1078,2025-09-07 07:18:00,397089.0,2.59,1
M1079,2025-09-07 07:19:00,374639.0,5.36,1
M1080,2025-09-07 07:20:00,870275.0,102.78,1
M1081,2025-09-07 07:21:00,2614961.0,20.3,1
M1082,2025-09-07 07:22:00,587842.0,4.48,1
M1083,2025-09-07 07:23:00,192202.0,19.64,1
M1084,2025-09-07 07:24:00,523472.0,12.97,1
M1085,2025-09-07 07:25:00,743043.0,4.75,1
M1086,2025-09-07 07:26:00,555756.0,6.22,1
M1087,2025-09-07 07:27:00,3198257.0,7.81,1
M1088,2025-09-07 07:28:00,282702.0,9.08,1
M1089,2025-09-07 07:29:00,446673.0,4.71,1
M1090,2025-09-07 07:30:00,1916930.0,9.27,1
M1091,2025-09-07 07:31:00,133049.0,8.21,1
M1092,2025-09-07 07:32:00,583039.0,4.78,1
M1093,2025-09-07 07:33:00,205906.0,13.68,1
M1094,2025-09-07 07:34:00,43746.0,4.31,1
M1095,2025-09-07 07:35:00,1240280.0,5.88,1
M1096,2025-09-07 07:36:00,423995.0,6.66,1
M1097,2025-09-07 07:37:00,814167.0,2.27,1
M1098,2025-09-07 07:38:00,503243.0,6.12,1
M1099,2025-09-07 07:39:00,825621.0,5.35,1
M1100,2025-09-07 07:40:00,633187.0,4.8,1
M1101,2025-09-07 07:41:00,315575.0,3.77,1
M1102,2025-09-07 07:42:00,320080.0,7.44,1
M1103,2025-09-07 07:43:00,162112.0,8.97,1
M1104,2025-09-07 07:44:00,1010773.0,2.77,1
M1105,2025-09-07 07:45:00,481187.0,2.84,1
M1106,2025-09-07 07:46:00,1034741.0,3.93,1
M1107,2025-09-07 07:47:00,1828369.0,11.28,1
M1108,2025-09-07 07:48:00,209997.0,4.6,1
M1109,2025-09-07 07:49:00,977798.0,8.35,1
M1110,2025-09-07 07:50:00,520786.0,51.35,1
M1111,2025-09-07 07:51:00,486816.0,18.2,1
M1112,2025-09-07 07:52:00,235383.0,9.57,1
M1113,2025-09-07 07:53:00,238054.0,18.0,1
M1114,2025-09-07 07:54:00,914782.0,2.48,1
M1115,2025-09-07 07:55:00,828955.0,10.79,1
M1116,2025-09-07 07:56:00,1090069.0,14.91,1
M1117,2025-09-07 07:57:00,341841.0,9.11,1
M1118,2025-09-07 07:58:00,485457.0,3.54,1
M1119,2025-09-07 07:59:00,736638.0,32.31,1
M1120,2025-09-07 08:00:00,722207.0,10.33,1
M1121,2025-09-07 08:01:00,987146.0,6.02,1
M1122,2025-09-07 08:02:00,608154.0,2.83,1
M1123,2025-09-07 08:03:00,562322.0,14.79,1
M1124,2025-09-07 08:04:00,724885.0,2.9,1
M1125,2025-09-07 08:05:00,526257.0,7.89,1
M1126,2025-09-07 08:06:00,365154.0,8.55,1
M1127,2025-09-07 08:07:00,262480.0,4.11,1
M1128,2025-09-07 08:08:00,480161.0,8.74,1
M1129,2025-09-07 08:09:00,318926.0,4.27,1
M1130,2025-09-07 08:10:00,1352706.0,6.33,1
M1131,2025-09-07 08:11:00,4598791.0,3.21,1
M1132,2025-09-07 08:12:00,394295.0,9.74,1
M1133,2025-09-07 08:13:00,2101360.0,22.42,1
M1134,2025-09-07 08:14:00,4518542.0,16.23,1
M1135,2025-09-07 08:15:00,1356991.0,8.6,1
M1136,2025-09-07 08:16:00,166757.0,10.72,1
M1137,2025-09-07 08:17:00,2439303.0,6.55,1
M1138,2025-09-07 08:18:00,387970.0,3.62,1
M1139,2025-09-07 08:19:00,836288.0,14.16,1
M1140,2025-09-07 08:20:00,170019.0,1.45,1
M1141,2025-09-07 08:21:00,1013124.0,2.73,1
M1142,2025-09-07 08:22:00,1377913.0,9.95,1
M1143,2025-09-07 08:23:00,663236.0,21.58,1
M1144,2025-09-07 08:24:00,625790.0,6.66,1
M1145,2025-09-07 08:25:00,717819.0,5.06,1
M1146,2025-09-07 08:26:00,988085.0,1.85,1
M1147,2025-09-07 08:27:00,82369.0,7.82,1
M1148,2025-09-07 08:28:00,1617039.0,7.76,1
M1149,2025-09-07 08:29:00,234707.0,49.56,1
M1150,2025-09-07 08:30:00,487373.0,15.11,1
M1151,2025-09-07 08:31:00,262156.0,10.11,1
M1152,2025-09-07 08:32:00,882627.0,1.7,1
M1153,2025-09-07 08:33:00,454918.0,3.78,1
M1154,2025-09-07 08:34:00,1999206.0,5.58,1
M1155,2025-09-07 08:35:00,657171.0,5.09,1
M1156,2025-09-07 08:36:00,707948.0,2.71,1
M1157,2025-09-07 08:37:00,509299.0,17.18,1
M1158,2025-09-07 08:38:00,334343.0,11.05,1
M1159,2025-09-07 08:39:00,377577.0,1.28,1
M1160,2025-09-07 08:40:00,227033.0,11.72,1
M1161,2025-09-07 08:41:00,372838.0,26.66,1
M1162,2025-09-07 08:42:00,2703126.0,3.21,1
M1163,2025-09-07 08:43:00,115771.0,17.64,1
M1164,2025-09-07 08:44:00,76368.0,10.2,1
M1165,2025-09-07 08:45:00,521305.0,18.19,1
M1166,2025-09-07 08:46:00,718074.0,10.9,1
M1167,2025-09-07 08:47:00,260653.0,15.92,1
M1168,2025-09-07 08:48:00,640743.0,12.31,1
M1169,2025-09-07 08:49:00,933219.0,1.31,1
M1170,2025-09-07 08:50:00,995227.0,4.89,1
M1171,2025-09-07 08:51:00,426315.0,4.07,1
M1172,2025-09-07 08:52:00,880117.0,13.46,1
M1173,2025-09-07 08:53:00,248154.0,9.16,1
M1174,2025-09-07 08:54:00,319104.0,7.02,1
M1175,2025-09-07 08:55:00,1157071.0,37.17,1
M1176,2025-09-07 08:56:00,500997.0,3.27,1
M1177,2025-09-07 08:57:00,943288.0,6.48,1
M1178,2025-09-07 08:58:00,342012.0,10.7,1
M1179,2025-09-07 08:59:00,984737.0,7.05,1
M1180,2025-09-07 09:00:00,668408.0,2.02,1
M1181,2025-09-07 09:01:00,476905.0,5.58,1
M1182,2025-09-07 09:02:00,185249.0,6.12,1
M1183,2025-09-07 09:03:00,167662.0,2.29,1
M1184,2025-09-07 09:04:00,570484.0,6.23,1
M1185,2025-09-07 09:05:00,694685.0,12.52,1
M1186,2025-09-07 09:06:00,1000291.0,6.08,1
M1187,2025-09-07 09:07:00,457393.0,12.89,1
M1188,2025-09-07 09:08:00,1126161.0,3.0,1
M1189,2025-09-07 09:09:00,962837.0,3.35,1
M1190,2025-09-07 09:10:00,552912.0,4.24,1
M1191,2025-09-07 09:11:00,402260.0,7.99,1
M1192,2025-09-07 09:12:00,353384.0,8.39,1
M1193,2025-09-07 09:13:00,803813.0,11.06,1
M1194,2025-09-07 09:14:00,248257.0,3.66,1
M1195,2025-09-07 09:15:00,306246.0,6.04,1
M1196,2025-09-07 09:16:00,461729.0,15.09,1
M1197,2025-09-07 09:17:00,164313.0,6.69,1
M1198,2025-09-07 09:18:00,500562.0,8.24,1
M1199,2025-09-07 09:19:00,321781.0,10.31,1
M1200,2025-09-07 09:20:00,490910.0,17.07,1
M1201,2025-09-07 09:21:00,923977.0,8.86,1
M1202,2025-09-07 09:22:00,663736.0,6.74,1
M1203,2025-09-07 09:23:00,179676.0,6.87,1
M1204,2025-09-07 09:24:00,541023.0,15.53,1
M1205,2025-09-07 09:25:00,1695257.0,39.3,1
M1206,2025-09-07 09:26:00,1118571.0,8.15,1
M1207,2025-09-07 09:27:00,450659.0,33.78,1
M1208,2025-09-07 09:28:00,211368.0,29.96,1
M1209,2025-09-07 09:29:00,1978126.0,8.4,1
M1210,2025-09-07 09:30:00,874130.0,10.98,1
M1211,2025-09-07 09:31:00,1585006.0,3.76,1
M1212,2025-09-07 09:32:00,436600.0,17.55,1
M1213,2025-09-07 09:33:00,387246.0,6.93,1
M1214,2025-09-07 09:34:00,169243.0,10.15,1
M1215,2025-09-07 09:35:00,696136.0,12.27,1
M1216,2025-09-07 09:36:00,273592.0,5.96,1
M1217,2025-09-07 09:37:00,610243.0,11.04,1
M1218,2025-09-07 09:38:00,804904.0,11.08,1
M1219,2025-09-07 09:39:00,1205831.0,2.81,1
M1220,2025-09-07 09:40:00,264985.0,23.42,1
M1221,2025-09-07 09:41:00,414918.0,6.77,1
M1222,2025-09-07 09:42:00,205401.0,10.4,1
M1223,2025-09-07 09:43:00,290730.0,2.55,1
M1224,2025-09-07 09:44:00,345081.0,11.64,1
M1225,2025-09-07 09:45:00,1275401.0,10.53,1
M1226,2025-09-07 09:46:00,466837.0,4.59,1
M1227,2025-09-07 09:47:00,387430.0,10.01,1
M1228,2025-09-07 09:48:00,243932.0,16.9,1
M1229,2025-09-07 09:49:00,652165.0,5.12,1
M1230,2025-09-07 09:50:00,536090.0,58.54,1
M1231,2025-09-07 09:51:00,1035930.0,13.07,1
M1232,2025-09-07 09:52:00,573469.0,6.06,1
M1233,2025-09-07 09:53:00,300031.0,9.27,1
M1234,2025-09-07 09:54:00,755758.0,29.06,1
M1235,2025-09-07 09:55:00,351195.0,8.59,1
M1236,2025-09-07 09:56:00,487865.0,5.13,1
M1237,2025-09-07 09:57:00,278724.0,10.91,1
M1238,2025-09-07 09:58:00,482943.0,15.9,1
M1239,2025-09-07 09:59:00,700833.0,2.67,1
M1240,2025-09-07 10:00:00,971092.0,19.39,1
M1241,2025-09-07 10:01:00,422795.0,4.18,1
M1242,2025-09-07 10:02:00,237169.0,14.63,1
M1243,2025-09-07 10:03:00,1318551.0,16.13,1
M1244,2025-09-07 10:04:00,882100.0,9.32,1
M1245,2025-09-07 10:05:00,453065.0,11.39,1
M1246,2025-09-07 10:06:00,819678.0,10.43,1
M1247,2025-09-07 10:07:00,502395.0,3.44,1
M1248,2025-09-07 10:08:00,670487.0,5.22,1
M1249,2025-09-07 10:09:00,39833.0,16.66,1
M1250,2025-09-07 10:10:00,1155399.0,9.19,1
M1251,2025-09-07 10:11:00,677468.0,11.69,1
M1252,2025-09-07 10:12:00,335446.0,5.6,1
M1253,2025-09-07 10:13:00,390746.0,18.88,1
M1254,2025-09-07 10:14:00,428716.0,2.34,1
M1255,2025-09-07 10:15:00,268277.0,10.83,1
M1256,2025-09-07 10:16:00,582476.0,5.72,1
M1257,2025-09-07 10:17:00,1956523.0,39.25,1
M1258,2025-09-07 10:18:00,937243.0,17.5,1
M1259,2025-09-07 10:19:00,286879.0,12.02,1
M1260,2025-09-07 10:20:00,3388865.0,5.7,1
M1261,2025-09-07 10:21:00,240944.0,7.85,1
M1262,2025-09-07 10:22:00,199748.0,2.07,1
M1263,2025-09-07 10:23:00,651010.0,3.78,1
M1264,2025-09-07 10:24:00,617044.0,8.13,1
M1265,2025-09-07 10:25:00,969800.0,6.31,1
M1266,2025-09-07 10:26:00,218285.0,9.26,1
M1267,2025-09-07 10:27:00,919196.0,7.54,1
M1268,2025-09-07 10:28:00,470784.0,9.08,1
M1269,2025-09-07 10:29:00,371707.0,4.61,1
M1270,2025-09-07 10:30:00,1094724.0,7.01,1
M1271,2025-09-07 10:31:00,800946.0,2.91,1
M1272,2025-09-07 10:32:00,384103.0,4.0,1
M1273,2025-09-07 10:33:00,1356231.0,7.08,1
M1274,2025-09-07 10:34:00,494231.0,6.91,1
M1275,2025-09-07 10:35:00,306873.0,10.69,1
M1276,2025-09-07 10:36:00,837554.0,23.96,1
M1277,2025-09-07 10:37:00,467131.0,2.38,1
M1278,2025-09-07 10:38:00,550483.0,9.94,1
M1279,2025-09-07 10:39:00,530507.0,17.24,1
M1280,2025-09-07 10:40:00,947248.0,34.6,1
M1281,2025-09-07 10:41:00,437845.0,5.28,1
M1282,2025-09-07 10:42:00,459729.0,9.28,1
M1283,2025-09-07 10:43:00,279705.0,2.24,1
M1284,2025-09-07 10:44:00,1650722.0,14.16,1
M1285,2025-09-07 10:45:00,580837.0,3.24,1
M1286,2025-09-07 10:46:00,1599059.0,6.29,1
M1287,2025-09-07 10:47:00,1007452.0,15.81,1
M1288,2025-09-07 10:48:00,395935.0,3.82,1
M1289,2025-09-07 10:49:00,553870.0,2.61,1
M1290,2025-09-07 10:50:00,384041.0,5.01,1
M1291,2025-09-07 10:51:00,944105.0,10.07,1
M1292,2025-09-07 10:52:00,329193.0,7.21,1
M1293,2025-09-07 10:53:00,408721.0,16.38,1
M1294,2025-09-07 10:54:00,443226.0,6.0,1
M1295,2025-09-07 10:55:00,224974.0,9.37,1
M1296,2025-09-07 10:56:00,640191.0,3.0,1
M1297,2025-09-07 10:57:00,197129.0,2.06,1
M1298,2025-09-07 10:58:00,282513.0,16.02,1
M1299,2025-09-07 10:59:00,1429042.0,7.18,1
M1300,2025-09-07 11:00:00,271840.0,3.22,1
M1301,2025-09-07 11:01:00,1143681.0,6.56,1
M1302,2025-09-07 11:02:00,328347.0,9.25,1
M1303,2025-09-07 11:03:00,652264.0,9.91,1
M1304,2025-09-07 11:04:00,342941.0,6.92,1
M1305,2025-09-07 11:05:00,389158.0,4.41,1
M1306,2025-09-07 11:06:00,310970.0,2.95,1
M1307,2025-09-07 11:07:00,407157.0,3.1,1
M1308,2025-09-07 11:08:00,139696.0,7.44,1
M1309,2025-09-07 11:09:00,1385638.0,14.96,1
M1310,2025-09-07 11:10:00,171347.0,2.88,1
M1311,2025-09-07 11:11:00,1546423.0,6.05,1
M1312,2025-09-07 11:12:00,329683.0,7.85,1
M1313,2025-09-07 11:13:00,433285.0,3.15,1
M1314,2025-09-07 11:14:00,506600.0,52.88,1
M1315,2025-09-07 11:15:00,665990.0,9.02,1
M1316,2025-09-07 11:16:00,389637.0,15.29,1
M1317,2025-09-07 11:17:00,850250.0,4.28,1
M1318,2025-09-07 11:18:00,457772.0,7.54,1
M1319,2025-09-07 11:19:00,316551.0,4.16,1
M1320,2025-09-07 11:20:00,832129.0,4.52,1
M1321,2025-09-07 11:21:00,542221.0,12.49,1
M1322,2025-09-07 11:22:00,574689.0,14.49,1
M1323,2025-09-07 11:23:00,915400.0,5.44,1
M1324,2025-09-07 11:24:00,329639.0,17.32,1
M1325,2025-09-07 11:25:00,2165643.0,1.65,1
M1326,2025-09-07 11:26:00,703766.0,3.87,1
M1327,2025-09-07 11:27:00,799534.0,8.5,1
M1328,2025-09-07 11:28:00,836765.0,9.47,1
M1329,2025-09-07 11:29:00,551274.0,2.86,1
M1330,2025-09-07 11:30:00,230614.0,4.52,1
M1331,2025-09-07 11:31:00,561239.0,17.27,1
M1332,2025-09-07 11:32:00,656357.0,1.22,1
M1333,2025-09-07 11:33:00,405846.0,23.66,1
M1334,2025-09-07 11:34:00,1418969.0,6.36,1
M1335,2025-09-07 11:35:00,144834.0,17.84,1
M1336,2025-09-07 11:36:00,343218.0,3.65,1
M1337,2025-09-07 11:37:00,895280.0,10.29,1
M1338,2025-09-07 11:38:00,244542.0,4.82,1
M1339,2025-09-07 11:39:00,1737380.0,4.96,1
M1340,2025-09-07 11:40:00,326346.0,19.44,1
M1341,2025-09-07 11:41:00,765396.0,7.6,1
M1342,2025-09-07 11:42:00,331280.0,8.37,1
M1343,2025-09-07 11:43:00,5201872.0,11.91,1
M1344,2025-09-07 11:44:00,257926.0,7.15,1
M1345,2025-09-07 11:45:00,770035.0,2.57,1
M1346,2025-09-07 11:46:00,268322.0,6.76,1
M1347,2025-09-07 11:47:00,943157.0,19.41,1
M1348,2025-09-07 11:48:00,1015412.0,5.91,1
M1349,2025-09-07 11:49:00,475758.0,12.6,1
M1350,2025-09-07 11:50:00,1403365.0,5.6,1
M1351,2025-09-07 11:51:00,783704.0,6.07,1
M1352,2025-09-07 11:52:00,533233.0,3.17,1
M1353,2025-09-07 11:53:00,256860.0,15.6,1
M1354,2025-09-07 11:54:00,981483.0,8.88,1
M1355,2025-09-07 11:55:00,1031879.0,3.78,1
M1356,2025-09-07 11:56:00,1325135.0,23.87,1
M1357,2025-09-07 11:57:00,662586.0,2.41,1
M1358,2025-09-07 11:58:00,551548.0,5.68,1
M1359,2025-09-07 11:59:00,1114340.0,5.37,1
M1360,2025-09-07 12:00:00,413303.0,3.73,1
M1361,2025-09-07 12:01:00,937755.0,7.97,1
M1362,2025-09-07 12:02:00,883450.0,16.32,1
M1363,2025-09-07 12:03:00,351688.0,3.47,1
M1364,2025-09-07 12:04:00,177919.0,7.72,1
M1365,2025-09-07 12:05:00,433041.0,5.2,1
M1366,2025-09-07 12:06:00,536341.0,5.16,1
M1367,2025-09-07 12:07:00,319428.0,23.01,1
M1368,2025-09-07 12:08:00,482767.0,4.29,1
M1369,2025-09-07 12:09:00,161189.0,3.04,1
M1370,2025-09-07 12:10:00,1314792.0,4.32,1
M1371,2025-09-07 12:11:00,665924.0,2.72,1
M1372,2025-09-07 12:12:00,393902.0,16.3,1
M1373,2025-09-07 12:13:00,195553.0,5.0,1
M1374,2025-09-07 12:14:00,314011.0,4.11,1
M1375,2025-09-07 12:15:00,362120.0,10.36,1
M1376,2025-09-07 12:16:00,797826.0,21.56,1
M1377,2025-09-07 12:17:00,276361.0,2.88,1
M1378,2025-09-07 12:18:00,1001993.0,4.18,1
M1379,2025-09-07 12:19:00,564517.0,5.41,1
M1380,2025-09-07 12:20:00,524348.0,14.82,1
M1381,2025-09-07 12:21:00,519321.0,7.22,1
M1382,2025-09-07 12:22:00,2051467.0,2.08,1
M1383,2025-09-07 12:23:00,109960.0,12.03,1
M1384,2025-09-07 12:24:00,697162.0,17.44,1
M1385,2025-09-07 12:25:00,282771.0,4.13,1
M1386,2025-09-07 12:26:00,251688.0,4.36,1
M1387,2025-09-07 12:27:00,6184128.0,20.34,1
M1388,2025-09-07 12:28:00,422124.0,3.23,1
M1389,2025-09-07 12:29:00,471771.0,14.52,1
M1390,2025-09-07 12:30:00,294312.0,4.55,1
M1391,2025-09-07 12:31:00,369501.0,9.94,1
M1392,2025-09-07 12:32:00,411472.0,2.24,1
M1393,2025-09-07 12:33:00,878085.0,7.1,1
M1394,2025-09-07 12:34:00,965715.0,12.76,1
M1395,2025-09-07 12:35:00,4488940.0,4.99,1
M1396,2025-09-07 12:36:00,418533.0,31.72,1
M1397,2025-09-07 12:37:00,199879.0,8.88,1
M1398,2025-09-07 12:38:00,318839.0,4.29,1
M1399,2025-09-07 12:39:00,300078.0,6.35,1
M1400,2025-09-07 12:40:00,1273105.0,9.1,1
M1401,2025-09-07 12:41:00,483162.0,2.03,1
M1402,2025-09-07 12:42:00,1808406.0,12.5,1
M1403,2025-09-07 12:43:00,1018288.0,7.07,1
M1404,2025-09-07 12:44:00,847145.0,2.55,1
M1405,2025-09-07 12:45:00,166247.0,16.36,1
M1406,2025-09-07 12:46:00,239386.0,4.82,1
M1407,2025-09-07 12:47:00,453142.0,2.76,1
M1408,2025-09-07 12:48:00,1530180.0,8.64,1
M1409,2025-09-07 12:49:00,445567.0,7.39,1
M1410,2025-09-07 12:50:00,1556781.0,8.66,1
M1411,2025-09-07 12:51:00,1163447.0,4.33,1
M1412,2025-09-07 12:52:00,521562.0,15.89,1
M1413,2025-09-07 12:53:00,473069.0,5.07,1
M1414,2025-09-07 12:54:00,930120.0,6.77,1
M1415,2025-09-07 12:55:00,328008.0,10.71,1
M1416,2025-09-07 12:56:00,1775736.0,8.74,1
M1417,2025-09-07 12:57:00,985450.0,6.08,1
M1418,2025-09-07 12:58:00,492528.0,4.33,1
M1419,2025-09-07 12:59:00,571098.0,7.73,1
M1420,2025-09-07 13:00:00,452040.0,6.01,1
M1421,2025-09-07 13:01:00,634666.0,15.32,1
M1422,2025-09-07 13:02:00,1072953.0,2.52,1
M1423,2025-09-07 13:03:00,1185450.0,11.68,1
M1424,2025-09-07 13:04:00,457565.0,4.58,1
M1425,2025-09-07 13:05:00,176721.0,13.68,1
M1426,2025-09-07 13:06:00,1884331.0,11.68,1
M1427,2025-09-07 13:07:00,1180670.0,6.52,1
M1428,2025-09-07 13:08:00,279880.0,6.86,1
M1429,2025-09-07 13:09:00,381639.0,6.24,1
M1430,2025-09-07 13:10:00,1562574.0,6.39,1
M1431,2025-09-07 13:11:00,1026528.0,7.69,1
M1432,2025-09-07 13:12:00,222246.0,9.73,1
M1433,2025-09-07 13:13:00,249378.0,7.34,1
M1434,2025-09-07 13:14:00,755492.0,4.9,1
M1435,2025-09-07 13:15:00,1520955.0,4.69,1
M1436,2025-09-07 13:16:00,557237.0,8.96,1
M1437,2025-09-07 13:17:00,1086287.0,8.92,1
M1438,2025-09-07 13:18:00,299559.0,28.2,1
M1439,2025-09-07 13:19:00,853725.0,16.62,1
M1440,2025-09-07 13:20:00,119108.0,14.1,1
M1441,2025-09-07 13:21:00,559544.0,12.93,1
M1442,2025-09-07 13:22:00,202787.0,9.51,1
M1443,2025-09-07 13:23:00,419547.0,6.64,1
M1444,2025-09-07 13:24:00,251711.0,12.5,1
M1445,2025-09-07 13:25:00,1324592.0,4.07,1
M1446,2025-09-07 13:26:00,957001.0,9.51,1
M1447,2025-09-07 13:27:00,1543133.0,1.84,1
M1448,2025-09-07 13:28:00,1011447.0,10.73,1
M1449,2025-09-07 13:29:00,115228.0,5.74,1
M1450,2025-09-07 13:30:00,2018229.0,14.09,1
M1451,2025-09-07 13:31:00,1210090.0,3.37,1
M1452,2025-09-07 13:32:00,185757.0,10.61,1
M1453,2025-09-07 13:33:00,551651.0,9.58,1
M1454,2025-09-07 13:34:00,1010489.0,6.19,1
M1455,2025-09-07 13:35:00,415754.0,19.32,1
M1456,2025-09-07 13:36:00,264149.0,3.7,1
M1457,2025-09-07 13:37:00,844613.0,16.36,1
M1458,2025-09-07 13:38:00,172349.0,4.03,1
M1459,2025-09-07 13:39:00,2841782.0,3.6,1
M1460,2025-09-07 13:40:00,509920.0,6.34,1
M1461,2025-09-07 13:41:00,131946.0,5.65,1
M1462,2025-09-07 13:42:00,449539.0,6.66,1
M1463,2025-09-07 13:43:00,1237246.0,11.94,1
M1464,2025-09-07 13:44:00,857532.0,6.5,1
M1465,2025-09-07 13:45:00,942189.0,7.53,1
M1466,2025-09-07 13:46:00,467273.0,6.73,1
M1467,2025-09-07 13:47:00,165199.0,7.65,1
M1468,2025-09-07 13:48:00,1629713.0,32.94,1
M1469,2025-09-07 13:49:00,1756693.0,8.72,1
M1470,2025-09-07 13:50:00,1642298.0,15.81,1
M1471,2025-09-07 13:51:00,458428.0,28.44,1
M1472,2025-09-07 13:52:00,2260498.0,5.68,1
M1473,2025-09-07 13:53:00,532797.0,14.88,1
M1474,2025-09-07 13:54:00,110914.0,16.62,1
M1475,2025-09-07 13:55:00,495382.0,9.53,1
M1476,2025-09-07 13:56:00,588874.0,8.43,1
M1477,2025-09-07 13:57:00,1101976.0,25.83,1
M1478,2025-09-07 13:58:00,2691145.0,9.71,1
M1479,2025-09-07 13:59:00,1325355.0,4.68,1
M1480,2025-09-07 14:00:00,877435.0,20.54,1
M1481,2025-09-07 14:01:00,148710.0,16.94,1
M1482,2025-09-07 14:02:00,1980046.0,11.3,1
M1483,2025-09-07 14:03:00,4900473.0,10.1,1
M1484,2025-09-07 14:04:00,2034001.0,7.87,1
M1485,2025-09-07 14:05:00,661247.0,8.45,1
M1486,2025-09-07 14:06:00,345750.0,3.76,1
M1487,2025-09-07 14:07:00,494388.0,5.35,1
M1488,2025-09-07 14:08:00,666716.0,2.93,1
M1489,2025-09-07 14:09:00,375433.0,16.2,1
M1490,2025-09-07 14:10:00,399847.0,5.93,1
M1491,2025-09-07 14:11:00,148560.0,8.12,1
M1492,2025-09-07 14:12:00,205247.0,6.02,1
M1493,2025-09-07 14:13:00,779776.0,3.53,1
M1494,2025-09-07 14:14:00,817635.0,12.96,1
M1495,2025-09-07 14:15:00,364506.0,5.74,1
M1496,2025-09-07 14:16:00,325822.0,3.8,1
M1497,2025-09-07 14:17:00,277392.0,36.43,1
M1498,2025-09-07 14:18:00,100836.0,6.34,1
M1499,2025-09-07 14:19:00,311508.0,1.45,1
M1500,2025-09-07 14:20:00,282007.0,6.14,1
M1501,2025-09-07 14:21:00,267682.0,1.88,1
M1502,2025-09-07 14:22:00,538551.0,2.67,1
M1503,2025-09-07 14:23:00,594215.0,6.02,1
M1504,2025-09-07 14:24:00,591776.0,2.29,1
M1505,2025-09-07 14:25:00,196507.0,4.21,1
M1506,2025-09-07 14:26:00,1111695.0,5.78,1
M1507,2025-09-07 14:27:00,431435.0,10.08,1
M1508,2025-09-07 14:28:00,1006916.0,3.5,1
M1509,2025-09-07 14:29:00,739033.0,4.18,1
M1510,2025-09-07 14:30:00,213054.0,3.92,1
M1511,2025-09-07 14:31:00,2960480.0,8.72,1
M1512,2025-09-07 14:32:00,85259.0,7.36,1
M1513,2025-09-07 14:33:00,327479.0,11.44,1
M1514,2025-09-07 14:34:00,613176.0,10.37,1
M1515,2025-09-07 14:35:00,1244583.0,3.22,1
M1516,2025-09-07 14:36:00,564163.0,9.75,1
M1517,2025-09-07 14:37:00,1044340.0,5.31,1
M1518,2025-09-07 14:38:00,445880.0,1.81,1
M1519,2025-09-07 14:39:00,981024.0,6.92,1
M1520,2025-09-07 14:40:00,674301.0,9.64,1
M1521,2025-09-07 14:41:00,382749.0,5.09,1
M1522,2025-09-07 14:42:00,288561.0,7.77,1
M1523,2025-09-07 14:43:00,1468060.0,6.86,1
M1524,2025-09-07 14:44:00,702550.0,8.07,1
M1525,2025-09-07 14:45:00,348745.0,8.91,1
M1526,2025-09-07 14:46:00,245263.0,13.39,1
M1527,2025-09-07 14:47:00,496822.0,7.19,1
M1528,2025-09-07 14:48:00,234068.0,5.28,1
M1529,2025-09-07 14:49:00,218243.0,6.83,1
M1530,2025-09-07 14:50:00,1042548.0,15.8,1
M1531,2025-09-07 14:51:00,295273.0,2.46,1
M1532,2025-09-07 14:52:00,151990.0,26.2,1
M1533,2025-09-07 14:53:00,135410.0,7.33,1
M1534,2025-09-07 14:54:00,228877.0,4.19,1
M1535,2025-09-07 14:55:00,76752.0,13.12,1
M1536,2025-09-07 14:56:00,334049.0,5.99,1
M1537,2025-09-07 14:57:00,497072.0,10.86,1
M1538,2025-09-07 14:58:00,915173.0,24.58,1
M1539,2025-09-07 14:59:00,364238.0,5.36,1
M1540,2025-09-07 15:00:00,471453.0,9.0,1
M1541,2025-09-07 15:01:00,411523.0,3.52,1
M1542,2025-09-07 15:02:00,354775.0,4.13,1
M1543,2025-09-07 15:03:00,259163.0,19.05,1
M1544,2025-09-07 15:04:00,804414.0,4.25,1
M1545,2025-09-07 15:05:00,402687.0,10.77,1
M1546,2025-09-07 15:06:00,539210.0,1.33,1
M1547,2025-09-07 15:07:00,486691.0,6.56,1
M1548,2025-09-07 15:08:00,4605971.0,15.97,1
M1549,2025-09-07 15:09:00,2378842.0,4.75,1
M1550,2025-09-07 15:10:00,1402858.0,11.06,1
M1551,2025-09-07 15:11:00,383893.0,8.8,1
M1552,2025-09-07 15:12:00,284469.0,7.43,1
M1553,2025-09-07 15:13:00,381920.0,1.86,1
M1554,2025-09-07 15:14:00,1035041.0,21.29,1
M1555,2025-09-07 15:15:00,353576.0,8.89,1
M1556,2025-09-07 15:16:00,1138461.0,7.77,1
M1557,2025-09-07 15:17:00,316960.0,8.25,1
M1558,2025-09-07 15:18:00,2169933.0,20.08,1
M1559,2025-09-07 15:19:00,1025484.0,15.57,1
M1560,2025-09-07 15:20:00,389110.0,3.13,1
M1561,2025-09-07 15:21:00,551187.0,10.48,1
M1562,2025-09-07 15:22:00,439518.0,4.64,1
M1563,2025-09-07 15:23:00,1186516.0,3.47,1
M1564,2025-09-07 15:24:00,213709.0,4.74,1
M1565,2025-09-07 15:25:00,2875384.0,4.77,1
M1566,2025-09-07 15:26:00,883020.0,11.17,1
M1567,2025-09-07 15:27:00,257401.0,5.7,1
M1568,2025-09-07 15:28:00,819901.0,5.33,1
M1569,2025-09-07 15:29:00,201146.0,3.97,1
M1570,2025-09-07 15:30:00,163044.0,7.03,1
M1571,2025-09-07 15:31:00,1140086.0,7.63,1
M1572,2025-09-07 15:32:00,1306315.0,11.9,1
M1573,2025-09-07 15:33:00,440284.0,2.11,1
M1574,2025-09-07 15:34:00,386769.0,8.45,1
M1575,2025-09-07 15:35:00,291420.0,47.75,1
M1576,2025-09-07 15:36:00,1528210.0,2.68,1
M1577,2025-09-07 15:37:00,482643.0,14.71,1
M1578,2025-09-07 15:38:00,277031.0,16.86,1
M1579,2025-09-07 15:39:00,528777.0,15.8,1
M1580,2025-09-07 15:40:00,602172.0,7.0,1
M1581,2025-09-07 15:41:00,505260.0,4.73,1
M1582,2025-09-07 15:42:00,381507.0,19.19,1
M1583,2025-09-07 15:43:00,1200106.0,21.32,1
M1584,2025-09-07 15:44:00,194196.0,13.0,1
M1585,2025-09-07 15:45:00,551544.0,1.3,1
M1586,2025-09-07 15:46:00,383022.0,1.25,1
M1587,2025-09-07 15:47:00,342855.0,0.53,1
M1588,2025-09-07 15:48:00,254686.0,21.29,1
M1589,2025-09-07 15:49:00,1092562.0,2.68,1
M1590,2025-09-07 15:50:00,428111.0,13.36,1
M1591,2025-09-07 15:51:00,497977.0,8.75,1
M1592,2025-09-07 15:52:00,942178.0,3.76,1
M1593,2025-09-07 15:53:00,1051002.0,7.69,1
M1594,2025-09-07 15:54:00,569792.0,3.93,1
M1595,2025-09-07 15:55:00,296691.0,16.5,1
M1596,2025-09-07 15:56:00,131543.0,6.05,1
M1597,2025-09-07 15:57:00,1267478.0,4.43,1
M1598,2025-09-07 15:58:00,1578230.0,5.74,1
M1599,2025-09-07 15:59:00,1269629.0,4.83,1
M1600,2025-09-07 16:00:00,628595.0,6.33,1
M1601,2025-09-07 16:01:00,298633.0,10.06,1
M1602,2025-09-07 16:02:00,206285.0,8.87,1
M1603,2025-09-07 16:03:00,623978.0,5.37,1
M1604,2025-09-07 16:04:00,512912.0,40.99,1
M1605,2025-09-07 16:05:00,1010052.0,3.2,1
M1606,2025-09-07 16:06:00,315844.0,28.77,1
M1607,2025-09-07 16:07:00,336074.0,6.16,1
M1608,2025-09-07 16:08:00,603016.0,3.79,1
M1609,2025-09-07 16:09:00,1074291.0,5.66,1
M1610,2025-09-07 16:10:00,572724.0,10.3,1
M1611,2025-09-07 16:11:00,338007.0,4.78,1
M1612,2025-09-07 16:12:00,706217.0,5.01,1
M1613,2025-09-07 16:13:00,244370.0,12.42,1
M1614,2025-09-07 16:14:00,163081.0,16.03,1
M1615,2025-09-07 16:15:00,511755.0,8.14,1
M1616,2025-09-07 16:16:00,156967.0,6.06,1
M1617,2025-09-07 16:17:00,407741.0,3.49,1
M1618,2025-09-07 16:18:00,333616.0,4.05,1
M1619,2025-09-07 16:19:00,634242.0,6.48,1
M1620,2025-09-07 16:20:00,3337025.0,19.61,1
M1621,2025-09-07 16:21:00,243348.0,12.19,1
M1622,2025-09-07 16:22:00,174052.0,5.67,1
M1623,2025-09-07 16:23:00,294219.0,17.25,1
M1624,2025-09-07 16:24:00,494593.0,9.62,1
M1625,2025-09-07 16:25:00,1127436.0,15.39,1
M1626,2025-09-07 16:26:00,403786.0,3.06,1
M1627,2025-09-07 16:27:00,232096.0,9.99,1
M1628,2025-09-07 16:28:00,877073.0,4.3,1
M1629,2025-09-07 16:29:00,223658.0,14.34,1
M1630,2025-09-07 16:30:00,184183.0,2.93,1
M1631,2025-09-07 16:31:00,1119414.0,22.75,1
M1632,2025-09-07 16:32:00,1194897.0,9.77,1
M1633,2025-09-07 16:33:00,291761.0,15.33,1
M1634,2025-09-07 16:34:00,1670409.0,7.46,1
M1635,2025-09-07 16:35:00,352362.0,15.62,1
M1636,2025-09-07 16:36:00,854133.0,6.9,1
M1637,2025-09-07 16:37:00,413315.0,6.83,1
M1638,2025-09-07 16:38:00,799225.0,20.14,1
M1639,2025-09-07 16:39:00,294461.0,17.97,1
M1640,2025-09-07 16:40:00,777490.0,7.93,1
M1641,2025-09-07 16:41:00,668837.0,5.99,1
M1642,2025-09-07 16:42:00,981889.0,6.12,1
M1643,2025-09-07 16:43:00,143309.0,10.9,1
M1644,2025-09-07 16:44:00,685371.0,6.77,1
M1645,2025-09-07 16:45:00,1368358.0,10.01,1
M1646,2025-09-07 16:46:00,432173.0,5.27,1
M1647,2025-09-07 16:47:00,1967148.0,12.41,1
M1648,2025-09-07 16:48:00,1420089.0,13.26,1
M1649,2025-09-07 16:49:00,194293.0,5.96,1
M1650,2025-09-07 16:50:00,681157.0,14.23,1
M1651,2025-09-07 16:51:00,386767.0,4.43,1
M1652,2025-09-07 16:52:00,892300.0,6.96,1
M1653,2025-09-07 16:53:00,523714.0,5.42,1
M1654,2025-09-07 16:54:00,160359.0,19.34,1
M1655,2025-09-07 16:55:00,347751.0,10.82,1
M1656,2025-09-07 16:56:00,1554160.0,17.68,1
M1657,2025-09-07 16:57:00,218151.0,15.79,1
M1658,2025-09-07 16:58:00,315029.0,15.27,1
M1659,2025-09-07 16:59:00,305514.0,7.77,1
M1660,2025-09-07 17:00:00,1369276.0,3.9,1
M1661,2025-09-07 17:01:00,1047369.0,15.13,1
M1662,2025-09-07 17:02:00,157780.0,2.51,1
M1663,2025-09-07 17:03:00,332095.0,8.52,1
M1664,2025-09-07 17:04:00,246524.0,6.37,1
M1665,2025-09-07 17:05:00,532935.0,6.02,1
M1666,2025-09-07 17:06:00,462684.0,2.36,1
M1667,2025-09-07 17:07:00,367325.0,16.15,1
M1668,2025-09-07 17:08:00,236888.0,1.99,1
M1669,2025-09-07 17:09:00,94025.0,23.43,1
M1670,2025-09-07 17:10:00,492395.0,6.32,1
M1671,2025-09-07 17:11:00,1350347.0,12.05,1
M1672,2025-09-07 17:12:00,173190.0,4.5,1
M1673,2025-09-07 17:13:00,176127.0,7.31,1
M1674,2025-09-07 17:14:00,512034.0,3.99,1
M1675,2025-09-07 17:15:00,1882531.0,9.0,1
M1676,2025-09-07 17:16:00,263525.0,7.49,1
M1677,2025-09-07 17:17:00,118576.0,22.4,1
M1678,2025-09-07 17:18:00,991600.0,10.35,1
M1679,2025-09-07 17:19:00,926169.0,3.79,1
M1680,2025-09-07 17:20:00,1503016.0,6.38,1
M1681,2025-09-07 17:21:00,321720.0,4.99,1
M1682,2025-09-07 17:22:00,281056.0,4.0,1
M1683,2025-09-07 17:23:00,282638.0,5.98,1
M1684,2025-09-07 17:24:00,480579.0,7.04,1
M1685,2025-09-07 17:25:00,194583.0,10.6,1
M1686,2025-09-07 17:26:00,379296.0,36.21,1
M1687,2025-09-07 17:27:00,809919.0,19.23,1
M1688,2025-09-07 17:28:00,942468.0,10.51,1
M1689,2025-09-07 17:29:00,234561.0,11.78,1
M1690,2025-09-07 17:30:00,130100.0,9.59,1
M1691,2025-09-07 17:31:00,560784.0,7.35,1
M1692,2025-09-07 17:32:00,491861.0,19.09,1
M1693,2025-09-07 17:33:00,147430.0,3.47,1
M1694,2025-09-07 17:34:00,517791.0,11.78,1
M1695,2025-09-07 17:35:00,522346.0,39.5,1
M1696,2025-09-07 17:36:00,543561.0,6.24,1
M1697,2025-09-07 17:37:00,404476.0,4.08,1
M1698,2025-09-07 17:38:00,991981.0,5.7,1
M1699,2025-09-07 17:39:00,1289118.0,10.78,1
M1700,2025-09-07 17:40:00,1738491.0,3.51,1
M1701,2025-09-07 17:41:00,363097.0,2.03,1
M1702,2025-09-07 17:42:00,738737.0,4.34,1
M1703,2025-09-07 17:43:00,1547604.0,1.33,1
M1704,2025-09-07 17:44:00,1185428.0,2.06,1
M1705,2025-09-07 17:45:00,153298.0,13.99,1
M1706,2025-09-07 17:46:00,241613.0,4.19,1
M1707,2025-09-07 17:47:00,1607231.0,12.61,1
M1708,2025-09-07 17:48:00,213912.0,6.72,1
M1709,2025-09-07 17:49:00,872051.0,6.3,1
M1710,2025-09-07 17:50:00,545348.0,7.24,1
M1711,2025-09-07 17:51:00,481441.0,2.49,1
M1712,2025-09-07 17:52:00,358619.0,6.69,1
M1713,2025-09-07 17:53:00,488469.0,4.33,1
M1714,2025-09-07 17:54:00,425949.0,12.83,1
M1715,2025-09-07 17:55:00,115965.0,6.74,1
M1716,2025-09-07 17:56:00,276466.0,3.68,1
M1717,2025-09-07 17:57:00,593609.0,23.29,1
M1718,2025-09-07 17:58:00,1657159.0,6.79,1
M1719,2025-09-07 17:59:00,167291.0,3.42,1
M1720,2025-09-07 18:00:00,422526.0,2.67,1
M1721,2025-09-07 18:01:00,164219.0,22.54,1
M1722,2025-09-07 18:02:00,503409.0,10.65,1
M1723,2025-09-07 18:03:00,1127715.0,3.28,1
M1724,2025-09-07 18:04:00,1730299.0,8.83,1
M1725,2025-09-07 18:05:00,442185.0,3.85,1
M1726,2025-09-07 18:06:00,1106209.0,5.09,1
M1727,2025-09-07 18:07:00,385852.0,5.52,1
M1728,2025-09-07 18:08:00,520322.0,11.72,1
M1729,2025-09-07 18:09:00,462142.0,6.71,1
M1730,2025-09-07 18:10:00,474931.0,16.55,1
M1731,2025-09-07 18:11:00,510149.0,2.58,1
M1732,2025-09-07 18:12:00,1048354.0,4.68,1
M1733,2025-09-07 18:13:00,1351284.0,15.65,1
M1734,2025-09-07 18:14:00,2691423.0,4.31,1
M1735,2025-09-07 18:15:00,201584.0,10.74,1
M1736,2025-09-07 18:16:00,691098.0,3.71,1
M1737,2025-09-07 18:17:00,1420707.0,4.23,1
M1738,2025-09-07 18:18:00,502924.0,8.64,1
M1739,2025-09-07 18:19:00,2182314.0,4.83,1
M1740,2025-09-07 18:20:00,591006.0,11.95,1
M1741,2025-09-07 18:21:00,2675057.0,22.54,1
M1742,2025-09-07 18:22:00,779646.0,3.8,1
M1743,2025-09-07 18:23:00,510212.0,3.18,1
M1744,2025-09-07 18:24:00,564493.0,20.52,1
M1745,2025-09-07 18:25:00,507959.0,11.85,1
M1746,2025-09-07 18:26:00,974280.0,8.19,1
M1747,2025-09-07 18:27:00,748176.0,4.17,1
M1748,2025-09-07 18:28:00,577138.0,15.72,1
M1749,2025-09-07 18:29:00,202267.0,3.9,1
M1750,2025-09-07 18:30:00,1052753.0,3.5,1
M1751,2025-09-07 18:31:00,375041.0,7.56,1
M1752,2025-09-07 18:32:00,1146517.0,13.87,1
M1753,2025-09-07 18:33:00,683399.0,9.66,1
M1754,2025-09-07 18:34:00,86879.0,4.75,1
M1755,2025-09-07 18:35:00,293568.0,3.54,1
M1756,2025-09-07 18:36:00,2858502.0,8.36,1
M1757,2025-09-07 18:37:00,919069.0,4.37,1
M1758,2025-09-07 18:38:00,1196675.0,6.28,1
M1759,2025-09-07 18:39:00,1811781.0,7.49,1
M1760,2025-09-07 18:40:00,2019914.0,8.68,1
M1761,2025-09-07 18:41:00,1068799.0,10.79,1
M1762,2025-09-07 18:42:00,1234935.0,9.51,1
M1763,2025-09-07 18:43:00,129598.0,13.83,1
M1764,2025-09-07 18:44:00,330943.0,6.18,1
M1765,2025-09-07 18:45:00,1136834.0,7.58,1
M1766,2025-09-07 18:46:00,933321.0,1.75,1
M1767,2025-09-07 18:47:00,1750438.0,10.05,1
M1768,2025-09-07 18:48:00,1357406.0,14.78,1
M1769,2025-09-07 18:49:00,453590.0,8.89,1
M1770,2025-09-07 18:50:00,2229182.0,1.85,1
M1771,2025-09-07 18:51:00,507359.0,10.51,1
M1772,2025-09-07 18:52:00,689906.0,7.14,1
M1773,2025-09-07 18:53:00,538218.0,7.37,1
M1774,2025-09-07 18:54:00,767312.0,14.62,1
M1775,2025-09-07 18:55:00,795927.0,1.2,1
M1776,2025-09-07 18:56:00,1078415.0,20.27,1
M1777,2025-09-07 18:57:00,1362257.0,4.1,1
M1778,2025-09-07 18:58:00,2610810.0,4.88,1
M1779,2025-09-07 18:59:00,1089771.0,4.14,1
M1780,2025-09-07 19:00:00,194581.0,16.73,1
M1781,2025-09-07 19:01:00,807228.0,10.76,1
M1782,2025-09-07 19:02:00,220186.0,7.29,1
M1783,2025-09-07 19:03:00,342257.0,5.06,1
M1784,2025-09-07 19:04:00,1603409.0,18.45,1
M1785,2025-09-07 19:05:00,876943.0,4.33,1
M1786,2025-09-07 19:06:00,383573.0,1.97,1
M1787,2025-09-07 19:07:00,2364955.0,11.14,1
M1788,2025-09-07 19:08:00,507919.0,36.95,1
M1789,2025-09-07 19:09:00,380183.0,29.03,1
M1790,2025-09-07 19:10:00,1848128.0,23.35,1
M1791,2025-09-07 19:11:00,194355.0,1.87,1
M1792,2025-09-07 19:12:00,1116932.0,1.82,1
M1793,2025-09-07 19:13:00,178374.0,2.37,1
M1794,2025-09-07 19:14:00,798826.0,14.81,1
M1795,2025-09-07 19:15:00,206789.0,2.0,1
M1796,2025-09-07 19:16:00,2704774.0,2.34,1
M1797,2025-09-07 19:17:00,887595.0,8.08,1
M1798,2025-09-07 19:18:00,1280181.0,6.75,1
M1799,2025-09-07 19:19:00,852780.0,9.05,1
M1800,2025-09-07 19:20:00,432521.0,11.09,1
M1801,2025-09-07 19:21:00,286526.0,16.68,1
M1802,2025-09-07 19:22:00,618557.0,1.73,1
M1803,2025-09-07 19:23:00,1026888.0,7.81,1
M1804,2025-09-07 19:24:00,93414.0,11.18,1
M1805,2025-09-07 19:25:00,312361.0,13.67,1
M1806,2025-09-07 19:26:00,1149137.0,3.56,1
M1807,2025-09-07 19:27:00,258228.0,6.02,1
M1808,2025-09-07 19:28:00,1891447.0,4.51,1
M1809,2025-09-07 19:29:00,961048.0,2.35,1
M1810,2025-09-07 19:30:00,1188138.0,18.72,1
M1811,2025-09-07 19:31:00,343842.0,4.13,1
M1812,2025-09-07 19:32:00,597550.0,9.3,1
M1813,2025-09-07 19:33:00,692875.0,17.87,1
M1814,2025-09-07 19:34:00,197801.0,5.63,1
M1815,2025-09-07 19:35:00,2485261.0,16.36,1
M1816,2025-09-07 19:36:00,187321.0,2.74,1
M1817,2025-09-07 19:37:00,1144546.0,2.92,1
M1818,2025-09-07 19:38:00,569397.0,5.52,1
M1819,2025-09-07 19:39:00,2529783.0,11.4,1
M1820,2025-09-07 19:40:00,1631189.0,2.98,1
M1821,2025-09-07 19:41:00,1347308.0,10.73,1
M1822,2025-09-07 19:42:00,292036.0,10.38,1
M1823,2025-09-07 19:43:00,303913.0,3.69,1
M1824,2025-09-07 19:44:00,685942.0,13.2,1
M1825,2025-09-07 19:45:00,834709.0,4.4,1
M1826,2025-09-07 19:46:00,1637468.0,7.31,1
M1827,2025-09-07 19:47:00,421949.0,3.66,1
M1828,2025-09-07 19:48:00,177962.0,20.84,1
M1829,2025-09-07 19:49:00,1112651.0,14.11,1
M1830,2025-09-07 19:50:00,265942.0,18.37,1
M1831,2025-09-07 19:51:00,664289.0,11.9,1
M1832,2025-09-07 19:52:00,779469.0,4.83,1
M1833,2025-09-07 19:53:00,1573685.0,14.2,1
M1834,2025-09-07 19:54:00,1017986.0,4.88,1
M1835,2025-09-07 19:55:00,173051.0,1.54,1
M1836,2025-09-07 19:56:00,1074853.0,6.94,1
M1837,2025-09-07 19:57:00,475274.0,5.2,1
M1838,2025-09-07 19:58:00,271458.0,11.58,1
M1839,2025-09-07 19:59:00,370261.0,2.97,1
M1840,2025-09-07 20:00:00,594857.0,20.79,1
M1841,2025-09-07 20:01:00,396322.0,4.81,1
M1842,2025-09-07 20:02:00,1151435.0,3.42,1
M1843,2025-09-07 20:03:00,647886.0,6.45,1
M1844,2025-09-07 20:04:00,375872.0,13.13,1
M1845,2025-09-07 20:05:00,342851.0,5.52,1
M1846,2025-09-07 20:06:00,346869.0,4.1,1
M1847,2025-09-07 20:07:00,1197336.0,5.98,1
M1848,2025-09-07 20:08:00,1335688.0,4.19,1
M1849,2025-09-07 20:09:00,771141.0,2.39,1
M1850,2025-09-07 20:10:00,199820.0,8.34,1
M1851,2025-09-07 20:11:00,221331.0,8.92,1
M1852,2025-09-07 20:12:00,251548.0,11.63,1
M1853,2025-09-07 20:13:00,1055706.0,5.86,1
M1854,2025-09-07 20:14:00,420675.0,9.84,1
M1855,2025-09-07 20:15:00,435446.0,15.57,1
M1856,2025-09-07 20:16:00,1121660.0,6.64,1
M1857,2025-09-07 20:17:00,419072.0,5.23,1
M1858,2025-09-07 20:18:00,511248.0,5.05,1
M1859,2025-09-07 20:19:00,1243113.0,9.51,1
M1860,2025-09-07 20:20:00,129016.0,6.01,1
M1861,2025-09-07 20:21:00,704757.0,8.26,1
M1862,2025-09-07 20:22:00,194949.0,7.91,1
M1863,2025-09-07 20:23:00,552683.0,18.42,1
M1864,2025-09-07 20:24:00,1239580.0,19.91,1
M1865,2025-09-07 20:25:00,253897.0,26.31,1
M1866,2025-09-07 20:26:00,207973.0,12.59,1
M1867,2025-09-07 20:27:00,842525.0,7.06,1
M1868,2025-09-07 20:28:00,484579.0,7.82,1
M1869,2025-09-07 20:29:00,841558.0,17.82,1
M1870,2025-09-07 20:30:00,1126916.0,15.17,1
M1871,2025-09-07 20:31:00,470375.0,2.25,1
M1872,2025-09-07 20:32:00,688677.0,13.84,1
M1873,2025-09-07 20:33:00,2099313.0,12.52,1
M1874,2025-09-07 20:34:00,651746.0,6.2,1
M1875,2025-09-07 20:35:00,1320528.0,4.46,1
M1876,2025-09-07 20:36:00,599505.0,9.08,1
M1877,2025-09-07 20:37:00,1276007.0,10.93,1
M1878,2025-09-07 20:38:00,1745926.0,17.55,1
M1879,2025-09-07 20:39:00,1623034.0,7.87,1
M1880,2025-09-07 20:40:00,539750.0,6.74,1
M1881,2025-09-07 20:41:00,482031.0,15.89,1
M1882,2025-09-07 20:42:00,973130.0,7.69,1
M1883,2025-09-07 20:43:00,577809.0,9.98,1
M1884,2025-09-07 20:44:00,403099.0,2.68,1
M1885,2025-09-07 20:45:00,136692.0,10.95,1
M1886,2025-09-07 20:46:00,1057163.0,5.71,1
M1887,2025-09-07 20:47:00,225298.0,4.26,1
M1888,2025-09-07 20:48:00,269864.0,6.56,1
M1889,2025-09-07 20:49:00,570150.0,13.43,1
M1890,2025-09-07 20:50:00,349711.0,6.22,1
M1891,2025-09-07 20:51:00,763796.0,8.05,1
M1892,2025-09-07 20:52:00,675465.0,24.35,1
M1893,2025-09-07 20:53:00,339624.0,3.38,1
M1894,2025-09-07 20:54:00,459073.0,8.54,1
M1895,2025-09-07 20:55:00,387120.0,9.63,1
M1896,2025-09-07 20:56:00,722208.0,4.08,1
M1897,2025-09-07 20:57:00,211675.0,5.95,1
M1898,2025-09-07 20:58:00,598159.0,5.79,1
M1899,2025-09-07 20:59:00,344446.0,5.39,1
M1900,2025-09-07 21:00:00,635215.0,8.21,1
M1901,2025-09-07 21:01:00,739449.0,22.09,1
M1902,2025-09-07 21:02:00,823577.0,4.43,1
M1903,2025-09-07 21:03:00,198465.0,3.89,1
M1904,2025-09-07 21:04:00,948447.0,11.18,1
M1905,2025-09-07 21:05:00,869913.0,10.04,1
M1906,2025-09-07 21:06:00,288235.0,3.53,1
M1907,2025-09-07 21:07:00,791745.0,3.37,1
M1908,2025-09-07 21:08:00,402630.0,3.1,1
M1909,2025-09-07 21:09:00,288090.0,4.68,1
M1910,2025-09-07 21:10:00,114975.0,3.85,1
M1911,2025-09-07 21:11:00,464198.0,12.52,1
M1912,2025-09-07 21:12:00,674727.0,16.31,1
M1913,2025-09-07 21:13:00,1118760.0,9.7,1
M1914,2025-09-07 21:14:00,141789.0,15.34,1
M1915,2025-09-07 21:15:00,557590.0,4.24,1
M1916,2025-09-07 21:16:00,217437.0,29.92,1
M1917,2025-09-07 21:17:00,1608623.0,5.35,1
M1918,2025-09-07 21:18:00,1422904.0,5.81,1
M1919,2025-09-07 21:19:00,1163071.0,3.0,1
M1920,2025-09-07 21:20:00,648149.0,5.7,1
M1921,2025-09-07 21:21:00,900871.0,2.12,1
M1922,2025-09-07 21:22:00,535058.0,10.41,1
M1923,2025-09-07 21:23:00,326162.0,3.69,1
M1924,2025-09-07 21:24:00,860845.0,4.44,1
M1925,2025-09-07 21:25:00,1125127.0,3.94,1
M1926,2025-09-07 21:26:00,374668.0,3.46,1
M1927,2025-09-07 21:27:00,125023.0,6.34,1
M1928,2025-09-07 21:28:00,962321.0,7.25,1
M1929,2025-09-07 21:29:00,3252464.0,4.97,1
M1930,2025-09-07 21:30:00,4035218.0,2.7,1
M1931,2025-09-07 21:31:00,340477.0,8.14,1
M1932,2025-09-07 21:32:00,553585.0,9.5,1
M1933,2025-09-07 21:33:00,725059.0,4.64,1
M1934,2025-09-07 21:34:00,1651187.0,4.08,1
M1935,2025-09-07 21:35:00,121358.0,6.7,1
M1936,2025-09-07 21:36:00,1208976.0,9.49,1
M1937,2025-09-07 21:37:00,1793725.0,4.96,1
M1938,2025-09-07 21:38:00,1981040.0,4.73,1
M1939,2025-09-07 21:39:00,1594919.0,28.23,1
M1940,2025-09-07 21:40:00,371522.0,21.36,1
M1941,2025-09-07 21:41:00,531599.0,11.24,1
M1942,2025-09-07 21:42:00,1579036.0,12.65,1
M1943,2025-09-07 21:43:00,1640171.0,3.27,1
M1944,2025-09-07 21:44:00,374730.0,3.41,1
M1945,2025-09-07 21:45:00,1099951.0,14.19,1
M1946,2025-09-07 21:46:00,218182.0,9.06,1
M1947,2025-09-07 21:47:00,576312.0,19.23,1
M1948,2025-09-07 21:48:00,232353.0,10.88,1
M1949,2025-09-07 21:49:00,1234534.0,12.01,1
M1950,2025-09-07 21:50:00,1829820.0,7.16,1
M1951,2025-09-07 21:51:00,624508.0,2.41,1
M1952,2025-09-07 21:52:00,232503.0,4.94,1
M1953,2025-09-07 21:53:00,305477.0,12.05,1
M1954,2025-09-07 21:54:00,2384760.0,2.14,1
M1955,2025-09-07 21:55:00,278824.0,5.91,1
M1956,2025-09-07 21:56:00,618886.0,8.41,1
M1957,2025-09-07 21:57:00,475798.0,9.11,1
M1958,2025-09-07 21:58:00,331080.0,7.83,1
M1959,2025-09-07 21:59:00,289000.0,5.57,1
M1960,2025-09-07 22:00:00,2685581.0,2.39,1
M1961,2025-09-07 22:01:00,390701.0,8.66,1
M1962,2025-09-07 22:02:00,715089.0,7.14,1
M1963,2025-09-07 22:03:00,1237848.0,10.33,1
M1964,2025-09-07 22:04:00,598719.0,9.06,1
M1965,2025-09-07 22:05:00,663897.0,4.55,1
M1966,2025-09-07 22:06:00,809005.0,7.42,1
M1967,2025-09-07 22:07:00,1723076.0,5.86,1
M1968,2025-09-07 22:08:00,1112837.0,14.25,1
M1969,2025-09-07 22:09:00,962095.0,10.56,1
M1970,2025-09-07 22:10:00,1716576.0,9.34,1
M1971,2025-09-07 22:11:00,977637.0,2.99,1
M1972,2025-09-07 22:12:00,149631.0,6.2,1
M1973,2025-09-07 22:13:00,227160.0,7.29,1
M1974,2025-09-07 22:14:00,1063014.0,1.03,1
M1975,2025-09-07 22:15:00,511899.0,3.85,1
M1976,2025-09-07 22:16:00,187191.0,7.74,1
M1977,2025-09-07 22:17:00,490632.0,13.29,1
M1978,2025-09-07 22:18:00,143619.0,7.68,1
M1979,2025-09-07 22:19:00,328865.0,2.25,1
M1980,2025-09-07 22:20:00,215306.0,3.86,1
M1981,2025-09-07 22:21:00,440719.0,8.38,1
M1982,2025-09-07 22:22:00,944154.0,5.3,1
M1983,2025-09-07 22:23:00,323350.0,6.52,1
M1984,2025-09-07 22:24:00,404871.0,2.93,1
M1985,2025-09-07 22:25:00,243533.0,10.88,1
M1986,2025-09-07 22:26:00,289649.0,3.17,1
M1987,2025-09-07 22:27:00,686157.0,6.1,1
M1988,2025-09-07 22:28:00,526446.0,13.62,1
M1989,2025-09-07 22:29:00,1647125.0,6.85,1
M1990,2025-09-07 22:30:00,462591.0,6.21,1
M1991,2025-09-07 22:31:00,288799.0,3.45,1
M1992,2025-09-07 22:32:00,1048731.0,12.28,1
M1993,2025-09-07 22:33:00,705066.0,7.91,1
M1994,2025-09-07 22:34:00,48018.0,2.87,1
M1995,2025-09-07 22:35:00,257758.0,8.33,1
M1996,2025-09-07 22:36:00,618223.0,8.6,1
M1997,2025-09-07 22:37:00,764969.0,3.63,1
M1998,2025-09-07 22:38:00,475544.0,10.79,1
M1999,2025-09-07 22:39:00,338829.0,2.04,1
M2000,2025-09-07 22:40:00,702709.0,3.37,1
M2001,2025-09-07 22:41:00,241363.0,7.35,1
M2002,2025-09-07 22:42:00,850739.0,2.99,1
M2003,2025-09-07 22:43:00,874433.0,2.6,1
M2004,2025-09-07 22:44:00,274208.0,1.37,1
M2005,2025-09-07 22:45:00,619104.0,9.9,1
M2006,2025-09-07 22:46:00,1565881.0,11.48,1
M2007,2025-09-07 22:47:00,222274.0,14.19,1
M2008,2025-09-07 22:48:00,900841.0,11.0,1
M2009,2025-09-07 22:49:00,332230.0,14.35,1
M2010,2025-09-07 22:50:00,284128.0,10.63,1
M2011,2025-09-07 22:51:00,1128291.0,7.06,1
M2012,2025-09-07 22:52:00,959741.0,5.02,1
M2013,2025-09-07 22:53:00,291551.0,5.07,1
M2014,2025-09-07 22:54:00,192170.0,3.64,1
M2015,2025-09-07 22:55:00,1303935.0,1.95,1
M2016,2025-09-07 22:56:00,1024271.0,7.86,1
M2017,2025-09-07 22:57:00,745432.0,6.28,1
M2018,2025-09-07 22:58:00,1081828.0,10.72,1
M2019,2025-09-07 22:59:00,402273.0,10.42,1
M2020,2025-09-07 23:00:00,646716.0,5.74,1
M2021,2025-09-07 23:01:00,1430317.0,1.6,1
M2022,2025-09-07 23:02:00,297039.0,37.91,1
M2023,2025-09-07 23:03:00,220810.0,9.68,1
M2024,2025-09-07 23:04:00,369373.0,25.17,1
M2025,2025-09-07 23:05:00,336117.0,6.11,1
M2026,2025-09-07 23:06:00,163426.0,17.33,1
M2027,2025-09-07 23:07:00,442143.0,4.43,1
M2028,2025-09-07 23:08:00,743453.0,14.73,1
M2029,2025-09-07 23:09:00,470187.0,14.0,1
M2030,2025-09-07 23:10:00,244541.0,5.95,1
M2031,2025-09-07 23:11:00,1787670.0,3.04,1
M2032,2025-09-07 23:12:00,401666.0,7.17,1
M2033,2025-09-07 23:13:00,342441.0,9.31,1
M2034,2025-09-07 23:14:00,712809.0,3.67,1
M2035,2025-09-07 23:15:00,116953.0,6.9,1
M2036,2025-09-07 23:16:00,248286.0,6.14,1
M2037,2025-09-07 23:17:00,1920291.0,9.67,1
M2038,2025-09-07 23:18:00,186221.0,12.14,1
M2039,2025-09-07 23:19:00,401049.0,6.61,1
M2040,2025-09-07 23:20:00,204067.0,27.25,1
M2041,2025-09-07 23:21:00,696112.0,7.75,1
M2042,2025-09-07 23:22:00,186893.0,12.75,1
M2043,2025-09-07 23:23:00,538606.0,2.41,1
M2044,2025-09-07 23:24:00,276442.0,1.96,1
M2045,2025-09-07 23:25:00,573076.0,6.37,1
M2046,2025-09-07 23:26:00,527390.0,18.61,1
M2047,2025-09-07 23:27:00,301081.0,9.81,1
M2048,2025-09-07 23:28:00,749629.0,9.89,1
M2049,2025-09-07 23:29:00,508387.0,2.72,1
M2050,2025-09-07 23:30:00,746505.0,9.07,1
M2051,2025-09-07 23:31:00,258936.0,2.47,1
M2052,2025-09-07 23:32:00,632426.0,46.38,1
M2053,2025-09-07 23:33:00,212428.0,4.69,1
M2054,2025-09-07 23:34:00,305076.0,15.86,1
M2055,2025-09-07 23:35:00,211379.0,3.16,1
M2056,2025-09-07 23:36:00,1104588.0,8.3,1
M2057,2025-09-07 23:37:00,876838.0,10.22,1
M2058,2025-09-07 23:38:00,1718427.0,4.67,1
M2059,2025-09-07 23:39:00,969932.0,9.2,1
M2060,2025-09-07 23:40:00,1617406.0,11.63,1
M2061,2025-09-07 23:41:00,209675.0,31.17,1
M2062,2025-09-07 23:42:00,940544.0,3.38,1
M2063,2025-09-07 23:43:00,358736.0,8.33,1
M2064,2025-09-07 23:44:00,620850.0,0.7,1
M2065,2025-09-07 23:45:00,565983.0,11.63,1
M2066,2025-09-07 23:46:00,574585.0,3.12,1
M2067,2025-09-07 23:47:00,170949.0,12.04,1
M2068,2025-09-07 23:48:00,1478529.0,19.98,1
M2069,2025-09-07 23:49:00,755862.0,6.28,1
M2070,2025-09-07 23:50:00,446185.0,5.48,1
M2071,2025-09-07 23:51:00,160754.0,12.59,1
M2072,2025-09-07 23:52:00,998870.0,16.69,1
M2073,2025-09-07 23:53:00,308795.0,2.25,1
M2074,2025-09-07 23:54:00,150756.0,3.56,1
M2075,2025-09-07 23:55:00,431864.0,9.11,1
M2076,2025-09-07 23:56:00,449101.0,5.46,1
M2077,2025-09-07 23:57:00,648565.0,4.46,1
M2078,2025-09-07 23:58:00,566961.0,12.73,1
M2079,2025-09-07 23:59:00,1618941.0,6.78,1
M2080,2025-09-08 00:00:00,1869944.0,4.91,1
M2081,2025-09-08 00:01:00,1726663.0,5.66,1
M2082,2025-09-08 00:02:00,178281.0,5.93,1
M2083,2025-09-08 00:03:00,597782.0,18.77,1
M2084,2025-09-08 00:04:00,302034.0,2.5,1
M2085,2025-09-08 00:05:00,693972.0,7.04,1
M2086,2025-09-08 00:06:00,555710.0,8.07,1
M2087,2025-09-08 00:07:00,2267203.0,14.48,1
M2088,2025-09-08 00:08:00,389289.0,2.92,1
M2089,2025-09-08 00:09:00,440476.0,3.64,1
M2090,2025-09-08 00:10:00,832726.0,5.15,1
M2091,2025-09-08 00:11:00,902389.0,9.56,1
M2092,2025-09-08 00:12:00,1323931.0,18.24,1
M2093,2025-09-08 00:13:00,544365.0,9.44,1
M2094,2025-09-08 00:14:00,387798.0,2.73,1
M2095,2025-09-08 00:15:00,215921.0,18.16,1
M2096,2025-09-08 00:16:00,984508.0,10.02,1
M2097,2025-09-08 00:17:00,182433.0,5.26,1
M2098,2025-09-08 00:18:00,1833458.0,5.3,1
M2099,2025-09-08 00:19:00,395161.0,6.38,1
M2100,2025-09-08 00:20:00,361717.0,3.4,1
M2101,2025-09-08 00:21:00,756643.0,7.99,1
M2102,2025-09-08 00:22:00,661239.0,9.0,1
M2103,2025-09-08 00:23:00,975979.0,6.3,1
M2104,2025-09-08 00:24:00,653149.0,5.86,1
M2105,2025-09-08 00:25:00,760428.0,10.99,1
M2106,2025-09-08 00:26:00,2525563.0,8.47,1
M2107,2025-09-08 00:27:00,194589.0,3.26,1
M2108,2025-09-08 00:28:00,1818226.0,10.11,1
M2109,2025-09-08 00:29:00,762187.0,7.78,1
M2110,2025-09-08 00:30:00,2685116.0,21.66,1
M2111,2025-09-08 00:31:00,279341.0,0.65,1
M2112,2025-09-08 00:32:00,284378.0,6.91,1
M2113,2025-09-08 00:33:00,2141882.0,2.53,1
M2114,2025-09-08 00:34:00,716992.0,8.67,1
M2115,2025-09-08 00:35:00,217346.0,9.96,1
M2116,2025-09-08 00:36:00,564230.0,2.65,1
M2117,2025-09-08 00:37:00,856283.0,4.45,1
M2118,2025-09-08 00:38:00,501194.0,6.43,1
M2119,2025-09-08 00:39:00,642237.0,4.74,1
M2120,2025-09-08 00:40:00,150793.0,6.0,1
M2121,2025-09-08 00:41:00,433351.0,35.67,1
M2122,2025-09-08 00:42:00,1254978.0,4.44,1
M2123,2025-09-08 00:43:00,424470.0,2.34,1
M2124,2025-09-08 00:44:00,1020626.0,3.78,1
M2125,2025-09-08 00:45:00,515285.0,6.51,1
M2126,2025-09-08 00:46:00,548501.0,8.44,1
M2127,2025-09-08 00:47:00,1416430.0,8.09,1
M2128,2025-09-08 00:48:00,83697.0,4.18,1
M2129,2025-09-08 00:49:00,451097.0,12.37,1
M2130,2025-09-08 00:50:00,97066.0,2.06,1
M2131,2025-09-08 00:51:00,167181.0,22.44,1
M2132,2025-09-08 00:52:00,782585.0,3.25,1
M2133,2025-09-08 00:53:00,975986.0,14.33,1
M2134,2025-09-08 00:54:00,501004.0,12.86,1
M2135,2025-09-08 00:55:00,745606.0,4.95,1
M2136,2025-09-08 00:56:00,567795.0,7.09,1
M2137,2025-09-08 00:57:00,1031438.0,2.26,1
M2138,2025-09-08 00:58:00,490639.0,2.66,1
M2139,2025-09-08 00:59:00,184156.0,16.7,1
M2140,2025-09-08 01:00:00,238964.0,2.98,1
M2141,2025-09-08 01:01:00,60846.0,10.18,1
M2142,2025-09-08 01:02:00,814095.0,19.24,1
M2143,2025-09-08 01:03:00,433526.0,25.14,1
M2144,2025-09-08 01:04:00,540154.0,3.39,1
M2145,2025-09-08 01:05:00,116440.0,6.86,1
M2146,2025-09-08 01:06:00,623845.0,8.3,1
M2147,2025-09-08 01:07:00,813379.0,17.51,1
M2148,2025-09-08 01:08:00,2209243.0,27.16,1
M2149,2025-09-08 01:09:00,55261.0,16.96,1
M2150,2025-09-08 01:10:00,1470763.0,7.53,1
M2151,2025-09-08 01:11:00,285395.0,4.72,1
M2152,2025-09-08 01:12:00,1095673.0,24.66,1
M2153,2025-09-08 01:13:00,99058.0,5.39,1
M2154,2025-09-08 01:14:00,1124173.0,4.14,1
M2155,2025-09-08 01:15:00,283077.0,7.84,1
M2156,2025-09-08 01:16:00,259810.0,3.56,1
M2157,2025-09-08 01:17:00,1036039.0,10.54,1
M2158,2025-09-08 01:18:00,608052.0,5.78,1
M2159,2025-09-08 01:19:00,282577.0,9.26,1
M2160,2025-09-08 01:20:00,650993.0,4.8,1
M2161,2025-09-08 01:21:00,1142984.0,4.5,1
M2162,2025-09-08 01:22:00,598423.0,5.38,1
M2163,2025-09-08 01:23:00,148406.0,2.07,1
M2164,2025-09-08 01:24:00,797104.0,2.69,1
M2165,2025-09-08 01:25:00,601172.0,7.96,1
M2166,2025-09-08 01:26:00,288245.0,12.45,1
M2167,2025-09-08 01:27:00,589915.0,5.37,1
M2168,2025-09-08 01:28:00,471043.0,5.29,1
M2169,2025-09-08 01:29:00,368661.0,6.01,1
M2170,2025-09-08 01:30:00,875191.0,6.12,1
M2171,2025-09-08 01:31:00,694051.0,8.87,1
M2172,2025-09-08 01:32:00,342277.0,20.97,1
M2173,2025-09-08 01:33:00,2659015.0,2.27,1
M2174,2025-09-08 01:34:00,863503.0,8.24,1
M2175,2025-09-08 01:35:00,618123.0,29.48,1
M2176,2025-09-08 01:36:00,783753.0,6.22,1
M2177,2025-09-08 01:37:00,357604.0,5.14,1
M2178,2025-09-08 01:38:00,807050.0,5.51,1
M2179,2025-09-08 01:39:00,117063.0,5.18,1
M2180,2025-09-08 01:40:00,688100.0,6.93,1
M2181,2025-09-08 01:41:00,596720.0,3.5,1
M2182,2025-09-08 01:42:00,366089.0,5.13,1
M2183,2025-09-08 01:43:00,124410.0,25.7,1
M2184,2025-09-08 01:44:00,199103.0,9.99,1
M2185,2025-09-08 01:45:00,2488605.0,10.2,1
M2186,2025-09-08 01:46:00,138071.0,11.33,1
M2187,2025-09-08 01:47:00,411879.0,26.73,1
M2188,2025-09-08 01:48:00,782088.0,7.99,1
M2189,2025-09-08 01:49:00,1242044.0,7.53,1
M2190,2025-09-08 01:50:00,848373.0,5.02,1
M2191,2025-09-08 01:51:00,291041.0,11.85,1
M2192,2025-09-08 01:52:00,951701.0,7.03,1
M2193,2025-09-08 01:53:00,1122689.0,13.34,1
M2194,2025-09-08 01:54:00,302756.0,2.97,1
M2195,2025-09-08 01:55:00,352239.0,2.42,1
M2196,2025-09-08 01:56:00,729932.0,4.02,1
M2197,2025-09-08 01:57:00,495500.0,16.33,1
M2198,2025-09-08 01:58:00,60054.0,13.14,1
M2199,2025-09-08 01:59:00,595053.0,17.9,1
M2200,2025-09-08 02:00:00,411627.0,4.3,1
M2201,2025-09-08 02:01:00,793681.0,3.45,1
M2202,2025-09-08 02:02:00,241919.0,16.64,1
M2203,2025-09-08 02:03:00,1317378.0,8.33,1
M2204,2025-09-08 02:04:00,1615393.0,9.5,1
M2205,2025-09-08 02:05:00,156354.0,2.26,1
M2206,2025-09-08 02:06:00,729238.0,10.45,1
M2207,2025-09-08 02:07:00,829543.0,8.12,1
M2208,2025-09-08 02:08:00,433146.0,11.91,1
M2209,2025-09-08 02:09:00,284608.0,10.25,1
M2210,2025-09-08 02:10:00,329549.0,8.58,1
M2211,2025-09-08 02:11:00,849950.0,4.58,1
M2212,2025-09-08 02:12:00,597503.0,2.47,1
M2213,2025-09-08 02:13:00,226468.0,15.55,1
M2214,2025-09-08 02:14:00,1146232.0,12.67,1
M2215,2025-09-08 02:15:00,288230.0,5.83,1
M2216,2025-09-08 02:16:00,242975.0,2.45,1
M2217,2025-09-08 02:17:00,268950.0,8.43,1
M2218,2025-09-08 02:18:00,559136.0,4.75,1
M2219,2025-09-08 02:19:00,325613.0,1.62,1
M2220,2025-09-08 02:20:00,339444.0,7.51,1
M2221,2025-09-08 02:21:00,1783478.0,5.9,1
M2222,2025-09-08 02:22:00,345002.0,5.52,1
M2223,2025-09-08 02:23:00,883816.0,1.77,1
M2224,2025-09-08 02:24:00,635993.0,11.11,1
M2225,2025-09-08 02:25:00,414033.0,11.89,1
M2226,2025-09-08 02:26:00,3085343.0,10.56,1
M2227,2025-09-08 02:27:00,434462.0,7.0,1
M2228,2025-09-08 02:28:00,1074710.0,6.23,1
M2229,2025-09-08 02:29:00,568623.0,2.26,1
M2230,2025-09-08 02:30:00,1275701.0,7.9,1
M2231,2025-09-08 02:31:00,1385513.0,8.52,1
M2232,2025-09-08 02:32:00,649852.0,19.67,1
M2233,2025-09-08 02:33:00,205948.0,7.8,1
M2234,2025-09-08 02:34:00,823615.0,23.3,1
M2235,2025-09-08 02:35:00,318178.0,8.93,1
M2236,2025-09-08 02:36:00,1812292.0,4.82,1
M2237,2025-09-08 02:37:00,669917.0,5.55,1
M2238,2025-09-08 02:38:00,64400.0,10.92,1
M2239,2025-09-08 02:39:00,630601.0,22.21,1
M2240,2025-09-08 02:40:00,1081998.0,16.92,1
M2241,2025-09-08 02:41:00,464994.0,2.27,1
M2242,2025-09-08 02:42:00,283642.0,3.0,1
M2243,2025-09-08 02:43:00,2357821.0,10.04,1
M2244,2025-09-08 02:44:00,288608.0,5.34,1
M2245,2025-09-08 02:45:00,101286.0,7.05,1
M2246,2025-09-08 02:46:00,461761.0,4.79,1
M2247,2025-09-08 02:47:00,304180.0,16.86,1
M2248,2025-09-08 02:48:00,2063241.0,9.98,1
M2249,2025-09-08 02:49:00,567255.0,5.76,1
M2250,2025-09-08 02:50:00,872024.0,8.07,1
M2251,2025-09-08 02:51:00,1131188.0,6.91,1
M2252,2025-09-08 02:52:00,171499.0,3.91,1
M2253,2025-09-08 02:53:00,782333.0,6.61,1
M2254,2025-09-08 02:54:00,1263317.0,16.12,1
M2255,2025-09-08 02:55:00,704898.0,3.75,1
M2256,2025-09-08 02:56:00,1107964.0,7.3,1
M2257,2025-09-08 02:57:00,199512.0,5.79,1
M2258,2025-09-08 02:58:00,355180.0,6.24,1
M2259,2025-09-08 02:59:00,256805.0,13.35,1
M2260,2025-09-08 03:00:00,120299.0,3.11,1
M2261,2025-09-08 03:01:00,1749929.0,22.72,1
M2262,2025-09-08 03:02:00,170598.0,4.61,1
M2263,2025-09-08 03:03:00,396814.0,6.05,1
M2264,2025-09-08 03:04:00,505117.0,18.32,1
M2265,2025-09-08 03:05:00,449637.0,28.74,1
M2266,2025-09-08 03:06:00,954229.0,1.57,1
M2267,2025-09-08 03:07:00,912065.0,9.74,1
M2268,2025-09-08 03:08:00,1072756.0,8.51,1
M2269,2025-09-08 03:09:00,230693.0,11.5,1
M2270,2025-09-08 03:10:00,278529.0,5.65,1
M2271,2025-09-08 03:11:00,279734.0,8.17,1
M2272,2025-09-08 03:12:00,2418628.0,11.55,1
M2273,2025-09-08 03:13:00,721893.0,5.6,1
M2274,2025-09-08 03:14:00,187015.0,9.63,1
M2275,2025-09-08 03:15:00,865327.0,5.7,1
M2276,2025-09-08 03:16:00,214925.0,10.51,1
M2277,2025-09-08 03:17:00,550086.0,7.74,1
M2278,2025-09-08 03:18:00,438987.0,11.8,1
M2279,2025-09-08 03:19:00,222587.0,20.13,1
M2280,2025-09-08 03:20:00,921700.0,4.54,1
M2281,2025-09-08 03:21:00,423384.0,1.42,1
M2282,2025-09-08 03:22:00,578700.0,4.33,1
M2283,2025-09-08 03:23:00,711421.0,6.8,1
M2284,2025-09-08 03:24:00,960268.0,3.36,1
M2285,2025-09-08 03:25:00,120314.0,3.25,1
M2286,2025-09-08 03:26:00,2539575.0,4.94,1
M2287,2025-09-08 03:27:00,1098852.0,2.06,1
M2288,2025-09-08 03:28:00,1839961.0,9.51,1
M2289,2025-09-08 03:29:00,352765.0,5.25,1
M2290,2025-09-08 03:30:00,1246864.0,3.09,1
M2291,2025-09-08 03:31:00,1696708.0,8.88,1
M2292,2025-09-08 03:32:00,165485.0,10.94,1
M2293,2025-09-08 03:33:00,378894.0,12.7,1
M2294,2025-09-08 03:34:00,542214.0,1.91,1
M2295,2025-09-08 03:35:00,903107.0,20.15,1
M2296,2025-09-08 03:36:00,635279.0,4.39,1
M2297,2025-09-08 03:37:00,1736105.0,33.86,1
M2298,2025-09-08 03:38:00,574350.0,11.09,1
M2299,2025-09-08 03:39:00,618293.0,3.6,1
M2300,2025-09-08 03:40:00,344341.0,3.93,1
M2301,2025-09-08 03:41:00,483484.0,4.09,1
M2302,2025-09-08 03:42:00,141935.0,14.61,1
M2303,2025-09-08 03:43:00,342009.0,7.18,1
M2304,2025-09-08 03:44:00,373819.0,2.04,1
M2305,2025-09-08 03:45:00,365811.0,8.71,1
M2306,2025-09-08 03:46:00,365599.0,10.53,1
M2307,2025-09-08 03:47:00,1039437.0,7.46,1
M2308,2025-09-08 03:48:00,673880.0,9.07,1
M2309,2025-09-08 03:49:00,537884.0,6.25,1
M2310,2025-09-08 03:50:00,419166.0,4.69,1
M2311,2025-09-08 03:51:00,416318.0,4.75,1
M2312,2025-09-08 03:52:00,1206942.0,25.7,1
M2313,2025-09-08 03:53:00,775334.0,3.17,1
M2314,2025-09-08 03:54:00,1006623.0,12.8,1
M2315,2025-09-08 03:55:00,547122.0,7.52,1
M2316,2025-09-08 03:56:00,193746.0,8.17,1
M2317,2025-09-08 03:57:00,1024200.0,10.26,1
M2318,2025-09-08 03:58:00,678846.0,20.63,1
M2319,2025-09-08 03:59:00,181737.0,43.52,1
M2320,2025-09-08 04:00:00,460208.0,11.02,1
M2321,2025-09-08 04:01:00,972416.0,13.3,1
M2322,2025-09-08 04:02:00,496565.0,13.46,1
M2323,2025-09-08 04:03:00,693198.0,11.39,1
M2324,2025-09-08 04:04:00,365934.0,5.21,1
M2325,2025-09-08 04:05:00,945849.0,8.39,1
M2326,2025-09-08 04:06:00,368865.0,21.39,1
M2327,2025-09-08 04:07:00,553090.0,16.86,1
M2328,2025-09-08 04:08:00,175400.0,10.95,1
M2329,2025-09-08 04:09:00,1778295.0,2.67,1
M2330,2025-09-08 04:10:00,1121609.0,9.13,1
M2331,2025-09-08 04:11:00,513906.0,6.79,1
M2332,2025-09-08 04:12:00,1112278.0,4.15,1
M2333,2025-09-08 04:13:00,337865.0,3.45,1
M2334,2025-09-08 04:14:00,539134.0,35.65,1
M2335,2025-09-08 04:15:00,723663.0,6.15,1
M2336,2025-09-08 04:16:00,507544.0,6.17,1
M2337,2025-09-08 04:17:00,258443.0,11.75,1
M2338,2025-09-08 04:18:00,474123.0,6.27,1
M2339,2025-09-08 04:19:00,580597.0,18.1,1
M2340,2025-09-08 04:20:00,212608.0,5.51,1
M2341,2025-09-08 04:21:00,462099.0,17.16,1
M2342,2025-09-08 04:22:00,1636602.0,10.41,1
M2343,2025-09-08 04:23:00,495877.0,6.22,1
M2344,2025-09-08 04:24:00,700701.0,1.78,1
M2345,2025-09-08 04:25:00,360567.0,24.68,1
M2346,2025-09-08 04:26:00,475819.0,2.55,1
M2347,2025-09-08 04:27:00,1012557.0,4.71,1
M2348,2025-09-08 04:28:00,849713.0,7.55,1
M2349,2025-09-08 04:29:00,362833.0,8.19,1
M2350,2025-09-08 04:30:00,570896.0,2.75,1
M2351,2025-09-08 04:31:00,1593800.0,6.31,1
M2352,2025-09-08 04:32:00,910595.0,1.9,1
M2353,2025-09-08 04:33:00,874993.0,7.11,1
M2354,2025-09-08 04:34:00,555055.0,5.01,1
M2355,2025-09-08 04:35:00,803943.0,4.62,1
M2356,2025-09-08 04:36:00,1428447.0,7.71,1
M2357,2025-09-08 04:37:00,824067.0,9.82,1
M2358,2025-09-08 04:38:00,1237123.0,9.42,1
M2359,2025-09-08 04:39:00,950367.0,14.39,1
M2360,2025-09-08 04:40:00,213722.0,5.77,1
M2361,2025-09-08 04:41:00,851907.0,1.91,1
M2362,2025-09-08 04:42:00,721172.0,7.76,1
M2363,2025-09-08 04:43:00,361069.0,5.51,1
M2364,2025-09-08 04:44:00,321735.0,8.43,1
M2365,2025-09-08 04:45:00,320118.0,3.06,1
M2366,2025-09-08 04:46:00,978553.0,2.78,1
M2367,2025-09-08 04:47:00,235761.0,19.05,1
M2368,2025-09-08 04:48:00,538295.0,8.69,1
M2369,2025-09-08 04:49:00,1750061.0,18.07,1
M2370,2025-09-08 04:50:00,515151.0,15.51,1
M2371,2025-09-08 04:51:00,1703845.0,14.85,1
M2372,2025-09-08 04:52:00,903051.0,11.77,1
M2373,2025-09-08 04:53:00,589010.0,5.08,1
M2374,2025-09-08 04:54:00,407042.0,11.91,1
M2375,2025-09-08 04:55:00,225189.0,14.82,1
M2376,2025-09-08 04:56:00,1564656.0,12.85,1
M2377,2025-09-08 04:57:00,1044586.0,5.22,1
M2378,2025-09-08 04:58:00,628794.0,14.4,1
M2379,2025-09-08 04:59:00,152060.0,19.85,1
M2380,2025-09-08 05:00:00,163938.0,6.49,1
M2381,2025-09-08 05:01:00,346718.0,18.86,1
M2382,2025-09-08 05:02:00,214766.0,9.04,1
M2383,2025-09-08 05:03:00,1121541.0,5.11,1
M2384,2025-09-08 05:04:00,619646.0,5.71,1
M2385,2025-09-08 05:05:00,629798.0,4.29,1
M2386,2025-09-08 05:06:00,164954.0,11.18,1
M2387,2025-09-08 05:07:00,885283.0,7.73,1
M2388,2025-09-08 05:08:00,836951.0,1.21,1
M2389,2025-09-08 05:09:00,334179.0,3.65,1
M2390,2025-09-08 05:10:00,978247.0,3.11,1
M2391,2025-09-08 05:11:00,1389850.0,6.5,1
M2392,2025-09-08 05:12:00,1643558.0,29.14,1
M2393,2025-09-08 05:13:00,3126554.0,3.38,1
M2394,2025-09-08 05:14:00,699803.0,41.89,1
M2395,2025-09-08 05:15:00,134514.0,8.3,1
M2396,2025-09-08 05:16:00,613399.0,10.24,1
M2397,2025-09-08 05:17:00,450688.0,6.78,1
M2398,2025-09-08 05:18:00,3111037.0,11.92,1
M2399,2025-09-08 05:19:00,573792.0,9.0,1
M2400,2025-09-08 05:20:00,234502.0,20.47,1
M2401,2025-09-08 05:21:00,421315.0,26.99,1
M2402,2025-09-08 05:22:00,451983.0,5.17,1
M2403,2025-09-08 05:23:00,381760.0,8.84,1
M2404,2025-09-08 05:24:00,1329780.0,5.03,1
M2405,2025-09-08 05:25:00,263881.0,2.48,1
M2406,2025-09-08 05:26:00,304719.0,41.39,1
M2407,2025-09-08 05:27:00,1633738.0,8.37,1
M2408,2025-09-08 05:28:00,378936.0,11.49,1
M2409,2025-09-08 05:29:00,214298.0,12.09,1
M2410,2025-09-08 05:30:00,846435.0,3.11,1
M2411,2025-09-08 05:31:00,188941.0,12.75,1
M2412,2025-09-08 05:32:00,365298.0,4.38,1
M2413,2025-09-08 05:33:00,345113.0,19.78,1
M2414,2025-09-08 05:34:00,466446.0,9.98,1
M2415,2025-09-08 05:35:00,374360.0,8.65,1
M2416,2025-09-08 05:36:00,1342891.0,8.61,1
M2417,2025-09-08 05:37:00,334568.0,3.86,1
M2418,2025-09-08 05:38:00,389626.0,14.68,1
M2419,2025-09-08 05:39:00,626087.0,15.62,1
M2420,2025-09-08 05:40:00,620278.0,4.28,1
M2421,2025-09-08 05:41:00,658984.0,6.0,1
M2422,2025-09-08 05:42:00,928437.0,6.93,1
M2423,2025-09-08 05:43:00,807612.0,4.0,1
M2424,2025-09-08 05:44:00,674086.0,9.58,1
M2425,2025-09-08 05:45:00,915829.0,11.66,1
M2426,2025-09-08 05:46:00,596392.0,22.08,1
M2427,2025-09-08 05:47:00,453460.0,17.35,1
M2428,2025-09-08 05:48:00,671676.0,5.1,1
M2429,2025-09-08 05:49:00,342668.0,16.48,1
M2430,2025-09-08 05:50:00,491754.0,5.83,1
M2431,2025-09-08 05:51:00,625301.0,2.81,1
M2432,2025-09-08 05:52:00,392618.0,6.65,1
M2433,2025-09-08 05:53:00,3337911.0,5.43,1
M2434,2025-09-08 05:54:00,155010.0,23.91,1
M2435,2025-09-08 05:55:00,298296.0,5.45,1
M2436,2025-09-08 05:56:00,191275.0,7.6,1
M2437,2025-09-08 05:57:00,2788678.0,4.55,1
M2438,2025-09-08 05:58:00,596965.0,10.28,1
M2439,2025-09-08 05:59:00,645701.0,5.61,1
M2440,2025-09-08 06:00:00,766145.0,9.9,1
M2441,2025-09-08 06:01:00,528320.0,5.93,1
M2442,2025-09-08 06:02:00,1479932.0,2.3,1
M2443,2025-09-08 06:03:00,457266.0,4.1,1
M2444,2025-09-08 06:04:00,932768.0,10.0,1
M2445,2025-09-08 06:05:00,738701.0,3.6,1
M2446,2025-09-08 06:06:00,513266.0,7.44,1
M2447,2025-09-08 06:07:00,440040.0,18.84,1
M2448,2025-09-08 06:08:00,654472.0,19.82,1
M2449,2025-09-08 06:09:00,1730764.0,3.99,1
M2450,2025-09-08 06:10:00,417741.0,15.59,1
M2451,2025-09-08 06:11:00,316385.0,8.91,1
M2452,2025-09-08 06:12:00,571937.0,6.86,1
M2453,2025-09-08 06:13:00,505244.0,6.62,1
M2454,2025-09-08 06:14:00,2434464.0,9.35,1
M2455,2025-09-08 06:15:00,703541.0,6.83,1
M2456,2025-09-08 06:16:00,360234.0,10.33,1
M2457,2025-09-08 06:17:00,349421.0,9.78,1
M2458,2025-09-08 06:18:00,316326.0,1.87,1
M2459,2025-09-08 06:19:00,617804.0,2.77,1
M2460,2025-09-08 06:20:00,427054.0,7.94,1
M2461,2025-09-08 06:21:00,1153296.0,9.82,1
M2462,2025-09-08 06:22:00,1013841.0,32.39,1
M2463,2025-09-08 06:23:00,619253.0,4.62,1
M2464,2025-09-08 06:24:00,228740.0,8.04,1
M2465,2025-09-08 06:25:00,109205.0,4.02,1
M2466,2025-09-08 06:26:00,352069.0,6.05,1
M2467,2025-09-08 06:27:00,926129.0,9.41,1
M2468,2025-09-08 06:28:00,291786.0,8.61,1
M2469,2025-09-08 06:29:00,320242.0,1.91,1
M2470,2025-09-08 06:30:00,219579.0,11.7,1
M2471,2025-09-08 06:31:00,2118769.0,5.61,1
M2472,2025-09-08 06:32:00,266690.0,16.44,1
M2473,2025-09-08 06:33:00,852349.0,7.19,1
M2474,2025-09-08 06:34:00,592183.0,38.69,1
M2475,2025-09-08 06:35:00,892182.0,3.07,1
M2476,2025-09-08 06:36:00,161496.0,20.05,1
M2477,2025-09-08 06:37:00,150975.0,8.55,1
M2478,2025-09-08 06:38:00,716530.0,18.2,1
M2479,2025-09-08 06:39:00,1033499.0,3.53,1
M2480,2025-09-08 06:40:00,380322.0,7.46,1
M2481,2025-09-08 06:41:00,790307.0,1.68,1
M2482,2025-09-08 06:42:00,438133.0,13.8,1
M2483,2025-09-08 06:43:00,519294.0,6.52,1
M2484,2025-09-08 06:44:00,218143.0,3.87,1
M2485,2025-09-08 06:45:00,258645.0,8.29,1
M2486,2025-09-08 06:46:00,388381.0,3.7,1
M2487,2025-09-08 06:47:00,285792.0,6.99,1
M2488,2025-09-08 06:48:00,259592.0,13.65,1
M2489,2025-09-08 06:49:00,344101.0,4.47,1
M2490,2025-09-08 06:50:00,488993.0,5.74,1
M2491,2025-09-08 06:51:00,3365754.0,10.56,1
M2492,2025-09-08 06:52:00,186023.0,3.15,1
M2493,2025-09-08 06:53:00,1108002.0,3.56,1
M2494,2025-09-08 06:54:00,2181319.0,3.37,1
M2495,2025-09-08 06:55:00,203058.0,19.05,1
M2496,2025-09-08 06:56:00,65004.0,8.71,1
M2497,2025-09-08 06:57:00,347871.0,19.11,1
M2498,2025-09-08 06:58:00,1300526.0,10.16,1
M2499,2025-09-08 06:59:00,650531.0,9.28,1
M2500,2025-09-08 07:00:00,489019.0,5.52,1
M2501,2025-09-08 07:01:00,1078164.0,11.24,1
M2502,2025-09-08 07:02:00,267383.0,7.61,1
M2503,2025-09-08 07:03:00,1613699.0,2.05,1
M2504,2025-09-08 07:04:00,280693.0,3.54,1
M2505,2025-09-08 07:05:00,1540549.0,4.84,1
M2506,2025-09-08 07:06:00,349984.0,12.78,1
M2507,2025-09-08 07:07:00,303215.0,8.6,1
M2508,2025-09-08 07:08:00,574827.0,6.08,1
M2509,2025-09-08 07:09:00,92711.0,12.09,1
M2510,2025-09-08 07:10:00,1463994.0,5.56,1
M2511,2025-09-08 07:11:00,378890.0,3.15,1
M2512,2025-09-08 07:12:00,1109900.0,15.16,1
M2513,2025-09-08 07:13:00,121735.0,13.88,1
M2514,2025-09-08 07:14:00,1287410.0,4.25,1
M2515,2025-09-08 07:15:00,436635.0,12.6,1
M2516,2025-09-08 07:16:00,136579.0,4.14,1
M2517,2025-09-08 07:17:00,1014731.0,6.21,1
M2518,2025-09-08 07:18:00,1126528.0,5.84,1
M2519,2025-09-08 07:19:00,341151.0,11.7,1
M2520,2025-09-08 07:20:00,1274238.0,13.85,1
M2521,2025-09-08 07:21:00,335052.0,7.66,1
M2522,2025-09-08 07:22:00,268644.0,4.52,1
M2523,2025-09-08 07:23:00,121840.0,6.69,1
M2524,2025-09-08 07:24:00,824856.0,3.49,1
M2525,2025-09-08 07:25:00,326012.0,8.53,1
M2526,2025-09-08 07:26:00,570998.0,4.42,1
M2527,2025-09-08 07:27:00,261693.0,33.56,1
M2528,2025-09-08 07:28:00,62392.0,7.31,1
M2529,2025-09-08 07:29:00,144045.0,18.27,1
M2530,2025-09-08 07:30:00,394761.0,18.0,1
M2531,2025-09-08 07:31:00,2374979.0,45.96,1
M2532,2025-09-08 07:32:00,1154554.0,5.26,1
M2533,2025-09-08 07:33:00,802079.0,6.54,1
M2534,2025-09-08 07:34:00,187443.0,2.49,1
M2535,2025-09-08 07:35:00,405096.0,4.01,1
M2536,2025-09-08 07:36:00,1476263.0,14.29,1
M2537,2025-09-08 07:37:00,316201.0,4.23,1
M2538,2025-09-08 07:38:00,452740.0,10.27,1
M2539,2025-09-08 07:39:00,432757.0,3.87,1
M2540,2025-09-08 07:40:00,868958.0,9.69,1
M2541,2025-09-08 07:41:00,736526.0,4.94,1
M2542,2025-09-08 07:42:00,864396.0,30.52,1
M2543,2025-09-08 07:43:00,714589.0,5.56,1
M2544,2025-09-08 07:44:00,355928.0,7.0,1
M2545,2025-09-08 07:45:00,2793955.0,25.9,1
M2546,2025-09-08 07:46:00,683855.0,3.26,1
M2547,2025-09-08 07:47:00,1303288.0,12.07,1
M2548,2025-09-08 07:48:00,2338733.0,2.23,1
M2549,2025-09-08 07:49:00,176076.0,3.85,1
M2550,2025-09-08 07:50:00,206512.0,8.76,1
M2551,2025-09-08 07:51:00,125179.0,7.31,1
M2552,2025-09-08 07:52:00,844603.0,4.01,1
M2553,2025-09-08 07:53:00,480093.0,2.07,1
M2554,2025-09-08 07:54:00,732249.0,3.55,1
M2555,2025-09-08 07:55:00,153790.0,6.88,1
M2556,2025-09-08 07:56:00,439382.0,3.31,1
M2557,2025-09-08 07:57:00,120321.0,10.45,1
M2558,2025-09-08 07:58:00,620044.0,13.9,1
M2559,2025-09-08 07:59:00,175173.0,8.05,1
M2560,2025-09-08 08:00:00,190805.0,5.84,1
M2561,2025-09-08 08:01:00,377759.0,10.21,1
M2562,2025-09-08 08:02:00,99866.0,12.36,1
M2563,2025-09-08 08:03:00,647317.0,5.54,1
M2564,2025-09-08 08:04:00,931659.0,9.72,1
M2565,2025-09-08 08:05:00,276437.0,7.15,1
M2566,2025-09-08 08:06:00,405105.0,4.65,1
M2567,2025-09-08 08:07:00,138834.0,15.46,1
M2568,2025-09-08 08:08:00,352818.0,6.09,1
M2569,2025-09-08 08:09:00,626862.0,5.08,1
M2570,2025-09-08 08:10:00,1578940.0,10.62,1
M2571,2025-09-08 08:11:00,5446424.0,8.25,1
M2572,2025-09-08 08:12:00,430698.0,3.78,1
M2573,2025-09-08 08:13:00,183001.0,12.07,1
M2574,2025-09-08 08:14:00,605820.0,9.51,1
M2575,2025-09-08 08:15:00,591915.0,10.05,1
M2576,2025-09-08 08:16:00,1234831.0,14.87,1
M2577,2025-09-08 08:17:00,310242.0,8.02,1
M2578,2025-09-08 08:18:00,657044.0,3.38,1
M2579,2025-09-08 08:19:00,2499004.0,10.15,1
M2580,2025-09-08 08:20:00,241410.0,2.7,1
M2581,2025-09-08 08:21:00,145120.0,5.1,1
M2582,2025-09-08 08:22:00,328447.0,16.79,1
M2583,2025-09-08 08:23:00,659557.0,20.41,1
M2584,2025-09-08 08:24:00,933473.0,4.68,1
M2585,2025-09-08 08:25:00,1007444.0,4.56,1
M2586,2025-09-08 08:26:00,979157.0,9.69,1
M2587,2025-09-08 08:27:00,506204.0,4.89,1
M2588,2025-09-08 08:28:00,1477383.0,5.22,1
M2589,2025-09-08 08:29:00,455107.0,4.04,1
M2590,2025-09-08 08:30:00,846796.0,8.03,1
M2591,2025-09-08 08:31:00,407000.0,6.36,1
M2592,2025-09-08 08:32:00,136892.0,5.74,1
M2593,2025-09-08 08:33:00,168261.0,5.39,1
M2594,2025-09-08 08:34:00,1509848.0,8.96,1
M2595,2025-09-08 08:35:00,135884.0,3.92,1
M2596,2025-09-08 08:36:00,1368968.0,11.3,1
M2597,2025-09-08 08:37:00,223761.0,1.84,1
M2598,2025-09-08 08:38:00,877794.0,5.61,1
M2599,2025-09-08 08:39:00,460116.0,9.12,1
M2600,2025-09-08 08:40:00,481364.0,7.43,1
M2601,2025-09-08 08:41:00,482006.0,11.46,1
M2602,2025-09-08 08:42:00,502222.0,11.66,1
M2603,2025-09-08 08:43:00,623186.0,21.56,1
M2604,2025-09-08 08:44:00,988555.0,0.85,1
M2605,2025-09-08 08:45:00,404837.0,5.62,1
M2606,2025-09-08 08:46:00,320001.0,7.82,1
M2607,2025-09-08 08:47:00,129580.0,2.53,1
M2608,2025-09-08 08:48:00,1538210.0,9.32,1
M2609,2025-09-08 08:49:00,525358.0,4.94,1
M2610,2025-09-08 08:50:00,180211.0,1.48,1
M2611,2025-09-08 08:51:00,207514.0,4.22,1
M2612,2025-09-08 08:52:00,320910.0,6.62,1
M2613,2025-09-08 08:53:00,202124.0,14.77,1
M2614,2025-09-08 08:54:00,639957.0,4.48,1
M2615,2025-09-08 08:55:00,1819693.0,8.58,1
M2616,2025-09-08 08:56:00,430436.0,14.6,1
M2617,2025-09-08 08:57:00,1213742.0,3.96,1
M2618,2025-09-08 08:58:00,537538.0,2.88,1
M2619,2025-09-08 08:59:00,237210.0,10.83,1
M2620,2025-09-08 09:00:00,624017.0,15.25,1
M2621,2025-09-08 09:01:00,1380393.0,10.83,1
M2622,2025-09-08 09:02:00,164818.0,6.77,1
M2623,2025-09-08 09:03:00,200970.0,6.99,1
M2624,2025-09-08 09:04:00,1723139.0,9.56,1
M2625,2025-09-08 09:05:00,1012301.0,6.89,1
M2626,2025-09-08 09:06:00,335491.0,11.08,1
M2627,2025-09-08 09:07:00,1152234.0,6.64,1
M2628,2025-09-08 09:08:00,1151252.0,21.94,1
M2629,2025-09-08 09:09:00,2980140.0,13.01,1
M2630,2025-09-08 09:10:00,404259.0,30.48,1
M2631,2025-09-08 09:11:00,617090.0,9.59,1
M2632,2025-09-08 09:12:00,686537.0,5.12,1
M2633,2025-09-08 09:13:00,916658.0,15.08,1
M2634,2025-09-08 09:14:00,359319.0,22.67,1
M2635,2025-09-08 09:15:00,168112.0,5.0,1
M2636,2025-09-08 09:16:00,254408.0,7.75,1
M2637,2025-09-08 09:17:00,392097.0,5.23,1
M2638,2025-09-08 09:18:00,597340.0,7.58,1
M2639,2025-09-08 09:19:00,550246.0,2.68,1
M2640,2025-09-08 09:20:00,629044.0,7.14,1
M2641,2025-09-08 09:21:00,552773.0,9.39,1
M2642,2025-09-08 09:22:00,1196761.0,11.05,1
M2643,2025-09-08 09:23:00,1637657.0,9.13,1
M2644,2025-09-08 09:24:00,313671.0,5.94,1
M2645,2025-09-08 09:25:00,2864184.0,25.19,1
M2646,2025-09-08 09:26:00,453482.0,11.42,1
M2647,2025-09-08 09:27:00,961279.0,30.56,1
M2648,2025-09-08 09:28:00,223361.0,6.45,1
M2649,2025-09-08 09:29:00,1345001.0,2.62,1
M2650,2025-09-08 09:30:00,435716.0,13.32,1
M2651,2025-09-08 09:31:00,494406.0,14.99,1
M2652,2025-09-08 09:32:00,132984.0,5.49,1
M2653,2025-09-08 09:33:00,455149.0,11.79,1
M2654,2025-09-08 09:34:00,4056178.0,13.72,1
M2655,2025-09-08 09:35:00,319755.0,3.49,1
M2656,2025-09-08 09:36:00,221211.0,3.13,1
M2657,2025-09-08 09:37:00,159884.0,12.3,1
M2658,2025-09-08 09:38:00,145436.0,2.6,1
M2659,2025-09-08 09:39:00,721225.0,5.94,1
M2660,2025-09-08 09:40:00,317751.0,24.08,1
M2661,2025-09-08 09:41:00,352254.0,22.95,1
M2662,2025-09-08 09:42:00,551517.0,3.17,1
M2663,2025-09-08 09:43:00,569302.0,12.63,1
M2664,2025-09-08 09:44:00,383916.0,3.04,1
M2665,2025-09-08 09:45:00,324911.0,5.72,1
M2666,2025-09-08 09:46:00,806724.0,12.26,1
M2667,2025-09-08 09:47:00,416986.0,9.01,1
M2668,2025-09-08 09:48:00,1132535.0,5.22,1
M2669,2025-09-08 09:49:00,952025.0,5.96,1
M2670,2025-09-08 09:50:00,1305309.0,10.84,1
M2671,2025-09-08 09:51:00,177670.0,3.92,1
M2672,2025-09-08 09:52:00,441555.0,3.21,1
M2673,2025-09-08 09:53:00,615218.0,7.68,1
M2674,2025-09-08 09:54:00,322668.0,10.05,1
M2675,2025-09-08 09:55:00,257465.0,14.01,1
M2676,2025-09-08 09:56:00,314473.0,4.13,1
M2677,2025-09-08 09:57:00,977209.0,10.11,1
M2678,2025-09-08 09:58:00,190111.0,9.95,1
M2679,2025-09-08 09:59:00,1361703.0,15.3,1
M2680,2025-09-08 10:00:00,163152.0,6.93,1
M2681,2025-09-08 10:01:00,437391.0,3.17,1
M2682,2025-09-08 10:02:00,634496.0,2.81,1
M2683,2025-09-08 10:03:00,338958.0,9.9,1
M2684,2025-09-08 10:04:00,699984.0,16.87,1
M2685,2025-09-08 10:05:00,683612.0,3.61,1
M2686,2025-09-08 10:06:00,241128.0,2.09,1
M2687,2025-09-08 10:07:00,1357015.0,2.99,1
M2688,2025-09-08 10:08:00,715239.0,11.19,1
M2689,2025-09-08 10:09:00,1864656.0,6.41,1
M2690,2025-09-08 10:10:00,1008057.0,9.56,1
M2691,2025-09-08 10:11:00,899140.0,4.09,1
M2692,2025-09-08 10:12:00,124025.0,1.51,1
M2693,2025-09-08 10:13:00,1043118.0,3.46,1
M2694,2025-09-08 10:14:00,654416.0,2.23,1
M2695,2025-09-08 10:15:00,352086.0,5.34,1
M2696,2025-09-08 10:16:00,766975.0,25.02,1
M2697,2025-09-08 10:17:00,1669599.0,12.99,1
M2698,2025-09-08 10:18:00,639451.0,5.0,1
M2699,2025-09-08 10:19:00,606001.0,17.53,1
M2700,2025-09-08 10:20:00,359753.0,3.12,1
M2701,2025-09-08 10:21:00,592112.0,15.89,1
M2702,2025-09-08 10:22:00,389023.0,6.09,1
M2703,2025-09-08 10:23:00,343830.0,9.41,1
M2704,2025-09-08 10:24:00,385505.0,7.1,1
M2705,2025-09-08 10:25:00,697721.0,2.02,1
M2706,2025-09-08 10:26:00,103805.0,10.21,1
M2707,2025-09-08 10:27:00,314838.0,5.14,1
M2708,2025-09-08 10:28:00,426428.0,7.37,1
M2709,2025-09-08 10:29:00,1104783.0,9.54,1
M2710,2025-09-08 10:30:00,192998.0,25.55,1
M2711,2025-09-08 10:31:00,589441.0,8.58,1
M2712,2025-09-08 10:32:00,414610.0,2.98,1
M2713,2025-09-08 10:33:00,388455.0,3.96,1
M2714,2025-09-08 10:34:00,1349846.0,5.82,1
M2715,2025-09-08 10:35:00,346923.0,12.26,1
M2716,2025-09-08 10:36:00,3426188.0,14.14,1
M2717,2025-09-08 10:37:00,2087192.0,5.35,1
M2718,2025-09-08 10:38:00,919841.0,7.9,1
M2719,2025-09-08 10:39:00,1138989.0,7.9,1
M2720,2025-09-08 10:40:00,715070.0,3.48,1
M2721,2025-09-08 10:41:00,448281.0,11.17,1
M2722,2025-09-08 10:42:00,574197.0,16.4,1
M2723,2025-09-08 10:43:00,1514816.0,5.82,1
M2724,2025-09-08 10:44:00,710780.0,13.62,1
M2725,2025-09-08 10:45:00,460081.0,6.18,1
M2726,2025-09-08 10:46:00,1166267.0,6.88,1
M2727,2025-09-08 10:47:00,537163.0,11.96,1
M2728,2025-09-08 10:48:00,837347.0,10.93,1
M2729,2025-09-08 10:49:00,1629061.0,7.05,1
M2730,2025-09-08 10:50:00,311979.0,14.76,1
M2731,2025-09-08 10:51:00,1103800.0,15.3,1
M2732,2025-09-08 10:52:00,1452150.0,5.33,1
M2733,2025-09-08 10:53:00,878976.0,4.45,1
M2734,2025-09-08 10:54:00,312590.0,7.9,1
M2735,2025-09-08 10:55:00,389692.0,17.6,1
M2736,2025-09-08 10:56:00,106168.0,10.21,1
M2737,2025-09-08 10:57:00,822794.0,1.69,1
M2738,2025-09-08 10:58:00,2343921.0,6.91,1
M2739,2025-09-08 10:59:00,265972.0,10.95,1
M2740,2025-09-08 11:00:00,316964.0,2.77,1
M2741,2025-09-08 11:01:00,329129.0,5.34,1
M2742,2025-09-08 11:02:00,392675.0,9.95,1
M2743,2025-09-08 11:03:00,645851.0,5.26,1
M2744,2025-09-08 11:04:00,435766.0,12.15,1
M2745,2025-09-08 11:05:00,582116.0,21.76,1
M2746,2025-09-08 11:06:00,861244.0,7.67,1
M2747,2025-09-08 11:07:00,1271721.0,23.39,1
M2748,2025-09-08 11:08:00,2921571.0,1.26,1
M2749,2025-09-08 11:09:00,2048785.0,9.76,1
M2750,2025-09-08 11:10:00,414647.0,18.1,1
M2751,2025-09-08 11:11:00,487880.0,15.01,1
M2752,2025-09-08 11:12:00,180831.0,4.94,1
M2753,2025-09-08 11:13:00,496656.0,5.11,1
M2754,2025-09-08 11:14:00,793385.0,3.61,1
M2755,2025-09-08 11:15:00,748032.0,5.87,1
M2756,2025-09-08 11:16:00,110431.0,3.09,1
M2757,2025-09-08 11:17:00,221059.0,9.81,1
M2758,2025-09-08 11:18:00,619110.0,2.6,1
M2759,2025-09-08 11:19:00,1603142.0,3.47,1
M2760,2025-09-08 11:20:00,553970.0,10.02,1
M2761,2025-09-08 11:21:00,328184.0,9.55,1
M2762,2025-09-08 11:22:00,343873.0,10.35,1
M2763,2025-09-08 11:23:00,408952.0,5.88,1
M2764,2025-09-08 11:24:00,736798.0,5.54,1
M2765,2025-09-08 11:25:00,219776.0,14.59,1
M2766,2025-09-08 11:26:00,1388775.0,7.14,1
M2767,2025-09-08 11:27:00,1337555.0,1.62,1
M2768,2025-09-08 11:28:00,1298174.0,2.38,1
M2769,2025-09-08 11:29:00,622150.0,9.21,1
M2770,2025-09-08 11:30:00,1029353.0,50.65,1
M2771,2025-09-08 11:31:00,432795.0,10.09,1
M2772,2025-09-08 11:32:00,700931.0,12.6,1
M2773,2025-09-08 11:33:00,5154950.0,4.26,1
M2774,2025-09-08 11:34:00,531866.0,6.54,1
M2775,2025-09-08 11:35:00,745924.0,16.87,1
M2776,2025-09-08 11:36:00,472809.0,2.97,1
M2777,2025-09-08 11:37:00,460693.0,8.4,1
M2778,2025-09-08 11:38:00,627479.0,1.73,1
M2779,2025-09-08 11:39:00,229938.0,12.93,1
M2780,2025-09-08 11:40:00,665693.0,4.1,1
M2781,2025-09-08 11:41:00,228706.0,5.68,1
M2782,2025-09-08 11:42:00,1019295.0,5.23,1
M2783,2025-09-08 11:43:00,1086288.0,14.21,1
M2784,2025-09-08 11:44:00,811344.0,21.55,1
M2785,2025-09-08 11:45:00,238841.0,1.3,1
M2786,2025-09-08 11:46:00,446813.0,2.66,1
M2787,2025-09-08 11:47:00,157040.0,3.41,1
M2788,2025-09-08 11:48:00,1178127.0,27.63,1
M2789,2025-09-08 11:49:00,354264.0,13.66,1
M2790,2025-09-08 11:50:00,171538.0,3.6,1
M2791,2025-09-08 11:51:00,455795.0,6.92,1
M2792,2025-09-08 11:52:00,826862.0,4.92,1
M2793,2025-09-08 11:53:00,134793.0,16.82,1
M2794,2025-09-08 11:54:00,265221.0,11.57,1
M2795,2025-09-08 11:55:00,1481540.0,3.64,1
M2796,2025-09-08 11:56:00,1889829.0,6.3,1
M2797,2025-09-08 11:57:00,537782.0,8.3,1
M2798,2025-09-08 11:58:00,1052174.0,18.94,1
M2799,2025-09-08 11:59:00,115559.0,4.82,1
M2800,2025-09-08 12:00:00,2400063.0,2.78,1
M2801,2025-09-08 12:01:00,558752.0,13.72,1
M2802,2025-09-08 12:02:00,78279.0,3.68,1
M2803,2025-09-08 12:03:00,207035.0,23.58,1
M2804,2025-09-08 12:04:00,597293.0,2.79,1
M2805,2025-09-08 12:05:00,6358312.0,5.99,1
M2806,2025-09-08 12:06:00,384110.0,3.08,1
M2807,2025-09-08 12:07:00,332283.0,10.96,1
M2808,2025-09-08 12:08:00,221886.0,4.11,1
M2809,2025-09-08 12:09:00,611764.0,27.13,1
M2810,2025-09-08 12:10:00,731202.0,4.12,1
M2811,2025-09-08 12:11:00,370100.0,12.85,1
M2812,2025-09-08 12:12:00,239012.0,5.65,1
M2813,2025-09-08 12:13:00,625913.0,3.08,1
M2814,2025-09-08 12:14:00,175949.0,6.5,1
M2815,2025-09-08 12:15:00,2426937.0,3.98,1
M2816,2025-09-08 12:16:00,413581.0,1.02,1
M2817,2025-09-08 12:17:00,776684.0,6.59,1
M2818,2025-09-08 12:18:00,793210.0,5.64,1
M2819,2025-09-08 12:19:00,1314719.0,35.35,1
M2820,2025-09-08 12:20:00,722996.0,1.94,1
M2821,2025-09-08 12:21:00,152633.0,14.44,1
M2822,2025-09-08 12:22:00,424906.0,10.41,1
M2823,2025-09-08 12:23:00,1582066.0,8.53,1
M2824,2025-09-08 12:24:00,35376.0,7.81,1
M2825,2025-09-08 12:25:00,887681.0,6.83,1
M2826,2025-09-08 12:26:00,614342.0,9.31,1
M2827,2025-09-08 12:27:00,427543.0,2.64,1
M2828,2025-09-08 12:28:00,1988445.0,3.85,1
M2829,2025-09-08 12:29:00,248638.0,30.0,1
M2830,2025-09-08 12:30:00,400546.0,5.17,1
M2831,2025-09-08 12:31:00,336512.0,8.28,1
M2832,2025-09-08 12:32:00,198594.0,2.73,1
M2833,2025-09-08 12:33:00,326147.0,3.77,1
M2834,2025-09-08 12:34:00,1894601.0,4.9,1
M2835,2025-09-08 12:35:00,1095232.0,8.74,1
M2836,2025-09-08 12:36:00,319163.0,14.72,1
M2837,2025-09-08 12:37:00,1126546.0,11.22,1
M2838,2025-09-08 12:38:00,994236.0,11.72,1
M2839,2025-09-08 12:39:00,955975.0,7.59,1
M2840,2025-09-08 12:40:00,555168.0,6.04,1
M2841,2025-09-08 12:41:00,347110.0,13.57,1
M2842,2025-09-08 12:42:00,235244.0,9.03,1
M2843,2025-09-08 12:43:00,831811.0,10.01,1
M2844,2025-09-08 12:44:00,1075342.0,5.6,1
M2845,2025-09-08 12:45:00,1484826.0,9.15,1
M2846,2025-09-08 12:46:00,203248.0,4.34,1
M2847,2025-09-08 12:47:00,224339.0,11.47,1
M2848,2025-09-08 12:48:00,507852.0,3.09,1
M2849,2025-09-08 12:49:00,300592.0,4.77,1
M2850,2025-09-08 12:50:00,1279794.0,32.19,1
M2851,2025-09-08 12:51:00,601907.0,2.8,1
M2852,2025-09-08 12:52:00,2148940.0,5.17,1
M2853,2025-09-08 12:53:00,2524384.0,20.38,1
M2854,2025-09-08 12:54:00,405437.0,28.93,1
M2855,2025-09-08 12:55:00,707724.0,3.52,1
M2856,2025-09-08 12:56:00,278854.0,4.36,1
M2857,2025-09-08 12:57:00,1449890.0,3.29,1
M2858,2025-09-08 12:58:00,380208.0,9.03,1
M2859,2025-09-08 12:59:00,214073.0,1.94,1
M2860,2025-09-08 13:00:00,148919.0,10.54,1
M2861,2025-09-08 13:01:00,417946.0,20.6,1
M2862,2025-09-08 13:02:00,2375530.0,5.07,1
M2863,2025-09-08 13:03:00,313489.0,7.24,1
M2864,2025-09-08 13:04:00,1553554.0,13.13,1
M2865,2025-09-08 13:05:00,746721.0,5.06,1
M2866,2025-09-08 13:06:00,577602.0,5.35,1
M2867,2025-09-08 13:07:00,351631.0,25.94,1
M2868,2025-09-08 13:08:00,978663.0,20.17,1
M2869,2025-09-08 13:09:00,326780.0,4.4,1
M2870,2025-09-08 13:10:00,169861.0,9.2,1
M2871,2025-09-08 13:11:00,988957.0,6.71,1
M2872,2025-09-08 13:12:00,529469.0,6.22,1
M2873,2025-09-08 13:13:00,172924.0,13.93,1
M2874,2025-09-08 13:14:00,590611.0,4.09,1
M2875,2025-09-08 13:15:00,702482.0,13.41,1
M2876,2025-09-08 13:16:00,395151.0,8.3,1
M2877,2025-09-08 13:17:00,567862.0,13.8,1
M2878,2025-09-08 13:18:00,93793.0,1.54,1
M2879,2025-09-08 13:19:00,213334.0,15.3,1
M2880,2025-09-08 13:20:00,1600312.0,1.61,1
M2881,2025-09-08 13:21:00,2209826.0,32.54,1
M2882,2025-09-08 13:22:00,1720192.0,7.67,1
M2883,2025-09-08 13:23:00,352998.0,7.16,1
M2884,2025-09-08 13:24:00,1499178.0,15.74,1
M2885,2025-09-08 13:25:00,891413.0,10.16,1
M2886,2025-09-08 13:26:00,1959584.0,4.15,1
M2887,2025-09-08 13:27:00,3434202.0,10.73,1
M2888,2025-09-08 13:28:00,905437.0,3.47,1
M2889,2025-09-08 13:29:00,514435.0,5.51,1
M2890,2025-09-08 13:30:00,1359616.0,2.4,1
M2891,2025-09-08 13:31:00,1333508.0,5.65,1
M2892,2025-09-08 13:32:00,471574.0,9.6,1
M2893,2025-09-08 13:33:00,196820.0,7.32,1
M2894,2025-09-08 13:34:00,389011.0,20.86,1
M2895,2025-09-08 13:35:00,829656.0,4.7,1
M2896,2025-09-08 13:36:00,1146681.0,3.92,1
M2897,2025-09-08 13:37:00,550379.0,3.02,1
M2898,2025-09-08 13:38:00,306476.0,7.69,1
M2899,2025-09-08 13:39:00,470387.0,40.46,1
M2900,2025-09-08 13:40:00,264378.0,16.27,1
M2901,2025-09-08 13:41:00,730621.0,16.28,1
M2902,2025-09-08 13:42:00,273193.0,5.5,1
M2903,2025-09-08 13:43:00,283409.0,16.27,1
M2904,2025-09-08 13:44:00,278490.0,3.75,1
M2905,2025-09-08 13:45:00,307135.0,16.4,1
M2906,2025-09-08 13:46:00,937024.0,4.77,1
M2907,2025-09-08 13:47:00,843211.0,6.32,1
M2908,2025-09-08 13:48:00,527020.0,5.71,1
M2909,2025-09-08 13:49:00,285757.0,22.27,1
M2910,2025-09-08 13:50:00,762538.0,8.75,1
M2911,2025-09-08 13:51:00,531502.0,6.82,1
M2912,2025-09-08 13:52:00,104888.0,4.69,1
M2913,2025-09-08 13:53:00,101569.0,9.47,1
M2914,2025-09-08 13:54:00,2030858.0,11.28,1
M2915,2025-09-08 13:55:00,582056.0,49.42,1
M2916,2025-09-08 13:56:00,338715.0,13.59,1
M2917,2025-09-08 13:57:00,535130.0,2.83,1
M2918,2025-09-08 13:58:00,414382.0,13.14,1
M2919,2025-09-08 13:59:00,278728.0,5.54,1
M2920,2025-09-08 14:00:00,264126.0,2.66,1
M2921,2025-09-08 14:01:00,240099.0,3.05,1
M2922,2025-09-08 14:02:00,1272814.0,3.13,1
M2923,2025-09-08 14:03:00,339192.0,4.57,1
M2924,2025-09-08 14:04:00,927782.0,3.33,1
M2925,2025-09-08 14:05:00,257283.0,3.22,1
M2926,2025-09-08 14:06:00,688030.0,9.94,1
M2927,2025-09-08 14:07:00,319327.0,8.48,1
M2928,2025-09-08 14:08:00,425942.0,2.63,1
M2929,2025-09-08 14:09:00,996710.0,4.41,1
M2930,2025-09-08 14:10:00,1886579.0,1.66,1
M2931,2025-09-08 14:11:00,221241.0,7.11,1
M2932,2025-09-08 14:12:00,1016218.0,5.85,1
M2933,2025-09-08 14:13:00,474676.0,8.5,1
M2934,2025-09-08 14:14:00,359917.0,23.03,1
M2935,2025-09-08 14:15:00,783611.0,4.43,1
M2936,2025-09-08 14:16:00,521308.0,8.5,1
M2937,2025-09-08 14:17:00,1378149.0,14.83,1
M2938,2025-09-08 14:18:00,567839.0,6.36,1
M2939,2025-09-08 14:19:00,424578.0,10.15,1
M2940,2025-09-08 14:20:00,572229.0,8.12,1
M2941,2025-09-08 14:21:00,236164.0,6.72,1
M2942,2025-09-08 14:22:00,1085797.0,6.12,1
M2943,2025-09-08 14:23:00,679025.0,3.69,1
M2944,2025-09-08 14:24:00,770229.0,6.17,1
M2945,2025-09-08 14:25:00,868605.0,13.3,1
M2946,2025-09-08 14:26:00,207379.0,22.37,1
M2947,2025-09-08 14:27:00,2037209.0,6.46,1
M2948,2025-09-08 14:28:00,1140534.0,9.92,1
M2949,2025-09-08 14:29:00,567408.0,6.9,1
M2950,2025-09-08 14:30:00,395494.0,7.46,1
M2951,2025-09-08 14:31:00,1035923.0,12.47,1
M2952,2025-09-08 14:32:00,343530.0,13.18,1
M2953,2025-09-08 14:33:00,528632.0,3.69,1
M2954,2025-09-08 14:34:00,448850.0,4.28,1
M2955,2025-09-08 14:35:00,747554.0,5.87,1
M2956,2025-09-08 14:36:00,901140.0,17.98,1
M2957,2025-09-08 14:37:00,359543.0,14.41,1
M2958,2025-09-08 14:38:00,1664236.0,5.1,1
M2959,2025-09-08 14:39:00,822623.0,14.86,1
M2960,2025-09-08 14:40:00,154160.0,10.16,1
M2961,2025-09-08 14:41:00,403888.0,34.04,1
M2962,2025-09-08 14:42:00,340344.0,14.04,1
M2963,2025-09-08 14:43:00,255696.0,8.46,1
M2964,2025-09-08 14:44:00,640278.0,14.65,1
M2965,2025-09-08 14:45:00,831784.0,13.06,1
M2966,2025-09-08 14:46:00,153330.0,8.33,1
M2967,2025-09-08 14:47:00,1901616.0,15.62,1
M2968,2025-09-08 14:48:00,354249.0,7.41,1
M2969,2025-09-08 14:49:00,1123733.0,6.51,1
M2970,2025-09-08 14:50:00,899953.0,8.11,1
M2971,2025-09-08 14:51:00,856628.0,15.91,1
M2972,2025-09-08 14:52:00,641884.0,5.3,1
M2973,2025-09-08 14:53:00,486357.0,4.99,1
M2974,2025-09-08 14:54:00,459953.0,5.52,1
M2975,2025-09-08 14:55:00,337795.0,9.61,1
M2976,2025-09-08 14:56:00,1055384.0,11.66,1
M2977,2025-09-08 14:57:00,2087360.0,9.6,1
M2978,2025-09-08 14:58:00,567498.0,2.67,1
M2979,2025-09-08 14:59:00,989500.0,23.47,1
M2980,2025-09-08 15:00:00,573179.0,3.63,1
M2981,2025-09-08 15:01:00,290315.0,5.15,1
M2982,2025-09-08 15:02:00,119573.0,13.53,1
M2983,2025-09-08 15:03:00,147328.0,3.38,1
M2984,2025-09-08 15:04:00,660975.0,66.79,1
M2985,2025-09-08 15:05:00,914818.0,12.25,1
M2986,2025-09-08 15:06:00,1850890.0,68.41,1
M2987,2025-09-08 15:07:00,1291952.0,12.22,1
M2988,2025-09-08 15:08:00,387656.0,8.47,1
M2989,2025-09-08 15:09:00,838708.0,3.38,1
M2990,2025-09-08 15:10:00,290500.0,4.94,1
M2991,2025-09-08 15:11:00,2998814.0,8.23,1
M2992,2025-09-08 15:12:00,1009760.0,9.49,1
M2993,2025-09-08 15:13:00,807148.0,4.26,1
M2994,2025-09-08 15:14:00,134074.0,5.21,1
M2995,2025-09-08 15:15:00,61778.0,4.1,1
M2996,2025-09-08 15:16:00,316223.0,5.13,1
M2997,2025-09-08 15:17:00,1026729.0,5.34,1
M2998,2025-09-08 15:18:00,351766.0,6.29,1
M2999,2025-09-08 15:19:00,839299.0,6.01,1
M3000,2025-09-08 15:20:00,577176.0,14.79,1
M3001,2025-09-08 15:21:00,1016205.0,14.67,1
M3002,2025-09-08 15:22:00,477602.0,12.33,1
M3003,2025-09-08 15:23:00,140936.0,2.13,1
M3004,2025-09-08 15:24:00,2802630.0,5.06,1
M3005,2025-09-08 15:25:00,380918.0,9.13,1
M3006,2025-09-08 15:26:00,217191.0,7.21,1
M3007,2025-09-08 15:27:00,487587.0,11.26,1
M3008,2025-09-08 15:28:00,210399.0,14.66,1
M3009,2025-09-08 15:29:00,1600686.0,10.25,1
M3010,2025-09-08 15:30:00,318536.0,14.35,1
M3011,2025-09-08 15:31:00,1130074.0,6.27,1
M3012,2025-09-08 15:32:00,255929.0,6.08,1
M3013,2025-09-08 15:33:00,678181.0,2.34,1
M3014,2025-09-08 15:34:00,571805.0,11.53,1
M3015,2025-09-08 15:35:00,314669.0,14.65,1
M3016,2025-09-08 15:36:00,668653.0,16.81,1
M3017,2025-09-08 15:37:00,1430276.0,2.5,1
M3018,2025-09-08 15:38:00,406212.0,4.75,1
M3019,2025-09-08 15:39:00,428901.0,10.36,1
M3020,2025-09-08 15:40:00,1031317.0,13.27,1
M3021,2025-09-08 15:41:00,382305.0,9.72,1
M3022,2025-09-08 15:42:00,198114.0,9.06,1
M3023,2025-09-08 15:43:00,833298.0,14.34,1
M3024,2025-09-08 15:44:00,1094094.0,15.39,1
M3025,2025-09-08 15:45:00,344730.0,2.47,1
M3026,2025-09-08 15:46:00,300417.0,1.34,1
M3027,2025-09-08 15:47:00,605265.0,3.17,1
M3028,2025-09-08 15:48:00,3074597.0,14.43,1
M3029,2025-09-08 15:49:00,499448.0,6.16,1
M3030,2025-09-08 15:50:00,360492.0,5.23,1
M3031,2025-09-08 15:51:00,497873.0,7.14,1
M3032,2025-09-08 15:52:00,204518.0,5.28,1
M3033,2025-09-08 15:53:00,227641.0,6.33,1
M3034,2025-09-08 15:54:00,417935.0,11.34,1
M3035,2025-09-08 15:55:00,234483.0,5.47,1
M3036,2025-09-08 15:56:00,854703.0,10.1,1
M3037,2025-09-08 15:57:00,289452.0,6.41,1
M3038,2025-09-08 15:58:00,359376.0,4.06,1
M3039,2025-09-08 15:59:00,107056.0,6.73,1
M3040,2025-09-08 16:00:00,356261.0,2.96,1
M3041,2025-09-08 16:01:00,88595.0,61.03,1
M3042,2025-09-08 16:02:00,682363.0,3.81,1
M3043,2025-09-08 16:03:00,287572.0,4.63,1
M3044,2025-09-08 16:04:00,125893.0,7.95,1
M3045,2025-09-08 16:05:00,336999.0,33.14,1
M3046,2025-09-08 16:06:00,247065.0,3.71,1
M3047,2025-09-08 16:07:00,151453.0,41.72,1
M3048,2025-09-08 16:08:00,419631.0,4.13,1
M3049,2025-09-08 16:09:00,343243.0,2.05,1
M3050,2025-09-08 16:10:00,464546.0,7.34,1
M3051,2025-09-08 16:11:00,932828.0,7.36,1
M3052,2025-09-08 16:12:00,241027.0,4.07,1
M3053,2025-09-08 16:13:00,337029.0,5.59,1
M3054,2025-09-08 16:14:00,802128.0,2.61,1
M3055,2025-09-08 16:15:00,677920.0,4.99,1
M3056,2025-09-08 16:16:00,1226186.0,9.2,1
M3057,2025-09-08 16:17:00,1647144.0,2.78,1
M3058,2025-09-08 16:18:00,189475.0,4.21,1
M3059,2025-09-08 16:19:00,345461.0,3.17,1
M3060,2025-09-08 16:20:00,908863.0,12.81,1
M3061,2025-09-08 16:21:00,185266.0,13.99,1
M3062,2025-09-08 16:22:00,355207.0,17.52,1
M3063,2025-09-08 16:23:00,206255.0,6.75,1
M3064,2025-09-08 16:24:00,726549.0,5.76,1
M3065,2025-09-08 16:25:00,603670.0,23.8,1
M3066,2025-09-08 16:26:00,943445.0,16.09,1
M3067,2025-09-08 16:27:00,246514.0,7.26,1
M3068,2025-09-08 16:28:00,829734.0,13.8,1
M3069,2025-09-08 16:29:00,2402667.0,7.43,1
M3070,2025-09-08 16:30:00,218150.0,6.95,1
M3071,2025-09-08 16:31:00,2175465.0,2.25,1
M3072,2025-09-08 16:32:00,643237.0,6.59,1
M3073,2025-09-08 16:33:00,134725.0,2.96,1
M3074,2025-09-08 16:34:00,1234266.0,23.42,1
M3075,2025-09-08 16:35:00,1185793.0,9.3,1
M3076,2025-09-08 16:36:00,782295.0,9.11,1
M3077,2025-09-08 16:37:00,421382.0,11.0,1
M3078,2025-09-08 16:38:00,1157831.0,11.24,1
M3079,2025-09-08 16:39:00,406812.0,6.29,1
M3080,2025-09-08 16:40:00,938242.0,12.1,1
M3081,2025-09-08 16:41:00,424504.0,16.14,1
M3082,2025-09-08 16:42:00,341467.0,8.75,1
M3083,2025-09-08 16:43:00,648382.0,4.39,1
M3084,2025-09-08 16:44:00,171104.0,9.06,1
M3085,2025-09-08 16:45:00,448601.0,4.34,1
M3086,2025-09-08 16:46:00,947166.0,4.57,1
M3087,2025-09-08 16:47:00,655937.0,15.55,1
M3088,2025-09-08 16:48:00,207798.0,12.9,1
M3089,2025-09-08 16:49:00,343554.0,12.21,1
M3090,2025-09-08 16:50:00,1069563.0,19.04,1
M3091,2025-09-08 16:51:00,101351.0,36.95,1
M3092,2025-09-08 16:52:00,881985.0,6.72,1
M3093,2025-09-08 16:53:00,314464.0,15.31,1
M3094,2025-09-08 16:54:00,544319.0,10.28,1
M3095,2025-09-08 16:55:00,1177373.0,17.59,1
M3096,2025-09-08 16:56:00,374430.0,16.57,1
M3097,2025-09-08 16:57:00,397041.0,27.3,1
M3098,2025-09-08 16:58:00,328421.0,8.17,1
M3099,2025-09-08 16:59:00,179744.0,12.27,1
M3100,2025-09-08 17:00:00,652421.0,5.07,1
M3101,2025-09-08 17:01:00,311994.0,7.69,1
M3102,2025-09-08 17:02:00,382130.0,25.46,1
M3103,2025-09-08 17:03:00,597742.0,3.75,1
M3104,2025-09-08 17:04:00,249544.0,16.86,1
M3105,2025-09-08 17:05:00,406858.0,15.94,1
M3106,2025-09-08 17:06:00,878474.0,9.47,1
M3107,2025-09-08 17:07:00,402622.0,23.22,1
M3108,2025-09-08 17:08:00,213776.0,12.82,1
M3109,2025-09-08 17:09:00,686988.0,8.35,1
M3110,2025-09-08 17:10:00,339657.0,5.07,1
M3111,2025-09-08 17:11:00,196094.0,12.36,1
M3112,2025-09-08 17:12:00,948721.0,6.9,1
M3113,2025-09-08 17:13:00,1812701.0,5.91,1
M3114,2025-09-08 17:14:00,237538.0,4.92,1
M3115,2025-09-08 17:15:00,1291635.0,3.51,1
M3116,2025-09-08 17:16:00,533850.0,7.1,1
M3117,2025-09-08 17:17:00,557616.0,22.32,1
M3118,2025-09-08 17:18:00,508846.0,4.83,1
M3119,2025-09-08 17:19:00,790939.0,26.45,1
M3120,2025-09-08 17:20:00,467028.0,4.48,1
M3121,2025-09-08 17:21:00,1037184.0,8.9,1
M3122,2025-09-08 17:22:00,2783077.0,22.92,1
M3123,2025-09-08 17:23:00,1425015.0,9.37,1
M3124,2025-09-08 17:24:00,355057.0,3.45,1
M3125,2025-09-08 17:25:00,450495.0,6.26,1
M3126,2025-09-08 17:26:00,288083.0,4.13,1
M3127,2025-09-08 17:27:00,2355734.0,7.84,1
M3128,2025-09-08 17:28:00,614281.0,20.2,1
M3129,2025-09-08 17:29:00,2325608.0,3.47,1
M3130,2025-09-08 17:30:00,1041517.0,7.42,1
M3131,2025-09-08 17:31:00,557757.0,14.16,1
M3132,2025-09-08 17:32:00,961889.0,21.88,1
M3133,2025-09-08 17:33:00,1178009.0,9.48,1
M3134,2025-09-08 17:34:00,775909.0,4.54,1
M3135,2025-09-08 17:35:00,539390.0,8.99,1
M3136,2025-09-08 17:36:00,1181620.0,2.58,1
M3137,2025-09-08 17:37:00,444024.0,17.8,1
M3138,2025-09-08 17:38:00,595378.0,9.43,1
M3139,2025-09-08 17:39:00,1181515.0,21.4,1
M3140,2025-09-08 17:40:00,191012.0,6.05,1
M3141,2025-09-08 17:41:00,345638.0,31.95,1
M3142,2025-09-08 17:42:00,1241353.0,8.58,1
M3143,2025-09-08 17:43:00,128959.0,19.53,1
M3144,2025-09-08 17:44:00,232050.0,8.23,1
M3145,2025-09-08 17:45:00,906099.0,3.94,1
M3146,2025-09-08 17:46:00,483250.0,3.13,1
M3147,2025-09-08 17:47:00,1319276.0,16.01,1
M3148,2025-09-08 17:48:00,351153.0,13.03,1
M3149,2025-09-08 17:49:00,98454.0,4.17,1
M3150,2025-09-08 17:50:00,235081.0,7.32,1
M3151,2025-09-08 17:51:00,369161.0,7.02,1
M3152,2025-09-08 17:52:00,1382776.0,29.19,1
M3153,2025-09-08 17:53:00,131372.0,4.97,1
M3154,2025-09-08 17:54:00,193378.0,5.2,1
M3155,2025-09-08 17:55:00,690666.0,4.16,1
M3156,2025-09-08 17:56:00,388152.0,7.37,1
M3157,2025-09-08 17:57:00,1048002.0,3.79,1
M3158,2025-09-08 17:58:00,486873.0,7.52,1
M3159,2025-09-08 17:59:00,261741.0,10.89,1
M3160,2025-09-08 18:00:00,199206.0,4.31,1
M3161,2025-09-08 18:01:00,421113.0,5.88,1
M3162,2025-09-08 18:02:00,254669.0,6.21,1
M3163,2025-09-08 18:03:00,422736.0,4.19,1
M3164,2025-09-08 18:04:00,246139.0,9.99,1
M3165,2025-09-08 18:05:00,844129.0,18.28,1
M3166,2025-09-08 18:06:00,167375.0,6.41,1
M3167,2025-09-08 18:07:00,787764.0,15.84,1
M3168,2025-09-08 18:08:00,200817.0,6.05,1
M3169,2025-09-08 18:09:00,1786297.0,7.16,1
M3170,2025-09-08 18:10:00,711825.0,6.62,1
M3171,2025-09-08 18:11:00,438089.0,15.31,1
M3172,2025-09-08 18:12:00,294725.0,16.63,1
M3173,2025-09-08 18:13:00,105063.0,11.25,1
M3174,2025-09-08 18:14:00,105989.0,15.17,1
M3175,2025-09-08 18:15:00,857427.0,11.87,1
M3176,2025-09-08 18:16:00,383209.0,8.1,1
M3177,2025-09-08 18:17:00,466701.0,11.98,1
M3178,2025-09-08 18:18:00,1567055.0,11.91,1
M3179,2025-09-08 18:19:00,217365.0,6.36,1
M3180,2025-09-08 18:20:00,400487.0,10.85,1
M3181,2025-09-08 18:21:00,230930.0,4.25,1
M3182,2025-09-08 18:22:00,378331.0,3.29,1
M3183,2025-09-08 18:23:00,832758.0,12.29,1
M3184,2025-09-08 18:24:00,149266.0,25.84,1
M3185,2025-09-08 18:25:00,96352.0,10.33,1
M3186,2025-09-08 18:26:00,988303.0,13.56,1
M3187,2025-09-08 18:27:00,414861.0,13.7,1
M3188,2025-09-08 18:28:00,770814.0,19.4,1
M3189,2025-09-08 18:29:00,457475.0,18.19,1
M3190,2025-09-08 18:30:00,309764.0,15.01,1
M3191,2025-09-08 18:31:00,1484447.0,3.31,1
M3192,2025-09-08 18:32:00,369967.0,19.39,1
M3193,2025-09-08 18:33:00,379139.0,5.03,1
M3194,2025-09-08 18:34:00,484525.0,6.01,1
M3195,2025-09-08 18:35:00,370142.0,6.17,1
M3196,2025-09-08 18:36:00,776633.0,7.34,1
M3197,2025-09-08 18:37:00,411191.0,12.9,1
M3198,2025-09-08 18:38:00,863666.0,7.9,1
M3199,2025-09-08 18:39:00,50383.0,9.85,1
M3200,2025-09-08 18:40:00,266354.0,10.62,1
M3201,2025-09-08 18:41:00,289780.0,3.88,1
M3202,2025-09-08 18:42:00,177350.0,4.65,1
M3203,2025-09-08 18:43:00,367133.0,1.22,1
M3204,2025-09-08 18:44:00,85132.0,19.69,1
M3205,2025-09-08 18:45:00,3504718.0,5.56,1
M3206,2025-09-08 18:46:00,320988.0,8.44,1
M3207,2025-09-08 18:47:00,1149874.0,4.96,1
M3208,2025-09-08 18:48:00,275048.0,9.49,1
M3209,2025-09-08 18:49:00,634922.0,6.92,1
M3210,2025-09-08 18:50:00,811747.0,6.58,1
M3211,2025-09-08 18:51:00,644750.0,1.93,1
M3212,2025-09-08 18:52:00,975532.0,8.31,1
M3213,2025-09-08 18:53:00,1636159.0,6.81,1
M3214,2025-09-08 18:54:00,1142335.0,19.83,1
M3215,2025-09-08 18:55:00,279694.0,3.21,1
M3216,2025-09-08 18:56:00,899765.0,23.42,1
M3217,2025-09-08 18:57:00,711241.0,7.11,1
M3218,2025-09-08 18:58:00,588648.0,7.34,1
M3219,2025-09-08 18:59:00,1771848.0,10.04,1
M3220,2025-09-08 19:00:00,345330.0,17.82,1
M3221,2025-09-08 19:01:00,48223.0,7.79,1
M3222,2025-09-08 19:02:00,148704.0,10.84,1
M3223,2025-09-08 19:03:00,366018.0,4.91,1
M3224,2025-09-08 19:04:00,257122.0,32.09,1
M3225,2025-09-08 19:05:00,315317.0,6.29,1
M3226,2025-09-08 19:06:00,1512543.0,5.51,1
M3227,2025-09-08 19:07:00,871640.0,11.73,1
M3228,2025-09-08 19:08:00,358142.0,6.05,1
M3229,2025-09-08 19:09:00,219749.0,4.88,1
M3230,2025-09-08 19:10:00,424318.0,8.13,1
M3231,2025-09-08 19:11:00,472207.0,16.15,1
M3232,2025-09-08 19:12:00,466062.0,14.13,1
M3233,2025-09-08 19:13:00,232244.0,17.59,1
M3234,2025-09-08 19:14:00,572609.0,4.0,1
M3235,2025-09-08 19:15:00,899078.0,8.93,1
M3236,2025-09-08 19:16:00,310989.0,5.61,1
M3237,2025-09-08 19:17:00,82633.0,6.42,1
M3238,2025-09-08 19:18:00,244581.0,13.91,1
M3239,2025-09-08 19:19:00,589034.0,5.86,1
M3240,2025-09-08 19:20:00,870870.0,15.65,1
M3241,2025-09-08 19:21:00,840987.0,7.97,1
M3242,2025-09-08 19:22:00,1359090.0,15.36,1
M3243,2025-09-08 19:23:00,357490.0,6.67,1
M3244,2025-09-08 19:24:00,110019.0,27.19,1
M3245,2025-09-08 19:25:00,889113.0,9.11,1
M3246,2025-09-08 19:26:00,413372.0,11.39,1
M3247,2025-09-08 19:27:00,864006.0,2.59,1
M3248,2025-09-08 19:28:00,604677.0,13.41,1
M3249,2025-09-08 19:29:00,1663128.0,2.06,1
M3250,2025-09-08 19:30:00,1303790.0,8.64,1
M3251,2025-09-08 19:31:00,976239.0,5.63,1
M3252,2025-09-08 19:32:00,300057.0,13.7,1
M3253,2025-09-08 19:33:00,506118.0,28.37,1
M3254,2025-09-08 19:34:00,181616.0,8.58,1
M3255,2025-09-08 19:35:00,570305.0,4.62,1
M3256,2025-09-08 19:36:00,188840.0,6.41,1
M3257,2025-09-08 19:37:00,757577.0,2.54,1
M3258,2025-09-08 19:38:00,431161.0,1.6,1
M3259,2025-09-08 19:39:00,2032198.0,6.74,1
M3260,2025-09-08 19:40:00,822195.0,17.69,1
M3261,2025-09-08 19:41:00,1470989.0,19.22,1
M3262,2025-09-08 19:42:00,492740.0,19.62,1
M3263,2025-09-08 19:43:00,106248.0,3.41,1
M3264,2025-09-08 19:44:00,548196.0,2.48,1
M3265,2025-09-08 19:45:00,610909.0,2.87,1
M3266,2025-09-08 19:46:00,1058942.0,2.63,1
M3267,2025-09-08 19:47:00,625175.0,18.14,1
M3268,2025-09-08 19:48:00,2835178.0,20.55,1
M3269,2025-09-08 19:49:00,2716957.0,6.79,1
M3270,2025-09-08 19:50:00,1321915.0,6.32,1
M3271,2025-09-08 19:51:00,445499.0,6.02,1
M3272,2025-09-08 19:52:00,483849.0,4.58,1
M3273,2025-09-08 19:53:00,243073.0,10.84,1
M3274,2025-09-08 19:54:00,621442.0,7.43,1
M3275,2025-09-08 19:55:00,1299290.0,2.62,1
M3276,2025-09-08 19:56:00,168400.0,17.94,1
M3277,2025-09-08 19:57:00,138728.0,6.39,1
M3278,2025-09-08 19:58:00,768156.0,5.69,1
M3279,2025-09-08 19:59:00,1405832.0,4.28,1
M3280,2025-09-08 20:00:00,467941.0,4.43,1
M3281,2025-09-08 20:01:00,770382.0,4.55,1
M3282,2025-09-08 20:02:00,1755149.0,3.07,1
M3283,2025-09-08 20:03:00,1569671.0,2.3,1
M3284,2025-09-08 20:04:00,412027.0,3.51,1
M3285,2025-09-08 20:05:00,748998.0,5.62,1
M3286,2025-09-08 20:06:00,484077.0,1.73,1
M3287,2025-09-08 20:07:00,961226.0,4.54,1
M3288,2025-09-08 20:08:00,103809.0,4.48,1
M3289,2025-09-08 20:09:00,1755562.0,1.6,1
M3290,2025-09-08 20:10:00,839217.0,5.98,1
M3291,2025-09-08 20:11:00,2119119.0,2.09,1
M3292,2025-09-08 20:12:00,267758.0,9.42,1
M3293,2025-09-08 20:13:00,467317.0,7.09,1
M3294,2025-09-08 20:14:00,219711.0,10.48,1
M3295,2025-09-08 20:15:00,628684.0,3.82,1
M3296,2025-09-08 20:16:00,367490.0,21.19,1
M3297,2025-09-08 20:17:00,743954.0,6.3,1
M3298,2025-09-08 20:18:00,1868667.0,8.99,1
M3299,2025-09-08 20:19:00,427062.0,4.07,1
M3300,2025-09-08 20:20:00,143152.0,4.4,1
M3301,2025-09-08 20:21:00,201331.0,4.91,1
M3302,2025-09-08 20:22:00,442123.0,2.05,1
M3303,2025-09-08 20:23:00,517688.0,11.26,1
M3304,2025-09-08 20:24:00,318455.0,4.77,1
M3305,2025-09-08 20:25:00,672152.0,8.28,1
M3306,2025-09-08 20:26:00,397016.0,3.88,1
M3307,2025-09-08 20:27:00,2575486.0,4.62,1
M3308,2025-09-08 20:28:00,1133095.0,6.32,1
M3309,2025-09-08 20:29:00,551915.0,2.25,1
M3310,2025-09-08 20:30:00,1322727.0,5.74,1
M3311,2025-09-08 20:31:00,168982.0,3.55,1
M3312,2025-09-08 20:32:00,532827.0,8.25,1
M3313,2025-09-08 20:33:00,1404939.0,7.25,1
M3314,2025-09-08 20:34:00,448217.0,15.45,1
M3315,2025-09-08 20:35:00,1548977.0,14.06,1
M3316,2025-09-08 20:36:00,2324664.0,5.64,1
M3317,2025-09-08 20:37:00,695893.0,4.45,1
M3318,2025-09-08 20:38:00,261192.0,7.13,1
M3319,2025-09-08 20:39:00,333380.0,2.29,1
M3320,2025-09-08 20:40:00,200019.0,14.98,1
M3321,2025-09-08 20:41:00,1337787.0,9.29,1
M3322,2025-09-08 20:42:00,587801.0,4.33,1
M3323,2025-09-08 20:43:00,443096.0,5.48,1
M3324,2025-09-08 20:44:00,305658.0,8.91,1
M3325,2025-09-08 20:45:00,1102360.0,6.15,1
M3326,2025-09-08 20:46:00,506314.0,11.18,1
M3327,2025-09-08 20:47:00,1092451.0,7.02,1
M3328,2025-09-08 20:48:00,757600.0,11.06,1
M3329,2025-09-08 20:49:00,326581.0,1.95,1
M3330,2025-09-08 20:50:00,1446037.0,10.53,1
M3331,2025-09-08 20:51:00,436718.0,5.89,1
M3332,2025-09-08 20:52:00,921896.0,4.29,1
M3333,2025-09-08 20:53:00,535172.0,7.97,1
M3334,2025-09-08 20:54:00,1401788.0,7.55,1
M3335,2025-09-08 20:55:00,207040.0,25.09,1
M3336,2025-09-08 20:56:00,301153.0,3.56,1
M3337,2025-09-08 20:57:00,500730.0,2.8,1
M3338,2025-09-08 20:58:00,1225610.0,12.09,1
M3339,2025-09-08 20:59:00,888022.0,4.12,1
M3340,2025-09-08 21:00:00,536513.0,7.65,1
M3341,2025-09-08 21:01:00,152143.0,10.24,1
M3342,2025-09-08 21:02:00,331877.0,12.36,1
M3343,2025-09-08 21:03:00,6077151.0,13.32,1
M3344,2025-09-08 21:04:00,711570.0,3.43,1
M3345,2025-09-08 21:05:00,478752.0,5.55,1
M3346,2025-09-08 21:06:00,1659066.0,11.66,1
M3347,2025-09-08 21:07:00,233863.0,9.11,1
M3348,2025-09-08 21:08:00,160341.0,5.22,1
M3349,2025-09-08 21:09:00,116306.0,3.53,1
M3350,2025-09-08 21:10:00,267197.0,8.89,1
M3351,2025-09-08 21:11:00,598685.0,6.96,1
M3352,2025-09-08 21:12:00,138539.0,17.66,1
M3353,2025-09-08 21:13:00,1342680.0,16.01,1
M3354,2025-09-08 21:14:00,1923945.0,1.14,1
M3355,2025-09-08 21:15:00,796470.0,18.96,1
M3356,2025-09-08 21:16:00,359477.0,5.59,1
M3357,2025-09-08 21:17:00,401919.0,2.6,1
M3358,2025-09-08 21:18:00,1007874.0,9.12,1
M3359,2025-09-08 21:19:00,254860.0,7.43,1
M3360,2025-09-08 21:20:00,2753933.0,20.19,1
M3361,2025-09-08 21:21:00,1216810.0,4.06,1
M3362,2025-09-08 21:22:00,1411485.0,13.11,1
M3363,2025-09-08 21:23:00,1289885.0,29.29,1
M3364,2025-09-08 21:24:00,695980.0,7.49,1
M3365,2025-09-08 21:25:00,476484.0,10.58,1
M3366,2025-09-08 21:26:00,203071.0,15.96,1
M3367,2025-09-08 21:27:00,752275.0,7.67,1
M3368,2025-09-08 21:28:00,1068178.0,6.69,1
M3369,2025-09-08 21:29:00,437015.0,5.95,1
M3370,2025-09-08 21:30:00,457057.0,8.13,1
M3371,2025-09-08 21:31:00,383294.0,11.04,1
M3372,2025-09-08 21:32:00,565517.0,1.86,1
M3373,2025-09-08 21:33:00,910276.0,4.46,1
M3374,2025-09-08 21:34:00,850934.0,9.03,1
M3375,2025-09-08 21:35:00,92382.0,1.75,1
M3376,2025-09-08 21:36:00,706039.0,3.14,1
M3377,2025-09-08 21:37:00,1298734.0,5.13,1
M3378,2025-09-08 21:38:00,1158406.0,14.27,1
M3379,2025-09-08 21:39:00,1091844.0,3.91,1
M3380,2025-09-08 21:40:00,137472.0,19.97,1
M3381,2025-09-08 21:41:00,503088.0,10.19,1
M3382,2025-09-08 21:42:00,1390431.0,5.8,1
M3383,2025-09-08 21:43:00,911435.0,2.27,1
M3384,2025-09-08 21:44:00,2830394.0,23.42,1
M3385,2025-09-08 21:45:00,649826.0,8.06,1
M3386,2025-09-08 21:46:00,203826.0,3.2,1
M3387,2025-09-08 21:47:00,465877.0,4.51,1
M3388,2025-09-08 21:48:00,303062.0,19.51,1
M3389,2025-09-08 21:49:00,349463.0,2.35,1
M3390,2025-09-08 21:50:00,349802.0,19.96,1
M3391,2025-09-08 21:51:00,362062.0,8.11,1
M3392,2025-09-08 21:52:00,372753.0,9.13,1
M3393,2025-09-08 21:53:00,985314.0,15.13,1
M3394,2025-09-08 21:54:00,712225.0,10.25,1
M3395,2025-09-08 21:55:00,1006540.0,7.69,1
M3396,2025-09-08 21:56:00,507885.0,8.11,1
M3397,2025-09-08 21:57:00,139329.0,8.6,1
M3398,2025-09-08 21:58:00,535821.0,4.2,1
M3399,2025-09-08 21:59:00,380783.0,12.68,1
M3400,2025-09-08 22:00:00,1111765.0,4.67,1
M3401,2025-09-08 22:01:00,831127.0,2.47,1
M3402,2025-09-08 22:02:00,174367.0,17.97,1
M3403,2025-09-08 22:03:00,408431.0,24.53,1
M3404,2025-09-08 22:04:00,535612.0,19.5,1
M3405,2025-09-08 22:05:00,295378.0,9.86,1
M3406,2025-09-08 22:06:00,178934.0,4.77,1
M3407,2025-09-08 22:07:00,101905.0,13.65,1
M3408,2025-09-08 22:08:00,83137.0,19.12,1
M3409,2025-09-08 22:09:00,679312.0,9.91,1
M3410,2025-09-08 22:10:00,822511.0,9.36,1
M3411,2025-09-08 22:11:00,1267451.0,6.64,1
M3412,2025-09-08 22:12:00,514329.0,2.41,1
M3413,2025-09-08 22:13:00,495847.0,10.6,1
M3414,2025-09-08 22:14:00,645171.0,10.91,1
M3415,2025-09-08 22:15:00,1089691.0,7.01,1
M3416,2025-09-08 22:16:00,1157511.0,3.32,1
M3417,2025-09-08 22:17:00,445754.0,4.99,1
M3418,2025-09-08 22:18:00,1246506.0,4.3,1
M3419,2025-09-08 22:19:00,198266.0,5.04,1
M3420,2025-09-08 22:20:00,360588.0,10.44,1
M3421,2025-09-08 22:21:00,1001229.0,10.1,1
M3422,2025-09-08 22:22:00,764972.0,17.77,1
M3423,2025-09-08 22:23:00,1211470.0,8.69,1
M3424,2025-09-08 22:24:00,609767.0,8.76,1
M3425,2025-09-08 22:25:00,406969.0,4.72,1
M3426,2025-09-08 22:26:00,647793.0,10.39,1
M3427,2025-09-08 22:27:00,4510814.0,12.13,1
M3428,2025-09-08 22:28:00,289796.0,6.0,1
M3429,2025-09-08 22:29:00,405307.0,1.86,1
M3430,2025-09-08 22:30:00,339741.0,8.86,1
M3431,2025-09-08 22:31:00,572826.0,1.08,1
M3432,2025-09-08 22:32:00,306739.0,5.44,1
M3433,2025-09-08 22:33:00,105356.0,11.97,1
M3434,2025-09-08 22:34:00,450116.0,2.8,1
M3435,2025-09-08 22:35:00,470721.0,9.37,1
M3436,2025-09-08 22:36:00,561222.0,20.5,1
M3437,2025-09-08 22:37:00,666152.0,10.1,1
M3438,2025-09-08 22:38:00,160321.0,24.98,1
M3439,2025-09-08 22:39:00,345126.0,1.23,1
M3440,2025-09-08 22:40:00,217299.0,14.65,1
M3441,2025-09-08 22:41:00,1523410.0,5.11,1
M3442,2025-09-08 22:42:00,1857026.0,7.94,1
M3443,2025-09-08 22:43:00,108007.0,5.57,1
M3444,2025-09-08 22:44:00,552596.0,21.26,1
M3445,2025-09-08 22:45:00,326254.0,10.7,1
M3446,2025-09-08 22:46:00,701591.0,5.3,1
M3447,2025-09-08 22:47:00,342922.0,2.51,1
M3448,2025-09-08 22:48:00,1057125.0,3.54,1
M3449,2025-09-08 22:49:00,754737.0,47.83,1
M3450,2025-09-08 22:50:00,205452.0,5.13,1
M3451,2025-09-08 22:51:00,635549.0,14.42,1
M3452,2025-09-08 22:52:00,987532.0,5.23,1
M3453,2025-09-08 22:53:00,1638686.0,5.34,1
M3454,2025-09-08 22:54:00,761070.0,5.64,1
M3455,2025-09-08 22:55:00,162673.0,4.43,1
M3456,2025-09-08 22:56:00,243984.0,8.32,1
M3457,2025-09-08 22:57:00,1948014.0,17.76,1
M3458,2025-09-08 22:58:00,890764.0,28.85,1
M3459,2025-09-08 22:59:00,225162.0,4.44,1
M3460,2025-09-08 23:00:00,127667.0,13.3,1
M3461,2025-09-08 23:01:00,279604.0,11.62,1
M3462,2025-09-08 23:02:00,983442.0,6.86,1
M3463,2025-09-08 23:03:00,333637.0,10.47,1
M3464,2025-09-08 23:04:00,696063.0,10.52,1
M3465,2025-09-08 23:05:00,462415.0,2.62,1
M3466,2025-09-08 23:06:00,7515234.0,9.05,1
M3467,2025-09-08 23:07:00,317481.0,13.34,1
M3468,2025-09-08 23:08:00,854760.0,12.36,1
M3469,2025-09-08 23:09:00,534784.0,10.74,1
M3470,2025-09-08 23:10:00,182285.0,9.02,1
M3471,2025-09-08 23:11:00,476681.0,3.62,1
M3472,2025-09-08 23:12:00,367501.0,6.79,1
M3473,2025-09-08 23:13:00,594761.0,6.87,1
M3474,2025-09-08 23:14:00,1911110.0,5.64,1
M3475,2025-09-08 23:15:00,137663.0,5.85,1
M3476,2025-09-08 23:16:00,1342379.0,16.72,1
M3477,2025-09-08 23:17:00,251412.0,8.19,1
M3478,2025-09-08 23:18:00,124193.0,12.28,1
M3479,2025-09-08 23:19:00,544164.0,4.64,1
M3480,2025-09-08 23:20:00,590070.0,22.11,1
M3481,2025-09-08 23:21:00,455197.0,9.83,1
M3482,2025-09-08 23:22:00,839982.0,6.76,1
M3483,2025-09-08 23:23:00,444006.0,12.25,1
M3484,2025-09-08 23:24:00,273483.0,6.35,1
M3485,2025-09-08 23:25:00,355309.0,11.51,1
M3486,2025-09-08 23:26:00,1346307.0,2.18,1
M3487,2025-09-08 23:27:00,1180641.0,1.85,1
M3488,2025-09-08 23:28:00,348861.0,13.57,1
M3489,2025-09-08 23:29:00,575464.0,1.49,1
M3490,2025-09-08 23:30:00,735713.0,19.01,1
M3491,2025-09-08 23:31:00,1088135.0,5.53,1
M3492,2025-09-08 23:32:00,596176.0,15.39,1
M3493,2025-09-08 23:33:00,969175.0,17.03,1
M3494,2025-09-08 23:34:00,882329.0,16.28,1
M3495,2025-09-08 23:35:00,187042.0,10.01,1
M3496,2025-09-08 23:36:00,255975.0,2.37,1
M3497,2025-09-08 23:37:00,319438.0,2.95,1
M3498,2025-09-08 23:38:00,303936.0,3.46,1
M3499,2025-09-08 23:39:00,108655.0,9.27,1
M3500,2025-09-08 23:40:00,596975.0,5.22,1
M3501,2025-09-08 23:41:00,591341.0,10.56,1
M3502,2025-09-08 23:42:00,296004.0,11.34,1
M3503,2025-09-08 23:43:00,84348.0,13.73,1
M3504,2025-09-08 23:44:00,1238304.0,6.62,1
M3505,2025-09-08 23:45:00,220557.0,18.96,1
M3506,2025-09-08 23:46:00,1300959.0,3.97,1
M3507,2025-09-08 23:47:00,1736333.0,4.05,1
M3508,2025-09-08 23:48:00,146240.0,14.11,1
M3509,2025-09-08 23:49:00,639133.0,2.15,1
M3510,2025-09-08 23:50:00,293758.0,6.1,1
M3511,2025-09-08 23:51:00,216889.0,10.53,1
M3512,2025-09-08 23:52:00,482171.0,4.23,1
M3513,2025-09-08 23:53:00,270383.0,1.85,1
M3514,2025-09-08 23:54:00,1474517.0,5.46,1
M3515,2025-09-08 23:55:00,623770.0,2.89,1
M3516,2025-09-08 23:56:00,772537.0,4.65,1
M3517,2025-09-08 23:57:00,244506.0,20.03,1
M3518,2025-09-08 23:58:00,437881.0,15.67,1
M3519,2025-09-08 23:59:00,564319.0,6.82,1
M3520,2025-09-09 00:00:00,637962.0,18.37,1
M3521,2025-09-09 00:01:00,649390.0,24.53,1
M3522,2025-09-09 00:02:00,463929.0,14.72,1
M3523,2025-09-09 00:03:00,443619.0,6.28,1
M3524,2025-09-09 00:04:00,312995.0,3.38,1
M3525,2025-09-09 00:05:00,927908.0,4.35,1
M3526,2025-09-09 00:06:00,295767.0,13.1,1
M3527,2025-09-09 00:07:00,595036.0,4.28,1
M3528,2025-09-09 00:08:00,1499970.0,11.06,1
M3529,2025-09-09 00:09:00,542187.0,14.15,1
M3530,2025-09-09 00:10:00,1006595.0,5.0,1
M3531,2025-09-09 00:11:00,315616.0,9.58,1
M3532,2025-09-09 00:12:00,901491.0,8.36,1
M3533,2025-09-09 00:13:00,599450.0,4.96,1
M3534,2025-09-09 00:14:00,650954.0,24.55,1
M3535,2025-09-09 00:15:00,1058553.0,9.2,1
M3536,2025-09-09 00:16:00,914173.0,9.62,1
M3537,2025-09-09 00:17:00,1675528.0,6.36,1
M3538,2025-09-09 00:18:00,358600.0,9.09,1
M3539,2025-09-09 00:19:00,1525243.0,4.69,1
M3540,2025-09-09 00:20:00,2487924.0,3.69,1
M3541,2025-09-09 00:21:00,425828.0,14.21,1
M3542,2025-09-09 00:22:00,597337.0,3.64,1
M3543,2025-09-09 00:23:00,195384.0,7.28,1
M3544,2025-09-09 00:24:00,613012.0,16.32,1
M3545,2025-09-09 00:25:00,552400.0,6.85,1
M3546,2025-09-09 00:26:00,601499.0,9.72,1
M3547,2025-09-09 00:27:00,458116.0,3.25,1
M3548,2025-09-09 00:28:00,844689.0,1.68,1
M3549,2025-09-09 00:29:00,520915.0,3.5,1
M3550,2025-09-09 00:30:00,489605.0,16.28,1
M3551,2025-09-09 00:31:00,894101.0,6.0,1
M3552,2025-09-09 00:32:00,161184.0,6.25,1
M3553,2025-09-09 00:33:00,350380.0,11.12,1
M3554,2025-09-09 00:34:00,490610.0,26.7,1
M3555,2025-09-09 00:35:00,254801.0,10.93,1
M3556,2025-09-09 00:36:00,498894.0,17.71,1
M3557,2025-09-09 00:37:00,606436.0,3.11,1
M3558,2025-09-09 00:38:00,290089.0,5.17,1
M3559,2025-09-09 00:39:00,686692.0,4.06,1
M3560,2025-09-09 00:40:00,205368.0,15.49,1
M3561,2025-09-09 00:41:00,735726.0,10.5,1
M3562,2025-09-09 00:42:00,362452.0,8.1,1
M3563,2025-09-09 00:43:00,238672.0,5.17,1
M3564,2025-09-09 00:44:00,737816.0,17.05,1
M3565,2025-09-09 00:45:00,2435065.0,2.19,1
M3566,2025-09-09 00:46:00,1736201.0,6.58,1
M3567,2025-09-09 00:47:00,543653.0,3.49,1
M3568,2025-09-09 00:48:00,789437.0,3.52,1
M3569,2025-09-09 00:49:00,1688061.0,9.58,1
M3570,2025-09-09 00:50:00,1612256.0,18.9,1
M3571,2025-09-09 00:51:00,791137.0,3.13,1
M3572,2025-09-09 00:52:00,124445.0,11.75,1
M3573,2025-09-09 00:53:00,1061331.0,4.34,1
M3574,2025-09-09 00:54:00,90866.0,7.28,1
M3575,2025-09-09 00:55:00,142825.0,4.88,1
M3576,2025-09-09 00:56:00,5729069.0,4.44,1
M3577,2025-09-09 00:57:00,329944.0,9.75,1
M3578,2025-09-09 00:58:00,1114272.0,14.68,1
M3579,2025-09-09 00:59:00,776653.0,10.2,1
M3580,2025-09-09 01:00:00,347113.0,13.98,1
M3581,2025-09-09 01:01:00,266035.0,4.82,1
M3582,2025-09-09 01:02:00,719649.0,9.1,1
M3583,2025-09-09 01:03:00,288449.0,7.75,1
M3584,2025-09-09 01:04:00,492614.0,7.94,1
M3585,2025-09-09 01:05:00,406911.0,15.26,1
M3586,2025-09-09 01:06:00,352557.0,66.26,1
M3587,2025-09-09 01:07:00,622306.0,3.61,1
M3588,2025-09-09 01:08:00,306437.0,12.59,1
M3589,2025-09-09 01:09:00,632476.0,7.08,1
M3590,2025-09-09 01:10:00,428635.0,4.65,1
M3591,2025-09-09 01:11:00,1601983.0,4.09,1
M3592,2025-09-09 01:12:00,387103.0,4.08,1
M3593,2025-09-09 01:13:00,353910.0,9.46,1
M3594,2025-09-09 01:14:00,366848.0,1.85,1
M3595,2025-09-09 01:15:00,687471.0,3.38,1
M3596,2025-09-09 01:16:00,523126.0,5.2,1
M3597,2025-09-09 01:17:00,402009.0,15.49,1
M3598,2025-09-09 01:18:00,918735.0,12.31,1
M3599,2025-09-09 01:19:00,283949.0,2.43,1
M3600,2025-09-09 01:20:00,943181.0,7.16,1
M3601,2025-09-09 01:21:00,805826.0,33.34,1
M3602,2025-09-09 01:22:00,584395.0,14.68,1
M3603,2025-09-09 01:23:00,115491.0,16.2,1
M3604,2025-09-09 01:24:00,542539.0,4.93,1
M3605,2025-09-09 01:25:00,1899564.0,1.8,1
M3606,2025-09-09 01:26:00,475065.0,6.73,1
M3607,2025-09-09 01:27:00,694018.0,15.67,1
M3608,2025-09-09 01:28:00,801583.0,8.06,1
M3609,2025-09-09 01:29:00,1349183.0,5.52,1
M3610,2025-09-09 01:30:00,2218870.0,1.85,1
M3611,2025-09-09 01:31:00,162296.0,8.11,1
M3612,2025-09-09 01:32:00,574697.0,4.43,1
M3613,2025-09-09 01:33:00,1032084.0,5.71,1
M3614,2025-09-09 01:34:00,147658.0,6.93,1
M3615,2025-09-09 01:35:00,176621.0,6.44,1
M3616,2025-09-09 01:36:00,1255027.0,2.77,1
M3617,2025-09-09 01:37:00,611010.0,13.62,1
M3618,2025-09-09 01:38:00,312393.0,3.99,1
M3619,2025-09-09 01:39:00,671503.0,10.85,1
M3620,2025-09-09 01:40:00,515395.0,5.87,1
M3621,2025-09-09 01:41:00,1974020.0,10.33,1
M3622,2025-09-09 01:42:00,2070752.0,5.18,1
M3623,2025-09-09 01:43:00,3501611.0,7.52,1
M3624,2025-09-09 01:44:00,1386162.0,8.53,1
M3625,2025-09-09 01:45:00,503822.0,11.83,1
M3626,2025-09-09 01:46:00,845718.0,11.57,1
M3627,2025-09-09 01:47:00,1297380.0,12.57,1
M3628,2025-09-09 01:48:00,802346.0,3.31,1
M3629,2025-09-09 01:49:00,282782.0,10.98,1
M3630,2025-09-09 01:50:00,545385.0,12.82,1
M3631,2025-09-09 01:51:00,1027345.0,2.87,1
M3632,2025-09-09 01:52:00,1151049.0,8.87,1
M3633,2025-09-09 01:53:00,525693.0,16.65,1
M3634,2025-09-09 01:54:00,495273.0,8.26,1
M3635,2025-09-09 01:55:00,1095535.0,8.81,1
M3636,2025-09-09 01:56:00,426967.0,4.44,1
M3637,2025-09-09 01:57:00,783407.0,5.48,1
M3638,2025-09-09 01:58:00,509680.0,4.48,1
M3639,2025-09-09 01:59:00,1691647.0,9.1,1
M3640,2025-09-09 02:00:00,993957.0,9.09,1
M3641,2025-09-09 02:01:00,555413.0,12.15,1
M3642,2025-09-09 02:02:00,513938.0,8.61,1
M3643,2025-09-09 02:03:00,393422.0,8.34,1
M3644,2025-09-09 02:04:00,280942.0,3.85,1
M3645,2025-09-09 02:05:00,930766.0,17.15,1
M3646,2025-09-09 02:06:00,341192.0,6.17,1
M3647,2025-09-09 02:07:00,127540.0,8.14,1
M3648,2025-09-09 02:08:00,346221.0,4.42,1
M3649,2025-09-09 02:09:00,1000302.0,12.21,1
M3650,2025-09-09 02:10:00,369187.0,4.08,1
M3651,2025-09-09 02:11:00,609702.0,21.75,1
M3652,2025-09-09 02:12:00,425642.0,4.04,1
M3653,2025-09-09 02:13:00,472752.0,3.28,1
M3654,2025-09-09 02:14:00,173433.0,12.09,1
M3655,2025-09-09 02:15:00,1151834.0,18.96,1
M3656,2025-09-09 02:16:00,1218369.0,2.11,1
M3657,2025-09-09 02:17:00,535065.0,11.45,1
M3658,2025-09-09 02:18:00,521494.0,9.52,1
M3659,2025-09-09 02:19:00,1205957.0,7.65,1
M3660,2025-09-09 02:20:00,178483.0,7.73,1
M3661,2025-09-09 02:21:00,330080.0,15.85,1
M3662,2025-09-09 02:22:00,566225.0,14.31,1
M3663,2025-09-09 02:23:00,171211.0,4.61,1
M3664,2025-09-09 02:24:00,461709.0,1.99,1
M3665,2025-09-09 02:25:00,239848.0,10.23,1
M3666,2025-09-09 02:26:00,369068.0,4.84,1
M3667,2025-09-09 02:27:00,256591.0,2.5,1
M3668,2025-09-09 02:28:00,194428.0,9.16,1
M3669,2025-09-09 02:29:00,997638.0,4.9,1
M3670,2025-09-09 02:30:00,757774.0,30.24,1
M3671,2025-09-09 02:31:00,343230.0,16.02,1
M3672,2025-09-09 02:32:00,550149.0,16.22,1
M3673,2025-09-09 02:33:00,262857.0,5.12,1
M3674,2025-09-09 02:34:00,376020.0,6.59,1
M3675,2025-09-09 02:35:00,1415026.0,4.47,1
M3676,2025-09-09 02:36:00,838926.0,10.08,1
M3677,2025-09-09 02:37:00,2877952.0,18.16,1
M3678,2025-09-09 02:38:00,1031969.0,21.49,1
M3679,2025-09-09 02:39:00,563120.0,2.09,1
M3680,2025-09-09 02:40:00,501690.0,2.7,1
M3681,2025-09-09 02:41:00,475216.0,9.08,1
M3682,2025-09-09 02:42:00,1204487.0,6.38,1
M3683,2025-09-09 02:43:00,796326.0,1.93,1
M3684,2025-09-09 02:44:00,442966.0,3.4,1
M3685,2025-09-09 02:45:00,257304.0,15.58,1
M3686,2025-09-09 02:46:00,405356.0,6.5,1
M3687,2025-09-09 02:47:00,1161239.0,3.26,1
M3688,2025-09-09 02:48:00,225361.0,12.75,1
M3689,2025-09-09 02:49:00,750443.0,3.08,1
M3690,2025-09-09 02:50:00,736277.0,15.53,1
M3691,2025-09-09 02:51:00,538151.0,14.0,1
M3692,2025-09-09 02:52:00,496388.0,3.54,1
M3693,2025-09-09 02:53:00,632253.0,8.06,1
M3694,2025-09-09 02:54:00,385752.0,14.21,1
M3695,2025-09-09 02:55:00,555505.0,7.09,1
M3696,2025-09-09 02:56:00,1686425.0,10.93,1
M3697,2025-09-09 02:57:00,147376.0,8.33,1
M3698,2025-09-09 02:58:00,602762.0,15.02,1
M3699,2025-09-09 02:59:00,1078185.0,10.27,1
M3700,2025-09-09 03:00:00,260214.0,16.82,1
M3701,2025-09-09 03:01:00,472918.0,12.03,1
M3702,2025-09-09 03:02:00,870472.0,5.68,1
M3703,2025-09-09 03:03:00,232522.0,13.94,1
M3704,2025-09-09 03:04:00,758929.0,2.64,1
M3705,2025-09-09 03:05:00,205937.0,8.54,1
M3706,2025-09-09 03:06:00,1267199.0,5.15,1
M3707,2025-09-09 03:07:00,335909.0,3.58,1
M3708,2025-09-09 03:08:00,410034.0,14.95,1
M3709,2025-09-09 03:09:00,1385653.0,10.32,1
M3710,2025-09-09 03:10:00,1135673.0,4.22,1
M3711,2025-09-09 03:11:00,171474.0,13.04,1
M3712,2025-09-09 03:12:00,365912.0,10.84,1
M3713,2025-09-09 03:13:00,263578.0,12.89,1
M3714,2025-09-09 03:14:00,459600.0,6.89,1
M3715,2025-09-09 03:15:00,930037.0,9.25,1
M3716,2025-09-09 03:16:00,413493.0,4.65,1
M3717,2025-09-09 03:17:00,178395.0,3.89,1
M3718,2025-09-09 03:18:00,800170.0,11.05,1
M3719,2025-09-09 03:19:00,875795.0,3.23,1
M3720,2025-09-09 03:20:00,567920.0,5.31,1
M3721,2025-09-09 03:21:00,580848.0,11.32,1
M3722,2025-09-09 03:22:00,665058.0,2.82,1
M3723,2025-09-09 03:23:00,1110203.0,3.51,1
M3724,2025-09-09 03:24:00,367336.0,4.56,1
M3725,2025-09-09 03:25:00,281587.0,12.23,1
M3726,2025-09-09 03:26:00,985752.0,1.45,1
M3727,2025-09-09 03:27:00,197451.0,10.55,1
M3728,2025-09-09 03:28:00,782558.0,5.1,1
M3729,2025-09-09 03:29:00,619856.0,8.45,1
M3730,2025-09-09 03:30:00,226599.0,4.64,1
M3731,2025-09-09 03:31:00,227974.0,2.4,1
M3732,2025-09-09 03:32:00,982899.0,18.21,1
M3733,2025-09-09 03:33:00,255043.0,15.81,1
M3734,2025-09-09 03:34:00,237377.0,4.75,1
M3735,2025-09-09 03:35:00,389784.0,3.69,1
M3736,2025-09-09 03:36:00,640074.0,5.68,1
M3737,2025-09-09 03:37:00,229670.0,2.27,1
M3738,2025-09-09 03:38:00,112421.0,9.48,1
M3739,2025-09-09 03:39:00,919634.0,5.92,1
M3740,2025-09-09 03:40:00,1769007.0,55.69,1
M3741,2025-09-09 03:41:00,397943.0,8.25,1
M3742,2025-09-09 03:42:00,146917.0,10.06,1
M3743,2025-09-09 03:43:00,197298.0,5.8,1
M3744,2025-09-09 03:44:00,608010.0,2.29,1
M3745,2025-09-09 03:45:00,1398256.0,7.77,1
M3746,2025-09-09 03:46:00,75475.0,4.04,1
M3747,2025-09-09 03:47:00,277774.0,4.11,1
M3748,2025-09-09 03:48:00,210802.0,3.07,1
M3749,2025-09-09 03:49:00,1737305.0,10.78,1
M3750,2025-09-09 03:50:00,1458670.0,21.97,1
M3751,2025-09-09 03:51:00,123195.0,7.36,1
M3752,2025-09-09 03:52:00,2872736.0,3.09,1
M3753,2025-09-09 03:53:00,676887.0,2.96,1
M3754,2025-09-09 03:54:00,961559.0,11.97,1
M3755,2025-09-09 03:55:00,508282.0,3.47,1
M3756,2025-09-09 03:56:00,228396.0,3.74,1
M3757,2025-09-09 03:57:00,772446.0,7.14,1
M3758,2025-09-09 03:58:00,348863.0,5.75,1
M3759,2025-09-09 03:59:00,397192.0,3.46,1
M3760,2025-09-09 04:00:00,180475.0,0.8,1
M3761,2025-09-09 04:01:00,542246.0,6.95,1
M3762,2025-09-09 04:02:00,514280.0,17.1,1
M3763,2025-09-09 04:03:00,1081231.0,12.64,1
M3764,2025-09-09 04:04:00,162494.0,7.03,1
M3765,2025-09-09 04:05:00,188918.0,2.63,1
M3766,2025-09-09 04:06:00,1400024.0,4.89,1
M3767,2025-09-09 04:07:00,709118.0,7.32,1
M3768,2025-09-09 04:08:00,227723.0,7.14,1
M3769,2025-09-09 04:09:00,884906.0,7.42,1
M3770,2025-09-09 04:10:00,805093.0,12.6,1
M3771,2025-09-09 04:11:00,1094416.0,8.54,1
M3772,2025-09-09 04:12:00,208130.0,3.35,1
M3773,2025-09-09 04:13:00,296860.0,16.22,1
M3774,2025-09-09 04:14:00,696255.0,18.13,1
M3775,2025-09-09 04:15:00,1469063.0,6.49,1
M3776,2025-09-09 04:16:00,260586.0,3.58,1
M3777,2025-09-09 04:17:00,589017.0,4.31,1
M3778,2025-09-09 04:18:00,892902.0,28.94,1
M3779,2025-09-09 04:19:00,405308.0,30.47,1
M3780,2025-09-09 04:20:00,354059.0,2.6,1
M3781,2025-09-09 04:21:00,994606.0,5.6,1
M3782,2025-09-09 04:22:00,504888.0,24.36,1
M3783,2025-09-09 04:23:00,128468.0,1.66,1
M3784,2025-09-09 04:24:00,323000.0,2.5,1
M3785,2025-09-09 04:25:00,262297.0,4.18,1
M3786,2025-09-09 04:26:00,637645.0,16.23,1
M3787,2025-09-09 04:27:00,3790048.0,12.39,1
M3788,2025-09-09 04:28:00,124088.0,6.29,1
M3789,2025-09-09 04:29:00,238471.0,5.0,1
M3790,2025-09-09 04:30:00,227610.0,4.84,1
M3791,2025-09-09 04:31:00,150902.0,14.23,1
M3792,2025-09-09 04:32:00,2860930.0,8.57,1
M3793,2025-09-09 04:33:00,813467.0,9.53,1
M3794,2025-09-09 04:34:00,81555.0,10.18,1
M3795,2025-09-09 04:35:00,357149.0,13.71,1
M3796,2025-09-09 04:36:00,493235.0,8.96,1
M3797,2025-09-09 04:37:00,549449.0,16.44,1
M3798,2025-09-09 04:38:00,737040.0,26.95,1
M3799,2025-09-09 04:39:00,231778.0,3.4,1
M3800,2025-09-09 04:40:00,697366.0,7.01,1
M3801,2025-09-09 04:41:00,770821.0,3.15,1
M3802,2025-09-09 04:42:00,140963.0,19.18,1
M3803,2025-09-09 04:43:00,507176.0,6.01,1
M3804,2025-09-09 04:44:00,604151.0,7.71,1
M3805,2025-09-09 04:45:00,927961.0,11.71,1
M3806,2025-09-09 04:46:00,831406.0,8.61,1
M3807,2025-09-09 04:47:00,961164.0,6.79,1
M3808,2025-09-09 04:48:00,1340776.0,2.94,1
M3809,2025-09-09 04:49:00,775401.0,19.5,1
M3810,2025-09-09 04:50:00,949335.0,7.96,1
M3811,2025-09-09 04:51:00,234038.0,11.0,1
M3812,2025-09-09 04:52:00,109488.0,4.22,1
M3813,2025-09-09 04:53:00,781460.0,11.31,1
M3814,2025-09-09 04:54:00,1080870.0,12.65,1
M3815,2025-09-09 04:55:00,978539.0,17.85,1
M3816,2025-09-09 04:56:00,770979.0,8.87,1
M3817,2025-09-09 04:57:00,670074.0,3.03,1
M3818,2025-09-09 04:58:00,456516.0,3.9,1
M3819,2025-09-09 04:59:00,2033479.0,14.81,1
M3820,2025-09-09 05:00:00,442077.0,7.41,1
M3821,2025-09-09 05:01:00,498354.0,18.31,1
M3822,2025-09-09 05:02:00,370410.0,8.36,1
M3823,2025-09-09 05:03:00,134728.0,9.34,1
M3824,2025-09-09 05:04:00,905886.0,4.23,1
M3825,2025-09-09 05:05:00,531314.0,9.35,1
M3826,2025-09-09 05:06:00,981834.0,3.1,1
M3827,2025-09-09 05:07:00,257197.0,8.88,1
M3828,2025-09-09 05:08:00,360046.0,10.18,1
M3829,2025-09-09 05:09:00,352767.0,11.21,1
M3830,2025-09-09 05:10:00,191814.0,9.81,1
M3831,2025-09-09 05:11:00,954030.0,1.65,1
M3832,2025-09-09 05:12:00,168865.0,2.82,1
M3833,2025-09-09 05:13:00,463872.0,3.28,1
M3834,2025-09-09 05:14:00,516848.0,16.12,1
M3835,2025-09-09 05:15:00,410508.0,10.06,1
M3836,2025-09-09 05:16:00,143009.0,7.16,1
M3837,2025-09-09 05:17:00,458715.0,9.89,1
M3838,2025-09-09 05:18:00,413002.0,6.26,1
M3839,2025-09-09 05:19:00,2194007.0,5.0,1
M3840,2025-09-09 05:20:00,810844.0,2.63,1
M3841,2025-09-09 05:21:00,1283469.0,4.86,1
M3842,2025-09-09 05:22:00,382643.0,3.07,1
M3843,2025-09-09 05:23:00,627397.0,15.25,1
M3844,2025-09-09 05:24:00,539991.0,6.0,1
M3845,2025-09-09 05:25:00,362480.0,10.98,1
M3846,2025-09-09 05:26:00,737648.0,13.22,1
M3847,2025-09-09 05:27:00,74220.0,2.7,1
M3848,2025-09-09 05:28:00,975021.0,13.07,1
M3849,2025-09-09 05:29:00,259532.0,2.99,1
M3850,2025-09-09 05:30:00,1534182.0,8.66,1
M3851,2025-09-09 05:31:00,405816.0,6.22,1
M3852,2025-09-09 05:32:00,269048.0,3.59,1
M3853,2025-09-09 05:33:00,295675.0,4.93,1
M3854,2025-09-09 05:34:00,508938.0,5.21,1
M3855,2025-09-09 05:35:00,154940.0,24.68,1
M3856,2025-09-09 05:36:00,458905.0,4.49,1
M3857,2025-09-09 05:37:00,351592.0,6.66,1
M3858,2025-09-09 05:38:00,264470.0,38.52,1
M3859,2025-09-09 05:39:00,946215.0,21.54,1
M3860,2025-09-09 05:40:00,797370.0,11.61,1
M3861,2025-09-09 05:41:00,2192754.0,6.32,1
M3862,2025-09-09 05:42:00,448760.0,9.04,1
M3863,2025-09-09 05:43:00,893937.0,6.09,1
M3864,2025-09-09 05:44:00,715977.0,8.14,1
M3865,2025-09-09 05:45:00,387315.0,9.08,1
M3866,2025-09-09 05:46:00,383736.0,18.53,1
M3867,2025-09-09 05:47:00,539981.0,6.44,1
M3868,2025-09-09 05:48:00,1355584.0,19.85,1
M3869,2025-09-09 05:49:00,1888245.0,5.48,1
M3870,2025-09-09 05:50:00,319928.0,36.44,1
M3871,2025-09-09 05:51:00,398344.0,18.63,1
M3872,2025-09-09 05:52:00,289799.0,7.07,1
M3873,2025-09-09 05:53:00,4814290.0,2.04,1
M3874,2025-09-09 05:54:00,1655314.0,5.44,1
M3875,2025-09-09 05:55:00,632657.0,6.16,1
M3876,2025-09-09 05:56:00,394183.0,5.34,1
M3877,2025-09-09 05:57:00,210428.0,12.99,1
M3878,2025-09-09 05:58:00,300660.0,8.18,1
M3879,2025-09-09 05:59:00,846917.0,8.68,1
M3880,2025-09-09 06:00:00,123116.0,25.29,1
M3881,2025-09-09 06:01:00,1535663.0,10.12,1
M3882,2025-09-09 06:02:00,200873.0,5.09,1
M3883,2025-09-09 06:03:00,507329.0,25.87,1
M3884,2025-09-09 06:04:00,365003.0,6.87,1
M3885,2025-09-09 06:05:00,1618230.0,7.27,1
M3886,2025-09-09 06:06:00,359553.0,6.93,1
M3887,2025-09-09 06:07:00,458246.0,16.04,1
M3888,2025-09-09 06:08:00,91012.0,11.6,1
M3889,2025-09-09 06:09:00,1503826.0,14.69,1
M3890,2025-09-09 06:10:00,774522.0,11.75,1
M3891,2025-09-09 06:11:00,1352771.0,7.14,1
M3892,2025-09-09 06:12:00,1138777.0,4.68,1
M3893,2025-09-09 06:13:00,278854.0,20.42,1
M3894,2025-09-09 06:14:00,774205.0,2.47,1
M3895,2025-09-09 06:15:00,1229409.0,6.79,1
M3896,2025-09-09 06:16:00,944758.0,10.44,1
M3897,2025-09-09 06:17:00,136547.0,5.39,1
M3898,2025-09-09 06:18:00,458390.0,2.04,1
M3899,2025-09-09 06:19:00,285123.0,9.4,1
M3900,2025-09-09 06:20:00,534589.0,3.1,1
M3901,2025-09-09 06:21:00,218152.0,19.3,1
M3902,2025-09-09 06:22:00,190776.0,5.76,1
M3903,2025-09-09 06:23:00,870368.0,7.67,1
M3904,2025-09-09 06:24:00,470913.0,16.16,1
M3905,2025-09-09 06:25:00,924761.0,15.53,1
M3906,2025-09-09 06:26:00,853241.0,3.77,1
M3907,2025-09-09 06:27:00,890271.0,4.18,1
M3908,2025-09-09 06:28:00,701612.0,4.63,1
M3909,2025-09-09 06:29:00,566534.0,24.2,1
M3910,2025-09-09 06:30:00,1711910.0,7.47,1
M3911,2025-09-09 06:31:00,272657.0,9.27,1
M3912,2025-09-09 06:32:00,440894.0,12.14,1
M3913,2025-09-09 06:33:00,747780.0,6.89,1
M3914,2025-09-09 06:34:00,247503.0,11.06,1
M3915,2025-09-09 06:35:00,1213085.0,8.06,1
M3916,2025-09-09 06:36:00,1275421.0,10.26,1
M3917,2025-09-09 06:37:00,582772.0,3.73,1
M3918,2025-09-09 06:38:00,1545356.0,9.15,1
M3919,2025-09-09 06:39:00,832403.0,4.38,1
M3920,2025-09-09 06:40:00,890419.0,23.32,1
M3921,2025-09-09 06:41:00,1719376.0,2.51,1
M3922,2025-09-09 06:42:00,141839.0,7.44,1
M3923,2025-09-09 06:43:00,191863.0,13.84,1
M3924,2025-09-09 06:44:00,364183.0,12.23,1
M3925,2025-09-09 06:45:00,621719.0,10.41,1
M3926,2025-09-09 06:46:00,542937.0,2.04,1
M3927,2025-09-09 06:47:00,470705.0,5.69,1
M3928,2025-09-09 06:48:00,875481.0,30.9,1
M3929,2025-09-09 06:49:00,468573.0,4.76,1
M3930,2025-09-09 06:50:00,736961.0,2.31,1
M3931,2025-09-09 06:51:00,304870.0,12.5,1
M3932,2025-09-09 06:52:00,767449.0,4.9,1
M3933,2025-09-09 06:53:00,187657.0,48.32,1
M3934,2025-09-09 06:54:00,445045.0,5.08,1
M3935,2025-09-09 06:55:00,1619461.0,2.9,1
M3936,2025-09-09 06:56:00,843482.0,18.62,1
M3937,2025-09-09 06:57:00,1593193.0,6.06,1
M3938,2025-09-09 06:58:00,529933.0,13.89,1
M3939,2025-09-09 06:59:00,374456.0,7.52,1
M3940,2025-09-09 07:00:00,961020.0,4.03,1
M3941,2025-09-09 07:01:00,256749.0,11.36,1
M3942,2025-09-09 07:02:00,586455.0,12.66,1
M3943,2025-09-09 07:03:00,337489.0,7.79,1
M3944,2025-09-09 07:04:00,731235.0,4.83,1
M3945,2025-09-09 07:05:00,331126.0,6.08,1
M3946,2025-09-09 07:06:00,881104.0,17.02,1
M3947,2025-09-09 07:07:00,159932.0,10.06,1
M3948,2025-09-09 07:08:00,602661.0,10.03,1
M3949,2025-09-09 07:09:00,123290.0,11.31,1
M3950,2025-09-09 07:10:00,337177.0,5.32,1
M3951,2025-09-09 07:11:00,710765.0,6.78,1
M3952,2025-09-09 07:12:00,1259774.0,5.46,1
M3953,2025-09-09 07:13:00,471558.0,8.07,1
M3954,2025-09-09 07:14:00,445442.0,2.87,1
M3955,2025-09-09 07:15:00,132699.0,2.79,1
M3956,2025-09-09 07:16:00,1556873.0,8.56,1
M3957,2025-09-09 07:17:00,306227.0,2.16,1
M3958,2025-09-09 07:18:00,412953.0,3.29,1
M3959,2025-09-09 07:19:00,649368.0,6.79,1
M3960,2025-09-09 07:20:00,646781.0,7.42,1
M3961,2025-09-09 07:21:00,121053.0,8.27,1
M3962,2025-09-09 07:22:00,1077683.0,17.64,1
M3963,2025-09-09 07:23:00,1624883.0,6.63,1
M3964,2025-09-09 07:24:00,653804.0,13.67,1
M3965,2025-09-09 07:25:00,558075.0,10.28,1
M3966,2025-09-09 07:26:00,680044.0,11.73,1
M3967,2025-09-09 07:27:00,451646.0,4.32,1
M3968,2025-09-09 07:28:00,1244291.0,4.51,1
M3969,2025-09-09 07:29:00,2314145.0,4.2,1
M3970,2025-09-09 07:30:00,1240063.0,12.17,1
M3971,2025-09-09 07:31:00,513722.0,7.99,1
M3972,2025-09-09 07:32:00,1432686.0,19.48,1
M3973,2025-09-09 07:33:00,719605.0,6.19,1
M3974,2025-09-09 07:34:00,747541.0,18.44,1
M3975,2025-09-09 07:35:00,154269.0,20.69,1
M3976,2025-09-09 07:36:00,505427.0,15.12,1
M3977,2025-09-09 07:37:00,26776.0,5.75,1
M3978,2025-09-09 07:38:00,293178.0,3.87,1
M3979,2025-09-09 07:39:00,804915.0,17.33,1
M3980,2025-09-09 07:40:00,590703.0,2.37,1
M3981,2025-09-09 07:41:00,290656.0,8.59,1
M3982,2025-09-09 07:42:00,149937.0,9.5,1
M3983,2025-09-09 07:43:00,804423.0,7.58,1
M3984,2025-09-09 07:44:00,528919.0,2.87,1
M3985,2025-09-09 07:45:00,340773.0,7.91,1
M3986,2025-09-09 07:46:00,221694.0,4.38,1
M3987,2025-09-09 07:47:00,840748.0,4.2,1
M3988,2025-09-09 07:48:00,206840.0,1.85,1
M3989,2025-09-09 07:49:00,539165.0,22.42,1
M3990,2025-09-09 07:50:00,353101.0,17.3,1
M3991,2025-09-09 07:51:00,365322.0,9.86,1
M3992,2025-09-09 07:52:00,235512.0,12.38,1
M3993,2025-09-09 07:53:00,858435.0,2.52,1
M3994,2025-09-09 07:54:00,2612160.0,6.73,1
M3995,2025-09-09 07:55:00,764713.0,8.91,1
M3996,2025-09-09 07:56:00,641463.0,1.89,1
M3997,2025-09-09 07:57:00,327599.0,2.04,1
M3998,2025-09-09 07:58:00,641117.0,10.72,1
M3999,2025-09-09 07:59:00,1379482.0,2.18,1
