cif,tran_datetime,tran_amount_equal,gap_minutes,target
N0,2025-09-01 00:00:00,372454.0,9.01,0
N1,2025-09-01 00:01:00,124651.0,11.05,0
N2,2025-09-01 00:02:00,642268.0,42.19,0
N3,2025-09-01 00:03:00,64352.0,39.74,0
N4,2025-09-01 00:04:00,17486.0,101.56,0
N5,2025-09-01 00:05:00,117075.0,141.95,0
N6,2025-09-01 00:06:00,28550.0,28.86,0
N7,2025-09-01 00:07:00,729544.0,34.45,0
N8,2025-09-01 00:08:00,53668.0,13.26,0
N9,2025-09-01 00:09:00,67869.0,13.76,0
N10,2025-09-01 00:10:00,184478.0,1.79,0
N11,2025-09-01 00:11:00,168162.0,5.17,0
N12,2025-09-01 00:12:00,191629.0,5.29,0
N13,2025-09-01 00:13:00,91959.0,26.72,0
N14,2025-09-01 00:14:00,551232.0,13.6,0
N15,2025-09-01 00:15:00,169704.0,207.19,0
N16,2025-09-01 00:16:00,130920.0,200.1,0
N17,2025-09-01 00:17:00,184237.0,60.61,0
N18,2025-09-01 00:18:00,76738.0,61.79,0
N19,2025-09-01 00:19:00,9243.0,80.56,0
N20,2025-09-01 00:20:00,272330.0,17.68,0
N21,2025-09-01 00:21:00,249327.0,18.06,0
N22,2025-09-01 00:22:00,65827.0,6.26,0
N23,2025-09-01 00:23:00,158603.0,12.67,0
N24,2025-09-01 00:24:00,558985.0,78.87,0
N25,2025-09-01 00:25:00,215519.0,23.66,0
N26,2025-09-01 00:26:00,195429.0,12.93,0
N27,2025-09-01 00:27:00,870788.0,13.99,0
N28,2025-09-01 00:28:00,79238.0,22.85,0
N29,2025-09-01 00:29:00,52173.0,79.04,0
N30,2025-09-01 00:30:00,378614.0,4.17,0
N31,2025-09-01 00:31:00,244674.0,14.45,0
N32,2025-09-01 00:32:00,113796.0,56.7,0
N33,2025-09-01 00:33:00,107679.0,3.57,0
N34,2025-09-01 00:34:00,87423.0,98.47,0
N35,2025-09-01 00:35:00,355892.0,7.39,0
N36,2025-09-01 00:36:00,196796.0,44.9,0
N37,2025-09-01 00:37:00,181375.0,22.28,0
N38,2025-09-01 00:38:00,322377.0,30.75,0
N39,2025-09-01 00:39:00,9632.0,4.69,0
N40,2025-09-01 00:40:00,183224.0,23.21,0
N41,2025-09-01 00:41:00,30293.0,13.06,0
N42,2025-09-01 00:42:00,209137.0,84.77,0
N43,2025-09-01 00:43:00,253429.0,10.49,0
N44,2025-09-01 00:44:00,472491.0,19.8,0
N45,2025-09-01 00:45:00,267211.0,14.16,0
N46,2025-09-01 00:46:00,106156.0,32.04,0
N47,2025-09-01 00:47:00,76273.0,84.94,0
N48,2025-09-01 00:48:00,157596.0,20.48,0
N49,2025-09-01 00:49:00,381320.0,34.28,0
N50,2025-09-01 00:50:00,198685.0,5.83,0
N51,2025-09-01 00:51:00,36102.0,21.77,0
N52,2025-09-01 00:52:00,285248.0,4.68,0
N53,2025-09-01 00:53:00,317044.0,6.85,0
N54,2025-09-01 00:54:00,201719.0,89.67,0
N55,2025-09-01 00:55:00,1946978.0,18.26,0
N56,2025-09-01 00:56:00,135675.0,9.35,0
N57,2025-09-01 00:57:00,289210.0,20.42,0
N58,2025-09-01 00:58:00,40480.0,3.76,0
N59,2025-09-01 00:59:00,84788.0,159.39,0
N60,2025-09-01 01:00:00,243730.0,11.13,0
N61,2025-09-01 01:01:00,600843.0,27.25,0
N62,2025-09-01 01:02:00,182507.0,14.56,0
N63,2025-09-01 01:03:00,185146.0,18.54,0
N64,2025-09-01 01:04:00,354399.0,5.92,0
N65,2025-09-01 01:05:00,67916.0,13.58,0
N66,2025-09-01 01:06:00,42201.0,44.94,0
N67,2025-09-01 01:07:00,339734.0,9.39,0
N68,2025-09-01 01:08:00,145644.0,17.07,0
N69,2025-09-01 01:09:00,91476.0,177.05,0
N70,2025-09-01 01:10:00,298184.0,22.12,0
N71,2025-09-01 01:11:00,82330.0,6.97,0
N72,2025-09-01 01:12:00,149021.0,80.09,0
N73,2025-09-01 01:13:00,302029.0,55.96,0
N74,2025-09-01 01:14:00,96075.0,57.5,0
N75,2025-09-01 01:15:00,114756.0,28.5,0
N76,2025-09-01 01:16:00,312128.0,27.09,0
N77,2025-09-01 01:17:00,227881.0,105.9,0
N78,2025-09-01 01:18:00,256458.0,14.92,0
N79,2025-09-01 01:19:00,162675.0,67.52,0
N80,2025-09-01 01:20:00,107244.0,29.04,0
N81,2025-09-01 01:21:00,129811.0,52.85,0
N82,2025-09-01 01:22:00,31623.0,21.89,0
N83,2025-09-01 01:23:00,1070723.0,14.93,0
N84,2025-09-01 01:24:00,58125.0,7.94,0
N85,2025-09-01 01:25:00,83100.0,7.14,0
N86,2025-09-01 01:26:00,117972.0,78.31,0
N87,2025-09-01 01:27:00,21070.0,7.78,0
N88,2025-09-01 01:28:00,260175.0,38.92,0
N89,2025-09-01 01:29:00,675065.0,14.25,0
N90,2025-09-01 01:30:00,192729.0,8.0,0
N91,2025-09-01 01:31:00,154846.0,74.69,0
N92,2025-09-01 01:32:00,399940.0,137.65,0
N93,2025-09-01 01:33:00,91977.0,2.03,0
N94,2025-09-01 01:34:00,33701.0,23.45,0
N95,2025-09-01 01:35:00,44027.0,42.58,0
N96,2025-09-01 01:36:00,321365.0,22.19,0
N97,2025-09-01 01:37:00,336928.0,326.09,0
N98,2025-09-01 01:38:00,563594.0,311.56,0
N99,2025-09-01 01:39:00,1067840.0,32.34,0
N100,2025-09-01 01:40:00,293367.0,8.26,0
N101,2025-09-01 01:41:00,262770.0,7.21,0
N102,2025-09-01 01:42:00,318251.0,1.74,0
N103,2025-09-01 01:43:00,304768.0,82.2,0
N104,2025-09-01 01:44:00,1628775.0,6.42,0
N105,2025-09-01 01:45:00,36212.0,46.0,0
N106,2025-09-01 01:46:00,28447.0,50.3,0
N107,2025-09-01 01:47:00,97112.0,11.4,0
N108,2025-09-01 01:48:00,809083.0,7.79,0
N109,2025-09-01 01:49:00,110675.0,18.44,0
N110,2025-09-01 01:50:00,67680.0,15.09,0
N111,2025-09-01 01:51:00,2020893.0,73.19,0
N112,2025-09-01 01:52:00,150369.0,262.93,0
N113,2025-09-01 01:53:00,312003.0,30.65,0
N114,2025-09-01 01:54:00,87932.0,62.09,0
N115,2025-09-01 01:55:00,178411.0,5.03,0
N116,2025-09-01 01:56:00,334106.0,127.93,0
N117,2025-09-01 01:57:00,564563.0,440.13,0
N118,2025-09-01 01:58:00,530298.0,43.67,0
N119,2025-09-01 01:59:00,113965.0,7.66,0
N120,2025-09-01 02:00:00,200428.0,16.99,0
N121,2025-09-01 02:01:00,417599.0,6.11,0
N122,2025-09-01 02:02:00,481814.0,6.88,0
N123,2025-09-01 02:03:00,99633.0,8.85,0
N124,2025-09-01 02:04:00,175525.0,84.16,0
N125,2025-09-01 02:05:00,381084.0,10.45,0
N126,2025-09-01 02:06:00,326355.0,27.43,0
N127,2025-09-01 02:07:00,243307.0,9.08,0
N128,2025-09-01 02:08:00,94481.0,15.55,0
N129,2025-09-01 02:09:00,412878.0,3.28,0
N130,2025-09-01 02:10:00,241500.0,5.52,0
N131,2025-09-01 02:11:00,204596.0,31.76,0
N132,2025-09-01 02:12:00,86851.0,25.7,0
N133,2025-09-01 02:13:00,41426.0,40.57,0
N134,2025-09-01 02:14:00,45866.0,105.96,0
N135,2025-09-01 02:15:00,126864.0,361.65,0
N136,2025-09-01 02:16:00,381814.0,19.52,0
N137,2025-09-01 02:17:00,30450.0,4.26,0
N138,2025-09-01 02:18:00,96500.0,23.96,0
N139,2025-09-01 02:19:00,110408.0,184.14,0
N140,2025-09-01 02:20:00,179592.0,8.52,0
N141,2025-09-01 02:21:00,914694.0,8.38,0
N142,2025-09-01 02:22:00,45487.0,17.24,0
N143,2025-09-01 02:23:00,66290.0,30.64,0
N144,2025-09-01 02:24:00,58500.0,79.76,0
N145,2025-09-01 02:25:00,172399.0,58.05,0
N146,2025-09-01 02:26:00,76459.0,41.57,0
N147,2025-09-01 02:27:00,47972.0,1.24,0
N148,2025-09-01 02:28:00,408694.0,17.4,0
N149,2025-09-01 02:29:00,56293.0,6.1,0
N150,2025-09-01 02:30:00,96118.0,17.24,0
N151,2025-09-01 02:31:00,94632.0,10.22,0
N152,2025-09-01 02:32:00,83896.0,17.78,0
N153,2025-09-01 02:33:00,540742.0,55.94,0
N154,2025-09-01 02:34:00,10948.0,16.55,0
N155,2025-09-01 02:35:00,544273.0,2.49,0
N156,2025-09-01 02:36:00,50480.0,43.68,0
N157,2025-09-01 02:37:00,18652.0,7.54,0
N158,2025-09-01 02:38:00,65441.0,13.45,0
N159,2025-09-01 02:39:00,453175.0,13.85,0
N160,2025-09-01 02:40:00,93774.0,5.05,0
N161,2025-09-01 02:41:00,383225.0,2.7,0
N162,2025-09-01 02:42:00,411370.0,21.98,0
N163,2025-09-01 02:43:00,81320.0,49.36,0
N164,2025-09-01 02:44:00,265774.0,58.45,0
N165,2025-09-01 02:45:00,121108.0,0.6,0
N166,2025-09-01 02:46:00,87946.0,12.55,0
N167,2025-09-01 02:47:00,134615.0,48.62,0
N168,2025-09-01 02:48:00,188869.0,227.88,0
N169,2025-09-01 02:49:00,128051.0,79.17,0
N170,2025-09-01 02:50:00,61228.0,4.5,0
N171,2025-09-01 02:51:00,120253.0,11.41,0
N172,2025-09-01 02:52:00,127755.0,82.14,0
N173,2025-09-01 02:53:00,49185.0,7.7,0
N174,2025-09-01 02:54:00,396435.0,1.41,0
N175,2025-09-01 02:55:00,175036.0,11.48,0
N176,2025-09-01 02:56:00,214745.0,19.96,0
N177,2025-09-01 02:57:00,236289.0,33.49,0
N178,2025-09-01 02:58:00,254002.0,10.47,0
N179,2025-09-01 02:59:00,394950.0,51.33,0
N180,2025-09-01 03:00:00,81745.0,13.6,0
N181,2025-09-01 03:01:00,157922.0,40.25,0
N182,2025-09-01 03:02:00,144033.0,21.08,0
N183,2025-09-01 03:03:00,467081.0,2.26,0
N184,2025-09-01 03:04:00,184574.0,2.16,0
N185,2025-09-01 03:05:00,409469.0,2.06,0
N186,2025-09-01 03:06:00,549079.0,31.01,0
N187,2025-09-01 03:07:00,31409.0,20.99,0
N188,2025-09-01 03:08:00,183520.0,5.76,0
N189,2025-09-01 03:09:00,25854.0,40.35,0
N190,2025-09-01 03:10:00,246570.0,5.65,0
N191,2025-09-01 03:11:00,701643.0,2.28,0
N192,2025-09-01 03:12:00,100099.0,22.91,0
N193,2025-09-01 03:13:00,103169.0,74.5,0
N194,2025-09-01 03:14:00,228265.0,45.63,0
N195,2025-09-01 03:15:00,270791.0,7.3,0
N196,2025-09-01 03:16:00,670192.0,2.49,0
N197,2025-09-01 03:17:00,196738.0,18.65,0
N198,2025-09-01 03:18:00,315371.0,117.84,0
N199,2025-09-01 03:19:00,133224.0,65.85,0
N200,2025-09-01 03:20:00,139947.0,37.0,0
N201,2025-09-01 03:21:00,257569.0,6.85,0
N202,2025-09-01 03:22:00,233871.0,4.95,0
N203,2025-09-01 03:23:00,322988.0,45.9,0
N204,2025-09-01 03:24:00,137304.0,3.57,0
N205,2025-09-01 03:25:00,1234749.0,212.54,0
N206,2025-09-01 03:26:00,139916.0,60.3,0
N207,2025-09-01 03:27:00,31636.0,6.74,0
N208,2025-09-01 03:28:00,380255.0,17.63,0
N209,2025-09-01 03:29:00,334091.0,2.97,0
N210,2025-09-01 03:30:00,735095.0,13.55,0
N211,2025-09-01 03:31:00,241084.0,90.44,0
N212,2025-09-01 03:32:00,24222.0,184.19,0
N213,2025-09-01 03:33:00,145412.0,45.8,0
N214,2025-09-01 03:34:00,375214.0,1.18,0
N215,2025-09-01 03:35:00,287198.0,35.98,0
N216,2025-09-01 03:36:00,118039.0,36.25,0
N217,2025-09-01 03:37:00,423635.0,12.12,0
N218,2025-09-01 03:38:00,216485.0,59.78,0
N219,2025-09-01 03:39:00,14075.0,4.88,0
N220,2025-09-01 03:40:00,410165.0,44.74,0
N221,2025-09-01 03:41:00,242441.0,17.46,0
N222,2025-09-01 03:42:00,43108.0,37.15,0
N223,2025-09-01 03:43:00,123485.0,333.33,0
N224,2025-09-01 03:44:00,188451.0,30.41,0
N225,2025-09-01 03:45:00,391181.0,11.35,0
N226,2025-09-01 03:46:00,126192.0,6.67,0
N227,2025-09-01 03:47:00,8095.0,14.45,0
N228,2025-09-01 03:48:00,316405.0,20.55,0
N229,2025-09-01 03:49:00,116841.0,10.3,0
N230,2025-09-01 03:50:00,138215.0,205.63,0
N231,2025-09-01 03:51:00,461311.0,40.05,0
N232,2025-09-01 03:52:00,1278204.0,12.49,0
N233,2025-09-01 03:53:00,431600.0,109.26,0
N234,2025-09-01 03:54:00,159156.0,2.73,0
N235,2025-09-01 03:55:00,1086383.0,98.03,0
N236,2025-09-01 03:56:00,89277.0,91.28,0
N237,2025-09-01 03:57:00,223367.0,236.22,0
N238,2025-09-01 03:58:00,29100.0,25.35,0
N239,2025-09-01 03:59:00,84538.0,77.7,0
N240,2025-09-01 04:00:00,217670.0,35.37,0
N241,2025-09-01 04:01:00,157063.0,42.26,0
N242,2025-09-01 04:02:00,175636.0,6.07,0
N243,2025-09-01 04:03:00,117074.0,122.26,0
N244,2025-09-01 04:04:00,156758.0,30.24,0
N245,2025-09-01 04:05:00,204711.0,4.44,0
N246,2025-09-01 04:06:00,513714.0,17.72,0
N247,2025-09-01 04:07:00,301803.0,2.09,0
N248,2025-09-01 04:08:00,108733.0,2.44,0
N249,2025-09-01 04:09:00,68432.0,6.44,0
N250,2025-09-01 04:10:00,350919.0,47.93,0
N251,2025-09-01 04:11:00,101565.0,95.33,0
N252,2025-09-01 04:12:00,875843.0,7.07,0
N253,2025-09-01 04:13:00,174573.0,13.01,0
N254,2025-09-01 04:14:00,300226.0,25.28,0
N255,2025-09-01 04:15:00,108068.0,18.55,0
N256,2025-09-01 04:16:00,121115.0,25.42,0
N257,2025-09-01 04:17:00,117306.0,4.67,0
N258,2025-09-01 04:18:00,160756.0,38.76,0
N259,2025-09-01 04:19:00,88715.0,15.64,0
N260,2025-09-01 04:20:00,41810.0,11.62,0
N261,2025-09-01 04:21:00,370942.0,42.89,0
N262,2025-09-01 04:22:00,259039.0,27.4,0
N263,2025-09-01 04:23:00,220601.0,34.88,0
N264,2025-09-01 04:24:00,676961.0,16.15,0
N265,2025-09-01 04:25:00,623291.0,118.27,0
N266,2025-09-01 04:26:00,293786.0,13.54,0
N267,2025-09-01 04:27:00,170760.0,105.14,0
N268,2025-09-01 04:28:00,23960.0,13.92,0
N269,2025-09-01 04:29:00,215492.0,45.35,0
N270,2025-09-01 04:30:00,28979.0,5.89,0
N271,2025-09-01 04:31:00,89257.0,2.13,0
N272,2025-09-01 04:32:00,66095.0,63.75,0
N273,2025-09-01 04:33:00,23985.0,12.12,0
N274,2025-09-01 04:34:00,173449.0,52.88,0
N275,2025-09-01 04:35:00,82996.0,105.28,0
N276,2025-09-01 04:36:00,130582.0,8.18,0
N277,2025-09-01 04:37:00,107253.0,9.67,0
N278,2025-09-01 04:38:00,46843.0,23.71,0
N279,2025-09-01 04:39:00,31592.0,14.99,0
N280,2025-09-01 04:40:00,60301.0,22.86,0
N281,2025-09-01 04:41:00,105377.0,60.83,0
N282,2025-09-01 04:42:00,367129.0,6.34,0
N283,2025-09-01 04:43:00,101013.0,17.8,0
N284,2025-09-01 04:44:00,141844.0,89.48,0
N285,2025-09-01 04:45:00,148100.0,60.79,0
N286,2025-09-01 04:46:00,216401.0,63.25,0
N287,2025-09-01 04:47:00,41232.0,9.28,0
N288,2025-09-01 04:48:00,570189.0,24.15,0
N289,2025-09-01 04:49:00,124724.0,39.1,0
N290,2025-09-01 04:50:00,356634.0,35.59,0
N291,2025-09-01 04:51:00,1304063.0,9.79,0
N292,2025-09-01 04:52:00,244481.0,78.35,0
N293,2025-09-01 04:53:00,107493.0,49.35,0
N294,2025-09-01 04:54:00,209328.0,5.42,0
N295,2025-09-01 04:55:00,73309.0,49.32,0
N296,2025-09-01 04:56:00,75525.0,108.77,0
N297,2025-09-01 04:57:00,36263.0,13.0,0
N298,2025-09-01 04:58:00,147961.0,18.18,0
N299,2025-09-01 04:59:00,386125.0,109.14,0
N300,2025-09-01 05:00:00,57585.0,3.48,0
N301,2025-09-01 05:01:00,782984.0,3.57,0
N302,2025-09-01 05:02:00,54056.0,49.28,0
N303,2025-09-01 05:03:00,141196.0,13.23,0
N304,2025-09-01 05:04:00,75987.0,2.75,0
N305,2025-09-01 05:05:00,55379.0,2.33,0
N306,2025-09-01 05:06:00,257302.0,35.86,0
N307,2025-09-01 05:07:00,1349199.0,149.48,0
N308,2025-09-01 05:08:00,11346.0,9.45,0
N309,2025-09-01 05:09:00,297240.0,8.77,0
N310,2025-09-01 05:10:00,719066.0,11.2,0
N311,2025-09-01 05:11:00,125130.0,11.1,0
N312,2025-09-01 05:12:00,27715.0,60.71,0
N313,2025-09-01 05:13:00,705509.0,1.55,0
N314,2025-09-01 05:14:00,75648.0,27.7,0
N315,2025-09-01 05:15:00,55108.0,179.34,0
N316,2025-09-01 05:16:00,330581.0,47.12,0
N317,2025-09-01 05:17:00,197792.0,17.67,0
N318,2025-09-01 05:18:00,67321.0,32.7,0
N319,2025-09-01 05:19:00,71978.0,72.89,0
N320,2025-09-01 05:20:00,224977.0,9.23,0
N321,2025-09-01 05:21:00,169227.0,3.17,0
N322,2025-09-01 05:22:00,171907.0,35.4,0
N323,2025-09-01 05:23:00,73935.0,40.55,0
N324,2025-09-01 05:24:00,307297.0,7.79,0
N325,2025-09-01 05:25:00,191532.0,27.73,0
N326,2025-09-01 05:26:00,36654.0,6.95,0
N327,2025-09-01 05:27:00,152352.0,202.37,0
N328,2025-09-01 05:28:00,206402.0,4.71,0
N329,2025-09-01 05:29:00,125853.0,21.17,0
N330,2025-09-01 05:30:00,137147.0,40.21,0
N331,2025-09-01 05:31:00,253857.0,18.13,0
N332,2025-09-01 05:32:00,1281015.0,14.89,0
N333,2025-09-01 05:33:00,454373.0,585.68,0
N334,2025-09-01 05:34:00,47747.0,62.64,0
N335,2025-09-01 05:35:00,141169.0,0.93,0
N336,2025-09-01 05:36:00,208550.0,79.75,0
N337,2025-09-01 05:37:00,161104.0,34.08,0
N338,2025-09-01 05:38:00,735237.0,7.77,0
N339,2025-09-01 05:39:00,34318.0,1.0,0
N340,2025-09-01 05:40:00,74870.0,63.7,0
N341,2025-09-01 05:41:00,130601.0,143.89,0
N342,2025-09-01 05:42:00,209381.0,4.57,0
N343,2025-09-01 05:43:00,572924.0,8.99,0
N344,2025-09-01 05:44:00,205835.0,24.16,0
N345,2025-09-01 05:45:00,485141.0,25.39,0
N346,2025-09-01 05:46:00,209259.0,25.46,0
N347,2025-09-01 05:47:00,171954.0,26.3,0
N348,2025-09-01 05:48:00,125814.0,6.8,0
N349,2025-09-01 05:49:00,908461.0,14.97,0
N350,2025-09-01 05:50:00,567874.0,7.1,0
N351,2025-09-01 05:51:00,174904.0,39.76,0
N352,2025-09-01 05:52:00,66959.0,24.51,0
N353,2025-09-01 05:53:00,696708.0,58.9,0
N354,2025-09-01 05:54:00,244845.0,10.17,0
N355,2025-09-01 05:55:00,262409.0,3.48,0
N356,2025-09-01 05:56:00,59937.0,5.17,0
N357,2025-09-01 05:57:00,142738.0,14.51,0
N358,2025-09-01 05:58:00,211716.0,10.15,0
N359,2025-09-01 05:59:00,540646.0,161.71,0
N360,2025-09-01 06:00:00,163191.0,16.72,0
N361,2025-09-01 06:01:00,20221.0,15.05,0
N362,2025-09-01 06:02:00,1330689.0,18.62,0
N363,2025-09-01 06:03:00,117699.0,4.23,0
N364,2025-09-01 06:04:00,166973.0,10.2,0
N365,2025-09-01 06:05:00,2391055.0,27.69,0
N366,2025-09-01 06:06:00,311339.0,115.8,0
N367,2025-09-01 06:07:00,54524.0,12.2,0
N368,2025-09-01 06:08:00,85981.0,6.99,0
N369,2025-09-01 06:09:00,646707.0,6.95,0
N370,2025-09-01 06:10:00,63307.0,5.38,0
N371,2025-09-01 06:11:00,237392.0,29.16,0
N372,2025-09-01 06:12:00,227408.0,2.23,0
N373,2025-09-01 06:13:00,142414.0,113.44,0
N374,2025-09-01 06:14:00,373270.0,2.13,0
N375,2025-09-01 06:15:00,1402447.0,26.16,0
N376,2025-09-01 06:16:00,114193.0,107.42,0
N377,2025-09-01 06:17:00,46636.0,26.89,0
N378,2025-09-01 06:18:00,39366.0,23.36,0
N379,2025-09-01 06:19:00,310372.0,40.8,0
N380,2025-09-01 06:20:00,256579.0,9.87,0
N381,2025-09-01 06:21:00,293382.0,4.76,0
N382,2025-09-01 06:22:00,710249.0,20.67,0
N383,2025-09-01 06:23:00,149750.0,15.26,0
N384,2025-09-01 06:24:00,245164.0,3.69,0
N385,2025-09-01 06:25:00,247612.0,54.19,0
N386,2025-09-01 06:26:00,203480.0,43.64,0
N387,2025-09-01 06:27:00,411360.0,5.45,0
N388,2025-09-01 06:28:00,199664.0,1.28,0
N389,2025-09-01 06:29:00,181141.0,14.97,0
N390,2025-09-01 06:30:00,74235.0,53.67,0
N391,2025-09-01 06:31:00,447393.0,22.04,0
N392,2025-09-01 06:32:00,111689.0,19.22,0
N393,2025-09-01 06:33:00,308384.0,11.11,0
N394,2025-09-01 06:34:00,55550.0,24.34,0
N395,2025-09-01 06:35:00,197012.0,75.01,0
N396,2025-09-01 06:36:00,306852.0,9.16,0
N397,2025-09-01 06:37:00,514241.0,3.48,0
N398,2025-09-01 06:38:00,994890.0,36.67,0
N399,2025-09-01 06:39:00,58316.0,5.88,0
N400,2025-09-01 06:40:00,459555.0,3.43,0
N401,2025-09-01 06:41:00,149978.0,51.65,0
N402,2025-09-01 06:42:00,72877.0,32.21,0
N403,2025-09-01 06:43:00,337136.0,6.11,0
N404,2025-09-01 06:44:00,96082.0,55.87,0
N405,2025-09-01 06:45:00,107524.0,14.57,0
N406,2025-09-01 06:46:00,13219.0,98.67,0
N407,2025-09-01 06:47:00,270714.0,6.35,0
N408,2025-09-01 06:48:00,191243.0,10.75,0
N409,2025-09-01 06:49:00,187390.0,16.73,0
N410,2025-09-01 06:50:00,137991.0,15.54,0
N411,2025-09-01 06:51:00,253007.0,22.36,0
N412,2025-09-01 06:52:00,85184.0,39.1,0
N413,2025-09-01 06:53:00,29342.0,15.51,0
N414,2025-09-01 06:54:00,55254.0,228.46,0
N415,2025-09-01 06:55:00,150606.0,24.09,0
N416,2025-09-01 06:56:00,107415.0,18.86,0
N417,2025-09-01 06:57:00,157285.0,12.27,0
N418,2025-09-01 06:58:00,126342.0,196.85,0
N419,2025-09-01 06:59:00,935700.0,21.12,0
N420,2025-09-01 07:00:00,55785.0,11.42,0
N421,2025-09-01 07:01:00,111581.0,9.63,0
N422,2025-09-01 07:02:00,178840.0,15.69,0
N423,2025-09-01 07:03:00,21399.0,13.27,0
N424,2025-09-01 07:04:00,350614.0,1.57,0
N425,2025-09-01 07:05:00,91469.0,18.74,0
N426,2025-09-01 07:06:00,269203.0,30.63,0
N427,2025-09-01 07:07:00,214535.0,42.68,0
N428,2025-09-01 07:08:00,26579.0,102.86,0
N429,2025-09-01 07:09:00,85476.0,178.46,0
N430,2025-09-01 07:10:00,57504.0,211.16,0
N431,2025-09-01 07:11:00,47561.0,35.66,0
N432,2025-09-01 07:12:00,524650.0,5.58,0
N433,2025-09-01 07:13:00,253906.0,56.55,0
N434,2025-09-01 07:14:00,1215641.0,31.5,0
N435,2025-09-01 07:15:00,164676.0,30.59,0
N436,2025-09-01 07:16:00,127865.0,6.36,0
N437,2025-09-01 07:17:00,423578.0,5.58,0
N438,2025-09-01 07:18:00,129098.0,21.77,0
N439,2025-09-01 07:19:00,124789.0,20.81,0
N440,2025-09-01 07:20:00,747970.0,41.98,0
N441,2025-09-01 07:21:00,383180.0,11.46,0
N442,2025-09-01 07:22:00,176892.0,68.38,0
N443,2025-09-01 07:23:00,514809.0,26.0,0
N444,2025-09-01 07:24:00,57679.0,17.65,0
N445,2025-09-01 07:25:00,959775.0,5.54,0
N446,2025-09-01 07:26:00,132514.0,46.86,0
N447,2025-09-01 07:27:00,152163.0,11.16,0
N448,2025-09-01 07:28:00,17679.0,11.53,0
N449,2025-09-01 07:29:00,248846.0,14.36,0
N450,2025-09-01 07:30:00,79597.0,491.35,0
N451,2025-09-01 07:31:00,222087.0,33.8,0
N452,2025-09-01 07:32:00,164190.0,20.37,0
N453,2025-09-01 07:33:00,415687.0,77.77,0
N454,2025-09-01 07:34:00,787631.0,318.71,0
N455,2025-09-01 07:35:00,120818.0,56.48,0
N456,2025-09-01 07:36:00,130920.0,76.03,0
N457,2025-09-01 07:37:00,61999.0,9.25,0
N458,2025-09-01 07:38:00,36338.0,50.66,0
N459,2025-09-01 07:39:00,213645.0,18.29,0
N460,2025-09-01 07:40:00,346605.0,57.5,0
N461,2025-09-01 07:41:00,711189.0,4.23,0
N462,2025-09-01 07:42:00,90032.0,108.8,0
N463,2025-09-01 07:43:00,204117.0,3.43,0
N464,2025-09-01 07:44:00,421945.0,20.18,0
N465,2025-09-01 07:45:00,265824.0,28.19,0
N466,2025-09-01 07:46:00,12403.0,15.95,0
N467,2025-09-01 07:47:00,37115.0,36.31,0
N468,2025-09-01 07:48:00,38193.0,23.37,0
N469,2025-09-01 07:49:00,96755.0,25.87,0
N470,2025-09-01 07:50:00,258115.0,8.75,0
N471,2025-09-01 07:51:00,173669.0,11.63,0
N472,2025-09-01 07:52:00,117908.0,5.96,0
N473,2025-09-01 07:53:00,211970.0,7.22,0
N474,2025-09-01 07:54:00,99825.0,627.16,0
N475,2025-09-01 07:55:00,41886.0,20.91,0
N476,2025-09-01 07:56:00,265890.0,14.12,0
N477,2025-09-01 07:57:00,370258.0,2.59,0
N478,2025-09-01 07:58:00,238725.0,12.42,0
N479,2025-09-01 07:59:00,123748.0,10.25,0
N480,2025-09-01 08:00:00,343554.0,27.39,0
N481,2025-09-01 08:01:00,34805.0,40.62,0
N482,2025-09-01 08:02:00,568702.0,30.46,0
N483,2025-09-01 08:03:00,116072.0,3.14,0
N484,2025-09-01 08:04:00,322515.0,123.48,0
N485,2025-09-01 08:05:00,136399.0,141.14,0
N486,2025-09-01 08:06:00,393972.0,8.46,0
N487,2025-09-01 08:07:00,132588.0,21.55,0
N488,2025-09-01 08:08:00,258560.0,96.99,0
N489,2025-09-01 08:09:00,135853.0,4.63,0
N490,2025-09-01 08:10:00,236494.0,2.2,0
N491,2025-09-01 08:11:00,1352099.0,3.9,0
N492,2025-09-01 08:12:00,127294.0,75.6,0
N493,2025-09-01 08:13:00,14646.0,66.44,0
N494,2025-09-01 08:14:00,304718.0,9.02,0
N495,2025-09-01 08:15:00,190520.0,17.94,0
N496,2025-09-01 08:16:00,182105.0,15.02,0
N497,2025-09-01 08:17:00,143101.0,9.24,0
N498,2025-09-01 08:18:00,314383.0,30.55,0
N499,2025-09-01 08:19:00,1777041.0,177.58,0
N500,2025-09-01 08:20:00,59193.0,8.13,0
N501,2025-09-01 08:21:00,231167.0,26.34,0
N502,2025-09-01 08:22:00,110194.0,79.74,0
N503,2025-09-01 08:23:00,459297.0,6.27,0
N504,2025-09-01 08:24:00,202437.0,39.82,0
N505,2025-09-01 08:25:00,944043.0,77.74,0
N506,2025-09-01 08:26:00,1543617.0,5.96,0
N507,2025-09-01 08:27:00,277655.0,109.64,0
N508,2025-09-01 08:28:00,41375.0,124.88,0
N509,2025-09-01 08:29:00,49820.0,199.87,0
N510,2025-09-01 08:30:00,87362.0,46.24,0
N511,2025-09-01 08:31:00,85266.0,13.01,0
N512,2025-09-01 08:32:00,68244.0,32.29,0
N513,2025-09-01 08:33:00,441808.0,17.13,0
N514,2025-09-01 08:34:00,93752.0,37.54,0
N515,2025-09-01 08:35:00,1596998.0,34.0,0
N516,2025-09-01 08:36:00,122379.0,2.92,0
N517,2025-09-01 08:37:00,237728.0,28.12,0
N518,2025-09-01 08:38:00,1157413.0,19.05,0
N519,2025-09-01 08:39:00,123883.0,21.78,0
N520,2025-09-01 08:40:00,101103.0,5.5,0
N521,2025-09-01 08:41:00,192883.0,5.95,0
N522,2025-09-01 08:42:00,25644.0,21.62,0
N523,2025-09-01 08:43:00,155134.0,105.52,0
N524,2025-09-01 08:44:00,136329.0,5.88,0
N525,2025-09-01 08:45:00,737862.0,4.07,0
N526,2025-09-01 08:46:00,281965.0,87.93,0
N527,2025-09-01 08:47:00,84093.0,24.35,0
N528,2025-09-01 08:48:00,364935.0,116.31,0
N529,2025-09-01 08:49:00,235787.0,7.45,0
N530,2025-09-01 08:50:00,93122.0,47.85,0
N531,2025-09-01 08:51:00,411323.0,77.32,0
N532,2025-09-01 08:52:00,75872.0,8.91,0
N533,2025-09-01 08:53:00,467101.0,27.05,0
N534,2025-09-01 08:54:00,56716.0,18.98,0
N535,2025-09-01 08:55:00,68513.0,3.11,0
N536,2025-09-01 08:56:00,134471.0,5.04,0
N537,2025-09-01 08:57:00,171248.0,3.45,0
N538,2025-09-01 08:58:00,460569.0,43.16,0
N539,2025-09-01 08:59:00,129925.0,13.61,0
N540,2025-09-01 09:00:00,495926.0,12.23,0
N541,2025-09-01 09:01:00,314770.0,9.7,0
N542,2025-09-01 09:02:00,46057.0,52.87,0
N543,2025-09-01 09:03:00,271585.0,7.7,0
N544,2025-09-01 09:04:00,176599.0,94.58,0
N545,2025-09-01 09:05:00,214075.0,53.77,0
N546,2025-09-01 09:06:00,305606.0,10.92,0
N547,2025-09-01 09:07:00,32161.0,3.86,0
N548,2025-09-01 09:08:00,81117.0,27.79,0
N549,2025-09-01 09:09:00,140457.0,103.94,0
N550,2025-09-01 09:10:00,103960.0,2.95,0
N551,2025-09-01 09:11:00,439424.0,13.15,0
N552,2025-09-01 09:12:00,91019.0,2.01,0
N553,2025-09-01 09:13:00,46974.0,3.74,0
N554,2025-09-01 09:14:00,91188.0,494.7,0
N555,2025-09-01 09:15:00,64793.0,5.04,0
N556,2025-09-01 09:16:00,214734.0,52.15,0
N557,2025-09-01 09:17:00,114288.0,7.42,0
N558,2025-09-01 09:18:00,190822.0,1.29,0
N559,2025-09-01 09:19:00,137959.0,13.57,0
N560,2025-09-01 09:20:00,23992.0,25.09,0
N561,2025-09-01 09:21:00,82373.0,9.81,0
N562,2025-09-01 09:22:00,29076.0,11.42,0
N563,2025-09-01 09:23:00,785011.0,7.8,0
N564,2025-09-01 09:24:00,100402.0,68.38,0
N565,2025-09-01 09:25:00,98876.0,46.63,0
N566,2025-09-01 09:26:00,19102.0,78.53,0
N567,2025-09-01 09:27:00,203928.0,30.29,0
N568,2025-09-01 09:28:00,859925.0,21.78,0
N569,2025-09-01 09:29:00,124684.0,5.41,0
N570,2025-09-01 09:30:00,16019.0,27.13,0
N571,2025-09-01 09:31:00,44604.0,5.92,0
N572,2025-09-01 09:32:00,82836.0,6.79,0
N573,2025-09-01 09:33:00,231651.0,26.03,0
N574,2025-09-01 09:34:00,157155.0,9.15,0
N575,2025-09-01 09:35:00,126823.0,4.2,0
N576,2025-09-01 09:36:00,120872.0,18.74,0
N577,2025-09-01 09:37:00,130170.0,11.6,0
N578,2025-09-01 09:38:00,292103.0,92.62,0
N579,2025-09-01 09:39:00,93960.0,26.13,0
N580,2025-09-01 09:40:00,194996.0,16.83,0
N581,2025-09-01 09:41:00,133061.0,8.34,0
N582,2025-09-01 09:42:00,387100.0,22.21,0
N583,2025-09-01 09:43:00,141998.0,25.13,0
N584,2025-09-01 09:44:00,162246.0,162.38,0
N585,2025-09-01 09:45:00,81651.0,15.17,0
N586,2025-09-01 09:46:00,481209.0,16.77,0
N587,2025-09-01 09:47:00,48655.0,1.34,0
N588,2025-09-01 09:48:00,263114.0,45.95,0
N589,2025-09-01 09:49:00,74908.0,7.98,0
N590,2025-09-01 09:50:00,172877.0,3.4,0
N591,2025-09-01 09:51:00,769899.0,31.38,0
N592,2025-09-01 09:52:00,735026.0,79.44,0
N593,2025-09-01 09:53:00,657560.0,2.71,0
N594,2025-09-01 09:54:00,75538.0,25.2,0
N595,2025-09-01 09:55:00,1210282.0,9.75,0
N596,2025-09-01 09:56:00,930862.0,34.4,0
N597,2025-09-01 09:57:00,30384.0,12.18,0
N598,2025-09-01 09:58:00,30856.0,76.48,0
N599,2025-09-01 09:59:00,363343.0,74.34,0
N600,2025-09-01 10:00:00,124255.0,16.16,0
N601,2025-09-01 10:01:00,186973.0,57.52,0
N602,2025-09-01 10:02:00,78426.0,114.55,0
N603,2025-09-01 10:03:00,50172.0,1.44,0
N604,2025-09-01 10:04:00,236251.0,17.36,0
N605,2025-09-01 10:05:00,397046.0,7.44,0
N606,2025-09-01 10:06:00,88454.0,79.33,0
N607,2025-09-01 10:07:00,209208.0,5.36,0
N608,2025-09-01 10:08:00,113373.0,68.55,0
N609,2025-09-01 10:09:00,103435.0,20.53,0
N610,2025-09-01 10:10:00,281348.0,15.97,0
N611,2025-09-01 10:11:00,115181.0,8.17,0
N612,2025-09-01 10:12:00,617636.0,4.82,0
N613,2025-09-01 10:13:00,17936.0,13.98,0
N614,2025-09-01 10:14:00,412973.0,30.69,0
N615,2025-09-01 10:15:00,338098.0,2.01,0
N616,2025-09-01 10:16:00,55249.0,6.37,0
N617,2025-09-01 10:17:00,165903.0,8.19,0
N618,2025-09-01 10:18:00,278965.0,29.15,0
N619,2025-09-01 10:19:00,93322.0,4.76,0
N620,2025-09-01 10:20:00,635326.0,4.8,0
N621,2025-09-01 10:21:00,153282.0,13.12,0
N622,2025-09-01 10:22:00,727071.0,496.06,0
N623,2025-09-01 10:23:00,848732.0,31.61,0
N624,2025-09-01 10:24:00,66292.0,11.86,0
N625,2025-09-01 10:25:00,142793.0,37.22,0
N626,2025-09-01 10:26:00,59963.0,16.66,0
N627,2025-09-01 10:27:00,496978.0,64.98,0
N628,2025-09-01 10:28:00,37052.0,19.14,0
N629,2025-09-01 10:29:00,242558.0,6.27,0
N630,2025-09-01 10:30:00,53117.0,40.75,0
N631,2025-09-01 10:31:00,399360.0,243.16,0
N632,2025-09-01 10:32:00,84593.0,592.91,0
N633,2025-09-01 10:33:00,317184.0,20.64,0
N634,2025-09-01 10:34:00,168624.0,5.6,0
N635,2025-09-01 10:35:00,544433.0,0.8,0
N636,2025-09-01 10:36:00,153662.0,9.76,0
N637,2025-09-01 10:37:00,324190.0,11.41,0
N638,2025-09-01 10:38:00,126417.0,15.39,0
N639,2025-09-01 10:39:00,182848.0,4.46,0
N640,2025-09-01 10:40:00,45556.0,43.2,0
N641,2025-09-01 10:41:00,295117.0,6.25,0
N642,2025-09-01 10:42:00,330470.0,17.57,0
N643,2025-09-01 10:43:00,155626.0,12.9,0
N644,2025-09-01 10:44:00,123734.0,11.99,0
N645,2025-09-01 10:45:00,89113.0,27.0,0
N646,2025-09-01 10:46:00,7304.0,1.78,0
N647,2025-09-01 10:47:00,102589.0,42.09,0
N648,2025-09-01 10:48:00,488668.0,47.81,0
N649,2025-09-01 10:49:00,1086295.0,7.87,0
N650,2025-09-01 10:50:00,148459.0,29.51,0
N651,2025-09-01 10:51:00,154879.0,27.36,0
N652,2025-09-01 10:52:00,171156.0,6.81,0
N653,2025-09-01 10:53:00,105579.0,9.85,0
N654,2025-09-01 10:54:00,271463.0,2.26,0
N655,2025-09-01 10:55:00,1584137.0,67.16,0
N656,2025-09-01 10:56:00,33801.0,19.36,0
N657,2025-09-01 10:57:00,60941.0,5.94,0
N658,2025-09-01 10:58:00,248678.0,46.16,0
N659,2025-09-01 10:59:00,144417.0,13.4,0
N660,2025-09-01 11:00:00,710969.0,10.45,0
N661,2025-09-01 11:01:00,64183.0,10.57,0
N662,2025-09-01 11:02:00,405825.0,48.14,0
N663,2025-09-01 11:03:00,178063.0,10.5,0
N664,2025-09-01 11:04:00,27627.0,58.45,0
N665,2025-09-01 11:05:00,295818.0,8.77,0
N666,2025-09-01 11:06:00,222065.0,11.23,0
N667,2025-09-01 11:07:00,104652.0,48.63,0
N668,2025-09-01 11:08:00,61743.0,17.59,0
N669,2025-09-01 11:09:00,276049.0,33.44,0
N670,2025-09-01 11:10:00,170909.0,5.07,0
N671,2025-09-01 11:11:00,170146.0,83.73,0
N672,2025-09-01 11:12:00,303915.0,82.93,0
N673,2025-09-01 11:13:00,255738.0,6.3,0
N674,2025-09-01 11:14:00,179123.0,7.99,0
N675,2025-09-01 11:15:00,1063441.0,5.88,0
N676,2025-09-01 11:16:00,48142.0,9.58,0
N677,2025-09-01 11:17:00,259876.0,49.53,0
N678,2025-09-01 11:18:00,26563.0,29.74,0
N679,2025-09-01 11:19:00,35533.0,3.58,0
N680,2025-09-01 11:20:00,138005.0,70.21,0
N681,2025-09-01 11:21:00,427432.0,26.5,0
N682,2025-09-01 11:22:00,137009.0,76.49,0
N683,2025-09-01 11:23:00,317600.0,30.7,0
N684,2025-09-01 11:24:00,60532.0,40.62,0
N685,2025-09-01 11:25:00,364432.0,8.66,0
N686,2025-09-01 11:26:00,65480.0,81.36,0
N687,2025-09-01 11:27:00,345140.0,33.4,0
N688,2025-09-01 11:28:00,243170.0,0.73,0
N689,2025-09-01 11:29:00,631470.0,11.62,0
N690,2025-09-01 11:30:00,254162.0,19.16,0
N691,2025-09-01 11:31:00,73441.0,47.76,0
N692,2025-09-01 11:32:00,188386.0,22.65,0
N693,2025-09-01 11:33:00,62755.0,49.01,0
N694,2025-09-01 11:34:00,316677.0,6.31,0
N695,2025-09-01 11:35:00,75147.0,9.7,0
N696,2025-09-01 11:36:00,127581.0,11.91,0
N697,2025-09-01 11:37:00,108078.0,34.19,0
N698,2025-09-01 11:38:00,51201.0,16.23,0
N699,2025-09-01 11:39:00,32534.0,5.25,0
N700,2025-09-01 11:40:00,203866.0,12.7,0
N701,2025-09-01 11:41:00,92468.0,23.44,0
N702,2025-09-01 11:42:00,45753.0,4.31,0
N703,2025-09-01 11:43:00,247666.0,14.46,0
N704,2025-09-01 11:44:00,134526.0,9.51,0
N705,2025-09-01 11:45:00,138730.0,36.33,0
N706,2025-09-01 11:46:00,40325.0,11.66,0
N707,2025-09-01 11:47:00,150877.0,15.3,0
N708,2025-09-01 11:48:00,90337.0,20.97,0
N709,2025-09-01 11:49:00,466640.0,24.04,0
N710,2025-09-01 11:50:00,456582.0,29.41,0
N711,2025-09-01 11:51:00,122104.0,10.58,0
N712,2025-09-01 11:52:00,126565.0,12.86,0
N713,2025-09-01 11:53:00,103673.0,38.7,0
N714,2025-09-01 11:54:00,378565.0,37.12,0
N715,2025-09-01 11:55:00,765003.0,57.94,0
N716,2025-09-01 11:56:00,101633.0,9.85,0
N717,2025-09-01 11:57:00,150248.0,19.01,0
N718,2025-09-01 11:58:00,51911.0,41.58,0
N719,2025-09-01 11:59:00,526561.0,10.93,0
N720,2025-09-01 12:00:00,152686.0,89.22,0
N721,2025-09-01 12:01:00,26436.0,6.15,0
N722,2025-09-01 12:02:00,96897.0,15.07,0
N723,2025-09-01 12:03:00,535256.0,10.18,0
N724,2025-09-01 12:04:00,87568.0,104.58,0
N725,2025-09-01 12:05:00,69352.0,3.91,0
N726,2025-09-01 12:06:00,219607.0,20.63,0
N727,2025-09-01 12:07:00,116009.0,65.3,0
N728,2025-09-01 12:08:00,361013.0,12.17,0
N729,2025-09-01 12:09:00,341493.0,36.19,0
N730,2025-09-01 12:10:00,234474.0,6.17,0
N731,2025-09-01 12:11:00,746467.0,208.69,0
N732,2025-09-01 12:12:00,346608.0,37.1,0
N733,2025-09-01 12:13:00,84937.0,25.19,0
N734,2025-09-01 12:14:00,136696.0,76.2,0
N735,2025-09-01 12:15:00,1066871.0,29.72,0
N736,2025-09-01 12:16:00,306279.0,307.38,0
N737,2025-09-01 12:17:00,162530.0,8.97,0
N738,2025-09-01 12:18:00,68704.0,9.5,0
N739,2025-09-01 12:19:00,47094.0,4.68,0
N740,2025-09-01 12:20:00,48351.0,4.15,0
N741,2025-09-01 12:21:00,29121.0,32.66,0
N742,2025-09-01 12:22:00,563893.0,49.62,0
N743,2025-09-01 12:23:00,265045.0,15.95,0
N744,2025-09-01 12:24:00,200244.0,49.64,0
N745,2025-09-01 12:25:00,28403.0,2.99,0
N746,2025-09-01 12:26:00,154093.0,16.59,0
N747,2025-09-01 12:27:00,33768.0,95.05,0
N748,2025-09-01 12:28:00,591634.0,15.93,0
N749,2025-09-01 12:29:00,689585.0,449.32,0
N750,2025-09-01 12:30:00,92880.0,69.95,0
N751,2025-09-01 12:31:00,32908.0,4.69,0
N752,2025-09-01 12:32:00,65119.0,13.89,0
N753,2025-09-01 12:33:00,82873.0,7.63,0
N754,2025-09-01 12:34:00,209750.0,3.7,0
N755,2025-09-01 12:35:00,44277.0,25.69,0
N756,2025-09-01 12:36:00,24422.0,52.61,0
N757,2025-09-01 12:37:00,131631.0,13.23,0
N758,2025-09-01 12:38:00,87016.0,27.52,0
N759,2025-09-01 12:39:00,226701.0,74.04,0
N760,2025-09-01 12:40:00,913335.0,30.21,0
N761,2025-09-01 12:41:00,132852.0,19.76,0
N762,2025-09-01 12:42:00,93937.0,20.14,0
N763,2025-09-01 12:43:00,99009.0,25.19,0
N764,2025-09-01 12:44:00,29025.0,53.2,0
N765,2025-09-01 12:45:00,799265.0,25.85,0
N766,2025-09-01 12:46:00,376721.0,276.77,0
N767,2025-09-01 12:47:00,187979.0,46.44,0
N768,2025-09-01 12:48:00,376483.0,12.3,0
N769,2025-09-01 12:49:00,17341.0,17.57,0
N770,2025-09-01 12:50:00,45684.0,135.32,0
N771,2025-09-01 12:51:00,136786.0,8.57,0
N772,2025-09-01 12:52:00,364830.0,4.12,0
N773,2025-09-01 12:53:00,511829.0,18.4,0
N774,2025-09-01 12:54:00,43790.0,5.12,0
N775,2025-09-01 12:55:00,341559.0,67.83,0
N776,2025-09-01 12:56:00,64369.0,6.63,0
N777,2025-09-01 12:57:00,189856.0,20.77,0
N778,2025-09-01 12:58:00,220885.0,16.23,0
N779,2025-09-01 12:59:00,226725.0,1.84,0
N780,2025-09-01 13:00:00,34485.0,93.87,0
N781,2025-09-01 13:01:00,2072578.0,25.98,0
N782,2025-09-01 13:02:00,133588.0,19.17,0
N783,2025-09-01 13:03:00,520829.0,45.68,0
N784,2025-09-01 13:04:00,37117.0,3.43,0
N785,2025-09-01 13:05:00,876992.0,28.92,0
N786,2025-09-01 13:06:00,100887.0,5.25,0
N787,2025-09-01 13:07:00,1042468.0,3.78,0
N788,2025-09-01 13:08:00,932519.0,10.99,0
N789,2025-09-01 13:09:00,546265.0,14.73,0
N790,2025-09-01 13:10:00,107422.0,144.52,0
N791,2025-09-01 13:11:00,363403.0,33.15,0
N792,2025-09-01 13:12:00,580493.0,15.35,0
N793,2025-09-01 13:13:00,379630.0,23.24,0
N794,2025-09-01 13:14:00,323648.0,122.96,0
N795,2025-09-01 13:15:00,40506.0,15.2,0
N796,2025-09-01 13:16:00,193246.0,3.85,0
N797,2025-09-01 13:17:00,145670.0,18.33,0
N798,2025-09-01 13:18:00,125134.0,65.15,0
N799,2025-09-01 13:19:00,140193.0,178.34,0
N800,2025-09-01 13:20:00,84119.0,52.14,0
N801,2025-09-01 13:21:00,57646.0,11.37,0
N802,2025-09-01 13:22:00,1507607.0,18.94,0
N803,2025-09-01 13:23:00,600061.0,3.51,0
N804,2025-09-01 13:24:00,318611.0,5.54,0
N805,2025-09-01 13:25:00,165868.0,49.51,0
N806,2025-09-01 13:26:00,445279.0,7.87,0
N807,2025-09-01 13:27:00,106529.0,139.94,0
N808,2025-09-01 13:28:00,733628.0,9.91,0
N809,2025-09-01 13:29:00,82139.0,10.27,0
N810,2025-09-01 13:30:00,1937319.0,22.82,0
N811,2025-09-01 13:31:00,35530.0,26.72,0
N812,2025-09-01 13:32:00,21857.0,8.25,0
N813,2025-09-01 13:33:00,63040.0,3.73,0
N814,2025-09-01 13:34:00,222722.0,169.32,0
N815,2025-09-01 13:35:00,44779.0,26.39,0
N816,2025-09-01 13:36:00,102409.0,546.49,0
N817,2025-09-01 13:37:00,153298.0,44.36,0
N818,2025-09-01 13:38:00,135531.0,85.73,0
N819,2025-09-01 13:39:00,43228.0,7.44,0
N820,2025-09-01 13:40:00,81251.0,11.29,0
N821,2025-09-01 13:41:00,18438.0,19.06,0
N822,2025-09-01 13:42:00,60491.0,13.5,0
N823,2025-09-01 13:43:00,715973.0,13.64,0
N824,2025-09-01 13:44:00,403340.0,13.36,0
N825,2025-09-01 13:45:00,175981.0,16.21,0
N826,2025-09-01 13:46:00,4971.0,33.97,0
N827,2025-09-01 13:47:00,375645.0,5.72,0
N828,2025-09-01 13:48:00,184460.0,12.8,0
N829,2025-09-01 13:49:00,42202.0,55.35,0
N830,2025-09-01 13:50:00,297169.0,52.88,0
N831,2025-09-01 13:51:00,806543.0,7.48,0
N832,2025-09-01 13:52:00,188675.0,112.37,0
N833,2025-09-01 13:53:00,30603.0,87.27,0
N834,2025-09-01 13:54:00,553348.0,13.45,0
N835,2025-09-01 13:55:00,36376.0,62.36,0
N836,2025-09-01 13:56:00,179672.0,5.28,0
N837,2025-09-01 13:57:00,113561.0,35.21,0
N838,2025-09-01 13:58:00,205214.0,3.4,0
N839,2025-09-01 13:59:00,40835.0,39.45,0
N840,2025-09-01 14:00:00,401074.0,11.49,0
N841,2025-09-01 14:01:00,28431.0,34.7,0
N842,2025-09-01 14:02:00,168957.0,40.85,0
N843,2025-09-01 14:03:00,308734.0,11.51,0
N844,2025-09-01 14:04:00,121772.0,6.05,0
N845,2025-09-01 14:05:00,505175.0,31.77,0
N846,2025-09-01 14:06:00,489885.0,4.31,0
N847,2025-09-01 14:07:00,1667872.0,33.22,0
N848,2025-09-01 14:08:00,90576.0,13.75,0
N849,2025-09-01 14:09:00,68969.0,6.78,0
N850,2025-09-01 14:10:00,200145.0,5.3,0
N851,2025-09-01 14:11:00,47669.0,10.24,0
N852,2025-09-01 14:12:00,425730.0,38.34,0
N853,2025-09-01 14:13:00,228559.0,5.14,0
N854,2025-09-01 14:14:00,108950.0,30.74,0
N855,2025-09-01 14:15:00,358359.0,46.1,0
N856,2025-09-01 14:16:00,941724.0,5.98,0
N857,2025-09-01 14:17:00,37953.0,19.93,0
N858,2025-09-01 14:18:00,348177.0,5.72,0
N859,2025-09-01 14:19:00,210486.0,42.25,0
N860,2025-09-01 14:20:00,66667.0,36.16,0
N861,2025-09-01 14:21:00,38183.0,17.56,0
N862,2025-09-01 14:22:00,77568.0,38.36,0
N863,2025-09-01 14:23:00,128819.0,7.57,0
N864,2025-09-01 14:24:00,137168.0,179.66,0
N865,2025-09-01 14:25:00,400629.0,20.03,0
N866,2025-09-01 14:26:00,210120.0,123.09,0
N867,2025-09-01 14:27:00,214500.0,27.62,0
N868,2025-09-01 14:28:00,373427.0,4.16,0
N869,2025-09-01 14:29:00,196669.0,59.56,0
N870,2025-09-01 14:30:00,36855.0,4.03,0
N871,2025-09-01 14:31:00,403643.0,3.5,0
N872,2025-09-01 14:32:00,286598.0,21.68,0
N873,2025-09-01 14:33:00,259312.0,29.37,0
N874,2025-09-01 14:34:00,127202.0,38.87,0
N875,2025-09-01 14:35:00,12697.0,72.28,0
N876,2025-09-01 14:36:00,74746.0,16.84,0
N877,2025-09-01 14:37:00,54791.0,20.57,0
N878,2025-09-01 14:38:00,144966.0,8.24,0
N879,2025-09-01 14:39:00,416387.0,66.46,0
N880,2025-09-01 14:40:00,74182.0,381.45,0
N881,2025-09-01 14:41:00,217488.0,19.3,0
N882,2025-09-01 14:42:00,18131.0,31.3,0
N883,2025-09-01 14:43:00,128135.0,2.44,0
N884,2025-09-01 14:44:00,101310.0,29.57,0
N885,2025-09-01 14:45:00,290576.0,7.78,0
N886,2025-09-01 14:46:00,181245.0,55.69,0
N887,2025-09-01 14:47:00,34577.0,16.08,0
N888,2025-09-01 14:48:00,128844.0,178.87,0
N889,2025-09-01 14:49:00,471112.0,48.27,0
N890,2025-09-01 14:50:00,66755.0,7.6,0
N891,2025-09-01 14:51:00,6118.0,15.24,0
N892,2025-09-01 14:52:00,139916.0,10.61,0
N893,2025-09-01 14:53:00,28234.0,121.22,0
N894,2025-09-01 14:54:00,73510.0,44.58,0
N895,2025-09-01 14:55:00,175314.0,20.44,0
N896,2025-09-01 14:56:00,187933.0,6.19,0
N897,2025-09-01 14:57:00,46403.0,42.68,0
N898,2025-09-01 14:58:00,144254.0,8.16,0
N899,2025-09-01 14:59:00,1070804.0,15.13,0
N900,2025-09-01 15:00:00,29992.0,31.65,0
N901,2025-09-01 15:01:00,399742.0,8.0,0
N902,2025-09-01 15:02:00,486704.0,47.68,0
N903,2025-09-01 15:03:00,307561.0,31.08,0
N904,2025-09-01 15:04:00,179907.0,21.22,0
N905,2025-09-01 15:05:00,211768.0,15.18,0
N906,2025-09-01 15:06:00,265664.0,3.83,0
N907,2025-09-01 15:07:00,304890.0,19.06,0
N908,2025-09-01 15:08:00,285221.0,3.06,0
N909,2025-09-01 15:09:00,91325.0,22.06,0
N910,2025-09-01 15:10:00,174638.0,70.44,0
N911,2025-09-01 15:11:00,252252.0,9.44,0
N912,2025-09-01 15:12:00,49283.0,16.42,0
N913,2025-09-01 15:13:00,268635.0,6.78,0
N914,2025-09-01 15:14:00,117306.0,62.85,0
N915,2025-09-01 15:15:00,1072815.0,34.95,0
N916,2025-09-01 15:16:00,24510.0,211.19,0
N917,2025-09-01 15:17:00,2422753.0,20.81,0
N918,2025-09-01 15:18:00,22878.0,23.26,0
N919,2025-09-01 15:19:00,15124.0,40.89,0
N920,2025-09-01 15:20:00,123469.0,2.41,0
N921,2025-09-01 15:21:00,32008.0,6.46,0
N922,2025-09-01 15:22:00,332145.0,1.45,0
N923,2025-09-01 15:23:00,247963.0,4.99,0
N924,2025-09-01 15:24:00,83964.0,2.16,0
N925,2025-09-01 15:25:00,219992.0,52.99,0
N926,2025-09-01 15:26:00,104537.0,10.14,0
N927,2025-09-01 15:27:00,60622.0,100.93,0
N928,2025-09-01 15:28:00,169080.0,61.57,0
N929,2025-09-01 15:29:00,147508.0,59.51,0
N930,2025-09-01 15:30:00,203446.0,6.68,0
N931,2025-09-01 15:31:00,28795.0,26.81,0
N932,2025-09-01 15:32:00,220778.0,6.01,0
N933,2025-09-01 15:33:00,93620.0,15.12,0
N934,2025-09-01 15:34:00,76300.0,76.73,0
N935,2025-09-01 15:35:00,33134.0,46.46,0
N936,2025-09-01 15:36:00,619310.0,53.56,0
N937,2025-09-01 15:37:00,130419.0,31.7,0
N938,2025-09-01 15:38:00,77465.0,10.67,0
N939,2025-09-01 15:39:00,166174.0,3.67,0
N940,2025-09-01 15:40:00,201594.0,27.96,0
N941,2025-09-01 15:41:00,42625.0,26.2,0
N942,2025-09-01 15:42:00,21412.0,3.59,0
N943,2025-09-01 15:43:00,114399.0,24.14,0
N944,2025-09-01 15:44:00,149651.0,14.59,0
N945,2025-09-01 15:45:00,143742.0,32.18,0
N946,2025-09-01 15:46:00,36396.0,97.62,0
N947,2025-09-01 15:47:00,35591.0,36.8,0
N948,2025-09-01 15:48:00,256088.0,36.52,0
N949,2025-09-01 15:49:00,63677.0,17.96,0
N950,2025-09-01 15:50:00,242813.0,6.38,0
N951,2025-09-01 15:51:00,208195.0,5.81,0
N952,2025-09-01 15:52:00,73430.0,14.61,0
N953,2025-09-01 15:53:00,38334.0,50.84,0
N954,2025-09-01 15:54:00,190730.0,5.95,0
N955,2025-09-01 15:55:00,279215.0,18.6,0
N956,2025-09-01 15:56:00,294269.0,46.87,0
N957,2025-09-01 15:57:00,171990.0,16.68,0
N958,2025-09-01 15:58:00,140613.0,85.63,0
N959,2025-09-01 15:59:00,191613.0,45.81,0
N960,2025-09-01 16:00:00,579240.0,64.27,0
N961,2025-09-01 16:01:00,92340.0,19.83,0
N962,2025-09-01 16:02:00,149310.0,23.05,0
N963,2025-09-01 16:03:00,61975.0,42.19,0
N964,2025-09-01 16:04:00,17932.0,4.53,0
N965,2025-09-01 16:05:00,41784.0,103.89,0
N966,2025-09-01 16:06:00,68410.0,54.25,0
N967,2025-09-01 16:07:00,121177.0,2.56,0
N968,2025-09-01 16:08:00,160487.0,42.91,0
N969,2025-09-01 16:09:00,92085.0,95.77,0
N970,2025-09-01 16:10:00,599516.0,6.12,0
N971,2025-09-01 16:11:00,72767.0,20.77,0
N972,2025-09-01 16:12:00,601565.0,36.09,0
N973,2025-09-01 16:13:00,815917.0,11.76,0
N974,2025-09-01 16:14:00,171206.0,10.43,0
N975,2025-09-01 16:15:00,144169.0,31.8,0
N976,2025-09-01 16:16:00,96015.0,114.02,0
N977,2025-09-01 16:17:00,70605.0,55.78,0
N978,2025-09-01 16:18:00,18043.0,134.77,0
N979,2025-09-01 16:19:00,73070.0,14.3,0
N980,2025-09-01 16:20:00,413640.0,6.43,0
N981,2025-09-01 16:21:00,693137.0,41.17,0
N982,2025-09-01 16:22:00,223634.0,3.79,0
N983,2025-09-01 16:23:00,54506.0,8.82,0
N984,2025-09-01 16:24:00,1397855.0,22.24,0
N985,2025-09-01 16:25:00,346785.0,30.75,0
N986,2025-09-01 16:26:00,216890.0,5.11,0
N987,2025-09-01 16:27:00,200154.0,5.9,0
N988,2025-09-01 16:28:00,419329.0,11.99,0
N989,2025-09-01 16:29:00,151745.0,31.6,0
N990,2025-09-01 16:30:00,89810.0,30.59,0
N991,2025-09-01 16:31:00,474680.0,3.8,0
N992,2025-09-01 16:32:00,86306.0,67.98,0
N993,2025-09-01 16:33:00,26194.0,50.59,0
N994,2025-09-01 16:34:00,94449.0,2.68,0
N995,2025-09-01 16:35:00,26521.0,450.09,0
N996,2025-09-01 16:36:00,56442.0,11.45,0
N997,2025-09-01 16:37:00,562211.0,59.02,0
N998,2025-09-01 16:38:00,110667.0,8.99,0
N999,2025-09-01 16:39:00,99705.0,20.57,0
N1000,2025-09-01 16:40:00,23630.0,37.29,0
N1001,2025-09-01 16:41:00,51343.0,35.86,0
N1002,2025-09-01 16:42:00,60106.0,60.58,0
N1003,2025-09-01 16:43:00,456619.0,19.76,0
N1004,2025-09-01 16:44:00,129993.0,46.44,0
N1005,2025-09-01 16:45:00,102412.0,56.88,0
N1006,2025-09-01 16:46:00,366612.0,31.76,0
N1007,2025-09-01 16:47:00,127389.0,44.19,0
N1008,2025-09-01 16:48:00,106076.0,65.16,0
N1009,2025-09-01 16:49:00,81494.0,6.44,0
N1010,2025-09-01 16:50:00,41146.0,14.2,0
N1011,2025-09-01 16:51:00,477267.0,42.44,0
N1012,2025-09-01 16:52:00,113313.0,16.52,0
N1013,2025-09-01 16:53:00,110712.0,4.04,0
N1014,2025-09-01 16:54:00,122619.0,11.52,0
N1015,2025-09-01 16:55:00,52454.0,19.29,0
N1016,2025-09-01 16:56:00,131996.0,33.98,0
N1017,2025-09-01 16:57:00,95652.0,5.2,0
N1018,2025-09-01 16:58:00,158920.0,45.13,0
N1019,2025-09-01 16:59:00,125012.0,39.01,0
N1020,2025-09-01 17:00:00,1641985.0,41.92,0
N1021,2025-09-01 17:01:00,92166.0,33.49,0
N1022,2025-09-01 17:02:00,112337.0,111.58,0
N1023,2025-09-01 17:03:00,527833.0,4.62,0
N1024,2025-09-01 17:04:00,255789.0,6.28,0
N1025,2025-09-01 17:05:00,153463.0,15.93,0
N1026,2025-09-01 17:06:00,298303.0,4.27,0
N1027,2025-09-01 17:07:00,90327.0,14.39,0
N1028,2025-09-01 17:08:00,422333.0,194.2,0
N1029,2025-09-01 17:09:00,10073.0,85.54,0
N1030,2025-09-01 17:10:00,573837.0,2.23,0
N1031,2025-09-01 17:11:00,215782.0,52.7,0
N1032,2025-09-01 17:12:00,195990.0,26.93,0
N1033,2025-09-01 17:13:00,773248.0,8.15,0
N1034,2025-09-01 17:14:00,59387.0,18.97,0
N1035,2025-09-01 17:15:00,113398.0,55.37,0
N1036,2025-09-01 17:16:00,135397.0,8.45,0
N1037,2025-09-01 17:17:00,737811.0,39.43,0
N1038,2025-09-01 17:18:00,160375.0,31.67,0
N1039,2025-09-01 17:19:00,130501.0,1.92,0
N1040,2025-09-01 17:20:00,702133.0,3.96,0
N1041,2025-09-01 17:21:00,2199136.0,3.52,0
N1042,2025-09-01 17:22:00,38969.0,40.37,0
N1043,2025-09-01 17:23:00,105148.0,36.32,0
N1044,2025-09-01 17:24:00,118167.0,37.83,0
N1045,2025-09-01 17:25:00,780625.0,20.61,0
N1046,2025-09-01 17:26:00,198895.0,10.35,0
N1047,2025-09-01 17:27:00,221006.0,19.25,0
N1048,2025-09-01 17:28:00,499907.0,5.09,0
N1049,2025-09-01 17:29:00,68475.0,6.35,0
N1050,2025-09-01 17:30:00,221028.0,23.38,0
N1051,2025-09-01 17:31:00,58175.0,17.77,0
N1052,2025-09-01 17:32:00,265328.0,10.92,0
N1053,2025-09-01 17:33:00,49456.0,101.8,0
N1054,2025-09-01 17:34:00,1252369.0,36.88,0
N1055,2025-09-01 17:35:00,384983.0,29.96,0
N1056,2025-09-01 17:36:00,215018.0,32.91,0
N1057,2025-09-01 17:37:00,764625.0,50.55,0
N1058,2025-09-01 17:38:00,153979.0,5.38,0
N1059,2025-09-01 17:39:00,191754.0,35.49,0
N1060,2025-09-01 17:40:00,51460.0,16.1,0
N1061,2025-09-01 17:41:00,49916.0,35.42,0
N1062,2025-09-01 17:42:00,1008144.0,195.48,0
N1063,2025-09-01 17:43:00,19952.0,11.47,0
N1064,2025-09-01 17:44:00,145219.0,185.43,0
N1065,2025-09-01 17:45:00,464023.0,23.22,0
N1066,2025-09-01 17:46:00,235825.0,13.65,0
N1067,2025-09-01 17:47:00,132785.0,4.86,0
N1068,2025-09-01 17:48:00,191706.0,4.29,0
N1069,2025-09-01 17:49:00,22749.0,13.5,0
N1070,2025-09-01 17:50:00,84102.0,28.74,0
N1071,2025-09-01 17:51:00,141346.0,10.42,0
N1072,2025-09-01 17:52:00,149143.0,4.21,0
N1073,2025-09-01 17:53:00,99202.0,65.12,0
N1074,2025-09-01 17:54:00,38164.0,67.29,0
N1075,2025-09-01 17:55:00,1043404.0,62.7,0
N1076,2025-09-01 17:56:00,375958.0,37.24,0
N1077,2025-09-01 17:57:00,393262.0,9.08,0
N1078,2025-09-01 17:58:00,127776.0,36.63,0
N1079,2025-09-01 17:59:00,69803.0,9.76,0
N1080,2025-09-01 18:00:00,23808.0,24.55,0
N1081,2025-09-01 18:01:00,321319.0,19.19,0
N1082,2025-09-01 18:02:00,167902.0,8.44,0
N1083,2025-09-01 18:03:00,389230.0,8.7,0
N1084,2025-09-01 18:04:00,281428.0,44.1,0
N1085,2025-09-01 18:05:00,544472.0,1.83,0
N1086,2025-09-01 18:06:00,69763.0,100.59,0
N1087,2025-09-01 18:07:00,82576.0,54.87,0
N1088,2025-09-01 18:08:00,72897.0,32.72,0
N1089,2025-09-01 18:09:00,50497.0,7.19,0
N1090,2025-09-01 18:10:00,37210.0,4.79,0
N1091,2025-09-01 18:11:00,222487.0,1.02,0
N1092,2025-09-01 18:12:00,229536.0,24.62,0
N1093,2025-09-01 18:13:00,92055.0,4.23,0
N1094,2025-09-01 18:14:00,376947.0,269.32,0
N1095,2025-09-01 18:15:00,160424.0,147.18,0
N1096,2025-09-01 18:16:00,46914.0,122.08,0
N1097,2025-09-01 18:17:00,309844.0,11.61,0
N1098,2025-09-01 18:18:00,447879.0,2.53,0
N1099,2025-09-01 18:19:00,177674.0,45.38,0
N1100,2025-09-01 18:20:00,568214.0,15.67,0
N1101,2025-09-01 18:21:00,215878.0,9.1,0
N1102,2025-09-01 18:22:00,574460.0,8.6,0
N1103,2025-09-01 18:23:00,256877.0,14.15,0
N1104,2025-09-01 18:24:00,114250.0,14.72,0
N1105,2025-09-01 18:25:00,250447.0,15.48,0
N1106,2025-09-01 18:26:00,633936.0,22.64,0
N1107,2025-09-01 18:27:00,178986.0,43.62,0
N1108,2025-09-01 18:28:00,107964.0,18.1,0
N1109,2025-09-01 18:29:00,96325.0,9.91,0
N1110,2025-09-01 18:30:00,140986.0,30.48,0
N1111,2025-09-01 18:31:00,160708.0,20.31,0
N1112,2025-09-01 18:32:00,175413.0,55.98,0
N1113,2025-09-01 18:33:00,2068065.0,33.36,0
N1114,2025-09-01 18:34:00,84886.0,40.68,0
N1115,2025-09-01 18:35:00,227548.0,22.71,0
N1116,2025-09-01 18:36:00,297103.0,21.42,0
N1117,2025-09-01 18:37:00,29998.0,12.91,0
N1118,2025-09-01 18:38:00,299022.0,81.51,0
N1119,2025-09-01 18:39:00,39500.0,10.11,0
N1120,2025-09-01 18:40:00,579519.0,40.98,0
N1121,2025-09-01 18:41:00,121371.0,1.67,0
N1122,2025-09-01 18:42:00,256505.0,8.04,0
N1123,2025-09-01 18:43:00,46701.0,84.34,0
N1124,2025-09-01 18:44:00,1482088.0,4.7,0
N1125,2025-09-01 18:45:00,68119.0,29.9,0
N1126,2025-09-01 18:46:00,114965.0,0.97,0
N1127,2025-09-01 18:47:00,274322.0,43.45,0
N1128,2025-09-01 18:48:00,30791.0,56.79,0
N1129,2025-09-01 18:49:00,2118988.0,2.47,0
N1130,2025-09-01 18:50:00,210726.0,24.55,0
N1131,2025-09-01 18:51:00,622501.0,17.59,0
N1132,2025-09-01 18:52:00,63686.0,94.6,0
N1133,2025-09-01 18:53:00,35591.0,6.47,0
N1134,2025-09-01 18:54:00,624890.0,8.84,0
N1135,2025-09-01 18:55:00,242404.0,5.89,0
N1136,2025-09-01 18:56:00,297902.0,239.42,0
N1137,2025-09-01 18:57:00,129111.0,9.15,0
N1138,2025-09-01 18:58:00,204147.0,23.55,0
N1139,2025-09-01 18:59:00,487338.0,13.7,0
N1140,2025-09-01 19:00:00,95888.0,19.3,0
N1141,2025-09-01 19:01:00,180467.0,24.9,0
N1142,2025-09-01 19:02:00,413067.0,7.94,0
N1143,2025-09-01 19:03:00,104141.0,7.47,0
N1144,2025-09-01 19:04:00,222833.0,14.48,0
N1145,2025-09-01 19:05:00,72225.0,109.28,0
N1146,2025-09-01 19:06:00,211151.0,60.09,0
N1147,2025-09-01 19:07:00,418968.0,4.4,0
N1148,2025-09-01 19:08:00,110658.0,10.22,0
N1149,2025-09-01 19:09:00,225011.0,121.27,0
N1150,2025-09-01 19:10:00,58717.0,353.39,0
N1151,2025-09-01 19:11:00,214313.0,9.29,0
N1152,2025-09-01 19:12:00,212407.0,5.09,0
N1153,2025-09-01 19:13:00,240615.0,24.23,0
N1154,2025-09-01 19:14:00,149620.0,21.1,0
N1155,2025-09-01 19:15:00,42013.0,36.87,0
N1156,2025-09-01 19:16:00,416290.0,24.72,0
N1157,2025-09-01 19:17:00,136079.0,48.01,0
N1158,2025-09-01 19:18:00,129295.0,32.16,0
N1159,2025-09-01 19:19:00,103927.0,19.08,0
N1160,2025-09-01 19:20:00,1078238.0,23.36,0
N1161,2025-09-01 19:21:00,78893.0,27.05,0
N1162,2025-09-01 19:22:00,141280.0,34.02,0
N1163,2025-09-01 19:23:00,702310.0,26.96,0
N1164,2025-09-01 19:24:00,441890.0,16.03,0
N1165,2025-09-01 19:25:00,188080.0,92.7,0
N1166,2025-09-01 19:26:00,71505.0,8.38,0
N1167,2025-09-01 19:27:00,74338.0,35.37,0
N1168,2025-09-01 19:28:00,38179.0,13.1,0
N1169,2025-09-01 19:29:00,160986.0,47.63,0
N1170,2025-09-01 19:30:00,50949.0,23.61,0
N1171,2025-09-01 19:31:00,170440.0,8.87,0
N1172,2025-09-01 19:32:00,712142.0,8.29,0
N1173,2025-09-01 19:33:00,205406.0,34.4,0
N1174,2025-09-01 19:34:00,2551754.0,25.29,0
N1175,2025-09-01 19:35:00,104807.0,11.65,0
N1176,2025-09-01 19:36:00,72664.0,6.29,0
N1177,2025-09-01 19:37:00,379244.0,2.52,0
N1178,2025-09-01 19:38:00,106418.0,17.95,0
N1179,2025-09-01 19:39:00,50301.0,34.11,0
N1180,2025-09-01 19:40:00,102596.0,8.57,0
N1181,2025-09-01 19:41:00,306276.0,16.64,0
N1182,2025-09-01 19:42:00,108711.0,40.17,0
N1183,2025-09-01 19:43:00,69403.0,15.17,0
N1184,2025-09-01 19:44:00,49071.0,311.38,0
N1185,2025-09-01 19:45:00,121051.0,3.83,0
N1186,2025-09-01 19:46:00,140129.0,34.25,0
N1187,2025-09-01 19:47:00,60445.0,151.5,0
N1188,2025-09-01 19:48:00,24265.0,14.42,0
N1189,2025-09-01 19:49:00,81767.0,33.92,0
N1190,2025-09-01 19:50:00,696457.0,13.36,0
N1191,2025-09-01 19:51:00,56414.0,135.59,0
N1192,2025-09-01 19:52:00,184618.0,21.04,0
N1193,2025-09-01 19:53:00,169697.0,476.07,0
N1194,2025-09-01 19:54:00,343360.0,27.74,0
N1195,2025-09-01 19:55:00,44289.0,9.29,0
N1196,2025-09-01 19:56:00,264025.0,10.19,0
N1197,2025-09-01 19:57:00,40563.0,17.55,0
N1198,2025-09-01 19:58:00,205864.0,2.49,0
N1199,2025-09-01 19:59:00,188985.0,9.61,0
N1200,2025-09-01 20:00:00,151991.0,32.5,0
N1201,2025-09-01 20:01:00,647503.0,13.82,0
N1202,2025-09-01 20:02:00,276020.0,4.87,0
N1203,2025-09-01 20:03:00,1086469.0,15.43,0
N1204,2025-09-01 20:04:00,193635.0,30.54,0
N1205,2025-09-01 20:05:00,21250.0,21.59,0
N1206,2025-09-01 20:06:00,1717407.0,4.62,0
N1207,2025-09-01 20:07:00,553538.0,31.57,0
N1208,2025-09-01 20:08:00,223347.0,2.39,0
N1209,2025-09-01 20:09:00,93747.0,207.74,0
N1210,2025-09-01 20:10:00,137182.0,4.98,0
N1211,2025-09-01 20:11:00,157684.0,26.35,0
N1212,2025-09-01 20:12:00,434147.0,4.24,0
N1213,2025-09-01 20:13:00,142833.0,21.9,0
N1214,2025-09-01 20:14:00,41142.0,62.73,0
N1215,2025-09-01 20:15:00,255143.0,37.71,0
N1216,2025-09-01 20:16:00,229075.0,73.78,0
N1217,2025-09-01 20:17:00,125974.0,32.7,0
N1218,2025-09-01 20:18:00,1180085.0,15.63,0
N1219,2025-09-01 20:19:00,151160.0,28.48,0
N1220,2025-09-01 20:20:00,313019.0,20.07,0
N1221,2025-09-01 20:21:00,143452.0,610.21,0
N1222,2025-09-01 20:22:00,334550.0,28.32,0
N1223,2025-09-01 20:23:00,143403.0,90.7,0
N1224,2025-09-01 20:24:00,140086.0,5.9,0
N1225,2025-09-01 20:25:00,27596.0,25.3,0
N1226,2025-09-01 20:26:00,160606.0,47.81,0
N1227,2025-09-01 20:27:00,196207.0,31.45,0
N1228,2025-09-01 20:28:00,90624.0,2.15,0
N1229,2025-09-01 20:29:00,155058.0,19.47,0
N1230,2025-09-01 20:30:00,43213.0,31.5,0
N1231,2025-09-01 20:31:00,362290.0,82.13,0
N1232,2025-09-01 20:32:00,64036.0,82.63,0
N1233,2025-09-01 20:33:00,81710.0,10.91,0
N1234,2025-09-01 20:34:00,286076.0,7.29,0
N1235,2025-09-01 20:35:00,180865.0,72.56,0
N1236,2025-09-01 20:36:00,536550.0,1.72,0
N1237,2025-09-01 20:37:00,67111.0,48.74,0
N1238,2025-09-01 20:38:00,52557.0,3.01,0
N1239,2025-09-01 20:39:00,58461.0,11.09,0
N1240,2025-09-01 20:40:00,365701.0,13.35,0
N1241,2025-09-01 20:41:00,64975.0,54.46,0
N1242,2025-09-01 20:42:00,265161.0,11.66,0
N1243,2025-09-01 20:43:00,139622.0,38.57,0
N1244,2025-09-01 20:44:00,148452.0,29.21,0
N1245,2025-09-01 20:45:00,144451.0,29.16,0
N1246,2025-09-01 20:46:00,7983.0,88.65,0
N1247,2025-09-01 20:47:00,166701.0,37.27,0
N1248,2025-09-01 20:48:00,305430.0,8.98,0
N1249,2025-09-01 20:49:00,1057755.0,14.87,0
N1250,2025-09-01 20:50:00,152670.0,8.06,0
N1251,2025-09-01 20:51:00,260788.0,5.17,0
N1252,2025-09-01 20:52:00,170945.0,42.92,0
N1253,2025-09-01 20:53:00,1399063.0,32.01,0
N1254,2025-09-01 20:54:00,180784.0,77.34,0
N1255,2025-09-01 20:55:00,116252.0,286.91,0
N1256,2025-09-01 20:56:00,87105.0,7.38,0
N1257,2025-09-01 20:57:00,590074.0,53.24,0
N1258,2025-09-01 20:58:00,296226.0,6.17,0
N1259,2025-09-01 20:59:00,105528.0,43.25,0
N1260,2025-09-01 21:00:00,326702.0,83.4,0
N1261,2025-09-01 21:01:00,264666.0,7.23,0
N1262,2025-09-01 21:02:00,395734.0,106.63,0
N1263,2025-09-01 21:03:00,128441.0,12.4,0
N1264,2025-09-01 21:04:00,110452.0,40.08,0
N1265,2025-09-01 21:05:00,162365.0,96.26,0
N1266,2025-09-01 21:06:00,72232.0,6.13,0
N1267,2025-09-01 21:07:00,196693.0,11.19,0
N1268,2025-09-01 21:08:00,121569.0,47.43,0
N1269,2025-09-01 21:09:00,130723.0,2.24,0
N1270,2025-09-01 21:10:00,405237.0,2.95,0
N1271,2025-09-01 21:11:00,292523.0,14.42,0
N1272,2025-09-01 21:12:00,144039.0,27.34,0
N1273,2025-09-01 21:13:00,204285.0,36.55,0
N1274,2025-09-01 21:14:00,107786.0,28.22,0
N1275,2025-09-01 21:15:00,192932.0,32.99,0
N1276,2025-09-01 21:16:00,366507.0,16.73,0
N1277,2025-09-01 21:17:00,436331.0,26.58,0
N1278,2025-09-01 21:18:00,216404.0,6.4,0
N1279,2025-09-01 21:19:00,445786.0,15.57,0
N1280,2025-09-01 21:20:00,127716.0,63.46,0
N1281,2025-09-01 21:21:00,98757.0,16.78,0
N1282,2025-09-01 21:22:00,122235.0,14.87,0
N1283,2025-09-01 21:23:00,80999.0,53.58,0
N1284,2025-09-01 21:24:00,200124.0,15.5,0
N1285,2025-09-01 21:25:00,82482.0,8.44,0
N1286,2025-09-01 21:26:00,190568.0,8.82,0
N1287,2025-09-01 21:27:00,24207.0,63.65,0
N1288,2025-09-01 21:28:00,69378.0,9.57,0
N1289,2025-09-01 21:29:00,83783.0,13.47,0
N1290,2025-09-01 21:30:00,932455.0,182.6,0
N1291,2025-09-01 21:31:00,74947.0,5.88,0
N1292,2025-09-01 21:32:00,122216.0,4.66,0
N1293,2025-09-01 21:33:00,52522.0,24.45,0
N1294,2025-09-01 21:34:00,93783.0,70.1,0
N1295,2025-09-01 21:35:00,784241.0,13.24,0
N1296,2025-09-01 21:36:00,59046.0,14.25,0
N1297,2025-09-01 21:37:00,82216.0,12.19,0
N1298,2025-09-01 21:38:00,274317.0,96.9,0
N1299,2025-09-01 21:39:00,127177.0,28.54,0
N1300,2025-09-01 21:40:00,79983.0,4.7,0
N1301,2025-09-01 21:41:00,103518.0,10.52,0
N1302,2025-09-01 21:42:00,300629.0,6.74,0
N1303,2025-09-01 21:43:00,127564.0,9.02,0
N1304,2025-09-01 21:44:00,141148.0,23.46,0
N1305,2025-09-01 21:45:00,62931.0,4.58,0
N1306,2025-09-01 21:46:00,184075.0,43.53,0
N1307,2025-09-01 21:47:00,64358.0,14.87,0
N1308,2025-09-01 21:48:00,366079.0,26.01,0
N1309,2025-09-01 21:49:00,376417.0,2.43,0
N1310,2025-09-01 21:50:00,938812.0,24.14,0
N1311,2025-09-01 21:51:00,231863.0,51.88,0
N1312,2025-09-01 21:52:00,58525.0,34.38,0
N1313,2025-09-01 21:53:00,168385.0,9.2,0
N1314,2025-09-01 21:54:00,18111.0,7.17,0
N1315,2025-09-01 21:55:00,46041.0,46.59,0
N1316,2025-09-01 21:56:00,377927.0,237.12,0
N1317,2025-09-01 21:57:00,165493.0,4.24,0
N1318,2025-09-01 21:58:00,117350.0,78.01,0
N1319,2025-09-01 21:59:00,88509.0,7.03,0
N1320,2025-09-01 22:00:00,78878.0,13.97,0
N1321,2025-09-01 22:01:00,716080.0,26.45,0
N1322,2025-09-01 22:02:00,225165.0,15.89,0
N1323,2025-09-01 22:03:00,179773.0,11.88,0
N1324,2025-09-01 22:04:00,245196.0,4.7,0
N1325,2025-09-01 22:05:00,1413695.0,12.92,0
N1326,2025-09-01 22:06:00,186570.0,93.44,0
N1327,2025-09-01 22:07:00,71150.0,43.83,0
N1328,2025-09-01 22:08:00,670549.0,31.54,0
N1329,2025-09-01 22:09:00,185063.0,46.31,0
N1330,2025-09-01 22:10:00,111476.0,18.43,0
N1331,2025-09-01 22:11:00,115650.0,5.52,0
N1332,2025-09-01 22:12:00,185265.0,98.94,0
N1333,2025-09-01 22:13:00,865291.0,57.53,0
N1334,2025-09-01 22:14:00,176132.0,44.36,0
N1335,2025-09-01 22:15:00,193401.0,76.71,0
N1336,2025-09-01 22:16:00,189326.0,36.77,0
N1337,2025-09-01 22:17:00,419640.0,239.11,0
N1338,2025-09-01 22:18:00,52330.0,8.41,0
N1339,2025-09-01 22:19:00,308281.0,7.49,0
N1340,2025-09-01 22:20:00,508902.0,76.04,0
N1341,2025-09-01 22:21:00,180750.0,13.96,0
N1342,2025-09-01 22:22:00,115828.0,80.39,0
N1343,2025-09-01 22:23:00,85427.0,4.99,0
N1344,2025-09-01 22:24:00,40701.0,119.85,0
N1345,2025-09-01 22:25:00,85841.0,50.57,0
N1346,2025-09-01 22:26:00,16583.0,1.7,0
N1347,2025-09-01 22:27:00,60910.0,46.19,0
N1348,2025-09-01 22:28:00,71748.0,15.94,0
N1349,2025-09-01 22:29:00,166731.0,25.39,0
N1350,2025-09-01 22:30:00,20959.0,41.83,0
N1351,2025-09-01 22:31:00,88236.0,51.89,0
N1352,2025-09-01 22:32:00,86415.0,198.83,0
N1353,2025-09-01 22:33:00,107810.0,2.33,0
N1354,2025-09-01 22:34:00,452713.0,68.73,0
N1355,2025-09-01 22:35:00,230555.0,106.46,0
N1356,2025-09-01 22:36:00,57135.0,16.2,0
N1357,2025-09-01 22:37:00,295789.0,75.68,0
N1358,2025-09-01 22:38:00,451702.0,5.54,0
N1359,2025-09-01 22:39:00,163941.0,3.94,0
N1360,2025-09-01 22:40:00,23896.0,8.87,0
N1361,2025-09-01 22:41:00,20942.0,36.53,0
N1362,2025-09-01 22:42:00,502117.0,21.94,0
N1363,2025-09-01 22:43:00,52143.0,110.73,0
N1364,2025-09-01 22:44:00,32606.0,36.83,0
N1365,2025-09-01 22:45:00,124664.0,3.02,0
N1366,2025-09-01 22:46:00,53629.0,18.55,0
N1367,2025-09-01 22:47:00,163912.0,5.58,0
N1368,2025-09-01 22:48:00,114314.0,174.97,0
N1369,2025-09-01 22:49:00,235706.0,35.21,0
N1370,2025-09-01 22:50:00,33591.0,44.64,0
N1371,2025-09-01 22:51:00,172744.0,10.86,0
N1372,2025-09-01 22:52:00,128726.0,8.71,0
N1373,2025-09-01 22:53:00,151159.0,46.34,0
N1374,2025-09-01 22:54:00,541022.0,340.57,0
N1375,2025-09-01 22:55:00,365861.0,208.92,0
N1376,2025-09-01 22:56:00,285605.0,468.67,0
N1377,2025-09-01 22:57:00,95960.0,41.3,0
N1378,2025-09-01 22:58:00,544508.0,11.93,0
N1379,2025-09-01 22:59:00,134115.0,34.45,0
N1380,2025-09-01 23:00:00,170980.0,11.07,0
N1381,2025-09-01 23:01:00,111207.0,4.49,0
N1382,2025-09-01 23:02:00,808491.0,14.87,0
N1383,2025-09-01 23:03:00,507517.0,68.2,0
N1384,2025-09-01 23:04:00,45059.0,4.88,0
N1385,2025-09-01 23:05:00,346662.0,6.77,0
N1386,2025-09-01 23:06:00,69688.0,34.96,0
N1387,2025-09-01 23:07:00,28073.0,5.0,0
N1388,2025-09-01 23:08:00,166285.0,6.44,0
N1389,2025-09-01 23:09:00,741738.0,51.67,0
N1390,2025-09-01 23:10:00,77532.0,40.39,0
N1391,2025-09-01 23:11:00,164559.0,153.74,0
N1392,2025-09-01 23:12:00,265096.0,99.98,0
N1393,2025-09-01 23:13:00,411844.0,16.51,0
N1394,2025-09-01 23:14:00,326758.0,126.05,0
N1395,2025-09-01 23:15:00,90142.0,19.07,0
N1396,2025-09-01 23:16:00,174442.0,26.12,0
N1397,2025-09-01 23:17:00,842733.0,1.93,0
N1398,2025-09-01 23:18:00,101007.0,66.34,0
N1399,2025-09-01 23:19:00,50480.0,43.09,0
N1400,2025-09-01 23:20:00,48544.0,54.06,0
N1401,2025-09-01 23:21:00,182917.0,25.31,0
N1402,2025-09-01 23:22:00,515202.0,69.68,0
N1403,2025-09-01 23:23:00,419090.0,25.19,0
N1404,2025-09-01 23:24:00,107398.0,14.76,0
N1405,2025-09-01 23:25:00,326876.0,188.01,0
N1406,2025-09-01 23:26:00,78954.0,81.48,0
N1407,2025-09-01 23:27:00,179661.0,7.93,0
N1408,2025-09-01 23:28:00,204567.0,104.33,0
N1409,2025-09-01 23:29:00,87597.0,75.13,0
N1410,2025-09-01 23:30:00,166288.0,7.61,0
N1411,2025-09-01 23:31:00,1658158.0,26.53,0
N1412,2025-09-01 23:32:00,487722.0,38.83,0
N1413,2025-09-01 23:33:00,65386.0,15.89,0
N1414,2025-09-01 23:34:00,382357.0,27.42,0
N1415,2025-09-01 23:35:00,134464.0,11.14,0
N1416,2025-09-01 23:36:00,43033.0,79.67,0
N1417,2025-09-01 23:37:00,331139.0,3.93,0
N1418,2025-09-01 23:38:00,98868.0,10.72,0
N1419,2025-09-01 23:39:00,225483.0,8.0,0
N1420,2025-09-01 23:40:00,466957.0,38.94,0
N1421,2025-09-01 23:41:00,427001.0,61.28,0
N1422,2025-09-01 23:42:00,173369.0,66.09,0
N1423,2025-09-01 23:43:00,123054.0,15.33,0
N1424,2025-09-01 23:44:00,135369.0,6.3,0
N1425,2025-09-01 23:45:00,66525.0,28.97,0
N1426,2025-09-01 23:46:00,84850.0,3.75,0
N1427,2025-09-01 23:47:00,195752.0,0.57,0
N1428,2025-09-01 23:48:00,134312.0,10.67,0
N1429,2025-09-01 23:49:00,5484.0,155.0,0
N1430,2025-09-01 23:50:00,185280.0,10.15,0
N1431,2025-09-01 23:51:00,76312.0,8.02,0
N1432,2025-09-01 23:52:00,117021.0,7.01,0
N1433,2025-09-01 23:53:00,126862.0,2.69,0
N1434,2025-09-01 23:54:00,118994.0,15.26,0
N1435,2025-09-01 23:55:00,34639.0,71.81,0
N1436,2025-09-01 23:56:00,303650.0,5.88,0
N1437,2025-09-01 23:57:00,1184380.0,7.57,0
N1438,2025-09-01 23:58:00,202439.0,4.62,0
N1439,2025-09-01 23:59:00,4642277.0,220.89,0
N1440,2025-09-02 00:00:00,59108.0,18.06,0
N1441,2025-09-02 00:01:00,578133.0,9.49,0
N1442,2025-09-02 00:02:00,18977.0,14.18,0
N1443,2025-09-02 00:03:00,90364.0,7.12,0
N1444,2025-09-02 00:04:00,67904.0,9.79,0
N1445,2025-09-02 00:05:00,39063.0,145.05,0
N1446,2025-09-02 00:06:00,122621.0,8.9,0
N1447,2025-09-02 00:07:00,109688.0,23.49,0
N1448,2025-09-02 00:08:00,231603.0,23.62,0
N1449,2025-09-02 00:09:00,225191.0,18.51,0
N1450,2025-09-02 00:10:00,249414.0,39.64,0
N1451,2025-09-02 00:11:00,120950.0,8.4,0
N1452,2025-09-02 00:12:00,38149.0,57.33,0
N1453,2025-09-02 00:13:00,255775.0,27.49,0
N1454,2025-09-02 00:14:00,73720.0,55.04,0
N1455,2025-09-02 00:15:00,156868.0,191.53,0
N1456,2025-09-02 00:16:00,219538.0,41.82,0
N1457,2025-09-02 00:17:00,402230.0,2.89,0
N1458,2025-09-02 00:18:00,78046.0,9.3,0
N1459,2025-09-02 00:19:00,34873.0,10.04,0
N1460,2025-09-02 00:20:00,139390.0,6.62,0
N1461,2025-09-02 00:21:00,137996.0,5.11,0
N1462,2025-09-02 00:22:00,440148.0,22.05,0
N1463,2025-09-02 00:23:00,245985.0,7.76,0
N1464,2025-09-02 00:24:00,95398.0,9.9,0
N1465,2025-09-02 00:25:00,134354.0,250.26,0
N1466,2025-09-02 00:26:00,97241.0,54.84,0
N1467,2025-09-02 00:27:00,457384.0,70.13,0
N1468,2025-09-02 00:28:00,27063.0,19.04,0
N1469,2025-09-02 00:29:00,188965.0,37.98,0
N1470,2025-09-02 00:30:00,163403.0,3.05,0
N1471,2025-09-02 00:31:00,244990.0,15.71,0
N1472,2025-09-02 00:32:00,117120.0,10.11,0
N1473,2025-09-02 00:33:00,168707.0,9.39,0
N1474,2025-09-02 00:34:00,571469.0,36.7,0
N1475,2025-09-02 00:35:00,817829.0,29.24,0
N1476,2025-09-02 00:36:00,22838.0,18.86,0
N1477,2025-09-02 00:37:00,150622.0,24.55,0
N1478,2025-09-02 00:38:00,124573.0,47.42,0
N1479,2025-09-02 00:39:00,657587.0,17.95,0
N1480,2025-09-02 00:40:00,1684793.0,12.05,0
N1481,2025-09-02 00:41:00,39072.0,158.03,0
N1482,2025-09-02 00:42:00,109314.0,99.26,0
N1483,2025-09-02 00:43:00,1368831.0,47.76,0
N1484,2025-09-02 00:44:00,75518.0,4.54,0
N1485,2025-09-02 00:45:00,86135.0,18.91,0
N1486,2025-09-02 00:46:00,398496.0,42.81,0
N1487,2025-09-02 00:47:00,315718.0,26.17,0
N1488,2025-09-02 00:48:00,345663.0,21.56,0
N1489,2025-09-02 00:49:00,216379.0,12.1,0
N1490,2025-09-02 00:50:00,274284.0,4.89,0
N1491,2025-09-02 00:51:00,37125.0,64.76,0
N1492,2025-09-02 00:52:00,246326.0,183.48,0
N1493,2025-09-02 00:53:00,304516.0,19.15,0
N1494,2025-09-02 00:54:00,145081.0,7.4,0
N1495,2025-09-02 00:55:00,1926344.0,22.75,0
N1496,2025-09-02 00:56:00,404337.0,23.45,0
N1497,2025-09-02 00:57:00,161950.0,76.47,0
N1498,2025-09-02 00:58:00,55799.0,57.06,0
N1499,2025-09-02 00:59:00,337558.0,7.29,0
N1500,2025-09-02 01:00:00,142906.0,104.53,0
N1501,2025-09-02 01:01:00,229560.0,133.83,0
N1502,2025-09-02 01:02:00,90808.0,22.04,0
N1503,2025-09-02 01:03:00,60992.0,5.76,0
N1504,2025-09-02 01:04:00,1178232.0,125.23,0
N1505,2025-09-02 01:05:00,211577.0,19.1,0
N1506,2025-09-02 01:06:00,96387.0,4.69,0
N1507,2025-09-02 01:07:00,325196.0,7.35,0
N1508,2025-09-02 01:08:00,38926.0,2.11,0
N1509,2025-09-02 01:09:00,453082.0,18.57,0
N1510,2025-09-02 01:10:00,45084.0,5.35,0
N1511,2025-09-02 01:11:00,293273.0,161.86,0
N1512,2025-09-02 01:12:00,60599.0,409.88,0
N1513,2025-09-02 01:13:00,300381.0,15.8,0
N1514,2025-09-02 01:14:00,186821.0,31.6,0
N1515,2025-09-02 01:15:00,339077.0,39.43,0
N1516,2025-09-02 01:16:00,323119.0,10.71,0
N1517,2025-09-02 01:17:00,26254.0,3.78,0
N1518,2025-09-02 01:18:00,166241.0,53.08,0
N1519,2025-09-02 01:19:00,52736.0,26.17,0
N1520,2025-09-02 01:20:00,378841.0,65.13,0
N1521,2025-09-02 01:21:00,80515.0,15.79,0
N1522,2025-09-02 01:22:00,63438.0,15.72,0
N1523,2025-09-02 01:23:00,366594.0,8.59,0
N1524,2025-09-02 01:24:00,425458.0,4.13,0
N1525,2025-09-02 01:25:00,208948.0,14.93,0
N1526,2025-09-02 01:26:00,238023.0,17.65,0
N1527,2025-09-02 01:27:00,129752.0,52.11,0
N1528,2025-09-02 01:28:00,1663745.0,9.46,0
N1529,2025-09-02 01:29:00,209133.0,176.55,0
N1530,2025-09-02 01:30:00,58678.0,25.32,0
N1531,2025-09-02 01:31:00,228111.0,51.35,0
N1532,2025-09-02 01:32:00,204555.0,90.49,0
N1533,2025-09-02 01:33:00,114496.0,67.7,0
N1534,2025-09-02 01:34:00,357159.0,6.57,0
N1535,2025-09-02 01:35:00,248372.0,5.49,0
N1536,2025-09-02 01:36:00,392381.0,301.75,0
N1537,2025-09-02 01:37:00,95337.0,5.3,0
N1538,2025-09-02 01:38:00,50211.0,5.09,0
N1539,2025-09-02 01:39:00,92604.0,33.45,0
N1540,2025-09-02 01:40:00,55432.0,3.27,0
N1541,2025-09-02 01:41:00,34916.0,21.69,0
N1542,2025-09-02 01:42:00,49993.0,21.42,0
N1543,2025-09-02 01:43:00,1000910.0,61.36,0
N1544,2025-09-02 01:44:00,13569.0,22.9,0
N1545,2025-09-02 01:45:00,129034.0,17.72,0
N1546,2025-09-02 01:46:00,179294.0,12.66,0
N1547,2025-09-02 01:47:00,276712.0,6.91,0
N1548,2025-09-02 01:48:00,307981.0,2.44,0
N1549,2025-09-02 01:49:00,494635.0,31.31,0
N1550,2025-09-02 01:50:00,69047.0,16.16,0
N1551,2025-09-02 01:51:00,91569.0,9.48,0
N1552,2025-09-02 01:52:00,547447.0,183.62,0
N1553,2025-09-02 01:53:00,257806.0,55.58,0
N1554,2025-09-02 01:54:00,1873379.0,2.54,0
N1555,2025-09-02 01:55:00,47607.0,6.38,0
N1556,2025-09-02 01:56:00,800453.0,10.17,0
N1557,2025-09-02 01:57:00,434459.0,84.44,0
N1558,2025-09-02 01:58:00,162533.0,77.52,0
N1559,2025-09-02 01:59:00,128201.0,3.92,0
N1560,2025-09-02 02:00:00,14249.0,18.62,0
N1561,2025-09-02 02:01:00,159596.0,21.39,0
N1562,2025-09-02 02:02:00,42216.0,42.64,0
N1563,2025-09-02 02:03:00,144422.0,16.25,0
N1564,2025-09-02 02:04:00,629658.0,35.08,0
N1565,2025-09-02 02:05:00,102612.0,28.3,0
N1566,2025-09-02 02:06:00,86411.0,81.22,0
N1567,2025-09-02 02:07:00,275970.0,5.82,0
N1568,2025-09-02 02:08:00,143080.0,4.63,0
N1569,2025-09-02 02:09:00,591775.0,38.75,0
N1570,2025-09-02 02:10:00,58162.0,10.33,0
N1571,2025-09-02 02:11:00,623755.0,68.43,0
N1572,2025-09-02 02:12:00,33033.0,9.44,0
N1573,2025-09-02 02:13:00,431692.0,4.58,0
N1574,2025-09-02 02:14:00,147873.0,6.47,0
N1575,2025-09-02 02:15:00,194969.0,0.46,0
N1576,2025-09-02 02:16:00,133997.0,50.08,0
N1577,2025-09-02 02:17:00,491693.0,11.95,0
N1578,2025-09-02 02:18:00,634013.0,24.21,0
N1579,2025-09-02 02:19:00,228337.0,10.9,0
N1580,2025-09-02 02:20:00,460714.0,19.12,0
N1581,2025-09-02 02:21:00,46252.0,30.51,0
N1582,2025-09-02 02:22:00,651509.0,37.1,0
N1583,2025-09-02 02:23:00,353030.0,15.03,0
N1584,2025-09-02 02:24:00,123332.0,21.64,0
N1585,2025-09-02 02:25:00,73567.0,3.73,0
N1586,2025-09-02 02:26:00,69360.0,12.62,0
N1587,2025-09-02 02:27:00,1051533.0,4.96,0
N1588,2025-09-02 02:28:00,301178.0,92.14,0
N1589,2025-09-02 02:29:00,211463.0,3.74,0
N1590,2025-09-02 02:30:00,285926.0,44.34,0
N1591,2025-09-02 02:31:00,73428.0,18.45,0
N1592,2025-09-02 02:32:00,372277.0,52.47,0
N1593,2025-09-02 02:33:00,491460.0,20.33,0
N1594,2025-09-02 02:34:00,304257.0,4.96,0
N1595,2025-09-02 02:35:00,251872.0,39.03,0
N1596,2025-09-02 02:36:00,521938.0,74.21,0
N1597,2025-09-02 02:37:00,75130.0,17.2,0
N1598,2025-09-02 02:38:00,326997.0,2.73,0
N1599,2025-09-02 02:39:00,90337.0,6.13,0
N1600,2025-09-02 02:40:00,275826.0,79.03,0
N1601,2025-09-02 02:41:00,136910.0,145.78,0
N1602,2025-09-02 02:42:00,91851.0,30.31,0
N1603,2025-09-02 02:43:00,774359.0,19.27,0
N1604,2025-09-02 02:44:00,53183.0,4.69,0
N1605,2025-09-02 02:45:00,187582.0,15.96,0
N1606,2025-09-02 02:46:00,238481.0,86.54,0
N1607,2025-09-02 02:47:00,55525.0,6.62,0
N1608,2025-09-02 02:48:00,353923.0,8.3,0
N1609,2025-09-02 02:49:00,494708.0,29.19,0
N1610,2025-09-02 02:50:00,107741.0,136.66,0
N1611,2025-09-02 02:51:00,905335.0,23.22,0
N1612,2025-09-02 02:52:00,203992.0,13.6,0
N1613,2025-09-02 02:53:00,305156.0,36.01,0
N1614,2025-09-02 02:54:00,144470.0,83.37,0
N1615,2025-09-02 02:55:00,221214.0,19.78,0
N1616,2025-09-02 02:56:00,23153.0,12.47,0
N1617,2025-09-02 02:57:00,218306.0,4.36,0
N1618,2025-09-02 02:58:00,75623.0,12.34,0
N1619,2025-09-02 02:59:00,203341.0,89.57,0
N1620,2025-09-02 03:00:00,789062.0,24.12,0
N1621,2025-09-02 03:01:00,58593.0,93.41,0
N1622,2025-09-02 03:02:00,167333.0,14.7,0
N1623,2025-09-02 03:03:00,172743.0,21.79,0
N1624,2025-09-02 03:04:00,158495.0,10.03,0
N1625,2025-09-02 03:05:00,658604.0,9.63,0
N1626,2025-09-02 03:06:00,19824.0,6.4,0
N1627,2025-09-02 03:07:00,201464.0,0.87,0
N1628,2025-09-02 03:08:00,660071.0,57.98,0
N1629,2025-09-02 03:09:00,389584.0,20.84,0
N1630,2025-09-02 03:10:00,276335.0,9.1,0
N1631,2025-09-02 03:11:00,640519.0,9.74,0
N1632,2025-09-02 03:12:00,29515.0,77.6,0
N1633,2025-09-02 03:13:00,124620.0,8.28,0
N1634,2025-09-02 03:14:00,206010.0,3.18,0
N1635,2025-09-02 03:15:00,46237.0,11.24,0
N1636,2025-09-02 03:16:00,29696.0,11.44,0
N1637,2025-09-02 03:17:00,371515.0,9.0,0
N1638,2025-09-02 03:18:00,118166.0,29.18,0
N1639,2025-09-02 03:19:00,350490.0,1.56,0
N1640,2025-09-02 03:20:00,345542.0,61.02,0
N1641,2025-09-02 03:21:00,648103.0,21.62,0
N1642,2025-09-02 03:22:00,179370.0,18.92,0
N1643,2025-09-02 03:23:00,1384504.0,15.89,0
N1644,2025-09-02 03:24:00,253535.0,13.29,0
N1645,2025-09-02 03:25:00,222095.0,4.7,0
N1646,2025-09-02 03:26:00,173012.0,12.08,0
N1647,2025-09-02 03:27:00,138008.0,3.42,0
N1648,2025-09-02 03:28:00,210245.0,48.01,0
N1649,2025-09-02 03:29:00,518051.0,4.26,0
N1650,2025-09-02 03:30:00,274618.0,101.28,0
N1651,2025-09-02 03:31:00,332400.0,11.69,0
N1652,2025-09-02 03:32:00,180957.0,11.6,0
N1653,2025-09-02 03:33:00,371528.0,36.41,0
N1654,2025-09-02 03:34:00,30684.0,13.44,0
N1655,2025-09-02 03:35:00,160049.0,4.68,0
N1656,2025-09-02 03:36:00,1323272.0,27.52,0
N1657,2025-09-02 03:37:00,25117.0,4.89,0
N1658,2025-09-02 03:38:00,560439.0,18.65,0
N1659,2025-09-02 03:39:00,99170.0,37.02,0
N1660,2025-09-02 03:40:00,105396.0,14.06,0
N1661,2025-09-02 03:41:00,315744.0,38.25,0
N1662,2025-09-02 03:42:00,1426675.0,96.83,0
N1663,2025-09-02 03:43:00,166258.0,22.95,0
N1664,2025-09-02 03:44:00,27934.0,12.33,0
N1665,2025-09-02 03:45:00,49738.0,12.06,0
N1666,2025-09-02 03:46:00,178297.0,51.27,0
N1667,2025-09-02 03:47:00,26777.0,15.2,0
N1668,2025-09-02 03:48:00,225003.0,22.05,0
N1669,2025-09-02 03:49:00,105675.0,29.32,0
N1670,2025-09-02 03:50:00,79524.0,117.37,0
N1671,2025-09-02 03:51:00,34919.0,29.34,0
N1672,2025-09-02 03:52:00,45171.0,125.44,0
N1673,2025-09-02 03:53:00,66068.0,26.14,0
N1674,2025-09-02 03:54:00,713588.0,6.17,0
N1675,2025-09-02 03:55:00,1458874.0,10.0,0
N1676,2025-09-02 03:56:00,120214.0,9.16,0
N1677,2025-09-02 03:57:00,146647.0,29.67,0
N1678,2025-09-02 03:58:00,220931.0,3.4,0
N1679,2025-09-02 03:59:00,45470.0,150.98,0
N1680,2025-09-02 04:00:00,47553.0,11.83,0
N1681,2025-09-02 04:01:00,99285.0,9.43,0
N1682,2025-09-02 04:02:00,125981.0,2.83,0
N1683,2025-09-02 04:03:00,573801.0,96.6,0
N1684,2025-09-02 04:04:00,737222.0,39.16,0
N1685,2025-09-02 04:05:00,134327.0,15.41,0
N1686,2025-09-02 04:06:00,60392.0,2.31,0
N1687,2025-09-02 04:07:00,139776.0,13.27,0
N1688,2025-09-02 04:08:00,99393.0,83.11,0
N1689,2025-09-02 04:09:00,421206.0,19.36,0
N1690,2025-09-02 04:10:00,76553.0,40.39,0
N1691,2025-09-02 04:11:00,184072.0,101.55,0
N1692,2025-09-02 04:12:00,180942.0,130.1,0
N1693,2025-09-02 04:13:00,110417.0,21.8,0
N1694,2025-09-02 04:14:00,195687.0,55.81,0
N1695,2025-09-02 04:15:00,28296.0,18.44,0
N1696,2025-09-02 04:16:00,133269.0,12.36,0
N1697,2025-09-02 04:17:00,475887.0,22.15,0
N1698,2025-09-02 04:18:00,156801.0,69.29,0
N1699,2025-09-02 04:19:00,460552.0,8.74,0
N1700,2025-09-02 04:20:00,68092.0,32.41,0
N1701,2025-09-02 04:21:00,209685.0,8.82,0
N1702,2025-09-02 04:22:00,863630.0,23.05,0
N1703,2025-09-02 04:23:00,324154.0,3.34,0
N1704,2025-09-02 04:24:00,380735.0,11.86,0
N1705,2025-09-02 04:25:00,83504.0,44.98,0
N1706,2025-09-02 04:26:00,37832.0,383.89,0
N1707,2025-09-02 04:27:00,184978.0,16.06,0
N1708,2025-09-02 04:28:00,87410.0,21.33,0
N1709,2025-09-02 04:29:00,115708.0,48.47,0
N1710,2025-09-02 04:30:00,420197.0,5.14,0
N1711,2025-09-02 04:31:00,134918.0,53.41,0
N1712,2025-09-02 04:32:00,111245.0,23.08,0
N1713,2025-09-02 04:33:00,178525.0,32.82,0
N1714,2025-09-02 04:34:00,4199868.0,100.2,0
N1715,2025-09-02 04:35:00,184238.0,6.95,0
N1716,2025-09-02 04:36:00,49593.0,5.32,0
N1717,2025-09-02 04:37:00,158585.0,22.84,0
N1718,2025-09-02 04:38:00,128858.0,19.3,0
N1719,2025-09-02 04:39:00,2084853.0,5.92,0
N1720,2025-09-02 04:40:00,60676.0,4.09,0
N1721,2025-09-02 04:41:00,169937.0,10.5,0
N1722,2025-09-02 04:42:00,486233.0,31.77,0
N1723,2025-09-02 04:43:00,614454.0,477.73,0
N1724,2025-09-02 04:44:00,25262.0,17.59,0
N1725,2025-09-02 04:45:00,35614.0,3.67,0
N1726,2025-09-02 04:46:00,47735.0,16.45,0
N1727,2025-09-02 04:47:00,296076.0,47.33,0
N1728,2025-09-02 04:48:00,236631.0,12.74,0
N1729,2025-09-02 04:49:00,269114.0,6.37,0
N1730,2025-09-02 04:50:00,133565.0,8.76,0
N1731,2025-09-02 04:51:00,752718.0,13.05,0
N1732,2025-09-02 04:52:00,15902.0,12.86,0
N1733,2025-09-02 04:53:00,324090.0,12.28,0
N1734,2025-09-02 04:54:00,442853.0,28.97,0
N1735,2025-09-02 04:55:00,162514.0,7.17,0
N1736,2025-09-02 04:56:00,119758.0,30.3,0
N1737,2025-09-02 04:57:00,134600.0,1.16,0
N1738,2025-09-02 04:58:00,236961.0,31.57,0
N1739,2025-09-02 04:59:00,106368.0,85.87,0
N1740,2025-09-02 05:00:00,242881.0,74.21,0
N1741,2025-09-02 05:01:00,174351.0,3.64,0
N1742,2025-09-02 05:02:00,27824.0,68.94,0
N1743,2025-09-02 05:03:00,98522.0,42.82,0
N1744,2025-09-02 05:04:00,98355.0,1.85,0
N1745,2025-09-02 05:05:00,73612.0,4.55,0
N1746,2025-09-02 05:06:00,67261.0,393.6,0
N1747,2025-09-02 05:07:00,151514.0,39.16,0
N1748,2025-09-02 05:08:00,161540.0,2.96,0
N1749,2025-09-02 05:09:00,324405.0,0.76,0
N1750,2025-09-02 05:10:00,47834.0,1.27,0
N1751,2025-09-02 05:11:00,156696.0,4.63,0
N1752,2025-09-02 05:12:00,24110.0,148.53,0
N1753,2025-09-02 05:13:00,153560.0,97.14,0
N1754,2025-09-02 05:14:00,109809.0,21.75,0
N1755,2025-09-02 05:15:00,708735.0,41.1,0
N1756,2025-09-02 05:16:00,181280.0,120.78,0
N1757,2025-09-02 05:17:00,258215.0,73.64,0
N1758,2025-09-02 05:18:00,112957.0,12.06,0
N1759,2025-09-02 05:19:00,143706.0,102.57,0
N1760,2025-09-02 05:20:00,451864.0,11.98,0
N1761,2025-09-02 05:21:00,76546.0,6.73,0
N1762,2025-09-02 05:22:00,29000.0,12.87,0
N1763,2025-09-02 05:23:00,88166.0,35.58,0
N1764,2025-09-02 05:24:00,51465.0,19.98,0
N1765,2025-09-02 05:25:00,889947.0,79.94,0
N1766,2025-09-02 05:26:00,222749.0,28.29,0
N1767,2025-09-02 05:27:00,147184.0,12.34,0
N1768,2025-09-02 05:28:00,220719.0,21.78,0
N1769,2025-09-02 05:29:00,81812.0,3.87,0
N1770,2025-09-02 05:30:00,569482.0,128.89,0
N1771,2025-09-02 05:31:00,122060.0,16.23,0
N1772,2025-09-02 05:32:00,383398.0,252.77,0
N1773,2025-09-02 05:33:00,416718.0,112.49,0
N1774,2025-09-02 05:34:00,408443.0,92.1,0
N1775,2025-09-02 05:35:00,254485.0,19.81,0
N1776,2025-09-02 05:36:00,79708.0,6.26,0
N1777,2025-09-02 05:37:00,126124.0,10.81,0
N1778,2025-09-02 05:38:00,67064.0,54.61,0
N1779,2025-09-02 05:39:00,29028.0,12.32,0
N1780,2025-09-02 05:40:00,176725.0,95.86,0
N1781,2025-09-02 05:41:00,90508.0,26.94,0
N1782,2025-09-02 05:42:00,265947.0,89.45,0
N1783,2025-09-02 05:43:00,785195.0,11.51,0
N1784,2025-09-02 05:44:00,191878.0,22.35,0
N1785,2025-09-02 05:45:00,33842.0,82.78,0
N1786,2025-09-02 05:46:00,139313.0,3.62,0
N1787,2025-09-02 05:47:00,161212.0,26.53,0
N1788,2025-09-02 05:48:00,154399.0,20.28,0
N1789,2025-09-02 05:49:00,1265657.0,47.53,0
N1790,2025-09-02 05:50:00,59871.0,140.66,0
N1791,2025-09-02 05:51:00,17322.0,10.76,0
N1792,2025-09-02 05:52:00,73479.0,14.02,0
N1793,2025-09-02 05:53:00,209483.0,161.19,0
N1794,2025-09-02 05:54:00,292777.0,10.66,0
N1795,2025-09-02 05:55:00,104217.0,16.5,0
N1796,2025-09-02 05:56:00,136799.0,94.85,0
N1797,2025-09-02 05:57:00,172267.0,8.21,0
N1798,2025-09-02 05:58:00,1779966.0,71.56,0
N1799,2025-09-02 05:59:00,284080.0,22.36,0
N1800,2025-09-02 06:00:00,715740.0,6.23,0
N1801,2025-09-02 06:01:00,165921.0,19.2,0
N1802,2025-09-02 06:02:00,476623.0,21.0,0
N1803,2025-09-02 06:03:00,135395.0,13.83,0
N1804,2025-09-02 06:04:00,169551.0,6.0,0
N1805,2025-09-02 06:05:00,273925.0,55.67,0
N1806,2025-09-02 06:06:00,274603.0,16.12,0
N1807,2025-09-02 06:07:00,101525.0,43.38,0
N1808,2025-09-02 06:08:00,260952.0,13.58,0
N1809,2025-09-02 06:09:00,197419.0,96.94,0
N1810,2025-09-02 06:10:00,224832.0,12.42,0
N1811,2025-09-02 06:11:00,57693.0,24.16,0
N1812,2025-09-02 06:12:00,274914.0,6.09,0
N1813,2025-09-02 06:13:00,119485.0,122.28,0
N1814,2025-09-02 06:14:00,257660.0,141.89,0
N1815,2025-09-02 06:15:00,520414.0,94.77,0
N1816,2025-09-02 06:16:00,109949.0,39.11,0
N1817,2025-09-02 06:17:00,93382.0,23.94,0
N1818,2025-09-02 06:18:00,91881.0,6.8,0
N1819,2025-09-02 06:19:00,25561.0,15.67,0
N1820,2025-09-02 06:20:00,71542.0,20.09,0
N1821,2025-09-02 06:21:00,169176.0,44.55,0
N1822,2025-09-02 06:22:00,204881.0,7.58,0
N1823,2025-09-02 06:23:00,294070.0,25.32,0
N1824,2025-09-02 06:24:00,94216.0,65.49,0
N1825,2025-09-02 06:25:00,610135.0,24.76,0
N1826,2025-09-02 06:26:00,43531.0,189.77,0
N1827,2025-09-02 06:27:00,142847.0,39.71,0
N1828,2025-09-02 06:28:00,409121.0,8.95,0
N1829,2025-09-02 06:29:00,381086.0,22.16,0
N1830,2025-09-02 06:30:00,220818.0,8.76,0
N1831,2025-09-02 06:31:00,168843.0,21.16,0
N1832,2025-09-02 06:32:00,103677.0,13.88,0
N1833,2025-09-02 06:33:00,206314.0,13.04,0
N1834,2025-09-02 06:34:00,227555.0,13.1,0
N1835,2025-09-02 06:35:00,45315.0,322.08,0
N1836,2025-09-02 06:36:00,123450.0,167.94,0
N1837,2025-09-02 06:37:00,216603.0,6.37,0
N1838,2025-09-02 06:38:00,99539.0,31.33,0
N1839,2025-09-02 06:39:00,329478.0,39.93,0
N1840,2025-09-02 06:40:00,170676.0,15.7,0
N1841,2025-09-02 06:41:00,374024.0,21.22,0
N1842,2025-09-02 06:42:00,158566.0,5.89,0
N1843,2025-09-02 06:43:00,82018.0,1.94,0
N1844,2025-09-02 06:44:00,79170.0,2.71,0
N1845,2025-09-02 06:45:00,60119.0,375.2,0
N1846,2025-09-02 06:46:00,349488.0,52.58,0
N1847,2025-09-02 06:47:00,772239.0,43.09,0
N1848,2025-09-02 06:48:00,225109.0,6.92,0
N1849,2025-09-02 06:49:00,117370.0,13.75,0
N1850,2025-09-02 06:50:00,447412.0,23.03,0
N1851,2025-09-02 06:51:00,95752.0,15.88,0
N1852,2025-09-02 06:52:00,410558.0,37.57,0
N1853,2025-09-02 06:53:00,145054.0,6.53,0
N1854,2025-09-02 06:54:00,112289.0,71.82,0
N1855,2025-09-02 06:55:00,49888.0,13.96,0
N1856,2025-09-02 06:56:00,63745.0,123.22,0
N1857,2025-09-02 06:57:00,186300.0,1.27,0
N1858,2025-09-02 06:58:00,670632.0,191.01,0
N1859,2025-09-02 06:59:00,71856.0,2.56,0
N1860,2025-09-02 07:00:00,77465.0,58.05,0
N1861,2025-09-02 07:01:00,34913.0,4.47,0
N1862,2025-09-02 07:02:00,26169.0,12.94,0
N1863,2025-09-02 07:03:00,68448.0,0.78,0
N1864,2025-09-02 07:04:00,105098.0,64.59,0
N1865,2025-09-02 07:05:00,1021679.0,33.7,0
N1866,2025-09-02 07:06:00,157614.0,3.83,0
N1867,2025-09-02 07:07:00,70992.0,20.57,0
N1868,2025-09-02 07:08:00,123703.0,12.92,0
N1869,2025-09-02 07:09:00,138391.0,17.38,0
N1870,2025-09-02 07:10:00,60389.0,32.39,0
N1871,2025-09-02 07:11:00,20111.0,12.6,0
N1872,2025-09-02 07:12:00,110518.0,44.64,0
N1873,2025-09-02 07:13:00,426151.0,32.77,0
N1874,2025-09-02 07:14:00,118364.0,17.83,0
N1875,2025-09-02 07:15:00,68796.0,20.36,0
N1876,2025-09-02 07:16:00,305371.0,45.54,0
N1877,2025-09-02 07:17:00,300198.0,55.44,0
N1878,2025-09-02 07:18:00,207908.0,10.48,0
N1879,2025-09-02 07:19:00,166424.0,11.55,0
N1880,2025-09-02 07:20:00,141562.0,14.8,0
N1881,2025-09-02 07:21:00,495914.0,17.11,0
N1882,2025-09-02 07:22:00,67706.0,13.27,0
N1883,2025-09-02 07:23:00,36503.0,40.82,0
N1884,2025-09-02 07:24:00,42932.0,3.5,0
N1885,2025-09-02 07:25:00,393839.0,209.45,0
N1886,2025-09-02 07:26:00,57152.0,6.51,0
N1887,2025-09-02 07:27:00,115943.0,3.14,0
N1888,2025-09-02 07:28:00,198861.0,127.62,0
N1889,2025-09-02 07:29:00,264772.0,14.89,0
N1890,2025-09-02 07:30:00,419017.0,9.17,0
N1891,2025-09-02 07:31:00,58625.0,23.76,0
N1892,2025-09-02 07:32:00,423412.0,43.54,0
N1893,2025-09-02 07:33:00,952545.0,50.9,0
N1894,2025-09-02 07:34:00,63961.0,2.22,0
N1895,2025-09-02 07:35:00,87478.0,110.53,0
N1896,2025-09-02 07:36:00,252971.0,3.54,0
N1897,2025-09-02 07:37:00,90596.0,186.06,0
N1898,2025-09-02 07:38:00,133654.0,9.58,0
N1899,2025-09-02 07:39:00,43096.0,66.35,0
N1900,2025-09-02 07:40:00,147600.0,6.85,0
N1901,2025-09-02 07:41:00,262043.0,64.62,0
N1902,2025-09-02 07:42:00,1978670.0,11.22,0
N1903,2025-09-02 07:43:00,123466.0,30.23,0
N1904,2025-09-02 07:44:00,207909.0,83.9,0
N1905,2025-09-02 07:45:00,235723.0,10.35,0
N1906,2025-09-02 07:46:00,413231.0,199.48,0
N1907,2025-09-02 07:47:00,13535.0,58.18,0
N1908,2025-09-02 07:48:00,72842.0,17.07,0
N1909,2025-09-02 07:49:00,57469.0,13.05,0
N1910,2025-09-02 07:50:00,180460.0,71.46,0
N1911,2025-09-02 07:51:00,30551.0,8.23,0
N1912,2025-09-02 07:52:00,69571.0,2.16,0
N1913,2025-09-02 07:53:00,104300.0,21.78,0
N1914,2025-09-02 07:54:00,256617.0,15.02,0
N1915,2025-09-02 07:55:00,351096.0,20.79,0
N1916,2025-09-02 07:56:00,663884.0,44.88,0
N1917,2025-09-02 07:57:00,715436.0,8.89,0
N1918,2025-09-02 07:58:00,44253.0,166.43,0
N1919,2025-09-02 07:59:00,58582.0,64.14,0
N1920,2025-09-02 08:00:00,86367.0,20.14,0
N1921,2025-09-02 08:01:00,40228.0,21.42,0
N1922,2025-09-02 08:02:00,784611.0,22.29,0
N1923,2025-09-02 08:03:00,41063.0,4.99,0
N1924,2025-09-02 08:04:00,81356.0,109.45,0
N1925,2025-09-02 08:05:00,91425.0,30.56,0
N1926,2025-09-02 08:06:00,2529559.0,3.65,0
N1927,2025-09-02 08:07:00,196663.0,9.18,0
N1928,2025-09-02 08:08:00,236215.0,6.11,0
N1929,2025-09-02 08:09:00,102903.0,20.81,0
N1930,2025-09-02 08:10:00,105044.0,27.29,0
N1931,2025-09-02 08:11:00,466081.0,9.14,0
N1932,2025-09-02 08:12:00,363111.0,25.64,0
N1933,2025-09-02 08:13:00,600225.0,44.33,0
N1934,2025-09-02 08:14:00,60241.0,3.2,0
N1935,2025-09-02 08:15:00,86763.0,51.64,0
N1936,2025-09-02 08:16:00,173739.0,60.98,0
N1937,2025-09-02 08:17:00,63706.0,29.41,0
N1938,2025-09-02 08:18:00,2161385.0,19.18,0
N1939,2025-09-02 08:19:00,85670.0,25.53,0
N1940,2025-09-02 08:20:00,262617.0,2.23,0
N1941,2025-09-02 08:21:00,204209.0,81.69,0
N1942,2025-09-02 08:22:00,33947.0,5.26,0
N1943,2025-09-02 08:23:00,128732.0,20.5,0
N1944,2025-09-02 08:24:00,31443.0,10.14,0
N1945,2025-09-02 08:25:00,54249.0,33.77,0
N1946,2025-09-02 08:26:00,23163.0,42.88,0
N1947,2025-09-02 08:27:00,51180.0,4.95,0
N1948,2025-09-02 08:28:00,62444.0,19.48,0
N1949,2025-09-02 08:29:00,117361.0,137.68,0
N1950,2025-09-02 08:30:00,225956.0,7.46,0
N1951,2025-09-02 08:31:00,37543.0,33.89,0
N1952,2025-09-02 08:32:00,41812.0,50.22,0
N1953,2025-09-02 08:33:00,165839.0,36.56,0
N1954,2025-09-02 08:34:00,50537.0,38.75,0
N1955,2025-09-02 08:35:00,1021253.0,7.41,0
N1956,2025-09-02 08:36:00,343321.0,3.92,0
N1957,2025-09-02 08:37:00,110120.0,40.89,0
N1958,2025-09-02 08:38:00,313252.0,56.65,0
N1959,2025-09-02 08:39:00,354085.0,9.63,0
N1960,2025-09-02 08:40:00,402579.0,20.06,0
N1961,2025-09-02 08:41:00,234776.0,4.72,0
N1962,2025-09-02 08:42:00,48509.0,8.82,0
N1963,2025-09-02 08:43:00,107091.0,16.57,0
N1964,2025-09-02 08:44:00,130231.0,34.31,0
N1965,2025-09-02 08:45:00,32268.0,7.89,0
N1966,2025-09-02 08:46:00,206330.0,37.67,0
N1967,2025-09-02 08:47:00,1356794.0,4.81,0
N1968,2025-09-02 08:48:00,64920.0,60.05,0
N1969,2025-09-02 08:49:00,289626.0,39.23,0
N1970,2025-09-02 08:50:00,191808.0,9.64,0
N1971,2025-09-02 08:51:00,93053.0,26.03,0
N1972,2025-09-02 08:52:00,72954.0,13.42,0
N1973,2025-09-02 08:53:00,320272.0,11.02,0
N1974,2025-09-02 08:54:00,156553.0,92.43,0
N1975,2025-09-02 08:55:00,316728.0,7.88,0
N1976,2025-09-02 08:56:00,77366.0,47.68,0
N1977,2025-09-02 08:57:00,49182.0,5.42,0
N1978,2025-09-02 08:58:00,576283.0,22.55,0
N1979,2025-09-02 08:59:00,494567.0,6.65,0
N1980,2025-09-02 09:00:00,402692.0,45.56,0
N1981,2025-09-02 09:01:00,199347.0,172.66,0
N1982,2025-09-02 09:02:00,206669.0,30.7,0
N1983,2025-09-02 09:03:00,516660.0,22.33,0
N1984,2025-09-02 09:04:00,126802.0,30.41,0
N1985,2025-09-02 09:05:00,361669.0,1.49,0
N1986,2025-09-02 09:06:00,279390.0,65.46,0
N1987,2025-09-02 09:07:00,184967.0,126.11,0
N1988,2025-09-02 09:08:00,709361.0,19.15,0
N1989,2025-09-02 09:09:00,7178.0,18.76,0
N1990,2025-09-02 09:10:00,182405.0,46.87,0
N1991,2025-09-02 09:11:00,302730.0,36.01,0
N1992,2025-09-02 09:12:00,534288.0,2.22,0
N1993,2025-09-02 09:13:00,123130.0,7.47,0
N1994,2025-09-02 09:14:00,235027.0,143.05,0
N1995,2025-09-02 09:15:00,29963.0,10.09,0
N1996,2025-09-02 09:16:00,63807.0,161.96,0
N1997,2025-09-02 09:17:00,46380.0,29.74,0
N1998,2025-09-02 09:18:00,112062.0,20.59,0
N1999,2025-09-02 09:19:00,131622.0,10.21,0
N2000,2025-09-02 09:20:00,47084.0,37.26,0
N2001,2025-09-02 09:21:00,546806.0,8.19,0
N2002,2025-09-02 09:22:00,342136.0,24.7,0
N2003,2025-09-02 09:23:00,57459.0,11.44,0
N2004,2025-09-02 09:24:00,21569.0,1.79,0
N2005,2025-09-02 09:25:00,59426.0,47.47,0
N2006,2025-09-02 09:26:00,122231.0,11.43,0
N2007,2025-09-02 09:27:00,333300.0,32.83,0
N2008,2025-09-02 09:28:00,80834.0,27.0,0
N2009,2025-09-02 09:29:00,848439.0,84.49,0
N2010,2025-09-02 09:30:00,535578.0,6.85,0
N2011,2025-09-02 09:31:00,460602.0,70.21,0
N2012,2025-09-02 09:32:00,43110.0,3.31,0
N2013,2025-09-02 09:33:00,92515.0,89.37,0
N2014,2025-09-02 09:34:00,284469.0,17.59,0
N2015,2025-09-02 09:35:00,49960.0,65.09,0
N2016,2025-09-02 09:36:00,373322.0,27.7,0
N2017,2025-09-02 09:37:00,748853.0,12.17,0
N2018,2025-09-02 09:38:00,263814.0,43.07,0
N2019,2025-09-02 09:39:00,186062.0,20.51,0
N2020,2025-09-02 09:40:00,200594.0,16.89,0
N2021,2025-09-02 09:41:00,248296.0,7.73,0
N2022,2025-09-02 09:42:00,1549584.0,41.15,0
N2023,2025-09-02 09:43:00,175329.0,2.72,0
N2024,2025-09-02 09:44:00,142842.0,37.81,0
N2025,2025-09-02 09:45:00,123962.0,22.94,0
N2026,2025-09-02 09:46:00,450001.0,85.67,0
N2027,2025-09-02 09:47:00,1248007.0,4.17,0
N2028,2025-09-02 09:48:00,74864.0,1.92,0
N2029,2025-09-02 09:49:00,80929.0,19.11,0
N2030,2025-09-02 09:50:00,211996.0,27.53,0
N2031,2025-09-02 09:51:00,757925.0,7.21,0
N2032,2025-09-02 09:52:00,525462.0,14.81,0
N2033,2025-09-02 09:53:00,408705.0,50.57,0
N2034,2025-09-02 09:54:00,317254.0,15.14,0
N2035,2025-09-02 09:55:00,259353.0,15.59,0
N2036,2025-09-02 09:56:00,205560.0,8.35,0
N2037,2025-09-02 09:57:00,74671.0,5.02,0
N2038,2025-09-02 09:58:00,180510.0,0.74,0
N2039,2025-09-02 09:59:00,62375.0,23.17,0
N2040,2025-09-02 10:00:00,230373.0,14.16,0
N2041,2025-09-02 10:01:00,239632.0,5.87,0
N2042,2025-09-02 10:02:00,663043.0,3.61,0
N2043,2025-09-02 10:03:00,295288.0,10.58,0
N2044,2025-09-02 10:04:00,245170.0,105.24,0
N2045,2025-09-02 10:05:00,324329.0,26.06,0
N2046,2025-09-02 10:06:00,272079.0,13.77,0
N2047,2025-09-02 10:07:00,52327.0,32.1,0
N2048,2025-09-02 10:08:00,56820.0,63.14,0
N2049,2025-09-02 10:09:00,106908.0,42.33,0
N2050,2025-09-02 10:10:00,77759.0,81.23,0
N2051,2025-09-02 10:11:00,182001.0,98.2,0
N2052,2025-09-02 10:12:00,52531.0,8.38,0
N2053,2025-09-02 10:13:00,152570.0,11.22,0
N2054,2025-09-02 10:14:00,72121.0,11.92,0
N2055,2025-09-02 10:15:00,227745.0,31.73,0
N2056,2025-09-02 10:16:00,146348.0,31.56,0
N2057,2025-09-02 10:17:00,57053.0,11.15,0
N2058,2025-09-02 10:18:00,171215.0,80.49,0
N2059,2025-09-02 10:19:00,68033.0,116.56,0
N2060,2025-09-02 10:20:00,132729.0,44.01,0
N2061,2025-09-02 10:21:00,412480.0,50.99,0
N2062,2025-09-02 10:22:00,222650.0,31.09,0
N2063,2025-09-02 10:23:00,76896.0,2.06,0
N2064,2025-09-02 10:24:00,423125.0,17.84,0
N2065,2025-09-02 10:25:00,61420.0,100.98,0
N2066,2025-09-02 10:26:00,2078859.0,1.07,0
N2067,2025-09-02 10:27:00,53173.0,279.46,0
N2068,2025-09-02 10:28:00,274678.0,9.64,0
N2069,2025-09-02 10:29:00,177310.0,30.25,0
N2070,2025-09-02 10:30:00,306225.0,33.8,0
N2071,2025-09-02 10:31:00,183857.0,6.9,0
N2072,2025-09-02 10:32:00,85319.0,17.31,0
N2073,2025-09-02 10:33:00,904826.0,39.05,0
N2074,2025-09-02 10:34:00,119211.0,161.08,0
N2075,2025-09-02 10:35:00,377613.0,9.55,0
N2076,2025-09-02 10:36:00,45586.0,62.97,0
N2077,2025-09-02 10:37:00,535794.0,19.52,0
N2078,2025-09-02 10:38:00,140508.0,7.88,0
N2079,2025-09-02 10:39:00,2354215.0,2.28,0
N2080,2025-09-02 10:40:00,98874.0,10.86,0
N2081,2025-09-02 10:41:00,345763.0,9.54,0
N2082,2025-09-02 10:42:00,682742.0,50.76,0
N2083,2025-09-02 10:43:00,112641.0,13.16,0
N2084,2025-09-02 10:44:00,55637.0,49.28,0
N2085,2025-09-02 10:45:00,195215.0,57.8,0
N2086,2025-09-02 10:46:00,187862.0,1.96,0
N2087,2025-09-02 10:47:00,84053.0,99.98,0
N2088,2025-09-02 10:48:00,15378.0,6.9,0
N2089,2025-09-02 10:49:00,151630.0,57.07,0
N2090,2025-09-02 10:50:00,1486525.0,32.47,0
N2091,2025-09-02 10:51:00,461698.0,45.64,0
N2092,2025-09-02 10:52:00,61332.0,17.64,0
N2093,2025-09-02 10:53:00,37192.0,12.39,0
N2094,2025-09-02 10:54:00,31017.0,10.72,0
N2095,2025-09-02 10:55:00,79057.0,1.08,0
N2096,2025-09-02 10:56:00,50605.0,96.28,0
N2097,2025-09-02 10:57:00,58483.0,10.64,0
N2098,2025-09-02 10:58:00,300745.0,224.19,0
N2099,2025-09-02 10:59:00,1019546.0,4.43,0
N2100,2025-09-02 11:00:00,14371.0,20.04,0
N2101,2025-09-02 11:01:00,267958.0,8.3,0
N2102,2025-09-02 11:02:00,362873.0,12.82,0
N2103,2025-09-02 11:03:00,188060.0,26.99,0
N2104,2025-09-02 11:04:00,57032.0,11.27,0
N2105,2025-09-02 11:05:00,305247.0,17.54,0
N2106,2025-09-02 11:06:00,53195.0,10.19,0
N2107,2025-09-02 11:07:00,193529.0,5.54,0
N2108,2025-09-02 11:08:00,90188.0,38.25,0
N2109,2025-09-02 11:09:00,1040012.0,2.5,0
N2110,2025-09-02 11:10:00,116559.0,17.19,0
N2111,2025-09-02 11:11:00,264347.0,10.78,0
N2112,2025-09-02 11:12:00,94461.0,16.56,0
N2113,2025-09-02 11:13:00,176604.0,60.66,0
N2114,2025-09-02 11:14:00,69918.0,42.67,0
N2115,2025-09-02 11:15:00,32079.0,11.76,0
N2116,2025-09-02 11:16:00,38955.0,46.58,0
N2117,2025-09-02 11:17:00,225028.0,62.1,0
N2118,2025-09-02 11:18:00,120328.0,15.11,0
N2119,2025-09-02 11:19:00,127259.0,6.43,0
N2120,2025-09-02 11:20:00,834865.0,21.96,0
N2121,2025-09-02 11:21:00,153490.0,27.15,0
N2122,2025-09-02 11:22:00,148692.0,3.29,0
N2123,2025-09-02 11:23:00,23632.0,3.81,0
N2124,2025-09-02 11:24:00,79736.0,3.98,0
N2125,2025-09-02 11:25:00,203471.0,81.17,0
N2126,2025-09-02 11:26:00,209550.0,17.53,0
N2127,2025-09-02 11:27:00,114200.0,32.5,0
N2128,2025-09-02 11:28:00,358794.0,2.11,0
N2129,2025-09-02 11:29:00,242853.0,42.2,0
N2130,2025-09-02 11:30:00,35729.0,95.42,0
N2131,2025-09-02 11:31:00,206552.0,69.78,0
N2132,2025-09-02 11:32:00,108910.0,45.19,0
N2133,2025-09-02 11:33:00,44451.0,9.0,0
N2134,2025-09-02 11:34:00,80930.0,23.7,0
N2135,2025-09-02 11:35:00,129050.0,12.9,0
N2136,2025-09-02 11:36:00,383273.0,25.55,0
N2137,2025-09-02 11:37:00,545636.0,1.49,0
N2138,2025-09-02 11:38:00,2961798.0,5.49,0
N2139,2025-09-02 11:39:00,84842.0,34.85,0
N2140,2025-09-02 11:40:00,90469.0,42.32,0
N2141,2025-09-02 11:41:00,3690748.0,14.16,0
N2142,2025-09-02 11:42:00,96851.0,38.97,0
N2143,2025-09-02 11:43:00,39827.0,14.26,0
N2144,2025-09-02 11:44:00,156200.0,48.24,0
N2145,2025-09-02 11:45:00,106259.0,147.31,0
N2146,2025-09-02 11:46:00,182836.0,12.83,0
N2147,2025-09-02 11:47:00,272562.0,8.68,0
N2148,2025-09-02 11:48:00,406519.0,114.56,0
N2149,2025-09-02 11:49:00,1006641.0,46.51,0
N2150,2025-09-02 11:50:00,105206.0,41.98,0
N2151,2025-09-02 11:51:00,62475.0,5.09,0
N2152,2025-09-02 11:52:00,445920.0,17.82,0
N2153,2025-09-02 11:53:00,153016.0,23.18,0
N2154,2025-09-02 11:54:00,513720.0,241.18,0
N2155,2025-09-02 11:55:00,197780.0,7.77,0
N2156,2025-09-02 11:56:00,83711.0,1.2,0
N2157,2025-09-02 11:57:00,116596.0,53.99,0
N2158,2025-09-02 11:58:00,145058.0,3.68,0
N2159,2025-09-02 11:59:00,311563.0,28.17,0
N2160,2025-09-02 12:00:00,220849.0,30.67,0
N2161,2025-09-02 12:01:00,107189.0,5.95,0
N2162,2025-09-02 12:02:00,228307.0,21.82,0
N2163,2025-09-02 12:03:00,46767.0,6.78,0
N2164,2025-09-02 12:04:00,75253.0,35.31,0
N2165,2025-09-02 12:05:00,163389.0,11.07,0
N2166,2025-09-02 12:06:00,64668.0,1.42,0
N2167,2025-09-02 12:07:00,323847.0,31.44,0
N2168,2025-09-02 12:08:00,753454.0,3.33,0
N2169,2025-09-02 12:09:00,37016.0,23.79,0
N2170,2025-09-02 12:10:00,682890.0,4.68,0
N2171,2025-09-02 12:11:00,171225.0,26.5,0
N2172,2025-09-02 12:12:00,25082.0,24.11,0
N2173,2025-09-02 12:13:00,294332.0,33.59,0
N2174,2025-09-02 12:14:00,279777.0,10.95,0
N2175,2025-09-02 12:15:00,100211.0,20.38,0
N2176,2025-09-02 12:16:00,238197.0,20.79,0
N2177,2025-09-02 12:17:00,606248.0,104.41,0
N2178,2025-09-02 12:18:00,206780.0,47.94,0
N2179,2025-09-02 12:19:00,518310.0,1.55,0
N2180,2025-09-02 12:20:00,106903.0,16.92,0
N2181,2025-09-02 12:21:00,23198.0,4.64,0
N2182,2025-09-02 12:22:00,53118.0,55.42,0
N2183,2025-09-02 12:23:00,439154.0,4.49,0
N2184,2025-09-02 12:24:00,94455.0,6.73,0
N2185,2025-09-02 12:25:00,350112.0,10.2,0
N2186,2025-09-02 12:26:00,562922.0,0.72,0
N2187,2025-09-02 12:27:00,546431.0,19.75,0
N2188,2025-09-02 12:28:00,596866.0,102.76,0
N2189,2025-09-02 12:29:00,302819.0,15.55,0
N2190,2025-09-02 12:30:00,128346.0,64.34,0
N2191,2025-09-02 12:31:00,32951.0,11.21,0
N2192,2025-09-02 12:32:00,217672.0,5.55,0
N2193,2025-09-02 12:33:00,50887.0,19.32,0
N2194,2025-09-02 12:34:00,242403.0,35.46,0
N2195,2025-09-02 12:35:00,470745.0,28.31,0
N2196,2025-09-02 12:36:00,274365.0,25.78,0
N2197,2025-09-02 12:37:00,233891.0,40.65,0
N2198,2025-09-02 12:38:00,339455.0,24.99,0
N2199,2025-09-02 12:39:00,81703.0,8.28,0
N2200,2025-09-02 12:40:00,461712.0,10.45,0
N2201,2025-09-02 12:41:00,67595.0,12.72,0
N2202,2025-09-02 12:42:00,353853.0,29.05,0
N2203,2025-09-02 12:43:00,203376.0,158.75,0
N2204,2025-09-02 12:44:00,738757.0,7.32,0
N2205,2025-09-02 12:45:00,270745.0,106.47,0
N2206,2025-09-02 12:46:00,182924.0,12.51,0
N2207,2025-09-02 12:47:00,54129.0,43.18,0
N2208,2025-09-02 12:48:00,115534.0,45.35,0
N2209,2025-09-02 12:49:00,73408.0,13.89,0
N2210,2025-09-02 12:50:00,58303.0,70.66,0
N2211,2025-09-02 12:51:00,115439.0,10.25,0
N2212,2025-09-02 12:52:00,389764.0,61.17,0
N2213,2025-09-02 12:53:00,146440.0,2.16,0
N2214,2025-09-02 12:54:00,79702.0,136.22,0
N2215,2025-09-02 12:55:00,253297.0,66.19,0
N2216,2025-09-02 12:56:00,30351.0,117.49,0
N2217,2025-09-02 12:57:00,14420.0,4.77,0
N2218,2025-09-02 12:58:00,105157.0,8.74,0
N2219,2025-09-02 12:59:00,348855.0,17.18,0
N2220,2025-09-02 13:00:00,353003.0,11.48,0
N2221,2025-09-02 13:01:00,163857.0,36.72,0
N2222,2025-09-02 13:02:00,129138.0,2.98,0
N2223,2025-09-02 13:03:00,166568.0,78.2,0
N2224,2025-09-02 13:04:00,257875.0,24.83,0
N2225,2025-09-02 13:05:00,126728.0,59.77,0
N2226,2025-09-02 13:06:00,250503.0,4.14,0
N2227,2025-09-02 13:07:00,111078.0,39.05,0
N2228,2025-09-02 13:08:00,66486.0,45.26,0
N2229,2025-09-02 13:09:00,311404.0,16.73,0
N2230,2025-09-02 13:10:00,142586.0,9.91,0
N2231,2025-09-02 13:11:00,195103.0,20.2,0
N2232,2025-09-02 13:12:00,113952.0,3.69,0
N2233,2025-09-02 13:13:00,70032.0,43.06,0
N2234,2025-09-02 13:14:00,128495.0,13.54,0
N2235,2025-09-02 13:15:00,472166.0,7.21,0
N2236,2025-09-02 13:16:00,163958.0,4.37,0
N2237,2025-09-02 13:17:00,152360.0,22.4,0
N2238,2025-09-02 13:18:00,1027139.0,3.92,0
N2239,2025-09-02 13:19:00,351980.0,21.35,0
N2240,2025-09-02 13:20:00,860113.0,24.35,0
N2241,2025-09-02 13:21:00,349669.0,16.61,0
N2242,2025-09-02 13:22:00,24596.0,18.34,0
N2243,2025-09-02 13:23:00,399587.0,15.31,0
N2244,2025-09-02 13:24:00,209055.0,18.44,0
N2245,2025-09-02 13:25:00,119553.0,208.91,0
N2246,2025-09-02 13:26:00,928991.0,88.08,0
N2247,2025-09-02 13:27:00,779807.0,66.93,0
N2248,2025-09-02 13:28:00,250776.0,17.4,0
N2249,2025-09-02 13:29:00,206436.0,8.43,0
N2250,2025-09-02 13:30:00,293264.0,25.67,0
N2251,2025-09-02 13:31:00,79188.0,204.42,0
N2252,2025-09-02 13:32:00,37659.0,21.16,0
N2253,2025-09-02 13:33:00,39975.0,43.61,0
N2254,2025-09-02 13:34:00,36768.0,23.05,0
N2255,2025-09-02 13:35:00,145307.0,89.54,0
N2256,2025-09-02 13:36:00,32517.0,64.71,0
N2257,2025-09-02 13:37:00,72093.0,26.5,0
N2258,2025-09-02 13:38:00,237556.0,8.89,0
N2259,2025-09-02 13:39:00,67154.0,84.71,0
N2260,2025-09-02 13:40:00,223091.0,242.97,0
N2261,2025-09-02 13:41:00,774288.0,8.69,0
N2262,2025-09-02 13:42:00,512750.0,485.53,0
N2263,2025-09-02 13:43:00,311169.0,110.49,0
N2264,2025-09-02 13:44:00,84136.0,2.59,0
N2265,2025-09-02 13:45:00,60619.0,25.45,0
N2266,2025-09-02 13:46:00,205879.0,21.78,0
N2267,2025-09-02 13:47:00,390036.0,38.0,0
N2268,2025-09-02 13:48:00,27921.0,38.23,0
N2269,2025-09-02 13:49:00,90648.0,5.42,0
N2270,2025-09-02 13:50:00,20318.0,25.53,0
N2271,2025-09-02 13:51:00,74876.0,18.2,0
N2272,2025-09-02 13:52:00,370490.0,30.6,0
N2273,2025-09-02 13:53:00,318102.0,144.94,0
N2274,2025-09-02 13:54:00,79205.0,6.37,0
N2275,2025-09-02 13:55:00,309285.0,3.99,0
N2276,2025-09-02 13:56:00,474392.0,144.49,0
N2277,2025-09-02 13:57:00,1217061.0,13.13,0
N2278,2025-09-02 13:58:00,162756.0,80.14,0
N2279,2025-09-02 13:59:00,165876.0,96.0,0
N2280,2025-09-02 14:00:00,168305.0,1.5,0
N2281,2025-09-02 14:01:00,36336.0,18.06,0
N2282,2025-09-02 14:02:00,92714.0,6.98,0
N2283,2025-09-02 14:03:00,111991.0,14.5,0
N2284,2025-09-02 14:04:00,228656.0,19.22,0
N2285,2025-09-02 14:05:00,124254.0,253.63,0
N2286,2025-09-02 14:06:00,401902.0,52.37,0
N2287,2025-09-02 14:07:00,283372.0,10.84,0
N2288,2025-09-02 14:08:00,138564.0,39.89,0
N2289,2025-09-02 14:09:00,62675.0,38.69,0
N2290,2025-09-02 14:10:00,97902.0,14.73,0
N2291,2025-09-02 14:11:00,81435.0,34.12,0
N2292,2025-09-02 14:12:00,203770.0,4.78,0
N2293,2025-09-02 14:13:00,81627.0,18.54,0
N2294,2025-09-02 14:14:00,208404.0,4.08,0
N2295,2025-09-02 14:15:00,142025.0,64.73,0
N2296,2025-09-02 14:16:00,49894.0,29.37,0
N2297,2025-09-02 14:17:00,35067.0,3.38,0
N2298,2025-09-02 14:18:00,152148.0,114.28,0
N2299,2025-09-02 14:19:00,147828.0,10.3,0
N2300,2025-09-02 14:20:00,545204.0,8.33,0
N2301,2025-09-02 14:21:00,160046.0,8.66,0
N2302,2025-09-02 14:22:00,57045.0,9.78,0
N2303,2025-09-02 14:23:00,153466.0,25.82,0
N2304,2025-09-02 14:24:00,171332.0,8.1,0
N2305,2025-09-02 14:25:00,149438.0,52.51,0
N2306,2025-09-02 14:26:00,85111.0,21.52,0
N2307,2025-09-02 14:27:00,130309.0,1.09,0
N2308,2025-09-02 14:28:00,103996.0,15.92,0
N2309,2025-09-02 14:29:00,145062.0,11.99,0
N2310,2025-09-02 14:30:00,541383.0,13.17,0
N2311,2025-09-02 14:31:00,270794.0,11.62,0
N2312,2025-09-02 14:32:00,64351.0,7.68,0
N2313,2025-09-02 14:33:00,229960.0,42.35,0
N2314,2025-09-02 14:34:00,215821.0,22.87,0
N2315,2025-09-02 14:35:00,702222.0,2.81,0
N2316,2025-09-02 14:36:00,222329.0,28.42,0
N2317,2025-09-02 14:37:00,59467.0,26.5,0
N2318,2025-09-02 14:38:00,340978.0,15.87,0
N2319,2025-09-02 14:39:00,276207.0,4.48,0
N2320,2025-09-02 14:40:00,311984.0,3.84,0
N2321,2025-09-02 14:41:00,616342.0,33.33,0
N2322,2025-09-02 14:42:00,274088.0,5.8,0
N2323,2025-09-02 14:43:00,176179.0,26.28,0
N2324,2025-09-02 14:44:00,204998.0,207.15,0
N2325,2025-09-02 14:45:00,111593.0,14.19,0
N2326,2025-09-02 14:46:00,239220.0,69.03,0
N2327,2025-09-02 14:47:00,43225.0,222.69,0
N2328,2025-09-02 14:48:00,127420.0,0.97,0
N2329,2025-09-02 14:49:00,243887.0,17.28,0
N2330,2025-09-02 14:50:00,22541.0,5.88,0
N2331,2025-09-02 14:51:00,346097.0,54.56,0
N2332,2025-09-02 14:52:00,145764.0,17.65,0
N2333,2025-09-02 14:53:00,141565.0,22.42,0
N2334,2025-09-02 14:54:00,292713.0,62.36,0
N2335,2025-09-02 14:55:00,27560.0,110.32,0
N2336,2025-09-02 14:56:00,1683645.0,155.31,0
N2337,2025-09-02 14:57:00,101035.0,9.9,0
N2338,2025-09-02 14:58:00,80155.0,6.03,0
N2339,2025-09-02 14:59:00,210185.0,3.65,0
N2340,2025-09-02 15:00:00,74869.0,61.32,0
N2341,2025-09-02 15:01:00,168070.0,41.29,0
N2342,2025-09-02 15:02:00,273350.0,63.78,0
N2343,2025-09-02 15:03:00,53928.0,53.9,0
N2344,2025-09-02 15:04:00,467639.0,1.39,0
N2345,2025-09-02 15:05:00,190366.0,25.42,0
N2346,2025-09-02 15:06:00,268279.0,71.95,0
N2347,2025-09-02 15:07:00,177972.0,14.83,0
N2348,2025-09-02 15:08:00,114149.0,18.95,0
N2349,2025-09-02 15:09:00,395960.0,6.57,0
N2350,2025-09-02 15:10:00,441384.0,22.82,0
N2351,2025-09-02 15:11:00,65384.0,28.83,0
N2352,2025-09-02 15:12:00,51291.0,132.17,0
N2353,2025-09-02 15:13:00,61224.0,3.02,0
N2354,2025-09-02 15:14:00,380567.0,49.94,0
N2355,2025-09-02 15:15:00,553596.0,5.16,0
N2356,2025-09-02 15:16:00,144352.0,22.56,0
N2357,2025-09-02 15:17:00,122726.0,58.27,0
N2358,2025-09-02 15:18:00,280041.0,67.85,0
N2359,2025-09-02 15:19:00,289724.0,217.65,0
N2360,2025-09-02 15:20:00,29007.0,174.49,0
N2361,2025-09-02 15:21:00,261488.0,17.62,0
N2362,2025-09-02 15:22:00,89796.0,21.93,0
N2363,2025-09-02 15:23:00,34127.0,63.83,0
N2364,2025-09-02 15:24:00,194102.0,45.63,0
N2365,2025-09-02 15:25:00,129753.0,8.96,0
N2366,2025-09-02 15:26:00,50746.0,8.75,0
N2367,2025-09-02 15:27:00,127253.0,33.75,0
N2368,2025-09-02 15:28:00,61869.0,268.58,0
N2369,2025-09-02 15:29:00,133011.0,5.77,0
N2370,2025-09-02 15:30:00,214450.0,4.76,0
N2371,2025-09-02 15:31:00,304357.0,3.59,0
N2372,2025-09-02 15:32:00,490819.0,4.3,0
N2373,2025-09-02 15:33:00,122588.0,8.88,0
N2374,2025-09-02 15:34:00,135037.0,219.47,0
N2375,2025-09-02 15:35:00,195575.0,39.32,0
N2376,2025-09-02 15:36:00,121944.0,771.71,0
N2377,2025-09-02 15:37:00,99013.0,10.08,0
N2378,2025-09-02 15:38:00,253240.0,6.96,0
N2379,2025-09-02 15:39:00,42928.0,107.5,0
N2380,2025-09-02 15:40:00,358010.0,41.9,0
N2381,2025-09-02 15:41:00,43876.0,46.17,0
N2382,2025-09-02 15:42:00,332668.0,19.92,0
N2383,2025-09-02 15:43:00,62631.0,80.98,0
N2384,2025-09-02 15:44:00,129320.0,37.23,0
N2385,2025-09-02 15:45:00,65863.0,108.69,0
N2386,2025-09-02 15:46:00,137152.0,37.22,0
N2387,2025-09-02 15:47:00,107653.0,45.3,0
N2388,2025-09-02 15:48:00,99072.0,24.43,0
N2389,2025-09-02 15:49:00,107841.0,2.57,0
N2390,2025-09-02 15:50:00,395629.0,5.75,0
N2391,2025-09-02 15:51:00,417554.0,8.75,0
N2392,2025-09-02 15:52:00,141965.0,16.91,0
N2393,2025-09-02 15:53:00,168709.0,63.77,0
N2394,2025-09-02 15:54:00,68777.0,5.23,0
N2395,2025-09-02 15:55:00,547081.0,43.78,0
N2396,2025-09-02 15:56:00,424934.0,63.04,0
N2397,2025-09-02 15:57:00,18784.0,9.79,0
N2398,2025-09-02 15:58:00,71304.0,58.56,0
N2399,2025-09-02 15:59:00,77126.0,8.31,0
N2400,2025-09-02 16:00:00,17746.0,11.91,0
N2401,2025-09-02 16:01:00,202884.0,18.25,0
N2402,2025-09-02 16:02:00,190482.0,50.23,0
N2403,2025-09-02 16:03:00,978867.0,26.92,0
N2404,2025-09-02 16:04:00,40547.0,84.43,0
N2405,2025-09-02 16:05:00,62481.0,7.77,0
N2406,2025-09-02 16:06:00,143716.0,1.41,0
N2407,2025-09-02 16:07:00,95151.0,15.38,0
N2408,2025-09-02 16:08:00,206062.0,11.11,0
N2409,2025-09-02 16:09:00,71040.0,74.34,0
N2410,2025-09-02 16:10:00,60313.0,5.27,0
N2411,2025-09-02 16:11:00,153322.0,20.76,0
N2412,2025-09-02 16:12:00,972717.0,38.85,0
N2413,2025-09-02 16:13:00,90049.0,115.85,0
N2414,2025-09-02 16:14:00,96324.0,20.31,0
N2415,2025-09-02 16:15:00,352099.0,26.5,0
N2416,2025-09-02 16:16:00,817775.0,21.15,0
N2417,2025-09-02 16:17:00,49419.0,16.17,0
N2418,2025-09-02 16:18:00,903031.0,45.68,0
N2419,2025-09-02 16:19:00,742143.0,30.38,0
N2420,2025-09-02 16:20:00,52485.0,4.6,0
N2421,2025-09-02 16:21:00,82608.0,26.35,0
N2422,2025-09-02 16:22:00,139605.0,56.46,0
N2423,2025-09-02 16:23:00,45017.0,12.43,0
N2424,2025-09-02 16:24:00,25101.0,36.65,0
N2425,2025-09-02 16:25:00,198934.0,4.47,0
N2426,2025-09-02 16:26:00,172337.0,9.75,0
N2427,2025-09-02 16:27:00,235843.0,28.94,0
N2428,2025-09-02 16:28:00,134240.0,57.73,0
N2429,2025-09-02 16:29:00,38812.0,9.23,0
N2430,2025-09-02 16:30:00,126062.0,22.62,0
N2431,2025-09-02 16:31:00,127766.0,16.2,0
N2432,2025-09-02 16:32:00,142918.0,45.85,0
N2433,2025-09-02 16:33:00,141566.0,15.64,0
N2434,2025-09-02 16:34:00,41556.0,27.03,0
N2435,2025-09-02 16:35:00,276233.0,37.5,0
N2436,2025-09-02 16:36:00,310593.0,9.51,0
N2437,2025-09-02 16:37:00,129228.0,78.0,0
N2438,2025-09-02 16:38:00,74517.0,1.4,0
N2439,2025-09-02 16:39:00,71361.0,100.0,0
N2440,2025-09-02 16:40:00,581082.0,55.85,0
N2441,2025-09-02 16:41:00,526499.0,21.86,0
N2442,2025-09-02 16:42:00,278592.0,13.54,0
N2443,2025-09-02 16:43:00,81053.0,5.64,0
N2444,2025-09-02 16:44:00,12136.0,106.03,0
N2445,2025-09-02 16:45:00,289473.0,29.17,0
N2446,2025-09-02 16:46:00,39259.0,3.58,0
N2447,2025-09-02 16:47:00,27102.0,49.86,0
N2448,2025-09-02 16:48:00,66374.0,13.4,0
N2449,2025-09-02 16:49:00,411446.0,8.28,0
N2450,2025-09-02 16:50:00,496349.0,39.1,0
N2451,2025-09-02 16:51:00,422321.0,5.03,0
N2452,2025-09-02 16:52:00,399816.0,8.96,0
N2453,2025-09-02 16:53:00,36498.0,15.49,0
N2454,2025-09-02 16:54:00,44241.0,11.67,0
N2455,2025-09-02 16:55:00,112111.0,44.55,0
N2456,2025-09-02 16:56:00,171744.0,3.56,0
N2457,2025-09-02 16:57:00,190806.0,20.8,0
N2458,2025-09-02 16:58:00,79584.0,2.16,0
N2459,2025-09-02 16:59:00,61690.0,8.31,0
N2460,2025-09-02 17:00:00,171605.0,23.25,0
N2461,2025-09-02 17:01:00,141691.0,8.44,0
N2462,2025-09-02 17:02:00,49698.0,1.19,0
N2463,2025-09-02 17:03:00,54105.0,45.44,0
N2464,2025-09-02 17:04:00,165264.0,24.3,0
N2465,2025-09-02 17:05:00,448519.0,43.72,0
N2466,2025-09-02 17:06:00,774521.0,54.51,0
N2467,2025-09-02 17:07:00,212239.0,0.4,0
N2468,2025-09-02 17:08:00,58485.0,45.47,0
N2469,2025-09-02 17:09:00,1312106.0,6.55,0
N2470,2025-09-02 17:10:00,610071.0,18.87,0
N2471,2025-09-02 17:11:00,172979.0,12.56,0
N2472,2025-09-02 17:12:00,312960.0,14.06,0
N2473,2025-09-02 17:13:00,35982.0,59.36,0
N2474,2025-09-02 17:14:00,924638.0,23.88,0
N2475,2025-09-02 17:15:00,66918.0,35.08,0
N2476,2025-09-02 17:16:00,95579.0,173.22,0
N2477,2025-09-02 17:17:00,179869.0,18.45,0
N2478,2025-09-02 17:18:00,509655.0,17.0,0
N2479,2025-09-02 17:19:00,259428.0,50.56,0
N2480,2025-09-02 17:20:00,706979.0,18.96,0
N2481,2025-09-02 17:21:00,234767.0,69.63,0
N2482,2025-09-02 17:22:00,170631.0,416.32,0
N2483,2025-09-02 17:23:00,264613.0,1.42,0
N2484,2025-09-02 17:24:00,245996.0,4.35,0
N2485,2025-09-02 17:25:00,145383.0,79.9,0
N2486,2025-09-02 17:26:00,474149.0,122.47,0
N2487,2025-09-02 17:27:00,52283.0,29.72,0
N2488,2025-09-02 17:28:00,154922.0,31.11,0
N2489,2025-09-02 17:29:00,736129.0,13.81,0
N2490,2025-09-02 17:30:00,499674.0,0.74,0
N2491,2025-09-02 17:31:00,82871.0,1.47,0
N2492,2025-09-02 17:32:00,42799.0,35.24,0
N2493,2025-09-02 17:33:00,426887.0,353.18,0
N2494,2025-09-02 17:34:00,279474.0,17.52,0
N2495,2025-09-02 17:35:00,834385.0,6.11,0
N2496,2025-09-02 17:36:00,648895.0,44.27,0
N2497,2025-09-02 17:37:00,185574.0,20.31,0
N2498,2025-09-02 17:38:00,62260.0,4.96,0
N2499,2025-09-02 17:39:00,430601.0,22.2,0
N2500,2025-09-02 17:40:00,109836.0,39.44,0
N2501,2025-09-02 17:41:00,51162.0,4.57,0
N2502,2025-09-02 17:42:00,79203.0,77.12,0
N2503,2025-09-02 17:43:00,175887.0,37.23,0
N2504,2025-09-02 17:44:00,58945.0,30.14,0
N2505,2025-09-02 17:45:00,144529.0,9.78,0
N2506,2025-09-02 17:46:00,1053083.0,3.65,0
N2507,2025-09-02 17:47:00,179377.0,44.39,0
N2508,2025-09-02 17:48:00,100934.0,9.76,0
N2509,2025-09-02 17:49:00,116537.0,11.26,0
N2510,2025-09-02 17:50:00,65581.0,122.72,0
N2511,2025-09-02 17:51:00,161802.0,8.23,0
N2512,2025-09-02 17:52:00,241681.0,98.25,0
N2513,2025-09-02 17:53:00,142914.0,2.9,0
N2514,2025-09-02 17:54:00,34325.0,5.9,0
N2515,2025-09-02 17:55:00,268621.0,27.32,0
N2516,2025-09-02 17:56:00,79103.0,2.96,0
N2517,2025-09-02 17:57:00,87397.0,149.28,0
N2518,2025-09-02 17:58:00,465045.0,34.79,0
N2519,2025-09-02 17:59:00,105851.0,2.96,0
N2520,2025-09-02 18:00:00,40705.0,35.59,0
N2521,2025-09-02 18:01:00,105555.0,2.53,0
N2522,2025-09-02 18:02:00,63437.0,61.15,0
N2523,2025-09-02 18:03:00,217428.0,143.28,0
N2524,2025-09-02 18:04:00,143591.0,4.43,0
N2525,2025-09-02 18:05:00,289431.0,5.8,0
N2526,2025-09-02 18:06:00,220545.0,15.54,0
N2527,2025-09-02 18:07:00,67641.0,24.27,0
N2528,2025-09-02 18:08:00,442305.0,5.77,0
N2529,2025-09-02 18:09:00,189718.0,43.88,0
N2530,2025-09-02 18:10:00,499937.0,87.27,0
N2531,2025-09-02 18:11:00,86896.0,38.59,0
N2532,2025-09-02 18:12:00,105043.0,30.76,0
N2533,2025-09-02 18:13:00,139346.0,21.3,0
N2534,2025-09-02 18:14:00,308102.0,10.05,0
N2535,2025-09-02 18:15:00,173660.0,23.47,0
N2536,2025-09-02 18:16:00,379599.0,14.01,0
N2537,2025-09-02 18:17:00,55880.0,53.13,0
N2538,2025-09-02 18:18:00,537459.0,43.09,0
N2539,2025-09-02 18:19:00,175887.0,95.22,0
N2540,2025-09-02 18:20:00,188134.0,20.47,0
N2541,2025-09-02 18:21:00,64769.0,59.12,0
N2542,2025-09-02 18:22:00,758602.0,7.3,0
N2543,2025-09-02 18:23:00,108073.0,42.72,0
N2544,2025-09-02 18:24:00,20850.0,5.35,0
N2545,2025-09-02 18:25:00,1189043.0,11.58,0
N2546,2025-09-02 18:26:00,112628.0,3.97,0
N2547,2025-09-02 18:27:00,331771.0,17.0,0
N2548,2025-09-02 18:28:00,127690.0,4.8,0
N2549,2025-09-02 18:29:00,1803983.0,17.76,0
N2550,2025-09-02 18:30:00,10299.0,167.71,0
N2551,2025-09-02 18:31:00,46416.0,64.99,0
N2552,2025-09-02 18:32:00,35995.0,30.52,0
N2553,2025-09-02 18:33:00,179947.0,6.06,0
N2554,2025-09-02 18:34:00,174559.0,102.54,0
N2555,2025-09-02 18:35:00,171632.0,6.59,0
N2556,2025-09-02 18:36:00,709194.0,39.75,0
N2557,2025-09-02 18:37:00,46221.0,9.76,0
N2558,2025-09-02 18:38:00,445080.0,3.53,0
N2559,2025-09-02 18:39:00,599751.0,4.75,0
N2560,2025-09-02 18:40:00,138976.0,114.43,0
N2561,2025-09-02 18:41:00,407491.0,12.42,0
N2562,2025-09-02 18:42:00,546636.0,15.61,0
N2563,2025-09-02 18:43:00,218698.0,9.28,0
N2564,2025-09-02 18:44:00,41263.0,43.86,0
N2565,2025-09-02 18:45:00,167934.0,11.85,0
N2566,2025-09-02 18:46:00,227979.0,34.88,0
N2567,2025-09-02 18:47:00,151041.0,16.48,0
N2568,2025-09-02 18:48:00,574299.0,8.86,0
N2569,2025-09-02 18:49:00,474753.0,11.96,0
N2570,2025-09-02 18:50:00,101306.0,6.07,0
N2571,2025-09-02 18:51:00,84578.0,103.13,0
N2572,2025-09-02 18:52:00,1077721.0,26.11,0
N2573,2025-09-02 18:53:00,235865.0,9.64,0
N2574,2025-09-02 18:54:00,69916.0,53.66,0
N2575,2025-09-02 18:55:00,629256.0,3.11,0
N2576,2025-09-02 18:56:00,266285.0,5.3,0
N2577,2025-09-02 18:57:00,555039.0,45.68,0
N2578,2025-09-02 18:58:00,240419.0,19.59,0
N2579,2025-09-02 18:59:00,391729.0,19.44,0
N2580,2025-09-02 19:00:00,50740.0,23.94,0
N2581,2025-09-02 19:01:00,93310.0,15.27,0
N2582,2025-09-02 19:02:00,39699.0,16.02,0
N2583,2025-09-02 19:03:00,71536.0,49.14,0
N2584,2025-09-02 19:04:00,19743.0,3.65,0
N2585,2025-09-02 19:05:00,46659.0,6.54,0
N2586,2025-09-02 19:06:00,94944.0,11.24,0
N2587,2025-09-02 19:07:00,227837.0,121.94,0
N2588,2025-09-02 19:08:00,71242.0,10.58,0
N2589,2025-09-02 19:09:00,178634.0,58.07,0
N2590,2025-09-02 19:10:00,621773.0,24.15,0
N2591,2025-09-02 19:11:00,226634.0,12.4,0
N2592,2025-09-02 19:12:00,82462.0,25.92,0
N2593,2025-09-02 19:13:00,241265.0,165.69,0
N2594,2025-09-02 19:14:00,119577.0,23.98,0
N2595,2025-09-02 19:15:00,1512018.0,11.06,0
N2596,2025-09-02 19:16:00,355087.0,21.55,0
N2597,2025-09-02 19:17:00,27795.0,35.57,0
N2598,2025-09-02 19:18:00,94901.0,4.57,0
N2599,2025-09-02 19:19:00,46946.0,46.44,0
N2600,2025-09-02 19:20:00,153382.0,13.36,0
N2601,2025-09-02 19:21:00,18743.0,24.26,0
N2602,2025-09-02 19:22:00,118566.0,31.18,0
N2603,2025-09-02 19:23:00,113937.0,15.82,0
N2604,2025-09-02 19:24:00,84583.0,27.06,0
N2605,2025-09-02 19:25:00,564748.0,6.22,0
N2606,2025-09-02 19:26:00,136060.0,18.57,0
N2607,2025-09-02 19:27:00,146044.0,16.78,0
N2608,2025-09-02 19:28:00,96991.0,2.9,0
N2609,2025-09-02 19:29:00,153340.0,6.83,0
N2610,2025-09-02 19:30:00,309095.0,8.44,0
N2611,2025-09-02 19:31:00,140819.0,76.55,0
N2612,2025-09-02 19:32:00,38894.0,33.85,0
N2613,2025-09-02 19:33:00,714461.0,13.51,0
N2614,2025-09-02 19:34:00,467469.0,4.02,0
N2615,2025-09-02 19:35:00,514951.0,223.46,0
N2616,2025-09-02 19:36:00,454340.0,35.69,0
N2617,2025-09-02 19:37:00,533864.0,20.31,0
N2618,2025-09-02 19:38:00,194562.0,154.45,0
N2619,2025-09-02 19:39:00,99113.0,63.43,0
N2620,2025-09-02 19:40:00,24576.0,10.73,0
N2621,2025-09-02 19:41:00,144352.0,162.07,0
N2622,2025-09-02 19:42:00,164285.0,36.92,0
N2623,2025-09-02 19:43:00,164001.0,18.08,0
N2624,2025-09-02 19:44:00,92137.0,66.14,0
N2625,2025-09-02 19:45:00,17721.0,35.44,0
N2626,2025-09-02 19:46:00,176718.0,52.99,0
N2627,2025-09-02 19:47:00,536676.0,15.55,0
N2628,2025-09-02 19:48:00,188823.0,6.28,0
N2629,2025-09-02 19:49:00,140821.0,341.07,0
N2630,2025-09-02 19:50:00,662158.0,11.94,0
N2631,2025-09-02 19:51:00,231428.0,38.77,0
N2632,2025-09-02 19:52:00,862564.0,214.28,0
N2633,2025-09-02 19:53:00,823077.0,72.78,0
N2634,2025-09-02 19:54:00,71711.0,79.64,0
N2635,2025-09-02 19:55:00,42287.0,108.56,0
N2636,2025-09-02 19:56:00,81695.0,5.89,0
N2637,2025-09-02 19:57:00,104348.0,17.95,0
N2638,2025-09-02 19:58:00,885065.0,17.6,0
N2639,2025-09-02 19:59:00,590294.0,196.01,0
N2640,2025-09-02 20:00:00,142066.0,80.44,0
N2641,2025-09-02 20:01:00,111840.0,244.88,0
N2642,2025-09-02 20:02:00,76264.0,70.58,0
N2643,2025-09-02 20:03:00,233917.0,76.92,0
N2644,2025-09-02 20:04:00,90750.0,21.0,0
N2645,2025-09-02 20:05:00,420180.0,12.17,0
N2646,2025-09-02 20:06:00,34691.0,36.08,0
N2647,2025-09-02 20:07:00,72187.0,35.66,0
N2648,2025-09-02 20:08:00,172377.0,25.26,0
N2649,2025-09-02 20:09:00,270523.0,24.59,0
N2650,2025-09-02 20:10:00,43287.0,18.57,0
N2651,2025-09-02 20:11:00,307760.0,11.26,0
N2652,2025-09-02 20:12:00,118389.0,29.64,0
N2653,2025-09-02 20:13:00,128529.0,81.94,0
N2654,2025-09-02 20:14:00,445027.0,41.08,0
N2655,2025-09-02 20:15:00,176386.0,32.94,0
N2656,2025-09-02 20:16:00,100851.0,43.16,0
N2657,2025-09-02 20:17:00,49473.0,15.01,0
N2658,2025-09-02 20:18:00,436594.0,54.49,0
N2659,2025-09-02 20:19:00,46401.0,5.8,0
N2660,2025-09-02 20:20:00,952368.0,8.43,0
N2661,2025-09-02 20:21:00,24983.0,22.67,0
N2662,2025-09-02 20:22:00,200567.0,19.26,0
N2663,2025-09-02 20:23:00,435745.0,127.59,0
N2664,2025-09-02 20:24:00,39921.0,47.4,0
N2665,2025-09-02 20:25:00,60719.0,15.12,0
N2666,2025-09-02 20:26:00,121873.0,7.49,0
N2667,2025-09-02 20:27:00,221719.0,1.29,0
N2668,2025-09-02 20:28:00,418115.0,300.27,0
N2669,2025-09-02 20:29:00,1041069.0,54.4,0
N2670,2025-09-02 20:30:00,75788.0,4.65,0
N2671,2025-09-02 20:31:00,182103.0,24.71,0
N2672,2025-09-02 20:32:00,219595.0,46.62,0
N2673,2025-09-02 20:33:00,269972.0,24.22,0
N2674,2025-09-02 20:34:00,892958.0,22.14,0
N2675,2025-09-02 20:35:00,403169.0,62.76,0
N2676,2025-09-02 20:36:00,199622.0,26.11,0
N2677,2025-09-02 20:37:00,400265.0,4.12,0
N2678,2025-09-02 20:38:00,316528.0,4.24,0
N2679,2025-09-02 20:39:00,537029.0,2.97,0
N2680,2025-09-02 20:40:00,374784.0,14.96,0
N2681,2025-09-02 20:41:00,88689.0,45.29,0
N2682,2025-09-02 20:42:00,2739840.0,22.39,0
N2683,2025-09-02 20:43:00,69749.0,8.65,0
N2684,2025-09-02 20:44:00,166420.0,224.63,0
N2685,2025-09-02 20:45:00,388984.0,5.76,0
N2686,2025-09-02 20:46:00,106648.0,8.74,0
N2687,2025-09-02 20:47:00,32874.0,31.84,0
N2688,2025-09-02 20:48:00,257865.0,4.62,0
N2689,2025-09-02 20:49:00,61515.0,4.38,0
N2690,2025-09-02 20:50:00,780608.0,18.13,0
N2691,2025-09-02 20:51:00,170949.0,45.77,0
N2692,2025-09-02 20:52:00,706006.0,1.3,0
N2693,2025-09-02 20:53:00,74843.0,11.46,0
N2694,2025-09-02 20:54:00,312963.0,25.0,0
N2695,2025-09-02 20:55:00,73322.0,16.33,0
N2696,2025-09-02 20:56:00,117019.0,121.38,0
N2697,2025-09-02 20:57:00,151560.0,11.85,0
N2698,2025-09-02 20:58:00,110047.0,29.95,0
N2699,2025-09-02 20:59:00,361674.0,6.54,0
N2700,2025-09-02 21:00:00,148256.0,58.79,0
N2701,2025-09-02 21:01:00,114175.0,3.19,0
N2702,2025-09-02 21:02:00,87521.0,41.38,0
N2703,2025-09-02 21:03:00,1420768.0,16.74,0
N2704,2025-09-02 21:04:00,326423.0,84.92,0
N2705,2025-09-02 21:05:00,81622.0,14.35,0
N2706,2025-09-02 21:06:00,460290.0,55.38,0
N2707,2025-09-02 21:07:00,139828.0,134.08,0
N2708,2025-09-02 21:08:00,376956.0,99.32,0
N2709,2025-09-02 21:09:00,43483.0,10.7,0
N2710,2025-09-02 21:10:00,179831.0,15.05,0
N2711,2025-09-02 21:11:00,602735.0,69.01,0
N2712,2025-09-02 21:12:00,110897.0,23.37,0
N2713,2025-09-02 21:13:00,51089.0,53.02,0
N2714,2025-09-02 21:14:00,13880.0,0.77,0
N2715,2025-09-02 21:15:00,104797.0,11.64,0
N2716,2025-09-02 21:16:00,197492.0,27.68,0
N2717,2025-09-02 21:17:00,196928.0,49.88,0
N2718,2025-09-02 21:18:00,181491.0,61.66,0
N2719,2025-09-02 21:19:00,128331.0,21.19,0
N2720,2025-09-02 21:20:00,219445.0,2.42,0
N2721,2025-09-02 21:21:00,29719.0,8.89,0
N2722,2025-09-02 21:22:00,120408.0,3.89,0
N2723,2025-09-02 21:23:00,156132.0,77.07,0
N2724,2025-09-02 21:24:00,33243.0,5.22,0
N2725,2025-09-02 21:25:00,117710.0,20.78,0
N2726,2025-09-02 21:26:00,1686684.0,89.58,0
N2727,2025-09-02 21:27:00,14516.0,45.02,0
N2728,2025-09-02 21:28:00,147083.0,54.88,0
N2729,2025-09-02 21:29:00,327966.0,6.43,0
N2730,2025-09-02 21:30:00,170464.0,4.43,0
N2731,2025-09-02 21:31:00,455889.0,9.68,0
N2732,2025-09-02 21:32:00,12630.0,7.37,0
N2733,2025-09-02 21:33:00,1344897.0,2.36,0
N2734,2025-09-02 21:34:00,716160.0,17.83,0
N2735,2025-09-02 21:35:00,182781.0,31.57,0
N2736,2025-09-02 21:36:00,112733.0,20.71,0
N2737,2025-09-02 21:37:00,74374.0,3.05,0
N2738,2025-09-02 21:38:00,379283.0,16.46,0
N2739,2025-09-02 21:39:00,26247.0,4.92,0
N2740,2025-09-02 21:40:00,112330.0,30.46,0
N2741,2025-09-02 21:41:00,232678.0,1.0,0
N2742,2025-09-02 21:42:00,210965.0,13.36,0
N2743,2025-09-02 21:43:00,328967.0,15.17,0
N2744,2025-09-02 21:44:00,240206.0,8.39,0
N2745,2025-09-02 21:45:00,144421.0,12.41,0
N2746,2025-09-02 21:46:00,159412.0,14.6,0
N2747,2025-09-02 21:47:00,234520.0,44.25,0
N2748,2025-09-02 21:48:00,284073.0,9.96,0
N2749,2025-09-02 21:49:00,181755.0,330.94,0
N2750,2025-09-02 21:50:00,73839.0,66.72,0
N2751,2025-09-02 21:51:00,113967.0,34.27,0
N2752,2025-09-02 21:52:00,21112.0,22.66,0
N2753,2025-09-02 21:53:00,179097.0,10.23,0
N2754,2025-09-02 21:54:00,165584.0,18.49,0
N2755,2025-09-02 21:55:00,85444.0,1.73,0
N2756,2025-09-02 21:56:00,181495.0,6.61,0
N2757,2025-09-02 21:57:00,358885.0,13.42,0
N2758,2025-09-02 21:58:00,298867.0,4.24,0
N2759,2025-09-02 21:59:00,174299.0,5.42,0
N2760,2025-09-02 22:00:00,56306.0,1.53,0
N2761,2025-09-02 22:01:00,278314.0,206.32,0
N2762,2025-09-02 22:02:00,322670.0,49.71,0
N2763,2025-09-02 22:03:00,62277.0,13.19,0
N2764,2025-09-02 22:04:00,346987.0,11.59,0
N2765,2025-09-02 22:05:00,182249.0,2.62,0
N2766,2025-09-02 22:06:00,376551.0,372.01,0
N2767,2025-09-02 22:07:00,114038.0,142.86,0
N2768,2025-09-02 22:08:00,220880.0,38.82,0
N2769,2025-09-02 22:09:00,207304.0,137.72,0
N2770,2025-09-02 22:10:00,872750.0,38.94,0
N2771,2025-09-02 22:11:00,53752.0,21.99,0
N2772,2025-09-02 22:12:00,169313.0,1500.01,0
N2773,2025-09-02 22:13:00,16715.0,6.8,0
N2774,2025-09-02 22:14:00,110961.0,56.36,0
N2775,2025-09-02 22:15:00,444785.0,3.26,0
N2776,2025-09-02 22:16:00,158453.0,4.16,0
N2777,2025-09-02 22:17:00,11373.0,60.65,0
N2778,2025-09-02 22:18:00,201294.0,8.53,0
N2779,2025-09-02 22:19:00,324572.0,124.9,0
N2780,2025-09-02 22:20:00,175908.0,23.03,0
N2781,2025-09-02 22:21:00,186239.0,20.71,0
N2782,2025-09-02 22:22:00,731348.0,10.12,0
N2783,2025-09-02 22:23:00,181312.0,7.46,0
N2784,2025-09-02 22:24:00,41735.0,127.25,0
N2785,2025-09-02 22:25:00,541189.0,15.19,0
N2786,2025-09-02 22:26:00,328030.0,109.18,0
N2787,2025-09-02 22:27:00,33223.0,8.96,0
N2788,2025-09-02 22:28:00,202262.0,4.31,0
N2789,2025-09-02 22:29:00,32009.0,3.92,0
N2790,2025-09-02 22:30:00,845442.0,26.86,0
N2791,2025-09-02 22:31:00,184685.0,7.66,0
N2792,2025-09-02 22:32:00,102690.0,27.35,0
N2793,2025-09-02 22:33:00,450911.0,421.91,0
N2794,2025-09-02 22:34:00,390583.0,197.65,0
N2795,2025-09-02 22:35:00,299406.0,23.59,0
N2796,2025-09-02 22:36:00,461166.0,6.38,0
N2797,2025-09-02 22:37:00,161968.0,12.32,0
N2798,2025-09-02 22:38:00,1088984.0,10.05,0
N2799,2025-09-02 22:39:00,101072.0,33.0,0
N2800,2025-09-02 22:40:00,19942.0,7.97,0
N2801,2025-09-02 22:41:00,327094.0,15.55,0
N2802,2025-09-02 22:42:00,196336.0,5.53,0
N2803,2025-09-02 22:43:00,93408.0,20.34,0
N2804,2025-09-02 22:44:00,133172.0,19.31,0
N2805,2025-09-02 22:45:00,56483.0,34.72,0
N2806,2025-09-02 22:46:00,57760.0,19.8,0
N2807,2025-09-02 22:47:00,361497.0,3.65,0
N2808,2025-09-02 22:48:00,240161.0,19.28,0
N2809,2025-09-02 22:49:00,12232.0,10.2,0
N2810,2025-09-02 22:50:00,86259.0,76.27,0
N2811,2025-09-02 22:51:00,4604100.0,49.29,0
N2812,2025-09-02 22:52:00,234954.0,12.15,0
N2813,2025-09-02 22:53:00,62369.0,166.66,0
N2814,2025-09-02 22:54:00,191690.0,6.41,0
N2815,2025-09-02 22:55:00,280959.0,141.45,0
N2816,2025-09-02 22:56:00,97490.0,6.8,0
N2817,2025-09-02 22:57:00,474445.0,7.55,0
N2818,2025-09-02 22:58:00,50989.0,29.51,0
N2819,2025-09-02 22:59:00,31290.0,11.59,0
N2820,2025-09-02 23:00:00,101880.0,16.06,0
N2821,2025-09-02 23:01:00,678111.0,106.25,0
N2822,2025-09-02 23:02:00,668648.0,24.3,0
N2823,2025-09-02 23:03:00,215985.0,4.59,0
N2824,2025-09-02 23:04:00,107152.0,4.51,0
N2825,2025-09-02 23:05:00,100078.0,6.12,0
N2826,2025-09-02 23:06:00,85900.0,8.44,0
N2827,2025-09-02 23:07:00,787972.0,25.05,0
N2828,2025-09-02 23:08:00,204553.0,2.97,0
N2829,2025-09-02 23:09:00,486055.0,11.9,0
N2830,2025-09-02 23:10:00,47344.0,4.91,0
N2831,2025-09-02 23:11:00,572439.0,234.83,0
N2832,2025-09-02 23:12:00,508975.0,8.09,0
N2833,2025-09-02 23:13:00,85721.0,8.17,0
N2834,2025-09-02 23:14:00,167805.0,41.48,0
N2835,2025-09-02 23:15:00,212689.0,9.37,0
N2836,2025-09-02 23:16:00,72117.0,25.18,0
N2837,2025-09-02 23:17:00,322309.0,42.12,0
N2838,2025-09-02 23:18:00,2395442.0,12.37,0
N2839,2025-09-02 23:19:00,464132.0,5.33,0
N2840,2025-09-02 23:20:00,30771.0,52.82,0
N2841,2025-09-02 23:21:00,89572.0,7.01,0
N2842,2025-09-02 23:22:00,261034.0,47.31,0
N2843,2025-09-02 23:23:00,220069.0,31.47,0
N2844,2025-09-02 23:24:00,40516.0,5.67,0
N2845,2025-09-02 23:25:00,521161.0,2.41,0
N2846,2025-09-02 23:26:00,179691.0,12.41,0
N2847,2025-09-02 23:27:00,112374.0,573.66,0
N2848,2025-09-02 23:28:00,221872.0,4.36,0
N2849,2025-09-02 23:29:00,1271323.0,70.65,0
N2850,2025-09-02 23:30:00,82613.0,5.7,0
N2851,2025-09-02 23:31:00,160344.0,51.76,0
N2852,2025-09-02 23:32:00,940853.0,0.13,0
N2853,2025-09-02 23:33:00,140183.0,6.66,0
N2854,2025-09-02 23:34:00,60740.0,9.9,0
N2855,2025-09-02 23:35:00,616902.0,23.21,0
N2856,2025-09-02 23:36:00,273418.0,8.1,0
N2857,2025-09-02 23:37:00,41569.0,384.82,0
N2858,2025-09-02 23:38:00,111797.0,7.02,0
N2859,2025-09-02 23:39:00,418169.0,183.15,0
N2860,2025-09-02 23:40:00,257908.0,20.73,0
N2861,2025-09-02 23:41:00,170950.0,30.77,0
N2862,2025-09-02 23:42:00,2503579.0,7.87,0
N2863,2025-09-02 23:43:00,596196.0,3.75,0
N2864,2025-09-02 23:44:00,54196.0,21.11,0
N2865,2025-09-02 23:45:00,49335.0,57.44,0
N2866,2025-09-02 23:46:00,290072.0,16.9,0
N2867,2025-09-02 23:47:00,158934.0,16.79,0
N2868,2025-09-02 23:48:00,473865.0,18.9,0
N2869,2025-09-02 23:49:00,60698.0,32.99,0
N2870,2025-09-02 23:50:00,60372.0,33.18,0
N2871,2025-09-02 23:51:00,69360.0,7.16,0
N2872,2025-09-02 23:52:00,12212.0,5.59,0
N2873,2025-09-02 23:53:00,290258.0,1.77,0
N2874,2025-09-02 23:54:00,710280.0,35.48,0
N2875,2025-09-02 23:55:00,70321.0,47.86,0
N2876,2025-09-02 23:56:00,59968.0,26.02,0
N2877,2025-09-02 23:57:00,119347.0,1.35,0
N2878,2025-09-02 23:58:00,152265.0,8.37,0
N2879,2025-09-02 23:59:00,19930.0,14.96,0
N2880,2025-09-03 00:00:00,212877.0,1.65,0
N2881,2025-09-03 00:01:00,127854.0,166.99,0
N2882,2025-09-03 00:02:00,18830.0,58.4,0
N2883,2025-09-03 00:03:00,81186.0,61.08,0
N2884,2025-09-03 00:04:00,250638.0,24.69,0
N2885,2025-09-03 00:05:00,19700.0,18.77,0
N2886,2025-09-03 00:06:00,72844.0,13.67,0
N2887,2025-09-03 00:07:00,351707.0,114.12,0
N2888,2025-09-03 00:08:00,143615.0,59.02,0
N2889,2025-09-03 00:09:00,489137.0,4.4,0
N2890,2025-09-03 00:10:00,63625.0,9.69,0
N2891,2025-09-03 00:11:00,60706.0,29.84,0
N2892,2025-09-03 00:12:00,167945.0,64.49,0
N2893,2025-09-03 00:13:00,1235090.0,8.45,0
N2894,2025-09-03 00:14:00,1580499.0,3.33,0
N2895,2025-09-03 00:15:00,247310.0,18.85,0
N2896,2025-09-03 00:16:00,42008.0,209.35,0
N2897,2025-09-03 00:17:00,124231.0,12.75,0
N2898,2025-09-03 00:18:00,348963.0,8.41,0
N2899,2025-09-03 00:19:00,173628.0,29.25,0
N2900,2025-09-03 00:20:00,42190.0,3.01,0
N2901,2025-09-03 00:21:00,285211.0,18.59,0
N2902,2025-09-03 00:22:00,163305.0,10.87,0
N2903,2025-09-03 00:23:00,247681.0,62.99,0
N2904,2025-09-03 00:24:00,442445.0,55.56,0
N2905,2025-09-03 00:25:00,43506.0,31.87,0
N2906,2025-09-03 00:26:00,173510.0,8.22,0
N2907,2025-09-03 00:27:00,873379.0,8.55,0
N2908,2025-09-03 00:28:00,112101.0,65.22,0
N2909,2025-09-03 00:29:00,227198.0,5.58,0
N2910,2025-09-03 00:30:00,1008832.0,16.6,0
N2911,2025-09-03 00:31:00,881196.0,6.54,0
N2912,2025-09-03 00:32:00,748244.0,6.94,0
N2913,2025-09-03 00:33:00,405125.0,5.57,0
N2914,2025-09-03 00:34:00,680692.0,20.45,0
N2915,2025-09-03 00:35:00,110771.0,40.85,0
N2916,2025-09-03 00:36:00,46024.0,29.89,0
N2917,2025-09-03 00:37:00,318855.0,8.35,0
N2918,2025-09-03 00:38:00,159878.0,21.87,0
N2919,2025-09-03 00:39:00,1020792.0,7.87,0
N2920,2025-09-03 00:40:00,7014.0,13.13,0
N2921,2025-09-03 00:41:00,142249.0,30.06,0
N2922,2025-09-03 00:42:00,60932.0,7.81,0
N2923,2025-09-03 00:43:00,925141.0,12.95,0
N2924,2025-09-03 00:44:00,45018.0,62.57,0
N2925,2025-09-03 00:45:00,675719.0,16.11,0
N2926,2025-09-03 00:46:00,956573.0,50.84,0
N2927,2025-09-03 00:47:00,152779.0,9.28,0
N2928,2025-09-03 00:48:00,101586.0,6.27,0
N2929,2025-09-03 00:49:00,173967.0,8.13,0
N2930,2025-09-03 00:50:00,89659.0,15.74,0
N2931,2025-09-03 00:51:00,596634.0,112.96,0
N2932,2025-09-03 00:52:00,1108783.0,3.86,0
N2933,2025-09-03 00:53:00,182479.0,2.16,0
N2934,2025-09-03 00:54:00,147839.0,19.26,0
N2935,2025-09-03 00:55:00,156222.0,4.07,0
N2936,2025-09-03 00:56:00,78101.0,73.99,0
N2937,2025-09-03 00:57:00,66670.0,55.37,0
N2938,2025-09-03 00:58:00,114854.0,18.86,0
N2939,2025-09-03 00:59:00,694944.0,12.81,0
N2940,2025-09-03 01:00:00,52663.0,24.55,0
N2941,2025-09-03 01:01:00,293853.0,1.16,0
N2942,2025-09-03 01:02:00,174707.0,22.02,0
N2943,2025-09-03 01:03:00,194744.0,2.97,0
N2944,2025-09-03 01:04:00,159077.0,1.09,0
N2945,2025-09-03 01:05:00,68734.0,13.18,0
N2946,2025-09-03 01:06:00,61273.0,88.44,0
N2947,2025-09-03 01:07:00,217459.0,8.23,0
N2948,2025-09-03 01:08:00,354951.0,36.46,0
N2949,2025-09-03 01:09:00,152404.0,76.94,0
N2950,2025-09-03 01:10:00,115476.0,18.13,0
N2951,2025-09-03 01:11:00,374387.0,21.9,0
N2952,2025-09-03 01:12:00,198980.0,129.12,0
N2953,2025-09-03 01:13:00,1893584.0,112.57,0
N2954,2025-09-03 01:14:00,37088.0,4.61,0
N2955,2025-09-03 01:15:00,154053.0,110.32,0
N2956,2025-09-03 01:16:00,234691.0,16.52,0
N2957,2025-09-03 01:17:00,114448.0,27.28,0
N2958,2025-09-03 01:18:00,452945.0,1.8,0
N2959,2025-09-03 01:19:00,12395.0,44.77,0
N2960,2025-09-03 01:20:00,269318.0,28.61,0
N2961,2025-09-03 01:21:00,89013.0,46.19,0
N2962,2025-09-03 01:22:00,104297.0,20.44,0
N2963,2025-09-03 01:23:00,168759.0,10.45,0
N2964,2025-09-03 01:24:00,40056.0,18.26,0
N2965,2025-09-03 01:25:00,297740.0,15.62,0
N2966,2025-09-03 01:26:00,28252.0,3.1,0
N2967,2025-09-03 01:27:00,53426.0,22.75,0
N2968,2025-09-03 01:28:00,37901.0,53.15,0
N2969,2025-09-03 01:29:00,84646.0,25.32,0
N2970,2025-09-03 01:30:00,25222.0,5.9,0
N2971,2025-09-03 01:31:00,630870.0,20.42,0
N2972,2025-09-03 01:32:00,168429.0,129.6,0
N2973,2025-09-03 01:33:00,311054.0,42.25,0
N2974,2025-09-03 01:34:00,391048.0,23.69,0
N2975,2025-09-03 01:35:00,591421.0,5.42,0
N2976,2025-09-03 01:36:00,79452.0,24.37,0
N2977,2025-09-03 01:37:00,116364.0,160.66,0
N2978,2025-09-03 01:38:00,325212.0,93.19,0
N2979,2025-09-03 01:39:00,524491.0,27.37,0
N2980,2025-09-03 01:40:00,326923.0,41.23,0
N2981,2025-09-03 01:41:00,197054.0,38.97,0
N2982,2025-09-03 01:42:00,142859.0,36.29,0
N2983,2025-09-03 01:43:00,548530.0,51.46,0
N2984,2025-09-03 01:44:00,227260.0,58.73,0
N2985,2025-09-03 01:45:00,485802.0,9.32,0
N2986,2025-09-03 01:46:00,15093.0,51.42,0
N2987,2025-09-03 01:47:00,542239.0,19.12,0
N2988,2025-09-03 01:48:00,121755.0,2.39,0
N2989,2025-09-03 01:49:00,135983.0,15.01,0
N2990,2025-09-03 01:50:00,38550.0,42.9,0
N2991,2025-09-03 01:51:00,65422.0,38.33,0
N2992,2025-09-03 01:52:00,645257.0,2.32,0
N2993,2025-09-03 01:53:00,19149.0,14.53,0
N2994,2025-09-03 01:54:00,383121.0,75.09,0
N2995,2025-09-03 01:55:00,35886.0,6.26,0
N2996,2025-09-03 01:56:00,88981.0,26.04,0
N2997,2025-09-03 01:57:00,189300.0,16.67,0
N2998,2025-09-03 01:58:00,234551.0,2.19,0
N2999,2025-09-03 01:59:00,171849.0,72.75,0
N3000,2025-09-03 02:00:00,223115.0,5.8,0
N3001,2025-09-03 02:01:00,65201.0,17.57,0
N3002,2025-09-03 02:02:00,154712.0,4.51,0
N3003,2025-09-03 02:03:00,247723.0,55.29,0
N3004,2025-09-03 02:04:00,56627.0,14.4,0
N3005,2025-09-03 02:05:00,277962.0,5.32,0
N3006,2025-09-03 02:06:00,55391.0,78.16,0
N3007,2025-09-03 02:07:00,423516.0,64.96,0
N3008,2025-09-03 02:08:00,172352.0,2.82,0
N3009,2025-09-03 02:09:00,409334.0,1.38,0
N3010,2025-09-03 02:10:00,17237.0,52.98,0
N3011,2025-09-03 02:11:00,261500.0,178.59,0
N3012,2025-09-03 02:12:00,51067.0,7.55,0
N3013,2025-09-03 02:13:00,185793.0,5.11,0
N3014,2025-09-03 02:14:00,102395.0,155.73,0
N3015,2025-09-03 02:15:00,451046.0,5.56,0
N3016,2025-09-03 02:16:00,129265.0,57.18,0
N3017,2025-09-03 02:17:00,93859.0,3.48,0
N3018,2025-09-03 02:18:00,398925.0,140.21,0
N3019,2025-09-03 02:19:00,38540.0,4.84,0
N3020,2025-09-03 02:20:00,186502.0,5.86,0
N3021,2025-09-03 02:21:00,200664.0,26.45,0
N3022,2025-09-03 02:22:00,290836.0,10.52,0
N3023,2025-09-03 02:23:00,152884.0,35.69,0
N3024,2025-09-03 02:24:00,45095.0,10.23,0
N3025,2025-09-03 02:25:00,83611.0,13.59,0
N3026,2025-09-03 02:26:00,373380.0,40.47,0
N3027,2025-09-03 02:27:00,92303.0,15.15,0
N3028,2025-09-03 02:28:00,1137844.0,3.87,0
N3029,2025-09-03 02:29:00,1075139.0,1.75,0
N3030,2025-09-03 02:30:00,280721.0,7.6,0
N3031,2025-09-03 02:31:00,61216.0,7.61,0
N3032,2025-09-03 02:32:00,719162.0,28.41,0
N3033,2025-09-03 02:33:00,88602.0,174.92,0
N3034,2025-09-03 02:34:00,1100243.0,16.53,0
N3035,2025-09-03 02:35:00,311545.0,35.93,0
N3036,2025-09-03 02:36:00,706217.0,18.86,0
N3037,2025-09-03 02:37:00,290851.0,9.71,0
N3038,2025-09-03 02:38:00,594690.0,3.64,0
N3039,2025-09-03 02:39:00,158870.0,37.15,0
N3040,2025-09-03 02:40:00,247565.0,26.0,0
N3041,2025-09-03 02:41:00,190468.0,60.73,0
N3042,2025-09-03 02:42:00,19226.0,22.2,0
N3043,2025-09-03 02:43:00,88040.0,1.45,0
N3044,2025-09-03 02:44:00,102598.0,264.06,0
N3045,2025-09-03 02:45:00,98902.0,15.53,0
N3046,2025-09-03 02:46:00,138580.0,23.11,0
N3047,2025-09-03 02:47:00,77902.0,69.03,0
N3048,2025-09-03 02:48:00,81214.0,41.49,0
N3049,2025-09-03 02:49:00,145419.0,86.02,0
N3050,2025-09-03 02:50:00,1035090.0,9.7,0
N3051,2025-09-03 02:51:00,783395.0,4.75,0
N3052,2025-09-03 02:52:00,328617.0,28.14,0
N3053,2025-09-03 02:53:00,260859.0,5.32,0
N3054,2025-09-03 02:54:00,330976.0,13.86,0
N3055,2025-09-03 02:55:00,270695.0,30.6,0
N3056,2025-09-03 02:56:00,19445.0,97.79,0
N3057,2025-09-03 02:57:00,35036.0,13.66,0
N3058,2025-09-03 02:58:00,687050.0,47.9,0
N3059,2025-09-03 02:59:00,387364.0,26.98,0
N3060,2025-09-03 03:00:00,523116.0,16.16,0
N3061,2025-09-03 03:01:00,78164.0,8.87,0
N3062,2025-09-03 03:02:00,1290685.0,30.12,0
N3063,2025-09-03 03:03:00,152604.0,65.06,0
N3064,2025-09-03 03:04:00,196515.0,11.13,0
N3065,2025-09-03 03:05:00,160143.0,13.35,0
N3066,2025-09-03 03:06:00,51538.0,6.39,0
N3067,2025-09-03 03:07:00,106288.0,63.7,0
N3068,2025-09-03 03:08:00,547323.0,29.36,0
N3069,2025-09-03 03:09:00,193164.0,11.43,0
N3070,2025-09-03 03:10:00,240536.0,24.48,0
N3071,2025-09-03 03:11:00,281369.0,26.35,0
N3072,2025-09-03 03:12:00,93830.0,77.85,0
N3073,2025-09-03 03:13:00,3562503.0,255.35,0
N3074,2025-09-03 03:14:00,104245.0,57.07,0
N3075,2025-09-03 03:15:00,103350.0,235.52,0
N3076,2025-09-03 03:16:00,170223.0,182.01,0
N3077,2025-09-03 03:17:00,348908.0,13.24,0
N3078,2025-09-03 03:18:00,275366.0,44.32,0
N3079,2025-09-03 03:19:00,58372.0,0.53,0
N3080,2025-09-03 03:20:00,421980.0,40.15,0
N3081,2025-09-03 03:21:00,497975.0,1.51,0
N3082,2025-09-03 03:22:00,144832.0,18.74,0
N3083,2025-09-03 03:23:00,136180.0,38.3,0
N3084,2025-09-03 03:24:00,1822668.0,12.37,0
N3085,2025-09-03 03:25:00,106229.0,36.11,0
N3086,2025-09-03 03:26:00,179471.0,24.85,0
N3087,2025-09-03 03:27:00,118280.0,13.88,0
N3088,2025-09-03 03:28:00,1088430.0,20.29,0
N3089,2025-09-03 03:29:00,86572.0,1.16,0
N3090,2025-09-03 03:30:00,493072.0,253.49,0
N3091,2025-09-03 03:31:00,174829.0,4.53,0
N3092,2025-09-03 03:32:00,272358.0,17.92,0
N3093,2025-09-03 03:33:00,237773.0,177.21,0
N3094,2025-09-03 03:34:00,374343.0,38.45,0
N3095,2025-09-03 03:35:00,620513.0,20.92,0
N3096,2025-09-03 03:36:00,83743.0,15.64,0
N3097,2025-09-03 03:37:00,42587.0,4.07,0
N3098,2025-09-03 03:38:00,152561.0,67.01,0
N3099,2025-09-03 03:39:00,1504427.0,15.38,0
N3100,2025-09-03 03:40:00,99790.0,78.56,0
N3101,2025-09-03 03:41:00,635949.0,15.3,0
N3102,2025-09-03 03:42:00,149549.0,15.83,0
N3103,2025-09-03 03:43:00,198999.0,14.23,0
N3104,2025-09-03 03:44:00,499321.0,33.17,0
N3105,2025-09-03 03:45:00,644809.0,69.25,0
N3106,2025-09-03 03:46:00,104783.0,46.29,0
N3107,2025-09-03 03:47:00,296512.0,342.81,0
N3108,2025-09-03 03:48:00,59060.0,25.47,0
N3109,2025-09-03 03:49:00,276550.0,22.59,0
N3110,2025-09-03 03:50:00,236453.0,10.58,0
N3111,2025-09-03 03:51:00,378075.0,170.68,0
N3112,2025-09-03 03:52:00,67205.0,163.72,0
N3113,2025-09-03 03:53:00,223588.0,258.65,0
N3114,2025-09-03 03:54:00,26369.0,29.74,0
N3115,2025-09-03 03:55:00,192589.0,38.87,0
N3116,2025-09-03 03:56:00,113337.0,56.21,0
N3117,2025-09-03 03:57:00,220504.0,10.45,0
N3118,2025-09-03 03:58:00,95125.0,12.22,0
N3119,2025-09-03 03:59:00,145804.0,127.82,0
N3120,2025-09-03 04:00:00,69007.0,8.77,0
N3121,2025-09-03 04:01:00,405543.0,13.84,0
N3122,2025-09-03 04:02:00,191186.0,2.02,0
N3123,2025-09-03 04:03:00,643438.0,2.82,0
N3124,2025-09-03 04:04:00,85615.0,59.66,0
N3125,2025-09-03 04:05:00,58667.0,30.17,0
N3126,2025-09-03 04:06:00,313556.0,9.56,0
N3127,2025-09-03 04:07:00,74746.0,9.87,0
N3128,2025-09-03 04:08:00,96736.0,12.52,0
N3129,2025-09-03 04:09:00,311491.0,57.66,0
N3130,2025-09-03 04:10:00,35593.0,29.22,0
N3131,2025-09-03 04:11:00,32685.0,21.81,0
N3132,2025-09-03 04:12:00,141477.0,31.18,0
N3133,2025-09-03 04:13:00,29399.0,6.32,0
N3134,2025-09-03 04:14:00,468168.0,58.09,0
N3135,2025-09-03 04:15:00,290573.0,10.75,0
N3136,2025-09-03 04:16:00,124658.0,12.99,0
N3137,2025-09-03 04:17:00,157307.0,34.07,0
N3138,2025-09-03 04:18:00,50867.0,154.31,0
N3139,2025-09-03 04:19:00,63475.0,4.12,0
N3140,2025-09-03 04:20:00,371376.0,5.36,0
N3141,2025-09-03 04:21:00,110179.0,2.79,0
N3142,2025-09-03 04:22:00,407684.0,37.36,0
N3143,2025-09-03 04:23:00,293884.0,28.64,0
N3144,2025-09-03 04:24:00,75555.0,13.65,0
N3145,2025-09-03 04:25:00,60731.0,121.47,0
N3146,2025-09-03 04:26:00,317975.0,11.01,0
N3147,2025-09-03 04:27:00,630909.0,4.72,0
N3148,2025-09-03 04:28:00,461792.0,3.06,0
N3149,2025-09-03 04:29:00,162104.0,25.63,0
N3150,2025-09-03 04:30:00,44133.0,27.11,0
N3151,2025-09-03 04:31:00,119951.0,4.23,0
N3152,2025-09-03 04:32:00,42598.0,4.99,0
N3153,2025-09-03 04:33:00,34734.0,2.61,0
N3154,2025-09-03 04:34:00,365253.0,5.76,0
N3155,2025-09-03 04:35:00,951325.0,49.96,0
N3156,2025-09-03 04:36:00,96473.0,7.89,0
N3157,2025-09-03 04:37:00,115306.0,27.94,0
N3158,2025-09-03 04:38:00,309963.0,9.76,0
N3159,2025-09-03 04:39:00,131171.0,67.39,0
N3160,2025-09-03 04:40:00,343171.0,87.27,0
N3161,2025-09-03 04:41:00,293586.0,14.4,0
N3162,2025-09-03 04:42:00,243741.0,6.44,0
N3163,2025-09-03 04:43:00,220737.0,283.8,0
N3164,2025-09-03 04:44:00,29818.0,52.7,0
N3165,2025-09-03 04:45:00,815265.0,51.8,0
N3166,2025-09-03 04:46:00,81365.0,126.3,0
N3167,2025-09-03 04:47:00,207058.0,2.03,0
N3168,2025-09-03 04:48:00,124359.0,22.28,0
N3169,2025-09-03 04:49:00,149236.0,203.31,0
N3170,2025-09-03 04:50:00,174102.0,34.85,0
N3171,2025-09-03 04:51:00,142413.0,15.02,0
N3172,2025-09-03 04:52:00,53118.0,56.74,0
N3173,2025-09-03 04:53:00,45751.0,2.42,0
N3174,2025-09-03 04:54:00,120481.0,35.67,0
N3175,2025-09-03 04:55:00,117839.0,48.99,0
N3176,2025-09-03 04:56:00,83112.0,73.93,0
N3177,2025-09-03 04:57:00,38488.0,13.95,0
N3178,2025-09-03 04:58:00,48119.0,7.01,0
N3179,2025-09-03 04:59:00,24026.0,11.3,0
N3180,2025-09-03 05:00:00,320768.0,27.04,0
N3181,2025-09-03 05:01:00,122562.0,25.23,0
N3182,2025-09-03 05:02:00,150984.0,97.29,0
N3183,2025-09-03 05:03:00,136427.0,5.2,0
N3184,2025-09-03 05:04:00,594295.0,19.71,0
N3185,2025-09-03 05:05:00,137185.0,6.14,0
N3186,2025-09-03 05:06:00,257444.0,49.42,0
N3187,2025-09-03 05:07:00,272296.0,64.7,0
N3188,2025-09-03 05:08:00,617408.0,60.03,0
N3189,2025-09-03 05:09:00,152037.0,5.13,0
N3190,2025-09-03 05:10:00,996796.0,63.36,0
N3191,2025-09-03 05:11:00,130264.0,58.68,0
N3192,2025-09-03 05:12:00,91763.0,3.63,0
N3193,2025-09-03 05:13:00,81552.0,11.25,0
N3194,2025-09-03 05:14:00,98255.0,30.42,0
N3195,2025-09-03 05:15:00,73225.0,88.83,0
N3196,2025-09-03 05:16:00,25045.0,18.93,0
N3197,2025-09-03 05:17:00,67181.0,324.43,0
N3198,2025-09-03 05:18:00,281951.0,22.42,0
N3199,2025-09-03 05:19:00,415893.0,11.95,0
N3200,2025-09-03 05:20:00,95726.0,10.05,0
N3201,2025-09-03 05:21:00,586444.0,25.7,0
N3202,2025-09-03 05:22:00,106522.0,19.98,0
N3203,2025-09-03 05:23:00,368850.0,32.62,0
N3204,2025-09-03 05:24:00,36677.0,20.94,0
N3205,2025-09-03 05:25:00,115321.0,4.6,0
N3206,2025-09-03 05:26:00,135044.0,149.27,0
N3207,2025-09-03 05:27:00,118202.0,2.41,0
N3208,2025-09-03 05:28:00,81772.0,121.75,0
N3209,2025-09-03 05:29:00,141954.0,9.45,0
N3210,2025-09-03 05:30:00,21338.0,14.32,0
N3211,2025-09-03 05:31:00,190141.0,14.36,0
N3212,2025-09-03 05:32:00,149015.0,3.23,0
N3213,2025-09-03 05:33:00,231347.0,16.4,0
N3214,2025-09-03 05:34:00,160520.0,20.11,0
N3215,2025-09-03 05:35:00,1440430.0,9.43,0
N3216,2025-09-03 05:36:00,249228.0,3.27,0
N3217,2025-09-03 05:37:00,259460.0,45.67,0
N3218,2025-09-03 05:38:00,266056.0,21.72,0
N3219,2025-09-03 05:39:00,213626.0,82.29,0
N3220,2025-09-03 05:40:00,479794.0,9.83,0
N3221,2025-09-03 05:41:00,376933.0,32.62,0
N3222,2025-09-03 05:42:00,654210.0,67.4,0
N3223,2025-09-03 05:43:00,218458.0,161.07,0
N3224,2025-09-03 05:44:00,34091.0,22.85,0
N3225,2025-09-03 05:45:00,34530.0,8.4,0
N3226,2025-09-03 05:46:00,1605870.0,70.84,0
N3227,2025-09-03 05:47:00,171447.0,20.08,0
N3228,2025-09-03 05:48:00,35419.0,168.26,0
N3229,2025-09-03 05:49:00,508468.0,17.58,0
N3230,2025-09-03 05:50:00,456265.0,22.33,0
N3231,2025-09-03 05:51:00,149916.0,137.28,0
N3232,2025-09-03 05:52:00,349942.0,5.16,0
N3233,2025-09-03 05:53:00,90330.0,38.6,0
N3234,2025-09-03 05:54:00,201907.0,2.46,0
N3235,2025-09-03 05:55:00,275985.0,31.49,0
N3236,2025-09-03 05:56:00,134726.0,121.65,0
N3237,2025-09-03 05:57:00,239345.0,76.83,0
N3238,2025-09-03 05:58:00,227409.0,10.83,0
N3239,2025-09-03 05:59:00,116505.0,31.71,0
N3240,2025-09-03 06:00:00,106437.0,16.97,0
N3241,2025-09-03 06:01:00,109466.0,23.58,0
N3242,2025-09-03 06:02:00,692570.0,15.33,0
N3243,2025-09-03 06:03:00,110924.0,15.27,0
N3244,2025-09-03 06:04:00,22019.0,7.1,0
N3245,2025-09-03 06:05:00,53857.0,12.71,0
N3246,2025-09-03 06:06:00,435515.0,3.33,0
N3247,2025-09-03 06:07:00,9844.0,17.23,0
N3248,2025-09-03 06:08:00,60297.0,3.55,0
N3249,2025-09-03 06:09:00,57137.0,1.6,0
N3250,2025-09-03 06:10:00,330078.0,10.38,0
N3251,2025-09-03 06:11:00,140220.0,17.83,0
N3252,2025-09-03 06:12:00,9072.0,14.3,0
N3253,2025-09-03 06:13:00,38509.0,1.16,0
N3254,2025-09-03 06:14:00,383897.0,147.43,0
N3255,2025-09-03 06:15:00,202722.0,4.84,0
N3256,2025-09-03 06:16:00,105896.0,24.16,0
N3257,2025-09-03 06:17:00,217000.0,82.5,0
N3258,2025-09-03 06:18:00,35844.0,58.34,0
N3259,2025-09-03 06:19:00,184331.0,17.18,0
N3260,2025-09-03 06:20:00,42443.0,417.47,0
N3261,2025-09-03 06:21:00,32819.0,6.79,0
N3262,2025-09-03 06:22:00,318540.0,9.22,0
N3263,2025-09-03 06:23:00,205655.0,8.86,0
N3264,2025-09-03 06:24:00,37663.0,284.76,0
N3265,2025-09-03 06:25:00,64506.0,6.26,0
N3266,2025-09-03 06:26:00,1849465.0,74.55,0
N3267,2025-09-03 06:27:00,88301.0,11.65,0
N3268,2025-09-03 06:28:00,150616.0,0.41,0
N3269,2025-09-03 06:29:00,71487.0,16.52,0
N3270,2025-09-03 06:30:00,116068.0,21.48,0
N3271,2025-09-03 06:31:00,32437.0,58.44,0
N3272,2025-09-03 06:32:00,100626.0,27.76,0
N3273,2025-09-03 06:33:00,85552.0,35.71,0
N3274,2025-09-03 06:34:00,66802.0,21.09,0
N3275,2025-09-03 06:35:00,505815.0,1.95,0
N3276,2025-09-03 06:36:00,116385.0,21.81,0
N3277,2025-09-03 06:37:00,62400.0,1.07,0
N3278,2025-09-03 06:38:00,184361.0,19.15,0
N3279,2025-09-03 06:39:00,186071.0,5.18,0
N3280,2025-09-03 06:40:00,216077.0,58.79,0
N3281,2025-09-03 06:41:00,134973.0,57.95,0
N3282,2025-09-03 06:42:00,135270.0,50.97,0
N3283,2025-09-03 06:43:00,77638.0,26.69,0
N3284,2025-09-03 06:44:00,341697.0,17.11,0
N3285,2025-09-03 06:45:00,105364.0,37.07,0
N3286,2025-09-03 06:46:00,30577.0,69.82,0
N3287,2025-09-03 06:47:00,102268.0,2.02,0
N3288,2025-09-03 06:48:00,92775.0,29.42,0
N3289,2025-09-03 06:49:00,45844.0,13.23,0
N3290,2025-09-03 06:50:00,82475.0,22.86,0
N3291,2025-09-03 06:51:00,164872.0,6.63,0
N3292,2025-09-03 06:52:00,232941.0,107.55,0
N3293,2025-09-03 06:53:00,549521.0,21.42,0
N3294,2025-09-03 06:54:00,116097.0,72.41,0
N3295,2025-09-03 06:55:00,19635.0,2.45,0
N3296,2025-09-03 06:56:00,83009.0,5.42,0
N3297,2025-09-03 06:57:00,54316.0,13.07,0
N3298,2025-09-03 06:58:00,75317.0,12.4,0
N3299,2025-09-03 06:59:00,477241.0,47.52,0
N3300,2025-09-03 07:00:00,137867.0,22.65,0
N3301,2025-09-03 07:01:00,156985.0,14.13,0
N3302,2025-09-03 07:02:00,462710.0,16.91,0
N3303,2025-09-03 07:03:00,82459.0,3.78,0
N3304,2025-09-03 07:04:00,257274.0,24.37,0
N3305,2025-09-03 07:05:00,184690.0,2.59,0
N3306,2025-09-03 07:06:00,116993.0,21.31,0
N3307,2025-09-03 07:07:00,227067.0,19.26,0
N3308,2025-09-03 07:08:00,1601148.0,15.61,0
N3309,2025-09-03 07:09:00,764880.0,8.37,0
N3310,2025-09-03 07:10:00,94646.0,10.44,0
N3311,2025-09-03 07:11:00,286178.0,23.41,0
N3312,2025-09-03 07:12:00,344643.0,55.81,0
N3313,2025-09-03 07:13:00,24447.0,0.94,0
N3314,2025-09-03 07:14:00,159357.0,285.85,0
N3315,2025-09-03 07:15:00,252037.0,2.92,0
N3316,2025-09-03 07:16:00,421918.0,10.2,0
N3317,2025-09-03 07:17:00,90000.0,62.19,0
N3318,2025-09-03 07:18:00,235369.0,3.71,0
N3319,2025-09-03 07:19:00,392495.0,7.16,0
N3320,2025-09-03 07:20:00,1149758.0,28.34,0
N3321,2025-09-03 07:21:00,402535.0,4.21,0
N3322,2025-09-03 07:22:00,28076.0,188.26,0
N3323,2025-09-03 07:23:00,54963.0,22.62,0
N3324,2025-09-03 07:24:00,380153.0,55.61,0
N3325,2025-09-03 07:25:00,33689.0,11.73,0
N3326,2025-09-03 07:26:00,770866.0,9.0,0
N3327,2025-09-03 07:27:00,1803257.0,24.73,0
N3328,2025-09-03 07:28:00,102854.0,29.66,0
N3329,2025-09-03 07:29:00,60384.0,73.27,0
N3330,2025-09-03 07:30:00,573215.0,8.47,0
N3331,2025-09-03 07:31:00,194343.0,24.38,0
N3332,2025-09-03 07:32:00,128063.0,7.08,0
N3333,2025-09-03 07:33:00,444944.0,80.74,0
N3334,2025-09-03 07:34:00,105390.0,264.45,0
N3335,2025-09-03 07:35:00,86102.0,28.06,0
N3336,2025-09-03 07:36:00,261140.0,18.04,0
N3337,2025-09-03 07:37:00,164638.0,7.0,0
N3338,2025-09-03 07:38:00,293844.0,22.52,0
N3339,2025-09-03 07:39:00,337161.0,10.72,0
N3340,2025-09-03 07:40:00,82049.0,256.53,0
N3341,2025-09-03 07:41:00,341744.0,40.32,0
N3342,2025-09-03 07:42:00,299151.0,3.36,0
N3343,2025-09-03 07:43:00,503341.0,15.99,0
N3344,2025-09-03 07:44:00,96811.0,35.65,0
N3345,2025-09-03 07:45:00,295097.0,5.48,0
N3346,2025-09-03 07:46:00,165919.0,48.22,0
N3347,2025-09-03 07:47:00,67952.0,63.13,0
N3348,2025-09-03 07:48:00,172802.0,5.85,0
N3349,2025-09-03 07:49:00,29023.0,10.45,0
N3350,2025-09-03 07:50:00,32464.0,30.46,0
N3351,2025-09-03 07:51:00,91693.0,2.72,0
N3352,2025-09-03 07:52:00,424646.0,98.16,0
N3353,2025-09-03 07:53:00,126263.0,41.18,0
N3354,2025-09-03 07:54:00,343601.0,33.0,0
N3355,2025-09-03 07:55:00,436352.0,26.72,0
N3356,2025-09-03 07:56:00,63635.0,59.14,0
N3357,2025-09-03 07:57:00,203648.0,29.88,0
N3358,2025-09-03 07:58:00,598276.0,20.14,0
N3359,2025-09-03 07:59:00,36805.0,6.58,0
N3360,2025-09-03 08:00:00,244232.0,1.31,0
N3361,2025-09-03 08:01:00,47711.0,9.86,0
N3362,2025-09-03 08:02:00,38748.0,9.82,0
N3363,2025-09-03 08:03:00,115565.0,61.68,0
N3364,2025-09-03 08:04:00,155766.0,4.84,0
N3365,2025-09-03 08:05:00,62252.0,46.56,0
N3366,2025-09-03 08:06:00,151035.0,9.29,0
N3367,2025-09-03 08:07:00,7601.0,16.73,0
N3368,2025-09-03 08:08:00,321674.0,94.88,0
N3369,2025-09-03 08:09:00,10267.0,49.61,0
N3370,2025-09-03 08:10:00,208461.0,19.04,0
N3371,2025-09-03 08:11:00,177829.0,27.63,0
N3372,2025-09-03 08:12:00,77549.0,0.92,0
N3373,2025-09-03 08:13:00,2519609.0,9.86,0
N3374,2025-09-03 08:14:00,249202.0,17.46,0
N3375,2025-09-03 08:15:00,56043.0,417.5,0
N3376,2025-09-03 08:16:00,98218.0,23.22,0
N3377,2025-09-03 08:17:00,73719.0,9.14,0
N3378,2025-09-03 08:18:00,77833.0,60.54,0
N3379,2025-09-03 08:19:00,52602.0,4.62,0
N3380,2025-09-03 08:20:00,40500.0,1.71,0
N3381,2025-09-03 08:21:00,155717.0,50.78,0
N3382,2025-09-03 08:22:00,193918.0,88.31,0
N3383,2025-09-03 08:23:00,113541.0,8.78,0
N3384,2025-09-03 08:24:00,44357.0,28.72,0
N3385,2025-09-03 08:25:00,1748201.0,28.76,0
N3386,2025-09-03 08:26:00,304606.0,80.34,0
N3387,2025-09-03 08:27:00,35568.0,13.97,0
N3388,2025-09-03 08:28:00,614249.0,2.8,0
N3389,2025-09-03 08:29:00,33453.0,32.59,0
N3390,2025-09-03 08:30:00,162519.0,4.93,0
N3391,2025-09-03 08:31:00,221744.0,11.74,0
N3392,2025-09-03 08:32:00,104329.0,7.17,0
N3393,2025-09-03 08:33:00,28004.0,111.12,0
N3394,2025-09-03 08:34:00,168659.0,279.12,0
N3395,2025-09-03 08:35:00,146175.0,9.17,0
N3396,2025-09-03 08:36:00,330347.0,401.84,0
N3397,2025-09-03 08:37:00,497616.0,14.93,0
N3398,2025-09-03 08:38:00,194375.0,14.55,0
N3399,2025-09-03 08:39:00,1245175.0,9.38,0
N3400,2025-09-03 08:40:00,84845.0,25.82,0
N3401,2025-09-03 08:41:00,775925.0,5.9,0
N3402,2025-09-03 08:42:00,18937.0,15.19,0
N3403,2025-09-03 08:43:00,137805.0,201.59,0
N3404,2025-09-03 08:44:00,277340.0,19.21,0
N3405,2025-09-03 08:45:00,62236.0,24.51,0
N3406,2025-09-03 08:46:00,332190.0,10.07,0
N3407,2025-09-03 08:47:00,85042.0,0.18,0
N3408,2025-09-03 08:48:00,117560.0,56.75,0
N3409,2025-09-03 08:49:00,691494.0,21.55,0
N3410,2025-09-03 08:50:00,155245.0,13.95,0
N3411,2025-09-03 08:51:00,43128.0,22.65,0
N3412,2025-09-03 08:52:00,115028.0,5.49,0
N3413,2025-09-03 08:53:00,360221.0,10.0,0
N3414,2025-09-03 08:54:00,171038.0,15.79,0
N3415,2025-09-03 08:55:00,373399.0,47.6,0
N3416,2025-09-03 08:56:00,372180.0,79.4,0
N3417,2025-09-03 08:57:00,157479.0,66.34,0
N3418,2025-09-03 08:58:00,62341.0,130.22,0
N3419,2025-09-03 08:59:00,246366.0,17.56,0
N3420,2025-09-03 09:00:00,227847.0,61.93,0
N3421,2025-09-03 09:01:00,641873.0,3.45,0
N3422,2025-09-03 09:02:00,336167.0,38.71,0
N3423,2025-09-03 09:03:00,51907.0,19.04,0
N3424,2025-09-03 09:04:00,219526.0,23.71,0
N3425,2025-09-03 09:05:00,38216.0,5.4,0
N3426,2025-09-03 09:06:00,65386.0,22.88,0
N3427,2025-09-03 09:07:00,145286.0,51.46,0
N3428,2025-09-03 09:08:00,64081.0,137.16,0
N3429,2025-09-03 09:09:00,374635.0,111.73,0
N3430,2025-09-03 09:10:00,296646.0,121.0,0
N3431,2025-09-03 09:11:00,150224.0,119.08,0
N3432,2025-09-03 09:12:00,134731.0,7.96,0
N3433,2025-09-03 09:13:00,206600.0,43.65,0
N3434,2025-09-03 09:14:00,24876.0,18.09,0
N3435,2025-09-03 09:15:00,122442.0,70.75,0
N3436,2025-09-03 09:16:00,59109.0,7.08,0
N3437,2025-09-03 09:17:00,77772.0,66.79,0
N3438,2025-09-03 09:18:00,17643.0,11.5,0
N3439,2025-09-03 09:19:00,89285.0,36.35,0
N3440,2025-09-03 09:20:00,522965.0,11.05,0
N3441,2025-09-03 09:21:00,142476.0,66.15,0
N3442,2025-09-03 09:22:00,484119.0,47.31,0
N3443,2025-09-03 09:23:00,102955.0,29.77,0
N3444,2025-09-03 09:24:00,76632.0,22.03,0
N3445,2025-09-03 09:25:00,42700.0,120.1,0
N3446,2025-09-03 09:26:00,324457.0,1.42,0
N3447,2025-09-03 09:27:00,787521.0,10.14,0
N3448,2025-09-03 09:28:00,156119.0,35.44,0
N3449,2025-09-03 09:29:00,162708.0,20.43,0
N3450,2025-09-03 09:30:00,42773.0,1.81,0
N3451,2025-09-03 09:31:00,394621.0,3.87,0
N3452,2025-09-03 09:32:00,2069787.0,15.7,0
N3453,2025-09-03 09:33:00,194512.0,43.23,0
N3454,2025-09-03 09:34:00,68106.0,11.71,0
N3455,2025-09-03 09:35:00,189563.0,7.93,0
N3456,2025-09-03 09:36:00,210088.0,74.02,0
N3457,2025-09-03 09:37:00,457266.0,145.74,0
N3458,2025-09-03 09:38:00,45151.0,54.23,0
N3459,2025-09-03 09:39:00,312785.0,1.21,0
N3460,2025-09-03 09:40:00,106863.0,183.26,0
N3461,2025-09-03 09:41:00,161644.0,6.27,0
N3462,2025-09-03 09:42:00,93547.0,15.78,0
N3463,2025-09-03 09:43:00,25406.0,9.95,0
N3464,2025-09-03 09:44:00,76149.0,31.25,0
N3465,2025-09-03 09:45:00,161622.0,33.2,0
N3466,2025-09-03 09:46:00,129716.0,2.69,0
N3467,2025-09-03 09:47:00,1039661.0,78.51,0
N3468,2025-09-03 09:48:00,210816.0,18.85,0
N3469,2025-09-03 09:49:00,102743.0,11.4,0
N3470,2025-09-03 09:50:00,16837.0,10.08,0
N3471,2025-09-03 09:51:00,57397.0,14.54,0
N3472,2025-09-03 09:52:00,190832.0,7.42,0
N3473,2025-09-03 09:53:00,102784.0,6.81,0
N3474,2025-09-03 09:54:00,107650.0,10.81,0
N3475,2025-09-03 09:55:00,27656.0,2.58,0
N3476,2025-09-03 09:56:00,148811.0,254.58,0
N3477,2025-09-03 09:57:00,28189.0,40.79,0
N3478,2025-09-03 09:58:00,362974.0,18.54,0
N3479,2025-09-03 09:59:00,274691.0,19.39,0
N3480,2025-09-03 10:00:00,43153.0,85.77,0
N3481,2025-09-03 10:01:00,137602.0,3.47,0
N3482,2025-09-03 10:02:00,571812.0,24.98,0
N3483,2025-09-03 10:03:00,285512.0,23.41,0
N3484,2025-09-03 10:04:00,197084.0,12.63,0
N3485,2025-09-03 10:05:00,64470.0,9.41,0
N3486,2025-09-03 10:06:00,66807.0,41.57,0
N3487,2025-09-03 10:07:00,278604.0,33.98,0
N3488,2025-09-03 10:08:00,115711.0,12.24,0
N3489,2025-09-03 10:09:00,1569165.0,25.31,0
N3490,2025-09-03 10:10:00,11112.0,9.5,0
N3491,2025-09-03 10:11:00,78876.0,26.89,0
N3492,2025-09-03 10:12:00,53899.0,17.12,0
N3493,2025-09-03 10:13:00,135308.0,173.07,0
N3494,2025-09-03 10:14:00,87984.0,11.1,0
N3495,2025-09-03 10:15:00,412946.0,58.41,0
N3496,2025-09-03 10:16:00,586645.0,28.09,0
N3497,2025-09-03 10:17:00,918542.0,36.92,0
N3498,2025-09-03 10:18:00,1396150.0,13.69,0
N3499,2025-09-03 10:19:00,35959.0,28.87,0
N3500,2025-09-03 10:20:00,62286.0,2.91,0
N3501,2025-09-03 10:21:00,1082501.0,10.84,0
N3502,2025-09-03 10:22:00,380758.0,4.73,0
N3503,2025-09-03 10:23:00,144512.0,79.91,0
N3504,2025-09-03 10:24:00,235359.0,68.44,0
N3505,2025-09-03 10:25:00,53893.0,22.55,0
N3506,2025-09-03 10:26:00,197946.0,4.67,0
N3507,2025-09-03 10:27:00,197735.0,52.53,0
N3508,2025-09-03 10:28:00,617781.0,167.13,0
N3509,2025-09-03 10:29:00,293482.0,30.83,0
N3510,2025-09-03 10:30:00,399498.0,20.7,0
N3511,2025-09-03 10:31:00,133245.0,4.83,0
N3512,2025-09-03 10:32:00,150957.0,39.16,0
N3513,2025-09-03 10:33:00,72066.0,12.89,0
N3514,2025-09-03 10:34:00,235204.0,1.61,0
N3515,2025-09-03 10:35:00,121599.0,2.65,0
N3516,2025-09-03 10:36:00,115165.0,2.26,0
N3517,2025-09-03 10:37:00,275953.0,79.09,0
N3518,2025-09-03 10:38:00,35113.0,13.56,0
N3519,2025-09-03 10:39:00,420093.0,12.04,0
N3520,2025-09-03 10:40:00,688710.0,6.61,0
N3521,2025-09-03 10:41:00,426950.0,54.59,0
N3522,2025-09-03 10:42:00,38107.0,26.05,0
N3523,2025-09-03 10:43:00,429630.0,12.39,0
N3524,2025-09-03 10:44:00,959774.0,10.34,0
N3525,2025-09-03 10:45:00,53918.0,452.7,0
N3526,2025-09-03 10:46:00,160120.0,5.09,0
N3527,2025-09-03 10:47:00,457451.0,2.32,0
N3528,2025-09-03 10:48:00,1379699.0,151.91,0
N3529,2025-09-03 10:49:00,706660.0,105.42,0
N3530,2025-09-03 10:50:00,90735.0,12.58,0
N3531,2025-09-03 10:51:00,300982.0,155.96,0
N3532,2025-09-03 10:52:00,485799.0,69.77,0
N3533,2025-09-03 10:53:00,252699.0,65.12,0
N3534,2025-09-03 10:54:00,128111.0,5.42,0
N3535,2025-09-03 10:55:00,213066.0,21.2,0
N3536,2025-09-03 10:56:00,681389.0,3.61,0
N3537,2025-09-03 10:57:00,38928.0,313.5,0
N3538,2025-09-03 10:58:00,2621405.0,16.39,0
N3539,2025-09-03 10:59:00,186559.0,24.77,0
N3540,2025-09-03 11:00:00,26909.0,16.66,0
N3541,2025-09-03 11:01:00,267541.0,16.14,0
N3542,2025-09-03 11:02:00,250312.0,328.08,0
N3543,2025-09-03 11:03:00,84560.0,117.11,0
N3544,2025-09-03 11:04:00,349609.0,15.12,0
N3545,2025-09-03 11:05:00,104662.0,18.8,0
N3546,2025-09-03 11:06:00,624207.0,27.8,0
N3547,2025-09-03 11:07:00,44120.0,17.19,0
N3548,2025-09-03 11:08:00,62788.0,101.92,0
N3549,2025-09-03 11:09:00,102670.0,47.98,0
N3550,2025-09-03 11:10:00,386257.0,88.75,0
N3551,2025-09-03 11:11:00,336054.0,5.69,0
N3552,2025-09-03 11:12:00,124519.0,16.55,0
N3553,2025-09-03 11:13:00,100640.0,76.51,0
N3554,2025-09-03 11:14:00,355924.0,5.64,0
N3555,2025-09-03 11:15:00,33453.0,24.54,0
N3556,2025-09-03 11:16:00,87826.0,19.55,0
N3557,2025-09-03 11:17:00,83951.0,21.82,0
N3558,2025-09-03 11:18:00,27498.0,66.41,0
N3559,2025-09-03 11:19:00,638181.0,16.79,0
N3560,2025-09-03 11:20:00,85447.0,11.43,0
N3561,2025-09-03 11:21:00,526215.0,19.37,0
N3562,2025-09-03 11:22:00,145001.0,5.32,0
N3563,2025-09-03 11:23:00,203113.0,11.93,0
N3564,2025-09-03 11:24:00,162505.0,16.69,0
N3565,2025-09-03 11:25:00,912810.0,15.86,0
N3566,2025-09-03 11:26:00,70699.0,17.83,0
N3567,2025-09-03 11:27:00,43405.0,14.03,0
N3568,2025-09-03 11:28:00,96949.0,7.13,0
N3569,2025-09-03 11:29:00,81148.0,13.41,0
N3570,2025-09-03 11:30:00,83690.0,22.78,0
N3571,2025-09-03 11:31:00,228128.0,1.91,0
N3572,2025-09-03 11:32:00,73180.0,18.05,0
N3573,2025-09-03 11:33:00,331250.0,10.25,0
N3574,2025-09-03 11:34:00,18621.0,24.56,0
N3575,2025-09-03 11:35:00,38847.0,27.9,0
N3576,2025-09-03 11:36:00,325917.0,1.71,0
N3577,2025-09-03 11:37:00,264908.0,13.29,0
N3578,2025-09-03 11:38:00,94471.0,13.42,0
N3579,2025-09-03 11:39:00,155541.0,4.52,0
N3580,2025-09-03 11:40:00,142665.0,15.52,0
N3581,2025-09-03 11:41:00,193286.0,19.89,0
N3582,2025-09-03 11:42:00,291586.0,12.3,0
N3583,2025-09-03 11:43:00,339708.0,2.72,0
N3584,2025-09-03 11:44:00,136398.0,8.99,0
N3585,2025-09-03 11:45:00,215053.0,107.24,0
N3586,2025-09-03 11:46:00,351728.0,30.07,0
N3587,2025-09-03 11:47:00,121152.0,9.82,0
N3588,2025-09-03 11:48:00,519263.0,95.73,0
N3589,2025-09-03 11:49:00,357055.0,46.9,0
N3590,2025-09-03 11:50:00,72983.0,8.24,0
N3591,2025-09-03 11:51:00,242605.0,33.49,0
N3592,2025-09-03 11:52:00,94676.0,31.83,0
N3593,2025-09-03 11:53:00,45889.0,10.27,0
N3594,2025-09-03 11:54:00,57930.0,1.91,0
N3595,2025-09-03 11:55:00,36893.0,3.34,0
N3596,2025-09-03 11:56:00,1360928.0,14.91,0
N3597,2025-09-03 11:57:00,266254.0,13.05,0
N3598,2025-09-03 11:58:00,95967.0,14.91,0
N3599,2025-09-03 11:59:00,101343.0,30.66,0
N3600,2025-09-03 12:00:00,52485.0,3.02,0
N3601,2025-09-03 12:01:00,31168.0,34.9,0
N3602,2025-09-03 12:02:00,22699.0,11.64,0
N3603,2025-09-03 12:03:00,592322.0,33.01,0
N3604,2025-09-03 12:04:00,518316.0,22.86,0
N3605,2025-09-03 12:05:00,421860.0,20.52,0
N3606,2025-09-03 12:06:00,1294591.0,18.31,0
N3607,2025-09-03 12:07:00,64501.0,17.37,0
N3608,2025-09-03 12:08:00,126770.0,7.14,0
N3609,2025-09-03 12:09:00,101884.0,5.12,0
N3610,2025-09-03 12:10:00,57058.0,89.62,0
N3611,2025-09-03 12:11:00,337343.0,112.2,0
N3612,2025-09-03 12:12:00,216296.0,7.32,0
N3613,2025-09-03 12:13:00,348883.0,17.94,0
N3614,2025-09-03 12:14:00,538912.0,11.42,0
N3615,2025-09-03 12:15:00,150896.0,6.08,0
N3616,2025-09-03 12:16:00,147685.0,45.37,0
N3617,2025-09-03 12:17:00,375433.0,11.9,0
N3618,2025-09-03 12:18:00,1806116.0,117.85,0
N3619,2025-09-03 12:19:00,27901.0,73.12,0
N3620,2025-09-03 12:20:00,102905.0,151.32,0
N3621,2025-09-03 12:21:00,50536.0,38.1,0
N3622,2025-09-03 12:22:00,152864.0,19.26,0
N3623,2025-09-03 12:23:00,121300.0,12.83,0
N3624,2025-09-03 12:24:00,636902.0,18.66,0
N3625,2025-09-03 12:25:00,31279.0,91.93,0
N3626,2025-09-03 12:26:00,251046.0,19.94,0
N3627,2025-09-03 12:27:00,26276.0,57.86,0
N3628,2025-09-03 12:28:00,46266.0,29.38,0
N3629,2025-09-03 12:29:00,103515.0,15.93,0
N3630,2025-09-03 12:30:00,831385.0,5.67,0
N3631,2025-09-03 12:31:00,755703.0,16.7,0
N3632,2025-09-03 12:32:00,70352.0,12.17,0
N3633,2025-09-03 12:33:00,51668.0,5.57,0
N3634,2025-09-03 12:34:00,26462.0,50.92,0
N3635,2025-09-03 12:35:00,346066.0,46.29,0
N3636,2025-09-03 12:36:00,354843.0,53.58,0
N3637,2025-09-03 12:37:00,27825.0,47.04,0
N3638,2025-09-03 12:38:00,370336.0,6.68,0
N3639,2025-09-03 12:39:00,108806.0,9.86,0
N3640,2025-09-03 12:40:00,374473.0,4.82,0
N3641,2025-09-03 12:41:00,290196.0,18.52,0
N3642,2025-09-03 12:42:00,117167.0,98.71,0
N3643,2025-09-03 12:43:00,77542.0,21.36,0
N3644,2025-09-03 12:44:00,170294.0,9.66,0
N3645,2025-09-03 12:45:00,398634.0,240.08,0
N3646,2025-09-03 12:46:00,58200.0,8.47,0
N3647,2025-09-03 12:47:00,26965.0,7.65,0
N3648,2025-09-03 12:48:00,29323.0,150.57,0
N3649,2025-09-03 12:49:00,669047.0,21.83,0
N3650,2025-09-03 12:50:00,37846.0,248.58,0
N3651,2025-09-03 12:51:00,94729.0,9.47,0
N3652,2025-09-03 12:52:00,867782.0,9.75,0
N3653,2025-09-03 12:53:00,485037.0,6.71,0
N3654,2025-09-03 12:54:00,84587.0,54.29,0
N3655,2025-09-03 12:55:00,197418.0,13.62,0
N3656,2025-09-03 12:56:00,86852.0,10.28,0
N3657,2025-09-03 12:57:00,141573.0,10.33,0
N3658,2025-09-03 12:58:00,208326.0,167.45,0
N3659,2025-09-03 12:59:00,277618.0,14.29,0
N3660,2025-09-03 13:00:00,388808.0,12.57,0
N3661,2025-09-03 13:01:00,53871.0,1.48,0
N3662,2025-09-03 13:02:00,180202.0,34.25,0
N3663,2025-09-03 13:03:00,70219.0,317.64,0
N3664,2025-09-03 13:04:00,98181.0,1.87,0
N3665,2025-09-03 13:05:00,140076.0,6.16,0
N3666,2025-09-03 13:06:00,101444.0,33.79,0
N3667,2025-09-03 13:07:00,325893.0,13.86,0
N3668,2025-09-03 13:08:00,19115.0,6.15,0
N3669,2025-09-03 13:09:00,144736.0,66.97,0
N3670,2025-09-03 13:10:00,291211.0,19.7,0
N3671,2025-09-03 13:11:00,76740.0,48.65,0
N3672,2025-09-03 13:12:00,182277.0,23.72,0
N3673,2025-09-03 13:13:00,44892.0,2.11,0
N3674,2025-09-03 13:14:00,30079.0,3.9,0
N3675,2025-09-03 13:15:00,93068.0,7.89,0
N3676,2025-09-03 13:16:00,62300.0,95.47,0
N3677,2025-09-03 13:17:00,65124.0,11.99,0
N3678,2025-09-03 13:18:00,739235.0,23.15,0
N3679,2025-09-03 13:19:00,173567.0,11.25,0
N3680,2025-09-03 13:20:00,41177.0,180.88,0
N3681,2025-09-03 13:21:00,693080.0,2.81,0
N3682,2025-09-03 13:22:00,11611.0,3.79,0
N3683,2025-09-03 13:23:00,84239.0,14.42,0
N3684,2025-09-03 13:24:00,483254.0,3.51,0
N3685,2025-09-03 13:25:00,809089.0,5.74,0
N3686,2025-09-03 13:26:00,556515.0,4.1,0
N3687,2025-09-03 13:27:00,65683.0,27.96,0
N3688,2025-09-03 13:28:00,118851.0,22.96,0
N3689,2025-09-03 13:29:00,332603.0,13.96,0
N3690,2025-09-03 13:30:00,244683.0,10.85,0
N3691,2025-09-03 13:31:00,515807.0,97.23,0
N3692,2025-09-03 13:32:00,165814.0,10.37,0
N3693,2025-09-03 13:33:00,18247.0,50.17,0
N3694,2025-09-03 13:34:00,385892.0,4.01,0
N3695,2025-09-03 13:35:00,33705.0,14.7,0
N3696,2025-09-03 13:36:00,119438.0,76.55,0
N3697,2025-09-03 13:37:00,102914.0,105.57,0
N3698,2025-09-03 13:38:00,448605.0,370.81,0
N3699,2025-09-03 13:39:00,521501.0,6.66,0
N3700,2025-09-03 13:40:00,70619.0,76.49,0
N3701,2025-09-03 13:41:00,26570.0,7.68,0
N3702,2025-09-03 13:42:00,987142.0,5.24,0
N3703,2025-09-03 13:43:00,222383.0,47.51,0
N3704,2025-09-03 13:44:00,699220.0,39.39,0
N3705,2025-09-03 13:45:00,212305.0,130.19,0
N3706,2025-09-03 13:46:00,732577.0,36.07,0
N3707,2025-09-03 13:47:00,213034.0,51.77,0
N3708,2025-09-03 13:48:00,105890.0,7.98,0
N3709,2025-09-03 13:49:00,537787.0,15.37,0
N3710,2025-09-03 13:50:00,159116.0,9.28,0
N3711,2025-09-03 13:51:00,49071.0,15.86,0
N3712,2025-09-03 13:52:00,33641.0,52.46,0
N3713,2025-09-03 13:53:00,97179.0,50.32,0
N3714,2025-09-03 13:54:00,83048.0,6.8,0
N3715,2025-09-03 13:55:00,43186.0,39.04,0
N3716,2025-09-03 13:56:00,129246.0,12.86,0
N3717,2025-09-03 13:57:00,550120.0,13.34,0
N3718,2025-09-03 13:58:00,1225622.0,58.94,0
N3719,2025-09-03 13:59:00,162684.0,10.02,0
N3720,2025-09-03 14:00:00,27997.0,1.84,0
N3721,2025-09-03 14:01:00,90026.0,47.25,0
N3722,2025-09-03 14:02:00,784055.0,21.57,0
N3723,2025-09-03 14:03:00,98153.0,13.02,0
N3724,2025-09-03 14:04:00,104240.0,8.84,0
N3725,2025-09-03 14:05:00,220354.0,23.54,0
N3726,2025-09-03 14:06:00,860745.0,19.47,0
N3727,2025-09-03 14:07:00,428069.0,36.24,0
N3728,2025-09-03 14:08:00,32403.0,339.42,0
N3729,2025-09-03 14:09:00,33741.0,1.53,0
N3730,2025-09-03 14:10:00,63166.0,21.74,0
N3731,2025-09-03 14:11:00,252992.0,47.92,0
N3732,2025-09-03 14:12:00,136613.0,12.66,0
N3733,2025-09-03 14:13:00,218376.0,1.98,0
N3734,2025-09-03 14:14:00,181879.0,12.81,0
N3735,2025-09-03 14:15:00,99634.0,5.58,0
N3736,2025-09-03 14:16:00,705540.0,53.53,0
N3737,2025-09-03 14:17:00,98075.0,20.39,0
N3738,2025-09-03 14:18:00,461182.0,5.63,0
N3739,2025-09-03 14:19:00,89789.0,32.25,0
N3740,2025-09-03 14:20:00,224001.0,33.78,0
N3741,2025-09-03 14:21:00,351705.0,4.28,0
N3742,2025-09-03 14:22:00,65097.0,414.76,0
N3743,2025-09-03 14:23:00,401486.0,5.55,0
N3744,2025-09-03 14:24:00,262746.0,3.71,0
N3745,2025-09-03 14:25:00,26860.0,80.27,0
N3746,2025-09-03 14:26:00,131136.0,91.77,0
N3747,2025-09-03 14:27:00,86595.0,30.75,0
N3748,2025-09-03 14:28:00,107792.0,34.66,0
N3749,2025-09-03 14:29:00,31182.0,37.05,0
N3750,2025-09-03 14:30:00,557711.0,21.16,0
N3751,2025-09-03 14:31:00,602343.0,23.42,0
N3752,2025-09-03 14:32:00,121906.0,6.06,0
N3753,2025-09-03 14:33:00,94225.0,32.16,0
N3754,2025-09-03 14:34:00,323875.0,144.37,0
N3755,2025-09-03 14:35:00,366555.0,35.23,0
N3756,2025-09-03 14:36:00,104694.0,98.27,0
N3757,2025-09-03 14:37:00,327444.0,4.83,0
N3758,2025-09-03 14:38:00,225703.0,12.65,0
N3759,2025-09-03 14:39:00,103500.0,7.68,0
N3760,2025-09-03 14:40:00,323359.0,9.86,0
N3761,2025-09-03 14:41:00,1316383.0,11.11,0
N3762,2025-09-03 14:42:00,300380.0,72.64,0
N3763,2025-09-03 14:43:00,242344.0,26.99,0
N3764,2025-09-03 14:44:00,338726.0,28.38,0
N3765,2025-09-03 14:45:00,50142.0,69.57,0
N3766,2025-09-03 14:46:00,1226162.0,22.29,0
N3767,2025-09-03 14:47:00,99556.0,13.34,0
N3768,2025-09-03 14:48:00,260127.0,75.69,0
N3769,2025-09-03 14:49:00,294291.0,107.32,0
N3770,2025-09-03 14:50:00,70786.0,5.48,0
N3771,2025-09-03 14:51:00,319369.0,26.86,0
N3772,2025-09-03 14:52:00,168825.0,28.71,0
N3773,2025-09-03 14:53:00,119939.0,67.06,0
N3774,2025-09-03 14:54:00,69333.0,58.71,0
N3775,2025-09-03 14:55:00,233138.0,181.67,0
N3776,2025-09-03 14:56:00,757813.0,49.4,0
N3777,2025-09-03 14:57:00,743024.0,7.95,0
N3778,2025-09-03 14:58:00,238425.0,58.74,0
N3779,2025-09-03 14:59:00,922042.0,5.89,0
N3780,2025-09-03 15:00:00,803510.0,13.62,0
N3781,2025-09-03 15:01:00,228194.0,113.57,0
N3782,2025-09-03 15:02:00,97514.0,10.46,0
N3783,2025-09-03 15:03:00,50077.0,29.49,0
N3784,2025-09-03 15:04:00,224581.0,7.35,0
N3785,2025-09-03 15:05:00,52155.0,3.72,0
N3786,2025-09-03 15:06:00,64917.0,89.62,0
N3787,2025-09-03 15:07:00,61573.0,104.16,0
N3788,2025-09-03 15:08:00,65218.0,67.68,0
N3789,2025-09-03 15:09:00,50524.0,1.22,0
N3790,2025-09-03 15:10:00,145862.0,8.52,0
N3791,2025-09-03 15:11:00,403481.0,29.26,0
N3792,2025-09-03 15:12:00,22074.0,21.39,0
N3793,2025-09-03 15:13:00,282382.0,4.87,0
N3794,2025-09-03 15:14:00,62264.0,160.6,0
N3795,2025-09-03 15:15:00,33724.0,57.8,0
N3796,2025-09-03 15:16:00,579436.0,7.83,0
N3797,2025-09-03 15:17:00,211764.0,6.4,0
N3798,2025-09-03 15:18:00,40092.0,72.73,0
N3799,2025-09-03 15:19:00,94834.0,6.14,0
N3800,2025-09-03 15:20:00,1309078.0,19.05,0
N3801,2025-09-03 15:21:00,120652.0,20.73,0
N3802,2025-09-03 15:22:00,604657.0,26.56,0
N3803,2025-09-03 15:23:00,238331.0,9.01,0
N3804,2025-09-03 15:24:00,69518.0,11.89,0
N3805,2025-09-03 15:25:00,114382.0,9.13,0
N3806,2025-09-03 15:26:00,928659.0,34.2,0
N3807,2025-09-03 15:27:00,24198.0,1.84,0
N3808,2025-09-03 15:28:00,81898.0,68.04,0
N3809,2025-09-03 15:29:00,126462.0,42.53,0
N3810,2025-09-03 15:30:00,322712.0,5.73,0
N3811,2025-09-03 15:31:00,6664849.0,87.6,0
N3812,2025-09-03 15:32:00,181514.0,26.8,0
N3813,2025-09-03 15:33:00,333691.0,4.94,0
N3814,2025-09-03 15:34:00,2236539.0,40.06,0
N3815,2025-09-03 15:35:00,57376.0,8.65,0
N3816,2025-09-03 15:36:00,15806.0,42.99,0
N3817,2025-09-03 15:37:00,254579.0,25.09,0
N3818,2025-09-03 15:38:00,304405.0,26.79,0
N3819,2025-09-03 15:39:00,269763.0,291.7,0
N3820,2025-09-03 15:40:00,125107.0,38.82,0
N3821,2025-09-03 15:41:00,105488.0,47.07,0
N3822,2025-09-03 15:42:00,197969.0,34.94,0
N3823,2025-09-03 15:43:00,31500.0,3.26,0
N3824,2025-09-03 15:44:00,46735.0,10.88,0
N3825,2025-09-03 15:45:00,441078.0,104.41,0
N3826,2025-09-03 15:46:00,14730.0,8.06,0
N3827,2025-09-03 15:47:00,111688.0,11.06,0
N3828,2025-09-03 15:48:00,311225.0,104.46,0
N3829,2025-09-03 15:49:00,94585.0,5.1,0
N3830,2025-09-03 15:50:00,147438.0,15.49,0
N3831,2025-09-03 15:51:00,208253.0,65.29,0
N3832,2025-09-03 15:52:00,149602.0,12.26,0
N3833,2025-09-03 15:53:00,26264.0,11.39,0
N3834,2025-09-03 15:54:00,70095.0,9.01,0
N3835,2025-09-03 15:55:00,263431.0,14.16,0
N3836,2025-09-03 15:56:00,105933.0,19.31,0
N3837,2025-09-03 15:57:00,224786.0,35.76,0
N3838,2025-09-03 15:58:00,117109.0,225.88,0
N3839,2025-09-03 15:59:00,463168.0,12.37,0
N3840,2025-09-03 16:00:00,87021.0,15.02,0
N3841,2025-09-03 16:01:00,87603.0,3.06,0
N3842,2025-09-03 16:02:00,332414.0,1.29,0
N3843,2025-09-03 16:03:00,7237.0,35.87,0
N3844,2025-09-03 16:04:00,384845.0,22.31,0
N3845,2025-09-03 16:05:00,54751.0,31.75,0
N3846,2025-09-03 16:06:00,96830.0,13.91,0
N3847,2025-09-03 16:07:00,231726.0,22.59,0
N3848,2025-09-03 16:08:00,304264.0,14.58,0
N3849,2025-09-03 16:09:00,32981.0,9.53,0
N3850,2025-09-03 16:10:00,180031.0,7.92,0
N3851,2025-09-03 16:11:00,20872.0,28.28,0
N3852,2025-09-03 16:12:00,1267157.0,869.1,0
N3853,2025-09-03 16:13:00,251616.0,1.39,0
N3854,2025-09-03 16:14:00,277820.0,12.82,0
N3855,2025-09-03 16:15:00,1455628.0,31.57,0
N3856,2025-09-03 16:16:00,28233.0,20.77,0
N3857,2025-09-03 16:17:00,486098.0,39.94,0
N3858,2025-09-03 16:18:00,165336.0,15.99,0
N3859,2025-09-03 16:19:00,871821.0,68.23,0
N3860,2025-09-03 16:20:00,555754.0,12.62,0
N3861,2025-09-03 16:21:00,63996.0,14.85,0
N3862,2025-09-03 16:22:00,162899.0,12.92,0
N3863,2025-09-03 16:23:00,54489.0,165.27,0
N3864,2025-09-03 16:24:00,162256.0,5.24,0
N3865,2025-09-03 16:25:00,178480.0,7.0,0
N3866,2025-09-03 16:26:00,351398.0,23.63,0
N3867,2025-09-03 16:27:00,52300.0,21.79,0
N3868,2025-09-03 16:28:00,37803.0,0.66,0
N3869,2025-09-03 16:29:00,92869.0,6.93,0
N3870,2025-09-03 16:30:00,371432.0,6.1,0
N3871,2025-09-03 16:31:00,533593.0,31.0,0
N3872,2025-09-03 16:32:00,139903.0,8.33,0
N3873,2025-09-03 16:33:00,525702.0,6.31,0
N3874,2025-09-03 16:34:00,1436883.0,29.6,0
N3875,2025-09-03 16:35:00,97590.0,8.71,0
N3876,2025-09-03 16:36:00,64069.0,75.61,0
N3877,2025-09-03 16:37:00,656178.0,98.94,0
N3878,2025-09-03 16:38:00,105846.0,43.03,0
N3879,2025-09-03 16:39:00,26563.0,35.85,0
N3880,2025-09-03 16:40:00,109997.0,22.19,0
N3881,2025-09-03 16:41:00,71778.0,10.35,0
N3882,2025-09-03 16:42:00,46950.0,39.5,0
N3883,2025-09-03 16:43:00,95572.0,62.96,0
N3884,2025-09-03 16:44:00,101061.0,11.13,0
N3885,2025-09-03 16:45:00,220530.0,11.7,0
N3886,2025-09-03 16:46:00,160380.0,3.87,0
N3887,2025-09-03 16:47:00,59869.0,4.26,0
N3888,2025-09-03 16:48:00,252091.0,114.87,0
N3889,2025-09-03 16:49:00,239391.0,102.73,0
N3890,2025-09-03 16:50:00,88735.0,54.21,0
N3891,2025-09-03 16:51:00,57850.0,19.1,0
N3892,2025-09-03 16:52:00,256831.0,16.57,0
N3893,2025-09-03 16:53:00,34618.0,25.21,0
N3894,2025-09-03 16:54:00,656728.0,12.69,0
N3895,2025-09-03 16:55:00,255217.0,59.18,0
N3896,2025-09-03 16:56:00,107142.0,4.99,0
N3897,2025-09-03 16:57:00,30370.0,9.81,0
N3898,2025-09-03 16:58:00,39669.0,2.11,0
N3899,2025-09-03 16:59:00,311183.0,10.32,0
N3900,2025-09-03 17:00:00,352260.0,33.56,0
N3901,2025-09-03 17:01:00,248283.0,1.56,0
N3902,2025-09-03 17:02:00,26349.0,21.13,0
N3903,2025-09-03 17:03:00,450093.0,60.33,0
N3904,2025-09-03 17:04:00,113499.0,51.15,0
N3905,2025-09-03 17:05:00,46349.0,4.08,0
N3906,2025-09-03 17:06:00,305377.0,316.63,0
N3907,2025-09-03 17:07:00,323479.0,134.08,0
N3908,2025-09-03 17:08:00,59624.0,32.6,0
N3909,2025-09-03 17:09:00,66260.0,11.43,0
N3910,2025-09-03 17:10:00,25297.0,3.38,0
N3911,2025-09-03 17:11:00,214566.0,5.57,0
N3912,2025-09-03 17:12:00,112671.0,77.59,0
N3913,2025-09-03 17:13:00,129025.0,30.73,0
N3914,2025-09-03 17:14:00,331018.0,5.98,0
N3915,2025-09-03 17:15:00,569864.0,2.35,0
N3916,2025-09-03 17:16:00,314952.0,22.78,0
N3917,2025-09-03 17:17:00,60273.0,5.08,0
N3918,2025-09-03 17:18:00,135561.0,3.23,0
N3919,2025-09-03 17:19:00,78091.0,13.42,0
N3920,2025-09-03 17:20:00,572437.0,4.55,0
N3921,2025-09-03 17:21:00,74990.0,1.03,0
N3922,2025-09-03 17:22:00,234054.0,34.39,0
N3923,2025-09-03 17:23:00,139367.0,14.69,0
N3924,2025-09-03 17:24:00,173688.0,6.88,0
N3925,2025-09-03 17:25:00,117722.0,49.14,0
N3926,2025-09-03 17:26:00,228087.0,46.47,0
N3927,2025-09-03 17:27:00,227699.0,111.42,0
N3928,2025-09-03 17:28:00,124471.0,12.18,0
N3929,2025-09-03 17:29:00,62577.0,163.09,0
N3930,2025-09-03 17:30:00,509923.0,73.62,0
N3931,2025-09-03 17:31:00,532257.0,66.45,0
N3932,2025-09-03 17:32:00,61918.0,38.75,0
N3933,2025-09-03 17:33:00,298750.0,5.46,0
N3934,2025-09-03 17:34:00,513206.0,7.02,0
N3935,2025-09-03 17:35:00,273494.0,9.96,0
N3936,2025-09-03 17:36:00,197653.0,29.83,0
N3937,2025-09-03 17:37:00,37923.0,9.7,0
N3938,2025-09-03 17:38:00,677898.0,66.94,0
N3939,2025-09-03 17:39:00,106121.0,98.6,0
N3940,2025-09-03 17:40:00,113039.0,37.07,0
N3941,2025-09-03 17:41:00,63677.0,3.98,0
N3942,2025-09-03 17:42:00,101053.0,52.63,0
N3943,2025-09-03 17:43:00,101097.0,51.08,0
N3944,2025-09-03 17:44:00,886511.0,8.78,0
N3945,2025-09-03 17:45:00,70972.0,5.57,0
N3946,2025-09-03 17:46:00,620443.0,30.4,0
N3947,2025-09-03 17:47:00,187992.0,13.83,0
N3948,2025-09-03 17:48:00,261973.0,56.81,0
N3949,2025-09-03 17:49:00,282071.0,23.63,0
N3950,2025-09-03 17:50:00,95958.0,8.12,0
N3951,2025-09-03 17:51:00,120041.0,1.82,0
N3952,2025-09-03 17:52:00,399077.0,7.85,0
N3953,2025-09-03 17:53:00,2284221.0,21.37,0
N3954,2025-09-03 17:54:00,135111.0,10.76,0
N3955,2025-09-03 17:55:00,783474.0,8.59,0
N3956,2025-09-03 17:56:00,367245.0,33.2,0
N3957,2025-09-03 17:57:00,64228.0,91.89,0
N3958,2025-09-03 17:58:00,152338.0,30.88,0
N3959,2025-09-03 17:59:00,756563.0,14.77,0
N3960,2025-09-03 18:00:00,57848.0,191.19,0
N3961,2025-09-03 18:01:00,475367.0,26.01,0
N3962,2025-09-03 18:02:00,37343.0,19.5,0
N3963,2025-09-03 18:03:00,376804.0,16.46,0
N3964,2025-09-03 18:04:00,727843.0,107.49,0
N3965,2025-09-03 18:05:00,122708.0,2.63,0
N3966,2025-09-03 18:06:00,85654.0,4.48,0
N3967,2025-09-03 18:07:00,517958.0,107.59,0
N3968,2025-09-03 18:08:00,14580.0,27.1,0
N3969,2025-09-03 18:09:00,361245.0,317.6,0
N3970,2025-09-03 18:10:00,252781.0,37.59,0
N3971,2025-09-03 18:11:00,653785.0,186.66,0
N3972,2025-09-03 18:12:00,85041.0,2.78,0
N3973,2025-09-03 18:13:00,20440.0,3.16,0
N3974,2025-09-03 18:14:00,1411319.0,7.91,0
N3975,2025-09-03 18:15:00,302014.0,13.31,0
N3976,2025-09-03 18:16:00,80783.0,29.95,0
N3977,2025-09-03 18:17:00,94144.0,517.92,0
N3978,2025-09-03 18:18:00,956476.0,6.63,0
N3979,2025-09-03 18:19:00,27967.0,44.06,0
N3980,2025-09-03 18:20:00,701209.0,5.57,0
N3981,2025-09-03 18:21:00,56082.0,4.66,0
N3982,2025-09-03 18:22:00,1113214.0,9.4,0
N3983,2025-09-03 18:23:00,31879.0,17.74,0
N3984,2025-09-03 18:24:00,188922.0,123.68,0
N3985,2025-09-03 18:25:00,100253.0,22.16,0
N3986,2025-09-03 18:26:00,66460.0,40.5,0
N3987,2025-09-03 18:27:00,139406.0,25.73,0
N3988,2025-09-03 18:28:00,146685.0,10.96,0
N3989,2025-09-03 18:29:00,1107349.0,63.31,0
N3990,2025-09-03 18:30:00,76476.0,313.51,0
N3991,2025-09-03 18:31:00,481216.0,33.13,0
N3992,2025-09-03 18:32:00,120607.0,41.95,0
N3993,2025-09-03 18:33:00,62250.0,6.89,0
N3994,2025-09-03 18:34:00,123724.0,49.34,0
N3995,2025-09-03 18:35:00,53107.0,49.25,0
N3996,2025-09-03 18:36:00,424275.0,36.42,0
N3997,2025-09-03 18:37:00,182913.0,1.5,0
N3998,2025-09-03 18:38:00,69061.0,35.7,0
N3999,2025-09-03 18:39:00,42736.0,1.65,0
N4000,2025-09-03 18:40:00,79633.0,13.0,0
N4001,2025-09-03 18:41:00,219295.0,33.86,0
N4002,2025-09-03 18:42:00,159081.0,36.96,0
N4003,2025-09-03 18:43:00,206797.0,4.73,0
N4004,2025-09-03 18:44:00,87793.0,24.59,0
N4005,2025-09-03 18:45:00,86721.0,3.5,0
N4006,2025-09-03 18:46:00,76738.0,4.49,0
N4007,2025-09-03 18:47:00,116301.0,33.8,0
N4008,2025-09-03 18:48:00,199901.0,30.58,0
N4009,2025-09-03 18:49:00,183183.0,207.78,0
N4010,2025-09-03 18:50:00,116102.0,9.53,0
N4011,2025-09-03 18:51:00,599853.0,5.45,0
N4012,2025-09-03 18:52:00,37223.0,5.07,0
N4013,2025-09-03 18:53:00,75583.0,25.39,0
N4014,2025-09-03 18:54:00,967201.0,6.58,0
N4015,2025-09-03 18:55:00,116620.0,8.3,0
N4016,2025-09-03 18:56:00,626914.0,34.16,0
N4017,2025-09-03 18:57:00,289190.0,9.64,0
N4018,2025-09-03 18:58:00,172577.0,14.46,0
N4019,2025-09-03 18:59:00,35210.0,40.24,0
N4020,2025-09-03 19:00:00,229783.0,5.8,0
N4021,2025-09-03 19:01:00,821928.0,4.03,0
N4022,2025-09-03 19:02:00,309341.0,9.5,0
N4023,2025-09-03 19:03:00,44003.0,5.01,0
N4024,2025-09-03 19:04:00,20748.0,17.29,0
N4025,2025-09-03 19:05:00,159394.0,15.16,0
N4026,2025-09-03 19:06:00,197330.0,20.31,0
N4027,2025-09-03 19:07:00,81135.0,152.57,0
N4028,2025-09-03 19:08:00,694108.0,0.62,0
N4029,2025-09-03 19:09:00,12948.0,48.68,0
N4030,2025-09-03 19:10:00,130761.0,51.66,0
N4031,2025-09-03 19:11:00,500209.0,52.79,0
N4032,2025-09-03 19:12:00,117967.0,1.03,0
N4033,2025-09-03 19:13:00,160747.0,58.83,0
N4034,2025-09-03 19:14:00,51923.0,27.46,0
N4035,2025-09-03 19:15:00,157532.0,25.06,0
N4036,2025-09-03 19:16:00,366564.0,12.7,0
N4037,2025-09-03 19:17:00,94654.0,30.73,0
N4038,2025-09-03 19:18:00,110756.0,2.48,0
N4039,2025-09-03 19:19:00,229202.0,5.6,0
N4040,2025-09-03 19:20:00,174353.0,1.53,0
N4041,2025-09-03 19:21:00,145162.0,77.84,0
N4042,2025-09-03 19:22:00,455999.0,16.46,0
N4043,2025-09-03 19:23:00,594599.0,139.24,0
N4044,2025-09-03 19:24:00,161036.0,7.99,0
N4045,2025-09-03 19:25:00,167680.0,21.44,0
N4046,2025-09-03 19:26:00,462414.0,87.47,0
N4047,2025-09-03 19:27:00,40456.0,31.7,0
N4048,2025-09-03 19:28:00,147138.0,37.0,0
N4049,2025-09-03 19:29:00,149368.0,56.88,0
N4050,2025-09-03 19:30:00,644919.0,15.25,0
N4051,2025-09-03 19:31:00,1225259.0,18.72,0
N4052,2025-09-03 19:32:00,81278.0,2.46,0
N4053,2025-09-03 19:33:00,70369.0,6.68,0
N4054,2025-09-03 19:34:00,329885.0,16.38,0
N4055,2025-09-03 19:35:00,276342.0,7.13,0
N4056,2025-09-03 19:36:00,124242.0,72.5,0
N4057,2025-09-03 19:37:00,418430.0,290.15,0
N4058,2025-09-03 19:38:00,78237.0,63.27,0
N4059,2025-09-03 19:39:00,270508.0,4.26,0
N4060,2025-09-03 19:40:00,113582.0,185.12,0
N4061,2025-09-03 19:41:00,278307.0,124.3,0
N4062,2025-09-03 19:42:00,46292.0,2.27,0
N4063,2025-09-03 19:43:00,35206.0,90.23,0
N4064,2025-09-03 19:44:00,761950.0,7.61,0
N4065,2025-09-03 19:45:00,208224.0,19.12,0
N4066,2025-09-03 19:46:00,17478.0,14.47,0
N4067,2025-09-03 19:47:00,196053.0,6.89,0
N4068,2025-09-03 19:48:00,203194.0,8.3,0
N4069,2025-09-03 19:49:00,201181.0,3.57,0
N4070,2025-09-03 19:50:00,237108.0,12.36,0
N4071,2025-09-03 19:51:00,144960.0,51.07,0
N4072,2025-09-03 19:52:00,64390.0,15.84,0
N4073,2025-09-03 19:53:00,114399.0,23.37,0
N4074,2025-09-03 19:54:00,94402.0,8.46,0
N4075,2025-09-03 19:55:00,9115.0,90.64,0
N4076,2025-09-03 19:56:00,630993.0,29.08,0
N4077,2025-09-03 19:57:00,82071.0,55.73,0
N4078,2025-09-03 19:58:00,214125.0,54.18,0
N4079,2025-09-03 19:59:00,239445.0,6.14,0
N4080,2025-09-03 20:00:00,142040.0,33.49,0
N4081,2025-09-03 20:01:00,261383.0,8.61,0
N4082,2025-09-03 20:02:00,43631.0,1.68,0
N4083,2025-09-03 20:03:00,87784.0,4.35,0
N4084,2025-09-03 20:04:00,629813.0,30.65,0
N4085,2025-09-03 20:05:00,98285.0,6.15,0
N4086,2025-09-03 20:06:00,861863.0,1.41,0
N4087,2025-09-03 20:07:00,171140.0,38.55,0
N4088,2025-09-03 20:08:00,197936.0,47.44,0
N4089,2025-09-03 20:09:00,30492.0,208.1,0
N4090,2025-09-03 20:10:00,68225.0,1.39,0
N4091,2025-09-03 20:11:00,35500.0,115.57,0
N4092,2025-09-03 20:12:00,107719.0,13.65,0
N4093,2025-09-03 20:13:00,216516.0,34.72,0
N4094,2025-09-03 20:14:00,36108.0,233.71,0
N4095,2025-09-03 20:15:00,454072.0,20.07,0
N4096,2025-09-03 20:16:00,272921.0,20.88,0
N4097,2025-09-03 20:17:00,149253.0,6.99,0
N4098,2025-09-03 20:18:00,244621.0,109.2,0
N4099,2025-09-03 20:19:00,228958.0,19.71,0
N4100,2025-09-03 20:20:00,259843.0,60.22,0
N4101,2025-09-03 20:21:00,343917.0,15.41,0
N4102,2025-09-03 20:22:00,84481.0,152.64,0
N4103,2025-09-03 20:23:00,192024.0,3.48,0
N4104,2025-09-03 20:24:00,96950.0,311.11,0
N4105,2025-09-03 20:25:00,245226.0,11.02,0
N4106,2025-09-03 20:26:00,42955.0,7.83,0
N4107,2025-09-03 20:27:00,61455.0,192.12,0
N4108,2025-09-03 20:28:00,157341.0,3.52,0
N4109,2025-09-03 20:29:00,383122.0,9.84,0
N4110,2025-09-03 20:30:00,1954599.0,17.11,0
N4111,2025-09-03 20:31:00,366703.0,23.0,0
N4112,2025-09-03 20:32:00,129643.0,10.25,0
N4113,2025-09-03 20:33:00,27597.0,10.6,0
N4114,2025-09-03 20:34:00,169376.0,236.92,0
N4115,2025-09-03 20:35:00,73033.0,28.34,0
N4116,2025-09-03 20:36:00,236160.0,4.38,0
N4117,2025-09-03 20:37:00,22280.0,3.27,0
N4118,2025-09-03 20:38:00,145284.0,104.37,0
N4119,2025-09-03 20:39:00,382464.0,8.97,0
N4120,2025-09-03 20:40:00,362212.0,529.3,0
N4121,2025-09-03 20:41:00,637037.0,214.44,0
N4122,2025-09-03 20:42:00,340083.0,39.33,0
N4123,2025-09-03 20:43:00,397415.0,16.55,0
N4124,2025-09-03 20:44:00,85127.0,15.44,0
N4125,2025-09-03 20:45:00,350607.0,39.23,0
N4126,2025-09-03 20:46:00,38288.0,22.83,0
N4127,2025-09-03 20:47:00,146127.0,11.01,0
N4128,2025-09-03 20:48:00,330526.0,1.07,0
N4129,2025-09-03 20:49:00,480154.0,30.51,0
N4130,2025-09-03 20:50:00,299930.0,42.51,0
N4131,2025-09-03 20:51:00,169385.0,8.69,0
N4132,2025-09-03 20:52:00,850628.0,12.56,0
N4133,2025-09-03 20:53:00,90347.0,125.14,0
N4134,2025-09-03 20:54:00,295325.0,20.9,0
N4135,2025-09-03 20:55:00,47191.0,4.81,0
N4136,2025-09-03 20:56:00,86091.0,84.89,0
N4137,2025-09-03 20:57:00,1050795.0,9.21,0
N4138,2025-09-03 20:58:00,66408.0,2.99,0
N4139,2025-09-03 20:59:00,344877.0,186.54,0
N4140,2025-09-03 21:00:00,73659.0,112.68,0
N4141,2025-09-03 21:01:00,390059.0,23.57,0
N4142,2025-09-03 21:02:00,70623.0,1.84,0
N4143,2025-09-03 21:03:00,1918784.0,139.71,0
N4144,2025-09-03 21:04:00,336506.0,36.33,0
N4145,2025-09-03 21:05:00,332592.0,28.32,0
N4146,2025-09-03 21:06:00,120456.0,47.2,0
N4147,2025-09-03 21:07:00,132072.0,28.44,0
N4148,2025-09-03 21:08:00,54890.0,28.39,0
N4149,2025-09-03 21:09:00,206723.0,53.4,0
N4150,2025-09-03 21:10:00,103973.0,11.5,0
N4151,2025-09-03 21:11:00,198017.0,51.83,0
N4152,2025-09-03 21:12:00,153162.0,12.48,0
N4153,2025-09-03 21:13:00,30840.0,7.84,0
N4154,2025-09-03 21:14:00,106065.0,11.69,0
N4155,2025-09-03 21:15:00,157267.0,69.79,0
N4156,2025-09-03 21:16:00,156972.0,20.58,0
N4157,2025-09-03 21:17:00,390070.0,6.05,0
N4158,2025-09-03 21:18:00,20494.0,110.09,0
N4159,2025-09-03 21:19:00,84589.0,26.05,0
N4160,2025-09-03 21:20:00,173572.0,59.39,0
N4161,2025-09-03 21:21:00,290828.0,19.61,0
N4162,2025-09-03 21:22:00,135948.0,115.74,0
N4163,2025-09-03 21:23:00,606702.0,46.89,0
N4164,2025-09-03 21:24:00,179791.0,57.57,0
N4165,2025-09-03 21:25:00,1062121.0,23.68,0
N4166,2025-09-03 21:26:00,629364.0,7.79,0
N4167,2025-09-03 21:27:00,200430.0,16.19,0
N4168,2025-09-03 21:28:00,242118.0,62.37,0
N4169,2025-09-03 21:29:00,42162.0,18.42,0
N4170,2025-09-03 21:30:00,149370.0,339.43,0
N4171,2025-09-03 21:31:00,185011.0,22.26,0
N4172,2025-09-03 21:32:00,139675.0,5.38,0
N4173,2025-09-03 21:33:00,232999.0,13.74,0
N4174,2025-09-03 21:34:00,383554.0,47.09,0
N4175,2025-09-03 21:35:00,661737.0,4.35,0
N4176,2025-09-03 21:36:00,151599.0,2.53,0
N4177,2025-09-03 21:37:00,341345.0,30.19,0
N4178,2025-09-03 21:38:00,1603996.0,37.87,0
N4179,2025-09-03 21:39:00,174717.0,100.37,0
N4180,2025-09-03 21:40:00,219538.0,41.87,0
N4181,2025-09-03 21:41:00,260463.0,7.76,0
N4182,2025-09-03 21:42:00,1566151.0,7.22,0
N4183,2025-09-03 21:43:00,230135.0,32.7,0
N4184,2025-09-03 21:44:00,663028.0,12.0,0
N4185,2025-09-03 21:45:00,97780.0,12.35,0
N4186,2025-09-03 21:46:00,86135.0,50.01,0
N4187,2025-09-03 21:47:00,102283.0,5.08,0
N4188,2025-09-03 21:48:00,118851.0,5.65,0
N4189,2025-09-03 21:49:00,168528.0,18.49,0
N4190,2025-09-03 21:50:00,783238.0,22.03,0
N4191,2025-09-03 21:51:00,339345.0,17.34,0
N4192,2025-09-03 21:52:00,23952.0,41.22,0
N4193,2025-09-03 21:53:00,308386.0,3.38,0
N4194,2025-09-03 21:54:00,169760.0,16.86,0
N4195,2025-09-03 21:55:00,37969.0,78.53,0
N4196,2025-09-03 21:56:00,85166.0,61.15,0
N4197,2025-09-03 21:57:00,491842.0,16.52,0
N4198,2025-09-03 21:58:00,174479.0,26.83,0
N4199,2025-09-03 21:59:00,239145.0,34.35,0
N4200,2025-09-03 22:00:00,111071.0,26.07,0
N4201,2025-09-03 22:01:00,147712.0,8.72,0
N4202,2025-09-03 22:02:00,289430.0,18.45,0
N4203,2025-09-03 22:03:00,644881.0,2.12,0
N4204,2025-09-03 22:04:00,250103.0,26.94,0
N4205,2025-09-03 22:05:00,342539.0,5.92,0
N4206,2025-09-03 22:06:00,423816.0,16.2,0
N4207,2025-09-03 22:07:00,188912.0,159.64,0
N4208,2025-09-03 22:08:00,49926.0,74.73,0
N4209,2025-09-03 22:09:00,104129.0,3.16,0
N4210,2025-09-03 22:10:00,399369.0,4.23,0
N4211,2025-09-03 22:11:00,604675.0,192.88,0
N4212,2025-09-03 22:12:00,110475.0,17.53,0
N4213,2025-09-03 22:13:00,210624.0,31.02,0
N4214,2025-09-03 22:14:00,74921.0,92.31,0
N4215,2025-09-03 22:15:00,80276.0,51.82,0
N4216,2025-09-03 22:16:00,50017.0,9.84,0
N4217,2025-09-03 22:17:00,979925.0,65.34,0
N4218,2025-09-03 22:18:00,1256550.0,10.37,0
N4219,2025-09-03 22:19:00,52931.0,8.26,0
N4220,2025-09-03 22:20:00,64664.0,196.53,0
N4221,2025-09-03 22:21:00,161698.0,21.7,0
N4222,2025-09-03 22:22:00,337111.0,144.11,0
N4223,2025-09-03 22:23:00,837895.0,3.48,0
N4224,2025-09-03 22:24:00,294422.0,5.58,0
N4225,2025-09-03 22:25:00,214331.0,20.53,0
N4226,2025-09-03 22:26:00,404641.0,6.82,0
N4227,2025-09-03 22:27:00,165269.0,7.19,0
N4228,2025-09-03 22:28:00,128076.0,49.58,0
N4229,2025-09-03 22:29:00,59223.0,9.45,0
N4230,2025-09-03 22:30:00,68458.0,10.94,0
N4231,2025-09-03 22:31:00,355692.0,3.76,0
N4232,2025-09-03 22:32:00,857374.0,31.2,0
N4233,2025-09-03 22:33:00,202099.0,108.02,0
N4234,2025-09-03 22:34:00,17006.0,11.68,0
N4235,2025-09-03 22:35:00,52883.0,20.66,0
N4236,2025-09-03 22:36:00,210299.0,18.65,0
N4237,2025-09-03 22:37:00,269687.0,23.54,0
N4238,2025-09-03 22:38:00,163592.0,45.76,0
N4239,2025-09-03 22:39:00,83725.0,13.04,0
N4240,2025-09-03 22:40:00,526008.0,6.68,0
N4241,2025-09-03 22:41:00,330611.0,1.85,0
N4242,2025-09-03 22:42:00,48500.0,381.62,0
N4243,2025-09-03 22:43:00,90486.0,28.19,0
N4244,2025-09-03 22:44:00,320931.0,27.04,0
N4245,2025-09-03 22:45:00,222055.0,100.26,0
N4246,2025-09-03 22:46:00,281089.0,1.74,0
N4247,2025-09-03 22:47:00,98464.0,103.78,0
N4248,2025-09-03 22:48:00,352930.0,4.67,0
N4249,2025-09-03 22:49:00,32431.0,28.01,0
N4250,2025-09-03 22:50:00,163403.0,4.38,0
N4251,2025-09-03 22:51:00,3185597.0,13.92,0
N4252,2025-09-03 22:52:00,877603.0,34.84,0
N4253,2025-09-03 22:53:00,178164.0,83.08,0
N4254,2025-09-03 22:54:00,56380.0,17.69,0
N4255,2025-09-03 22:55:00,20179.0,2.67,0
N4256,2025-09-03 22:56:00,41548.0,16.35,0
N4257,2025-09-03 22:57:00,245866.0,9.45,0
N4258,2025-09-03 22:58:00,92483.0,18.37,0
N4259,2025-09-03 22:59:00,274129.0,24.78,0
N4260,2025-09-03 23:00:00,75127.0,8.02,0
N4261,2025-09-03 23:01:00,136311.0,2.67,0
N4262,2025-09-03 23:02:00,228419.0,15.44,0
N4263,2025-09-03 23:03:00,136643.0,107.55,0
N4264,2025-09-03 23:04:00,48316.0,44.09,0
N4265,2025-09-03 23:05:00,317369.0,7.42,0
N4266,2025-09-03 23:06:00,188551.0,8.86,0
N4267,2025-09-03 23:07:00,214154.0,11.31,0
N4268,2025-09-03 23:08:00,96812.0,9.26,0
N4269,2025-09-03 23:09:00,161737.0,12.95,0
N4270,2025-09-03 23:10:00,25752.0,41.84,0
N4271,2025-09-03 23:11:00,258872.0,3.11,0
N4272,2025-09-03 23:12:00,51237.0,19.37,0
N4273,2025-09-03 23:13:00,144720.0,73.7,0
N4274,2025-09-03 23:14:00,15213.0,30.79,0
N4275,2025-09-03 23:15:00,203452.0,42.46,0
N4276,2025-09-03 23:16:00,82395.0,22.71,0
N4277,2025-09-03 23:17:00,230827.0,247.25,0
N4278,2025-09-03 23:18:00,226366.0,68.47,0
N4279,2025-09-03 23:19:00,68490.0,11.5,0
N4280,2025-09-03 23:20:00,225110.0,59.61,0
N4281,2025-09-03 23:21:00,291569.0,24.78,0
N4282,2025-09-03 23:22:00,90143.0,15.96,0
N4283,2025-09-03 23:23:00,264114.0,47.51,0
N4284,2025-09-03 23:24:00,95346.0,52.7,0
N4285,2025-09-03 23:25:00,38014.0,22.93,0
N4286,2025-09-03 23:26:00,83697.0,45.84,0
N4287,2025-09-03 23:27:00,37293.0,24.21,0
N4288,2025-09-03 23:28:00,35367.0,8.4,0
N4289,2025-09-03 23:29:00,50065.0,17.01,0
N4290,2025-09-03 23:30:00,85365.0,330.49,0
N4291,2025-09-03 23:31:00,58514.0,11.79,0
N4292,2025-09-03 23:32:00,38018.0,21.77,0
N4293,2025-09-03 23:33:00,300346.0,53.98,0
N4294,2025-09-03 23:34:00,144884.0,15.36,0
N4295,2025-09-03 23:35:00,138216.0,28.85,0
N4296,2025-09-03 23:36:00,68550.0,53.11,0
N4297,2025-09-03 23:37:00,526341.0,27.71,0
N4298,2025-09-03 23:38:00,406650.0,13.21,0
N4299,2025-09-03 23:39:00,125526.0,7.29,0
N4300,2025-09-03 23:40:00,63435.0,23.96,0
N4301,2025-09-03 23:41:00,73199.0,11.72,0
N4302,2025-09-03 23:42:00,295503.0,10.0,0
N4303,2025-09-03 23:43:00,425791.0,30.98,0
N4304,2025-09-03 23:44:00,300110.0,158.52,0
N4305,2025-09-03 23:45:00,178810.0,10.38,0
N4306,2025-09-03 23:46:00,180763.0,4.31,0
N4307,2025-09-03 23:47:00,111330.0,12.89,0
N4308,2025-09-03 23:48:00,564159.0,9.23,0
N4309,2025-09-03 23:49:00,129616.0,23.9,0
N4310,2025-09-03 23:50:00,282959.0,5.28,0
N4311,2025-09-03 23:51:00,867779.0,16.78,0
N4312,2025-09-03 23:52:00,826742.0,74.69,0
N4313,2025-09-03 23:53:00,261319.0,4.77,0
N4314,2025-09-03 23:54:00,1076059.0,56.39,0
N4315,2025-09-03 23:55:00,47986.0,15.23,0
N4316,2025-09-03 23:56:00,437475.0,63.81,0
N4317,2025-09-03 23:57:00,247789.0,79.57,0
N4318,2025-09-03 23:58:00,347489.0,7.77,0
N4319,2025-09-03 23:59:00,53007.0,5.77,0
N4320,2025-09-04 00:00:00,7201.0,6.54,0
N4321,2025-09-04 00:01:00,1136412.0,27.17,0
N4322,2025-09-04 00:02:00,548625.0,7.2,0
N4323,2025-09-04 00:03:00,161076.0,38.0,0
N4324,2025-09-04 00:04:00,1171351.0,37.38,0
N4325,2025-09-04 00:05:00,27307.0,179.48,0
N4326,2025-09-04 00:06:00,168549.0,103.0,0
N4327,2025-09-04 00:07:00,114208.0,13.56,0
N4328,2025-09-04 00:08:00,121887.0,8.6,0
N4329,2025-09-04 00:09:00,154415.0,14.16,0
N4330,2025-09-04 00:10:00,101094.0,38.52,0
N4331,2025-09-04 00:11:00,125690.0,7.56,0
N4332,2025-09-04 00:12:00,142305.0,2.68,0
N4333,2025-09-04 00:13:00,181756.0,66.69,0
N4334,2025-09-04 00:14:00,415024.0,12.61,0
N4335,2025-09-04 00:15:00,27813.0,40.87,0
N4336,2025-09-04 00:16:00,242741.0,27.71,0
N4337,2025-09-04 00:17:00,189227.0,57.89,0
N4338,2025-09-04 00:18:00,126317.0,18.9,0
N4339,2025-09-04 00:19:00,71239.0,7.43,0
N4340,2025-09-04 00:20:00,427006.0,6.64,0
N4341,2025-09-04 00:21:00,166972.0,28.26,0
N4342,2025-09-04 00:22:00,213609.0,36.07,0
N4343,2025-09-04 00:23:00,3364036.0,7.49,0
N4344,2025-09-04 00:24:00,163749.0,13.49,0
N4345,2025-09-04 00:25:00,252040.0,42.74,0
N4346,2025-09-04 00:26:00,190743.0,22.76,0
N4347,2025-09-04 00:27:00,123942.0,87.78,0
N4348,2025-09-04 00:28:00,344792.0,18.88,0
N4349,2025-09-04 00:29:00,223167.0,65.2,0
N4350,2025-09-04 00:30:00,584038.0,6.54,0
N4351,2025-09-04 00:31:00,81696.0,37.76,0
N4352,2025-09-04 00:32:00,276204.0,71.28,0
N4353,2025-09-04 00:33:00,111162.0,19.35,0
N4354,2025-09-04 00:34:00,135251.0,26.9,0
N4355,2025-09-04 00:35:00,293135.0,35.59,0
N4356,2025-09-04 00:36:00,39634.0,28.76,0
N4357,2025-09-04 00:37:00,917806.0,31.6,0
N4358,2025-09-04 00:38:00,175079.0,5.25,0
N4359,2025-09-04 00:39:00,296947.0,1.86,0
N4360,2025-09-04 00:40:00,81176.0,33.89,0
N4361,2025-09-04 00:41:00,43821.0,93.48,0
N4362,2025-09-04 00:42:00,150300.0,23.11,0
N4363,2025-09-04 00:43:00,69453.0,54.19,0
N4364,2025-09-04 00:44:00,8914.0,17.44,0
N4365,2025-09-04 00:45:00,190756.0,41.03,0
N4366,2025-09-04 00:46:00,80200.0,27.36,0
N4367,2025-09-04 00:47:00,342426.0,26.58,0
N4368,2025-09-04 00:48:00,124862.0,6.52,0
N4369,2025-09-04 00:49:00,122818.0,2.25,0
N4370,2025-09-04 00:50:00,38324.0,67.8,0
N4371,2025-09-04 00:51:00,72416.0,56.59,0
N4372,2025-09-04 00:52:00,11966.0,125.85,0
N4373,2025-09-04 00:53:00,91435.0,5.61,0
N4374,2025-09-04 00:54:00,57006.0,65.3,0
N4375,2025-09-04 00:55:00,212276.0,12.58,0
N4376,2025-09-04 00:56:00,42629.0,56.38,0
N4377,2025-09-04 00:57:00,271853.0,324.05,0
N4378,2025-09-04 00:58:00,1747146.0,43.69,0
N4379,2025-09-04 00:59:00,33410.0,3.96,0
N4380,2025-09-04 01:00:00,888601.0,4.65,0
N4381,2025-09-04 01:01:00,283698.0,46.22,0
N4382,2025-09-04 01:02:00,353805.0,41.81,0
N4383,2025-09-04 01:03:00,885939.0,2.95,0
N4384,2025-09-04 01:04:00,79852.0,26.28,0
N4385,2025-09-04 01:05:00,88667.0,28.73,0
N4386,2025-09-04 01:06:00,43535.0,194.74,0
N4387,2025-09-04 01:07:00,154346.0,6.24,0
N4388,2025-09-04 01:08:00,197025.0,5.19,0
N4389,2025-09-04 01:09:00,121758.0,25.79,0
N4390,2025-09-04 01:10:00,399357.0,12.22,0
N4391,2025-09-04 01:11:00,312412.0,25.53,0
N4392,2025-09-04 01:12:00,531262.0,2.83,0
N4393,2025-09-04 01:13:00,400023.0,89.44,0
N4394,2025-09-04 01:14:00,99893.0,17.82,0
N4395,2025-09-04 01:15:00,65739.0,6.48,0
N4396,2025-09-04 01:16:00,123710.0,25.96,0
N4397,2025-09-04 01:17:00,250372.0,1.96,0
N4398,2025-09-04 01:18:00,206225.0,13.05,0
N4399,2025-09-04 01:19:00,125825.0,122.24,0
N4400,2025-09-04 01:20:00,622142.0,48.3,0
N4401,2025-09-04 01:21:00,338508.0,8.63,0
N4402,2025-09-04 01:22:00,1536008.0,80.92,0
N4403,2025-09-04 01:23:00,372196.0,39.78,0
N4404,2025-09-04 01:24:00,169386.0,13.2,0
N4405,2025-09-04 01:25:00,124971.0,7.3,0
N4406,2025-09-04 01:26:00,122302.0,21.03,0
N4407,2025-09-04 01:27:00,775914.0,27.75,0
N4408,2025-09-04 01:28:00,118979.0,4.53,0
N4409,2025-09-04 01:29:00,194150.0,3.4,0
N4410,2025-09-04 01:30:00,219725.0,498.13,0
N4411,2025-09-04 01:31:00,48529.0,1.8,0
N4412,2025-09-04 01:32:00,106901.0,13.75,0
N4413,2025-09-04 01:33:00,237512.0,9.08,0
N4414,2025-09-04 01:34:00,280086.0,28.66,0
N4415,2025-09-04 01:35:00,76005.0,1.27,0
N4416,2025-09-04 01:36:00,136967.0,50.47,0
N4417,2025-09-04 01:37:00,140799.0,108.52,0
N4418,2025-09-04 01:38:00,36907.0,335.29,0
N4419,2025-09-04 01:39:00,267019.0,9.59,0
N4420,2025-09-04 01:40:00,48442.0,26.42,0
N4421,2025-09-04 01:41:00,225314.0,36.59,0
N4422,2025-09-04 01:42:00,324896.0,39.98,0
N4423,2025-09-04 01:43:00,148302.0,3.63,0
N4424,2025-09-04 01:44:00,305904.0,10.55,0
N4425,2025-09-04 01:45:00,170582.0,67.04,0
N4426,2025-09-04 01:46:00,129677.0,109.34,0
N4427,2025-09-04 01:47:00,331160.0,14.69,0
N4428,2025-09-04 01:48:00,26736.0,24.0,0
N4429,2025-09-04 01:49:00,85333.0,2.57,0
N4430,2025-09-04 01:50:00,115465.0,2.44,0
N4431,2025-09-04 01:51:00,278757.0,19.17,0
N4432,2025-09-04 01:52:00,114967.0,108.02,0
N4433,2025-09-04 01:53:00,53164.0,37.56,0
N4434,2025-09-04 01:54:00,635554.0,10.83,0
N4435,2025-09-04 01:55:00,204838.0,40.02,0
N4436,2025-09-04 01:56:00,109377.0,5.76,0
N4437,2025-09-04 01:57:00,184704.0,30.85,0
N4438,2025-09-04 01:58:00,118987.0,15.69,0
N4439,2025-09-04 01:59:00,58694.0,47.21,0
N4440,2025-09-04 02:00:00,51426.0,25.16,0
N4441,2025-09-04 02:01:00,348693.0,22.86,0
N4442,2025-09-04 02:02:00,1095021.0,54.44,0
N4443,2025-09-04 02:03:00,308624.0,17.6,0
N4444,2025-09-04 02:04:00,81680.0,32.45,0
N4445,2025-09-04 02:05:00,221663.0,12.93,0
N4446,2025-09-04 02:06:00,185671.0,93.2,0
N4447,2025-09-04 02:07:00,10495.0,94.65,0
N4448,2025-09-04 02:08:00,251936.0,124.12,0
N4449,2025-09-04 02:09:00,490702.0,13.36,0
N4450,2025-09-04 02:10:00,930387.0,17.2,0
N4451,2025-09-04 02:11:00,525296.0,43.42,0
N4452,2025-09-04 02:12:00,152051.0,17.85,0
N4453,2025-09-04 02:13:00,202298.0,4.95,0
N4454,2025-09-04 02:14:00,259465.0,6.74,0
N4455,2025-09-04 02:15:00,433047.0,34.74,0
N4456,2025-09-04 02:16:00,209624.0,38.86,0
N4457,2025-09-04 02:17:00,169175.0,31.66,0
N4458,2025-09-04 02:18:00,1480730.0,29.62,0
N4459,2025-09-04 02:19:00,159268.0,33.18,0
N4460,2025-09-04 02:20:00,374563.0,52.11,0
N4461,2025-09-04 02:21:00,305214.0,24.81,0
N4462,2025-09-04 02:22:00,77483.0,2.77,0
N4463,2025-09-04 02:23:00,407686.0,34.03,0
N4464,2025-09-04 02:24:00,37657.0,8.34,0
N4465,2025-09-04 02:25:00,44663.0,16.74,0
N4466,2025-09-04 02:26:00,80916.0,5.86,0
N4467,2025-09-04 02:27:00,250832.0,12.35,0
N4468,2025-09-04 02:28:00,346583.0,258.39,0
N4469,2025-09-04 02:29:00,187072.0,1.02,0
N4470,2025-09-04 02:30:00,96971.0,2.95,0
N4471,2025-09-04 02:31:00,138890.0,7.43,0
N4472,2025-09-04 02:32:00,69354.0,19.26,0
N4473,2025-09-04 02:33:00,93887.0,7.12,0
N4474,2025-09-04 02:34:00,93290.0,18.9,0
N4475,2025-09-04 02:35:00,63284.0,15.15,0
N4476,2025-09-04 02:36:00,208544.0,53.39,0
N4477,2025-09-04 02:37:00,71720.0,0.91,0
N4478,2025-09-04 02:38:00,138818.0,9.85,0
N4479,2025-09-04 02:39:00,684222.0,13.86,0
N4480,2025-09-04 02:40:00,249644.0,208.51,0
N4481,2025-09-04 02:41:00,110762.0,41.43,0
N4482,2025-09-04 02:42:00,194654.0,118.4,0
N4483,2025-09-04 02:43:00,163171.0,85.31,0
N4484,2025-09-04 02:44:00,81209.0,17.37,0
N4485,2025-09-04 02:45:00,44290.0,2.62,0
N4486,2025-09-04 02:46:00,134117.0,31.89,0
N4487,2025-09-04 02:47:00,137026.0,27.42,0
N4488,2025-09-04 02:48:00,828438.0,35.3,0
N4489,2025-09-04 02:49:00,45955.0,12.43,0
N4490,2025-09-04 02:50:00,233101.0,24.27,0
N4491,2025-09-04 02:51:00,12828.0,13.53,0
N4492,2025-09-04 02:52:00,54742.0,45.87,0
N4493,2025-09-04 02:53:00,258551.0,31.65,0
N4494,2025-09-04 02:54:00,255489.0,22.16,0
N4495,2025-09-04 02:55:00,108128.0,13.97,0
N4496,2025-09-04 02:56:00,69059.0,33.29,0
N4497,2025-09-04 02:57:00,347557.0,66.95,0
N4498,2025-09-04 02:58:00,116672.0,1.23,0
N4499,2025-09-04 02:59:00,708435.0,21.62,0
N4500,2025-09-04 03:00:00,497995.0,11.4,0
N4501,2025-09-04 03:01:00,63138.0,15.85,0
N4502,2025-09-04 03:02:00,513519.0,19.29,0
N4503,2025-09-04 03:03:00,68025.0,17.64,0
N4504,2025-09-04 03:04:00,213355.0,16.28,0
N4505,2025-09-04 03:05:00,271047.0,86.23,0
N4506,2025-09-04 03:06:00,192997.0,22.94,0
N4507,2025-09-04 03:07:00,159898.0,7.44,0
N4508,2025-09-04 03:08:00,103668.0,7.65,0
N4509,2025-09-04 03:09:00,45210.0,5.09,0
N4510,2025-09-04 03:10:00,778246.0,8.93,0
N4511,2025-09-04 03:11:00,328631.0,22.38,0
N4512,2025-09-04 03:12:00,139546.0,16.63,0
N4513,2025-09-04 03:13:00,428748.0,29.95,0
N4514,2025-09-04 03:14:00,12006.0,46.12,0
N4515,2025-09-04 03:15:00,1499083.0,36.71,0
N4516,2025-09-04 03:16:00,30922.0,106.19,0
N4517,2025-09-04 03:17:00,359911.0,68.15,0
N4518,2025-09-04 03:18:00,63548.0,50.26,0
N4519,2025-09-04 03:19:00,112455.0,70.06,0
N4520,2025-09-04 03:20:00,82081.0,5.82,0
N4521,2025-09-04 03:21:00,65793.0,5.45,0
N4522,2025-09-04 03:22:00,51541.0,1.41,0
N4523,2025-09-04 03:23:00,166709.0,58.2,0
N4524,2025-09-04 03:24:00,160581.0,14.33,0
N4525,2025-09-04 03:25:00,61739.0,8.05,0
N4526,2025-09-04 03:26:00,15612.0,32.63,0
N4527,2025-09-04 03:27:00,546747.0,58.63,0
N4528,2025-09-04 03:28:00,71328.0,26.06,0
N4529,2025-09-04 03:29:00,28750.0,52.73,0
N4530,2025-09-04 03:30:00,708080.0,24.16,0
N4531,2025-09-04 03:31:00,459852.0,12.57,0
N4532,2025-09-04 03:32:00,755771.0,48.29,0
N4533,2025-09-04 03:33:00,105443.0,2.38,0
N4534,2025-09-04 03:34:00,104391.0,27.85,0
N4535,2025-09-04 03:35:00,577950.0,30.69,0
N4536,2025-09-04 03:36:00,106250.0,32.32,0
N4537,2025-09-04 03:37:00,98921.0,9.48,0
N4538,2025-09-04 03:38:00,207212.0,14.33,0
N4539,2025-09-04 03:39:00,213377.0,61.94,0
N4540,2025-09-04 03:40:00,50231.0,92.6,0
N4541,2025-09-04 03:41:00,41356.0,133.31,0
N4542,2025-09-04 03:42:00,145689.0,194.76,0
N4543,2025-09-04 03:43:00,140052.0,16.42,0
N4544,2025-09-04 03:44:00,118490.0,58.84,0
N4545,2025-09-04 03:45:00,325741.0,9.78,0
N4546,2025-09-04 03:46:00,428028.0,10.43,0
N4547,2025-09-04 03:47:00,209664.0,12.15,0
N4548,2025-09-04 03:48:00,555483.0,4.66,0
N4549,2025-09-04 03:49:00,68354.0,20.42,0
N4550,2025-09-04 03:50:00,1002782.0,24.25,0
N4551,2025-09-04 03:51:00,301614.0,16.95,0
N4552,2025-09-04 03:52:00,152385.0,25.95,0
N4553,2025-09-04 03:53:00,109485.0,54.59,0
N4554,2025-09-04 03:54:00,205684.0,6.03,0
N4555,2025-09-04 03:55:00,251353.0,33.12,0
N4556,2025-09-04 03:56:00,72253.0,6.39,0
N4557,2025-09-04 03:57:00,95882.0,42.1,0
N4558,2025-09-04 03:58:00,706730.0,0.97,0
N4559,2025-09-04 03:59:00,65544.0,9.52,0
N4560,2025-09-04 04:00:00,26278.0,37.4,0
N4561,2025-09-04 04:01:00,102707.0,5.02,0
N4562,2025-09-04 04:02:00,184955.0,8.27,0
N4563,2025-09-04 04:03:00,1263399.0,5.45,0
N4564,2025-09-04 04:04:00,66364.0,2.95,0
N4565,2025-09-04 04:05:00,19999.0,15.62,0
N4566,2025-09-04 04:06:00,81511.0,146.89,0
N4567,2025-09-04 04:07:00,113678.0,12.61,0
N4568,2025-09-04 04:08:00,51436.0,15.84,0
N4569,2025-09-04 04:09:00,191769.0,16.35,0
N4570,2025-09-04 04:10:00,154321.0,4.6,0
N4571,2025-09-04 04:11:00,233465.0,175.35,0
N4572,2025-09-04 04:12:00,262147.0,30.87,0
N4573,2025-09-04 04:13:00,37748.0,51.37,0
N4574,2025-09-04 04:14:00,165928.0,14.08,0
N4575,2025-09-04 04:15:00,47986.0,30.46,0
N4576,2025-09-04 04:16:00,359137.0,41.29,0
N4577,2025-09-04 04:17:00,588300.0,190.58,0
N4578,2025-09-04 04:18:00,95048.0,4.51,0
N4579,2025-09-04 04:19:00,48586.0,12.24,0
N4580,2025-09-04 04:20:00,344453.0,69.64,0
N4581,2025-09-04 04:21:00,150779.0,183.99,0
N4582,2025-09-04 04:22:00,319048.0,16.47,0
N4583,2025-09-04 04:23:00,36879.0,14.43,0
N4584,2025-09-04 04:24:00,236969.0,14.94,0
N4585,2025-09-04 04:25:00,155878.0,36.02,0
N4586,2025-09-04 04:26:00,155719.0,18.72,0
N4587,2025-09-04 04:27:00,128420.0,17.03,0
N4588,2025-09-04 04:28:00,140587.0,64.58,0
N4589,2025-09-04 04:29:00,18808.0,351.09,0
N4590,2025-09-04 04:30:00,37090.0,5.75,0
N4591,2025-09-04 04:31:00,180875.0,45.81,0
N4592,2025-09-04 04:32:00,301524.0,17.18,0
N4593,2025-09-04 04:33:00,125703.0,4.55,0
N4594,2025-09-04 04:34:00,64322.0,4.62,0
N4595,2025-09-04 04:35:00,243412.0,2.43,0
N4596,2025-09-04 04:36:00,413144.0,22.27,0
N4597,2025-09-04 04:37:00,495651.0,3.71,0
N4598,2025-09-04 04:38:00,777425.0,21.15,0
N4599,2025-09-04 04:39:00,48326.0,78.79,0
N4600,2025-09-04 04:40:00,128733.0,21.4,0
N4601,2025-09-04 04:41:00,118738.0,2.68,0
N4602,2025-09-04 04:42:00,196679.0,17.65,0
N4603,2025-09-04 04:43:00,17807.0,45.34,0
N4604,2025-09-04 04:44:00,96357.0,14.7,0
N4605,2025-09-04 04:45:00,213460.0,40.39,0
N4606,2025-09-04 04:46:00,526601.0,14.15,0
N4607,2025-09-04 04:47:00,119019.0,109.68,0
N4608,2025-09-04 04:48:00,35732.0,2.91,0
N4609,2025-09-04 04:49:00,479901.0,92.79,0
N4610,2025-09-04 04:50:00,19488.0,59.12,0
N4611,2025-09-04 04:51:00,511590.0,15.56,0
N4612,2025-09-04 04:52:00,493221.0,41.01,0
N4613,2025-09-04 04:53:00,354300.0,120.56,0
N4614,2025-09-04 04:54:00,253807.0,4.44,0
N4615,2025-09-04 04:55:00,612051.0,18.2,0
N4616,2025-09-04 04:56:00,212780.0,29.75,0
N4617,2025-09-04 04:57:00,141874.0,8.6,0
N4618,2025-09-04 04:58:00,730328.0,2.14,0
N4619,2025-09-04 04:59:00,63003.0,7.49,0
N4620,2025-09-04 05:00:00,474582.0,7.71,0
N4621,2025-09-04 05:01:00,34797.0,36.93,0
N4622,2025-09-04 05:02:00,135188.0,56.16,0
N4623,2025-09-04 05:03:00,48872.0,275.81,0
N4624,2025-09-04 05:04:00,120810.0,13.35,0
N4625,2025-09-04 05:05:00,179479.0,11.42,0
N4626,2025-09-04 05:06:00,125445.0,37.39,0
N4627,2025-09-04 05:07:00,316602.0,36.55,0
N4628,2025-09-04 05:08:00,74951.0,16.18,0
N4629,2025-09-04 05:09:00,130784.0,30.77,0
N4630,2025-09-04 05:10:00,97229.0,33.16,0
N4631,2025-09-04 05:11:00,517002.0,182.18,0
N4632,2025-09-04 05:12:00,419017.0,2.2,0
N4633,2025-09-04 05:13:00,59518.0,9.21,0
N4634,2025-09-04 05:14:00,269116.0,16.14,0
N4635,2025-09-04 05:15:00,143516.0,22.62,0
N4636,2025-09-04 05:16:00,118041.0,0.92,0
N4637,2025-09-04 05:17:00,132842.0,3.23,0
N4638,2025-09-04 05:18:00,259489.0,6.01,0
N4639,2025-09-04 05:19:00,406068.0,29.83,0
N4640,2025-09-04 05:20:00,285336.0,18.01,0
N4641,2025-09-04 05:21:00,106611.0,1.52,0
N4642,2025-09-04 05:22:00,106773.0,41.42,0
N4643,2025-09-04 05:23:00,287213.0,87.94,0
N4644,2025-09-04 05:24:00,105782.0,36.17,0
N4645,2025-09-04 05:25:00,189129.0,99.32,0
N4646,2025-09-04 05:26:00,25320.0,18.05,0
N4647,2025-09-04 05:27:00,55029.0,20.31,0
N4648,2025-09-04 05:28:00,309050.0,2.45,0
N4649,2025-09-04 05:29:00,125077.0,362.64,0
N4650,2025-09-04 05:30:00,55159.0,98.62,0
N4651,2025-09-04 05:31:00,276944.0,32.17,0
N4652,2025-09-04 05:32:00,174469.0,2.91,0
N4653,2025-09-04 05:33:00,682938.0,5.92,0
N4654,2025-09-04 05:34:00,196518.0,84.25,0
N4655,2025-09-04 05:35:00,137821.0,31.86,0
N4656,2025-09-04 05:36:00,146943.0,29.16,0
N4657,2025-09-04 05:37:00,151846.0,19.59,0
N4658,2025-09-04 05:38:00,164537.0,76.92,0
N4659,2025-09-04 05:39:00,200267.0,21.28,0
N4660,2025-09-04 05:40:00,236407.0,46.05,0
N4661,2025-09-04 05:41:00,89676.0,26.28,0
N4662,2025-09-04 05:42:00,241083.0,3.71,0
N4663,2025-09-04 05:43:00,295113.0,25.69,0
N4664,2025-09-04 05:44:00,44008.0,8.22,0
N4665,2025-09-04 05:45:00,918038.0,52.35,0
N4666,2025-09-04 05:46:00,1104833.0,157.19,0
N4667,2025-09-04 05:47:00,203864.0,32.58,0
N4668,2025-09-04 05:48:00,206041.0,57.17,0
N4669,2025-09-04 05:49:00,32717.0,6.97,0
N4670,2025-09-04 05:50:00,358599.0,37.99,0
N4671,2025-09-04 05:51:00,167988.0,22.96,0
N4672,2025-09-04 05:52:00,411538.0,8.32,0
N4673,2025-09-04 05:53:00,332510.0,4.94,0
N4674,2025-09-04 05:54:00,1538813.0,197.31,0
N4675,2025-09-04 05:55:00,170097.0,28.07,0
N4676,2025-09-04 05:56:00,94708.0,21.78,0
N4677,2025-09-04 05:57:00,376895.0,33.55,0
N4678,2025-09-04 05:58:00,107942.0,60.92,0
N4679,2025-09-04 05:59:00,92248.0,8.13,0
N4680,2025-09-04 06:00:00,243783.0,63.72,0
N4681,2025-09-04 06:01:00,75554.0,41.35,0
N4682,2025-09-04 06:02:00,124031.0,28.93,0
N4683,2025-09-04 06:03:00,422850.0,7.06,0
N4684,2025-09-04 06:04:00,107135.0,29.32,0
N4685,2025-09-04 06:05:00,400618.0,53.8,0
N4686,2025-09-04 06:06:00,98405.0,5.08,0
N4687,2025-09-04 06:07:00,53927.0,5.36,0
N4688,2025-09-04 06:08:00,261309.0,22.44,0
N4689,2025-09-04 06:09:00,258226.0,8.21,0
N4690,2025-09-04 06:10:00,85366.0,107.5,0
N4691,2025-09-04 06:11:00,606591.0,10.16,0
N4692,2025-09-04 06:12:00,171158.0,11.07,0
N4693,2025-09-04 06:13:00,25440.0,20.86,0
N4694,2025-09-04 06:14:00,177308.0,43.08,0
N4695,2025-09-04 06:15:00,177182.0,8.82,0
N4696,2025-09-04 06:16:00,94244.0,53.21,0
N4697,2025-09-04 06:17:00,43729.0,29.09,0
N4698,2025-09-04 06:18:00,138436.0,2.62,0
N4699,2025-09-04 06:19:00,139919.0,35.7,0
N4700,2025-09-04 06:20:00,472406.0,171.41,0
N4701,2025-09-04 06:21:00,170944.0,26.61,0
N4702,2025-09-04 06:22:00,82560.0,132.19,0
N4703,2025-09-04 06:23:00,125892.0,9.31,0
N4704,2025-09-04 06:24:00,34436.0,18.77,0
N4705,2025-09-04 06:25:00,1026189.0,19.91,0
N4706,2025-09-04 06:26:00,279462.0,156.36,0
N4707,2025-09-04 06:27:00,698024.0,30.34,0
N4708,2025-09-04 06:28:00,142704.0,594.61,0
N4709,2025-09-04 06:29:00,175022.0,13.32,0
N4710,2025-09-04 06:30:00,192351.0,3.52,0
N4711,2025-09-04 06:31:00,108316.0,138.1,0
N4712,2025-09-04 06:32:00,243718.0,213.69,0
N4713,2025-09-04 06:33:00,690399.0,3.05,0
N4714,2025-09-04 06:34:00,17349.0,60.77,0
N4715,2025-09-04 06:35:00,264794.0,15.09,0
N4716,2025-09-04 06:36:00,566852.0,195.0,0
N4717,2025-09-04 06:37:00,422778.0,10.74,0
N4718,2025-09-04 06:38:00,112382.0,68.41,0
N4719,2025-09-04 06:39:00,466570.0,26.19,0
N4720,2025-09-04 06:40:00,118159.0,4.17,0
N4721,2025-09-04 06:41:00,95355.0,110.69,0
N4722,2025-09-04 06:42:00,155066.0,4.86,0
N4723,2025-09-04 06:43:00,35640.0,8.8,0
N4724,2025-09-04 06:44:00,55010.0,25.41,0
N4725,2025-09-04 06:45:00,1084587.0,3.93,0
N4726,2025-09-04 06:46:00,494088.0,6.79,0
N4727,2025-09-04 06:47:00,205787.0,3.26,0
N4728,2025-09-04 06:48:00,24579.0,25.54,0
N4729,2025-09-04 06:49:00,372195.0,8.91,0
N4730,2025-09-04 06:50:00,17363.0,6.28,0
N4731,2025-09-04 06:51:00,360389.0,56.65,0
N4732,2025-09-04 06:52:00,110851.0,3.27,0
N4733,2025-09-04 06:53:00,73827.0,23.18,0
N4734,2025-09-04 06:54:00,321023.0,1.4,0
N4735,2025-09-04 06:55:00,88831.0,31.8,0
N4736,2025-09-04 06:56:00,135090.0,4.08,0
N4737,2025-09-04 06:57:00,275716.0,16.1,0
N4738,2025-09-04 06:58:00,66220.0,13.07,0
N4739,2025-09-04 06:59:00,414465.0,14.78,0
N4740,2025-09-04 07:00:00,506596.0,14.99,0
N4741,2025-09-04 07:01:00,147417.0,95.89,0
N4742,2025-09-04 07:02:00,51001.0,56.54,0
N4743,2025-09-04 07:03:00,30294.0,67.36,0
N4744,2025-09-04 07:04:00,24628.0,2.81,0
N4745,2025-09-04 07:05:00,424438.0,16.23,0
N4746,2025-09-04 07:06:00,193913.0,75.46,0
N4747,2025-09-04 07:07:00,123911.0,6.58,0
N4748,2025-09-04 07:08:00,259165.0,23.51,0
N4749,2025-09-04 07:09:00,220847.0,14.53,0
N4750,2025-09-04 07:10:00,206218.0,77.41,0
N4751,2025-09-04 07:11:00,49214.0,198.44,0
N4752,2025-09-04 07:12:00,105882.0,9.29,0
N4753,2025-09-04 07:13:00,92195.0,12.53,0
N4754,2025-09-04 07:14:00,208688.0,20.57,0
N4755,2025-09-04 07:15:00,241065.0,20.61,0
N4756,2025-09-04 07:16:00,151240.0,29.72,0
N4757,2025-09-04 07:17:00,34178.0,46.89,0
N4758,2025-09-04 07:18:00,369876.0,6.46,0
N4759,2025-09-04 07:19:00,77431.0,16.51,0
N4760,2025-09-04 07:20:00,1898473.0,16.33,0
N4761,2025-09-04 07:21:00,974392.0,51.16,0
N4762,2025-09-04 07:22:00,475067.0,16.09,0
N4763,2025-09-04 07:23:00,763491.0,13.32,0
N4764,2025-09-04 07:24:00,792636.0,9.5,0
N4765,2025-09-04 07:25:00,2470426.0,6.09,0
N4766,2025-09-04 07:26:00,446659.0,16.59,0
N4767,2025-09-04 07:27:00,169914.0,16.34,0
N4768,2025-09-04 07:28:00,68704.0,3.75,0
N4769,2025-09-04 07:29:00,477513.0,49.71,0
N4770,2025-09-04 07:30:00,352134.0,26.95,0
N4771,2025-09-04 07:31:00,995758.0,4.67,0
N4772,2025-09-04 07:32:00,131435.0,30.55,0
N4773,2025-09-04 07:33:00,74041.0,9.73,0
N4774,2025-09-04 07:34:00,47926.0,36.48,0
N4775,2025-09-04 07:35:00,13315.0,7.77,0
N4776,2025-09-04 07:36:00,75823.0,21.68,0
N4777,2025-09-04 07:37:00,190241.0,197.69,0
N4778,2025-09-04 07:38:00,110290.0,51.55,0
N4779,2025-09-04 07:39:00,211200.0,91.29,0
N4780,2025-09-04 07:40:00,385468.0,62.49,0
N4781,2025-09-04 07:41:00,212982.0,15.17,0
N4782,2025-09-04 07:42:00,74151.0,4.03,0
N4783,2025-09-04 07:43:00,535241.0,3.6,0
N4784,2025-09-04 07:44:00,179322.0,21.26,0
N4785,2025-09-04 07:45:00,78936.0,15.76,0
N4786,2025-09-04 07:46:00,83664.0,18.6,0
N4787,2025-09-04 07:47:00,492690.0,24.15,0
N4788,2025-09-04 07:48:00,55906.0,24.09,0
N4789,2025-09-04 07:49:00,1452053.0,43.44,0
N4790,2025-09-04 07:50:00,28726.0,2.05,0
N4791,2025-09-04 07:51:00,281051.0,12.45,0
N4792,2025-09-04 07:52:00,557576.0,39.51,0
N4793,2025-09-04 07:53:00,157383.0,13.29,0
N4794,2025-09-04 07:54:00,106185.0,20.09,0
N4795,2025-09-04 07:55:00,165567.0,1.97,0
N4796,2025-09-04 07:56:00,356366.0,92.34,0
N4797,2025-09-04 07:57:00,126146.0,9.41,0
N4798,2025-09-04 07:58:00,177511.0,70.71,0
N4799,2025-09-04 07:59:00,117107.0,11.63,0
N4800,2025-09-04 08:00:00,34642.0,13.6,0
N4801,2025-09-04 08:01:00,118099.0,10.89,0
N4802,2025-09-04 08:02:00,102982.0,11.41,0
N4803,2025-09-04 08:03:00,805776.0,61.68,0
N4804,2025-09-04 08:04:00,410952.0,21.74,0
N4805,2025-09-04 08:05:00,749268.0,10.94,0
N4806,2025-09-04 08:06:00,221769.0,51.26,0
N4807,2025-09-04 08:07:00,523765.0,27.19,0
N4808,2025-09-04 08:08:00,62693.0,11.37,0
N4809,2025-09-04 08:09:00,280274.0,2.38,0
N4810,2025-09-04 08:10:00,141480.0,1.9,0
N4811,2025-09-04 08:11:00,308277.0,6.36,0
N4812,2025-09-04 08:12:00,257772.0,31.72,0
N4813,2025-09-04 08:13:00,41461.0,17.77,0
N4814,2025-09-04 08:14:00,624735.0,130.48,0
N4815,2025-09-04 08:15:00,184906.0,17.16,0
N4816,2025-09-04 08:16:00,1871313.0,36.37,0
N4817,2025-09-04 08:17:00,698331.0,169.56,0
N4818,2025-09-04 08:18:00,89841.0,12.13,0
N4819,2025-09-04 08:19:00,116295.0,7.81,0
N4820,2025-09-04 08:20:00,175682.0,29.57,0
N4821,2025-09-04 08:21:00,924346.0,4.13,0
N4822,2025-09-04 08:22:00,323758.0,19.4,0
N4823,2025-09-04 08:23:00,62273.0,37.9,0
N4824,2025-09-04 08:24:00,31574.0,24.71,0
N4825,2025-09-04 08:25:00,1680841.0,7.06,0
N4826,2025-09-04 08:26:00,1345591.0,9.65,0
N4827,2025-09-04 08:27:00,119434.0,26.28,0
N4828,2025-09-04 08:28:00,490053.0,6.09,0
N4829,2025-09-04 08:29:00,44052.0,265.62,0
N4830,2025-09-04 08:30:00,219030.0,7.35,0
N4831,2025-09-04 08:31:00,157890.0,8.5,0
N4832,2025-09-04 08:32:00,433173.0,13.75,0
N4833,2025-09-04 08:33:00,196439.0,268.66,0
N4834,2025-09-04 08:34:00,35607.0,67.14,0
N4835,2025-09-04 08:35:00,121635.0,97.59,0
N4836,2025-09-04 08:36:00,306333.0,21.65,0
N4837,2025-09-04 08:37:00,69955.0,31.56,0
N4838,2025-09-04 08:38:00,189228.0,89.04,0
N4839,2025-09-04 08:39:00,295545.0,17.14,0
N4840,2025-09-04 08:40:00,54570.0,8.32,0
N4841,2025-09-04 08:41:00,170714.0,4.77,0
N4842,2025-09-04 08:42:00,271962.0,16.93,0
N4843,2025-09-04 08:43:00,56677.0,70.28,0
N4844,2025-09-04 08:44:00,51746.0,4.63,0
N4845,2025-09-04 08:45:00,57536.0,63.91,0
N4846,2025-09-04 08:46:00,38663.0,21.66,0
N4847,2025-09-04 08:47:00,78199.0,21.6,0
N4848,2025-09-04 08:48:00,150210.0,21.0,0
N4849,2025-09-04 08:49:00,19520.0,1.28,0
N4850,2025-09-04 08:50:00,106212.0,4.75,0
N4851,2025-09-04 08:51:00,86529.0,11.44,0
N4852,2025-09-04 08:52:00,393670.0,7.78,0
N4853,2025-09-04 08:53:00,486690.0,5.39,0
N4854,2025-09-04 08:54:00,253449.0,14.95,0
N4855,2025-09-04 08:55:00,49188.0,13.97,0
N4856,2025-09-04 08:56:00,194286.0,3.88,0
N4857,2025-09-04 08:57:00,414566.0,20.05,0
N4858,2025-09-04 08:58:00,597615.0,11.62,0
N4859,2025-09-04 08:59:00,126042.0,25.76,0
N4860,2025-09-04 09:00:00,139143.0,81.91,0
N4861,2025-09-04 09:01:00,223336.0,1.44,0
N4862,2025-09-04 09:02:00,51618.0,33.18,0
N4863,2025-09-04 09:03:00,198662.0,21.93,0
N4864,2025-09-04 09:04:00,252573.0,7.91,0
N4865,2025-09-04 09:05:00,136302.0,184.7,0
N4866,2025-09-04 09:06:00,152751.0,7.69,0
N4867,2025-09-04 09:07:00,884136.0,18.98,0
N4868,2025-09-04 09:08:00,23403.0,26.08,0
N4869,2025-09-04 09:09:00,1856442.0,3.05,0
N4870,2025-09-04 09:10:00,517540.0,77.21,0
N4871,2025-09-04 09:11:00,214923.0,22.65,0
N4872,2025-09-04 09:12:00,452340.0,14.23,0
N4873,2025-09-04 09:13:00,146977.0,1.2,0
N4874,2025-09-04 09:14:00,78075.0,11.91,0
N4875,2025-09-04 09:15:00,257222.0,25.47,0
N4876,2025-09-04 09:16:00,417841.0,1.01,0
N4877,2025-09-04 09:17:00,164684.0,65.25,0
N4878,2025-09-04 09:18:00,229741.0,49.19,0
N4879,2025-09-04 09:19:00,80993.0,70.26,0
N4880,2025-09-04 09:20:00,79191.0,7.69,0
N4881,2025-09-04 09:21:00,188566.0,7.97,0
N4882,2025-09-04 09:22:00,49362.0,1.24,0
N4883,2025-09-04 09:23:00,1046138.0,66.98,0
N4884,2025-09-04 09:24:00,316845.0,23.56,0
N4885,2025-09-04 09:25:00,143792.0,2.3,0
N4886,2025-09-04 09:26:00,413270.0,7.15,0
N4887,2025-09-04 09:27:00,195574.0,52.25,0
N4888,2025-09-04 09:28:00,1357264.0,10.12,0
N4889,2025-09-04 09:29:00,65642.0,13.06,0
N4890,2025-09-04 09:30:00,53253.0,10.81,0
N4891,2025-09-04 09:31:00,170905.0,16.6,0
N4892,2025-09-04 09:32:00,379911.0,50.33,0
N4893,2025-09-04 09:33:00,85825.0,35.46,0
N4894,2025-09-04 09:34:00,61360.0,3.32,0
N4895,2025-09-04 09:35:00,108989.0,6.79,0
N4896,2025-09-04 09:36:00,309512.0,24.49,0
N4897,2025-09-04 09:37:00,65785.0,2.22,0
N4898,2025-09-04 09:38:00,69527.0,14.29,0
N4899,2025-09-04 09:39:00,211521.0,56.23,0
N4900,2025-09-04 09:40:00,749948.0,2.62,0
N4901,2025-09-04 09:41:00,103006.0,14.14,0
N4902,2025-09-04 09:42:00,102835.0,36.79,0
N4903,2025-09-04 09:43:00,722375.0,17.6,0
N4904,2025-09-04 09:44:00,11966.0,17.52,0
N4905,2025-09-04 09:45:00,282722.0,4.22,0
N4906,2025-09-04 09:46:00,921845.0,14.12,0
N4907,2025-09-04 09:47:00,186254.0,89.12,0
N4908,2025-09-04 09:48:00,406111.0,7.9,0
N4909,2025-09-04 09:49:00,62626.0,19.34,0
N4910,2025-09-04 09:50:00,285329.0,26.58,0
N4911,2025-09-04 09:51:00,266028.0,12.11,0
N4912,2025-09-04 09:52:00,144014.0,110.27,0
N4913,2025-09-04 09:53:00,591001.0,17.13,0
N4914,2025-09-04 09:54:00,35030.0,44.77,0
N4915,2025-09-04 09:55:00,534548.0,119.52,0
N4916,2025-09-04 09:56:00,82798.0,156.91,0
N4917,2025-09-04 09:57:00,238316.0,68.5,0
N4918,2025-09-04 09:58:00,54831.0,5.87,0
N4919,2025-09-04 09:59:00,293936.0,7.13,0
N4920,2025-09-04 10:00:00,626338.0,14.98,0
N4921,2025-09-04 10:01:00,60547.0,3.91,0
N4922,2025-09-04 10:02:00,198086.0,15.91,0
N4923,2025-09-04 10:03:00,192462.0,38.03,0
N4924,2025-09-04 10:04:00,51313.0,2.48,0
N4925,2025-09-04 10:05:00,22243.0,53.12,0
N4926,2025-09-04 10:06:00,65179.0,6.97,0
N4927,2025-09-04 10:07:00,205664.0,30.74,0
N4928,2025-09-04 10:08:00,36271.0,18.4,0
N4929,2025-09-04 10:09:00,31777.0,5.87,0
N4930,2025-09-04 10:10:00,244238.0,155.96,0
N4931,2025-09-04 10:11:00,540125.0,156.14,0
N4932,2025-09-04 10:12:00,195499.0,3.5,0
N4933,2025-09-04 10:13:00,72675.0,12.74,0
N4934,2025-09-04 10:14:00,708429.0,3.89,0
N4935,2025-09-04 10:15:00,208544.0,34.69,0
N4936,2025-09-04 10:16:00,78924.0,2.76,0
N4937,2025-09-04 10:17:00,93999.0,10.47,0
N4938,2025-09-04 10:18:00,235122.0,29.82,0
N4939,2025-09-04 10:19:00,118940.0,23.76,0
N4940,2025-09-04 10:20:00,211538.0,10.61,0
N4941,2025-09-04 10:21:00,366590.0,12.23,0
N4942,2025-09-04 10:22:00,13684.0,6.91,0
N4943,2025-09-04 10:23:00,295891.0,6.31,0
N4944,2025-09-04 10:24:00,303774.0,9.13,0
N4945,2025-09-04 10:25:00,39360.0,9.24,0
N4946,2025-09-04 10:26:00,111085.0,57.44,0
N4947,2025-09-04 10:27:00,122096.0,29.3,0
N4948,2025-09-04 10:28:00,55883.0,180.5,0
N4949,2025-09-04 10:29:00,125468.0,12.8,0
N4950,2025-09-04 10:30:00,28128.0,12.01,0
N4951,2025-09-04 10:31:00,158303.0,1.24,0
N4952,2025-09-04 10:32:00,310119.0,37.54,0
N4953,2025-09-04 10:33:00,343770.0,23.29,0
N4954,2025-09-04 10:34:00,503303.0,23.73,0
N4955,2025-09-04 10:35:00,169524.0,55.87,0
N4956,2025-09-04 10:36:00,193486.0,14.65,0
N4957,2025-09-04 10:37:00,128487.0,7.54,0
N4958,2025-09-04 10:38:00,106275.0,233.4,0
N4959,2025-09-04 10:39:00,205235.0,30.35,0
N4960,2025-09-04 10:40:00,341327.0,22.9,0
N4961,2025-09-04 10:41:00,18207.0,13.54,0
N4962,2025-09-04 10:42:00,265045.0,130.49,0
N4963,2025-09-04 10:43:00,726127.0,9.26,0
N4964,2025-09-04 10:44:00,164495.0,205.05,0
N4965,2025-09-04 10:45:00,246813.0,54.55,0
N4966,2025-09-04 10:46:00,217165.0,9.12,0
N4967,2025-09-04 10:47:00,185149.0,185.09,0
N4968,2025-09-04 10:48:00,65873.0,115.5,0
N4969,2025-09-04 10:49:00,1099786.0,26.05,0
N4970,2025-09-04 10:50:00,149370.0,20.13,0
N4971,2025-09-04 10:51:00,754446.0,15.28,0
N4972,2025-09-04 10:52:00,194768.0,21.15,0
N4973,2025-09-04 10:53:00,95243.0,6.89,0
N4974,2025-09-04 10:54:00,654397.0,69.12,0
N4975,2025-09-04 10:55:00,19770.0,99.46,0
N4976,2025-09-04 10:56:00,279083.0,91.21,0
N4977,2025-09-04 10:57:00,67044.0,5.27,0
N4978,2025-09-04 10:58:00,61104.0,80.9,0
N4979,2025-09-04 10:59:00,137030.0,55.22,0
N4980,2025-09-04 11:00:00,92420.0,132.58,0
N4981,2025-09-04 11:01:00,14896.0,61.16,0
N4982,2025-09-04 11:02:00,178173.0,4.46,0
N4983,2025-09-04 11:03:00,185385.0,5.79,0
N4984,2025-09-04 11:04:00,67173.0,2.66,0
N4985,2025-09-04 11:05:00,52510.0,9.27,0
N4986,2025-09-04 11:06:00,65670.0,20.12,0
N4987,2025-09-04 11:07:00,828650.0,20.29,0
N4988,2025-09-04 11:08:00,589971.0,102.12,0
N4989,2025-09-04 11:09:00,36043.0,11.83,0
N4990,2025-09-04 11:10:00,218191.0,8.73,0
N4991,2025-09-04 11:11:00,72246.0,37.36,0
N4992,2025-09-04 11:12:00,1094444.0,4.62,0
N4993,2025-09-04 11:13:00,147033.0,29.11,0
N4994,2025-09-04 11:14:00,358487.0,23.77,0
N4995,2025-09-04 11:15:00,44698.0,18.78,0
N4996,2025-09-04 11:16:00,18676.0,10.07,0
N4997,2025-09-04 11:17:00,299835.0,4.07,0
N4998,2025-09-04 11:18:00,165207.0,3.04,0
N4999,2025-09-04 11:19:00,599158.0,1.6,0
N5000,2025-09-04 11:20:00,74364.0,46.13,0
N5001,2025-09-04 11:21:00,95483.0,10.09,0
N5002,2025-09-04 11:22:00,116179.0,87.76,0
N5003,2025-09-04 11:23:00,323183.0,5.57,0
N5004,2025-09-04 11:24:00,30909.0,29.22,0
N5005,2025-09-04 11:25:00,124367.0,20.84,0
N5006,2025-09-04 11:26:00,250530.0,13.88,0
N5007,2025-09-04 11:27:00,142466.0,51.55,0
N5008,2025-09-04 11:28:00,318762.0,3.52,0
N5009,2025-09-04 11:29:00,77785.0,2.7,0
N5010,2025-09-04 11:30:00,53078.0,5.46,0
N5011,2025-09-04 11:31:00,824125.0,7.08,0
N5012,2025-09-04 11:32:00,302371.0,76.42,0
N5013,2025-09-04 11:33:00,164488.0,108.71,0
N5014,2025-09-04 11:34:00,167286.0,48.1,0
N5015,2025-09-04 11:35:00,86810.0,4.32,0
N5016,2025-09-04 11:36:00,505025.0,17.31,0
N5017,2025-09-04 11:37:00,57658.0,123.6,0
N5018,2025-09-04 11:38:00,39731.0,11.18,0
N5019,2025-09-04 11:39:00,29552.0,267.29,0
N5020,2025-09-04 11:40:00,60816.0,63.97,0
N5021,2025-09-04 11:41:00,75512.0,15.66,0
N5022,2025-09-04 11:42:00,666911.0,46.88,0
N5023,2025-09-04 11:43:00,129901.0,22.47,0
N5024,2025-09-04 11:44:00,8960.0,46.55,0
N5025,2025-09-04 11:45:00,473138.0,12.55,0
N5026,2025-09-04 11:46:00,182158.0,102.68,0
N5027,2025-09-04 11:47:00,276225.0,50.39,0
N5028,2025-09-04 11:48:00,310581.0,5.88,0
N5029,2025-09-04 11:49:00,310360.0,36.81,0
N5030,2025-09-04 11:50:00,450056.0,23.68,0
N5031,2025-09-04 11:51:00,99969.0,91.34,0
N5032,2025-09-04 11:52:00,1691514.0,2.55,0
N5033,2025-09-04 11:53:00,85291.0,11.95,0
N5034,2025-09-04 11:54:00,35864.0,54.7,0
N5035,2025-09-04 11:55:00,370619.0,20.13,0
N5036,2025-09-04 11:56:00,150888.0,210.21,0
N5037,2025-09-04 11:57:00,141171.0,31.11,0
N5038,2025-09-04 11:58:00,312299.0,32.42,0
N5039,2025-09-04 11:59:00,432471.0,43.79,0
N5040,2025-09-04 12:00:00,139487.0,31.59,0
N5041,2025-09-04 12:01:00,104700.0,180.59,0
N5042,2025-09-04 12:02:00,77110.0,5.7,0
N5043,2025-09-04 12:03:00,12944.0,11.03,0
N5044,2025-09-04 12:04:00,230054.0,4.67,0
N5045,2025-09-04 12:05:00,121936.0,9.85,0
N5046,2025-09-04 12:06:00,287970.0,13.7,0
N5047,2025-09-04 12:07:00,210609.0,46.63,0
N5048,2025-09-04 12:08:00,79546.0,8.04,0
N5049,2025-09-04 12:09:00,212601.0,0.91,0
N5050,2025-09-04 12:10:00,113406.0,5.26,0
N5051,2025-09-04 12:11:00,179932.0,222.68,0
N5052,2025-09-04 12:12:00,132349.0,7.87,0
N5053,2025-09-04 12:13:00,135258.0,6.52,0
N5054,2025-09-04 12:14:00,176796.0,86.36,0
N5055,2025-09-04 12:15:00,102720.0,51.21,0
N5056,2025-09-04 12:16:00,190974.0,5.95,0
N5057,2025-09-04 12:17:00,399414.0,12.75,0
N5058,2025-09-04 12:18:00,1002199.0,67.21,0
N5059,2025-09-04 12:19:00,88222.0,40.21,0
N5060,2025-09-04 12:20:00,25923.0,75.62,0
N5061,2025-09-04 12:21:00,104577.0,8.53,0
N5062,2025-09-04 12:22:00,489811.0,37.17,0
N5063,2025-09-04 12:23:00,14926.0,210.41,0
N5064,2025-09-04 12:24:00,143176.0,19.15,0
N5065,2025-09-04 12:25:00,92499.0,2.06,0
N5066,2025-09-04 12:26:00,230193.0,68.55,0
N5067,2025-09-04 12:27:00,241808.0,16.62,0
N5068,2025-09-04 12:28:00,144724.0,4.13,0
N5069,2025-09-04 12:29:00,70352.0,72.91,0
N5070,2025-09-04 12:30:00,92795.0,69.99,0
N5071,2025-09-04 12:31:00,418375.0,16.21,0
N5072,2025-09-04 12:32:00,46148.0,28.67,0
N5073,2025-09-04 12:33:00,128104.0,36.48,0
N5074,2025-09-04 12:34:00,60908.0,25.93,0
N5075,2025-09-04 12:35:00,359861.0,5.28,0
N5076,2025-09-04 12:36:00,94562.0,118.68,0
N5077,2025-09-04 12:37:00,127411.0,56.54,0
N5078,2025-09-04 12:38:00,3056235.0,21.49,0
N5079,2025-09-04 12:39:00,29024.0,57.07,0
N5080,2025-09-04 12:40:00,309402.0,8.21,0
N5081,2025-09-04 12:41:00,168606.0,7.06,0
N5082,2025-09-04 12:42:00,696764.0,17.99,0
N5083,2025-09-04 12:43:00,180544.0,74.27,0
N5084,2025-09-04 12:44:00,6533284.0,7.45,0
N5085,2025-09-04 12:45:00,116011.0,101.96,0
N5086,2025-09-04 12:46:00,191593.0,63.11,0
N5087,2025-09-04 12:47:00,139636.0,22.18,0
N5088,2025-09-04 12:48:00,101160.0,16.49,0
N5089,2025-09-04 12:49:00,134973.0,48.02,0
N5090,2025-09-04 12:50:00,102557.0,8.35,0
N5091,2025-09-04 12:51:00,4639205.0,41.64,0
N5092,2025-09-04 12:52:00,612905.0,38.83,0
N5093,2025-09-04 12:53:00,109404.0,35.39,0
N5094,2025-09-04 12:54:00,360242.0,47.26,0
N5095,2025-09-04 12:55:00,26154.0,9.07,0
N5096,2025-09-04 12:56:00,1218423.0,7.97,0
N5097,2025-09-04 12:57:00,194505.0,30.61,0
N5098,2025-09-04 12:58:00,64756.0,150.87,0
N5099,2025-09-04 12:59:00,164200.0,27.15,0
N5100,2025-09-04 13:00:00,30297.0,2.77,0
N5101,2025-09-04 13:01:00,19335.0,15.34,0
N5102,2025-09-04 13:02:00,215174.0,426.88,0
N5103,2025-09-04 13:03:00,122616.0,9.36,0
N5104,2025-09-04 13:04:00,82497.0,26.91,0
N5105,2025-09-04 13:05:00,545865.0,9.36,0
N5106,2025-09-04 13:06:00,399726.0,18.97,0
N5107,2025-09-04 13:07:00,101118.0,6.24,0
N5108,2025-09-04 13:08:00,57582.0,2.44,0
N5109,2025-09-04 13:09:00,331182.0,149.23,0
N5110,2025-09-04 13:10:00,138767.0,23.41,0
N5111,2025-09-04 13:11:00,211342.0,27.46,0
N5112,2025-09-04 13:12:00,142428.0,12.12,0
N5113,2025-09-04 13:13:00,732300.0,15.22,0
N5114,2025-09-04 13:14:00,271040.0,16.25,0
N5115,2025-09-04 13:15:00,133699.0,38.9,0
N5116,2025-09-04 13:16:00,157373.0,13.0,0
N5117,2025-09-04 13:17:00,195197.0,150.54,0
N5118,2025-09-04 13:18:00,970775.0,11.4,0
N5119,2025-09-04 13:19:00,898394.0,55.86,0
N5120,2025-09-04 13:20:00,362802.0,8.78,0
N5121,2025-09-04 13:21:00,25132.0,9.38,0
N5122,2025-09-04 13:22:00,303457.0,46.69,0
N5123,2025-09-04 13:23:00,90283.0,31.45,0
N5124,2025-09-04 13:24:00,158704.0,71.33,0
N5125,2025-09-04 13:25:00,63002.0,13.72,0
N5126,2025-09-04 13:26:00,199968.0,24.28,0
N5127,2025-09-04 13:27:00,37700.0,67.57,0
N5128,2025-09-04 13:28:00,145250.0,31.73,0
N5129,2025-09-04 13:29:00,83309.0,7.28,0
N5130,2025-09-04 13:30:00,99636.0,24.53,0
N5131,2025-09-04 13:31:00,118370.0,5.11,0
N5132,2025-09-04 13:32:00,87337.0,88.61,0
N5133,2025-09-04 13:33:00,169361.0,10.53,0
N5134,2025-09-04 13:34:00,98800.0,41.41,0
N5135,2025-09-04 13:35:00,89965.0,18.85,0
N5136,2025-09-04 13:36:00,50263.0,22.68,0
N5137,2025-09-04 13:37:00,148882.0,10.37,0
N5138,2025-09-04 13:38:00,314050.0,4.65,0
N5139,2025-09-04 13:39:00,79445.0,34.27,0
N5140,2025-09-04 13:40:00,310911.0,30.11,0
N5141,2025-09-04 13:41:00,150478.0,75.76,0
N5142,2025-09-04 13:42:00,11466.0,14.12,0
N5143,2025-09-04 13:43:00,291256.0,101.76,0
N5144,2025-09-04 13:44:00,81417.0,15.51,0
N5145,2025-09-04 13:45:00,96116.0,20.79,0
N5146,2025-09-04 13:46:00,59149.0,38.47,0
N5147,2025-09-04 13:47:00,138112.0,78.16,0
N5148,2025-09-04 13:48:00,344140.0,80.64,0
N5149,2025-09-04 13:49:00,128934.0,199.1,0
N5150,2025-09-04 13:50:00,465832.0,33.87,0
N5151,2025-09-04 13:51:00,268615.0,60.51,0
N5152,2025-09-04 13:52:00,140702.0,18.72,0
N5153,2025-09-04 13:53:00,203252.0,55.85,0
N5154,2025-09-04 13:54:00,25214.0,162.07,0
N5155,2025-09-04 13:55:00,372330.0,5.32,0
N5156,2025-09-04 13:56:00,277164.0,14.23,0
N5157,2025-09-04 13:57:00,419183.0,43.49,0
N5158,2025-09-04 13:58:00,389857.0,15.98,0
N5159,2025-09-04 13:59:00,86819.0,229.47,0
N5160,2025-09-04 14:00:00,208517.0,22.92,0
N5161,2025-09-04 14:01:00,441076.0,21.2,0
N5162,2025-09-04 14:02:00,220339.0,196.16,0
N5163,2025-09-04 14:03:00,27529.0,50.79,0
N5164,2025-09-04 14:04:00,1411726.0,12.63,0
N5165,2025-09-04 14:05:00,1108192.0,21.2,0
N5166,2025-09-04 14:06:00,457021.0,42.49,0
N5167,2025-09-04 14:07:00,717316.0,13.71,0
N5168,2025-09-04 14:08:00,485102.0,141.48,0
N5169,2025-09-04 14:09:00,242171.0,28.16,0
N5170,2025-09-04 14:10:00,330052.0,285.33,0
N5171,2025-09-04 14:11:00,639982.0,10.85,0
N5172,2025-09-04 14:12:00,329497.0,45.99,0
N5173,2025-09-04 14:13:00,150909.0,27.33,0
N5174,2025-09-04 14:14:00,367832.0,83.82,0
N5175,2025-09-04 14:15:00,408210.0,65.12,0
N5176,2025-09-04 14:16:00,116114.0,14.95,0
N5177,2025-09-04 14:17:00,62103.0,13.66,0
N5178,2025-09-04 14:18:00,74400.0,15.51,0
N5179,2025-09-04 14:19:00,32681.0,42.24,0
N5180,2025-09-04 14:20:00,167011.0,8.27,0
N5181,2025-09-04 14:21:00,33669.0,22.8,0
N5182,2025-09-04 14:22:00,72060.0,6.56,0
N5183,2025-09-04 14:23:00,69309.0,33.84,0
N5184,2025-09-04 14:24:00,957846.0,19.27,0
N5185,2025-09-04 14:25:00,42710.0,11.8,0
N5186,2025-09-04 14:26:00,135981.0,3.63,0
N5187,2025-09-04 14:27:00,100629.0,10.58,0
N5188,2025-09-04 14:28:00,70926.0,24.91,0
N5189,2025-09-04 14:29:00,265202.0,69.98,0
N5190,2025-09-04 14:30:00,179632.0,3.6,0
N5191,2025-09-04 14:31:00,269348.0,22.49,0
N5192,2025-09-04 14:32:00,105660.0,12.16,0
N5193,2025-09-04 14:33:00,161337.0,26.79,0
N5194,2025-09-04 14:34:00,47373.0,54.67,0
N5195,2025-09-04 14:35:00,118507.0,17.83,0
N5196,2025-09-04 14:36:00,46195.0,185.86,0
N5197,2025-09-04 14:37:00,378720.0,218.87,0
N5198,2025-09-04 14:38:00,42212.0,18.24,0
N5199,2025-09-04 14:39:00,129954.0,20.65,0
N5200,2025-09-04 14:40:00,56673.0,8.14,0
N5201,2025-09-04 14:41:00,29441.0,9.11,0
N5202,2025-09-04 14:42:00,98003.0,24.08,0
N5203,2025-09-04 14:43:00,142377.0,7.53,0
N5204,2025-09-04 14:44:00,65087.0,8.63,0
N5205,2025-09-04 14:45:00,214036.0,93.5,0
N5206,2025-09-04 14:46:00,803834.0,79.06,0
N5207,2025-09-04 14:47:00,109494.0,34.77,0
N5208,2025-09-04 14:48:00,380648.0,3.7,0
N5209,2025-09-04 14:49:00,650215.0,4.22,0
N5210,2025-09-04 14:50:00,28475.0,73.56,0
N5211,2025-09-04 14:51:00,56262.0,2.24,0
N5212,2025-09-04 14:52:00,41988.0,161.93,0
N5213,2025-09-04 14:53:00,81046.0,11.34,0
N5214,2025-09-04 14:54:00,96226.0,2.14,0
N5215,2025-09-04 14:55:00,178872.0,13.24,0
N5216,2025-09-04 14:56:00,297608.0,17.16,0
N5217,2025-09-04 14:57:00,234563.0,104.45,0
N5218,2025-09-04 14:58:00,161316.0,9.31,0
N5219,2025-09-04 14:59:00,133908.0,15.0,0
N5220,2025-09-04 15:00:00,371130.0,6.51,0
N5221,2025-09-04 15:01:00,364489.0,18.29,0
N5222,2025-09-04 15:02:00,319592.0,25.49,0
N5223,2025-09-04 15:03:00,19421.0,48.74,0
N5224,2025-09-04 15:04:00,99558.0,21.59,0
N5225,2025-09-04 15:05:00,162043.0,29.04,0
N5226,2025-09-04 15:06:00,55246.0,115.23,0
N5227,2025-09-04 15:07:00,330243.0,35.42,0
N5228,2025-09-04 15:08:00,119028.0,11.91,0
N5229,2025-09-04 15:09:00,178201.0,5.26,0
N5230,2025-09-04 15:10:00,550767.0,7.71,0
N5231,2025-09-04 15:11:00,51575.0,41.25,0
N5232,2025-09-04 15:12:00,107605.0,5.29,0
N5233,2025-09-04 15:13:00,99034.0,37.65,0
N5234,2025-09-04 15:14:00,480172.0,30.4,0
N5235,2025-09-04 15:15:00,77532.0,77.52,0
N5236,2025-09-04 15:16:00,399080.0,13.55,0
N5237,2025-09-04 15:17:00,117933.0,5.29,0
N5238,2025-09-04 15:18:00,169423.0,121.29,0
N5239,2025-09-04 15:19:00,370105.0,6.29,0
N5240,2025-09-04 15:20:00,471984.0,12.88,0
N5241,2025-09-04 15:21:00,124078.0,5.4,0
N5242,2025-09-04 15:22:00,123849.0,26.25,0
N5243,2025-09-04 15:23:00,483844.0,105.73,0
N5244,2025-09-04 15:24:00,46331.0,63.94,0
N5245,2025-09-04 15:25:00,48798.0,13.04,0
N5246,2025-09-04 15:26:00,1155152.0,105.28,0
N5247,2025-09-04 15:27:00,320086.0,24.96,0
N5248,2025-09-04 15:28:00,216469.0,49.91,0
N5249,2025-09-04 15:29:00,113790.0,5.94,0
N5250,2025-09-04 15:30:00,74396.0,22.8,0
N5251,2025-09-04 15:31:00,75499.0,20.92,0
N5252,2025-09-04 15:32:00,290144.0,63.84,0
N5253,2025-09-04 15:33:00,81361.0,89.98,0
N5254,2025-09-04 15:34:00,159621.0,133.58,0
N5255,2025-09-04 15:35:00,108805.0,32.26,0
N5256,2025-09-04 15:36:00,38169.0,9.16,0
N5257,2025-09-04 15:37:00,140279.0,11.92,0
N5258,2025-09-04 15:38:00,91420.0,36.59,0
N5259,2025-09-04 15:39:00,991649.0,6.44,0
N5260,2025-09-04 15:40:00,403610.0,6.06,0
N5261,2025-09-04 15:41:00,103583.0,15.56,0
N5262,2025-09-04 15:42:00,143704.0,18.59,0
N5263,2025-09-04 15:43:00,213847.0,0.66,0
N5264,2025-09-04 15:44:00,148613.0,23.42,0
N5265,2025-09-04 15:45:00,109149.0,5.37,0
N5266,2025-09-04 15:46:00,317323.0,47.53,0
N5267,2025-09-04 15:47:00,127350.0,33.64,0
N5268,2025-09-04 15:48:00,75906.0,42.88,0
N5269,2025-09-04 15:49:00,42834.0,16.32,0
N5270,2025-09-04 15:50:00,148090.0,4.73,0
N5271,2025-09-04 15:51:00,12976.0,16.69,0
N5272,2025-09-04 15:52:00,83415.0,10.8,0
N5273,2025-09-04 15:53:00,428659.0,91.08,0
N5274,2025-09-04 15:54:00,120773.0,4.77,0
N5275,2025-09-04 15:55:00,42828.0,18.23,0
N5276,2025-09-04 15:56:00,100938.0,7.37,0
N5277,2025-09-04 15:57:00,46125.0,21.83,0
N5278,2025-09-04 15:58:00,71392.0,10.33,0
N5279,2025-09-04 15:59:00,430686.0,106.5,0
N5280,2025-09-04 16:00:00,577715.0,26.93,0
N5281,2025-09-04 16:01:00,87982.0,21.04,0
N5282,2025-09-04 16:02:00,314362.0,102.79,0
N5283,2025-09-04 16:03:00,116041.0,52.6,0
N5284,2025-09-04 16:04:00,57238.0,79.47,0
N5285,2025-09-04 16:05:00,163176.0,21.47,0
N5286,2025-09-04 16:06:00,87317.0,56.15,0
N5287,2025-09-04 16:07:00,133176.0,78.7,0
N5288,2025-09-04 16:08:00,1378020.0,3.66,0
N5289,2025-09-04 16:09:00,164532.0,14.79,0
N5290,2025-09-04 16:10:00,472057.0,7.95,0
N5291,2025-09-04 16:11:00,85055.0,10.4,0
N5292,2025-09-04 16:12:00,76175.0,4.55,0
N5293,2025-09-04 16:13:00,204516.0,17.71,0
N5294,2025-09-04 16:14:00,84871.0,16.94,0
N5295,2025-09-04 16:15:00,49508.0,8.42,0
N5296,2025-09-04 16:16:00,77960.0,12.1,0
N5297,2025-09-04 16:17:00,37549.0,208.31,0
N5298,2025-09-04 16:18:00,246717.0,1.66,0
N5299,2025-09-04 16:19:00,349249.0,2.02,0
N5300,2025-09-04 16:20:00,65233.0,10.95,0
N5301,2025-09-04 16:21:00,174764.0,13.01,0
N5302,2025-09-04 16:22:00,132329.0,14.69,0
N5303,2025-09-04 16:23:00,181536.0,105.8,0
N5304,2025-09-04 16:24:00,77591.0,7.63,0
N5305,2025-09-04 16:25:00,163294.0,108.83,0
N5306,2025-09-04 16:26:00,17406.0,3.49,0
N5307,2025-09-04 16:27:00,216742.0,37.15,0
N5308,2025-09-04 16:28:00,399277.0,7.33,0
N5309,2025-09-04 16:29:00,180146.0,3.2,0
N5310,2025-09-04 16:30:00,263211.0,25.44,0
N5311,2025-09-04 16:31:00,143374.0,57.7,0
N5312,2025-09-04 16:32:00,137104.0,18.53,0
N5313,2025-09-04 16:33:00,193176.0,3.65,0
N5314,2025-09-04 16:34:00,81028.0,91.36,0
N5315,2025-09-04 16:35:00,337043.0,5.87,0
N5316,2025-09-04 16:36:00,93766.0,8.17,0
N5317,2025-09-04 16:37:00,150314.0,193.77,0
N5318,2025-09-04 16:38:00,305003.0,77.93,0
N5319,2025-09-04 16:39:00,185738.0,55.18,0
N5320,2025-09-04 16:40:00,676556.0,22.75,0
N5321,2025-09-04 16:41:00,164941.0,2.12,0
N5322,2025-09-04 16:42:00,163516.0,40.89,0
N5323,2025-09-04 16:43:00,47019.0,43.94,0
N5324,2025-09-04 16:44:00,283401.0,21.37,0
N5325,2025-09-04 16:45:00,34692.0,4.39,0
N5326,2025-09-04 16:46:00,249454.0,4.0,0
N5327,2025-09-04 16:47:00,125287.0,15.54,0
N5328,2025-09-04 16:48:00,96487.0,10.24,0
N5329,2025-09-04 16:49:00,199347.0,6.5,0
N5330,2025-09-04 16:50:00,44014.0,9.46,0
N5331,2025-09-04 16:51:00,534561.0,66.23,0
N5332,2025-09-04 16:52:00,368221.0,8.47,0
N5333,2025-09-04 16:53:00,112391.0,8.91,0
N5334,2025-09-04 16:54:00,462886.0,188.11,0
N5335,2025-09-04 16:55:00,86123.0,5.2,0
N5336,2025-09-04 16:56:00,191100.0,20.71,0
N5337,2025-09-04 16:57:00,165509.0,5.75,0
N5338,2025-09-04 16:58:00,322899.0,167.5,0
N5339,2025-09-04 16:59:00,146103.0,2.11,0
N5340,2025-09-04 17:00:00,90084.0,106.9,0
N5341,2025-09-04 17:01:00,103402.0,6.6,0
N5342,2025-09-04 17:02:00,140689.0,68.47,0
N5343,2025-09-04 17:03:00,74440.0,25.64,0
N5344,2025-09-04 17:04:00,36134.0,62.48,0
N5345,2025-09-04 17:05:00,440819.0,59.08,0
N5346,2025-09-04 17:06:00,138361.0,2.49,0
N5347,2025-09-04 17:07:00,197447.0,107.7,0
N5348,2025-09-04 17:08:00,83097.0,1.73,0
N5349,2025-09-04 17:09:00,185653.0,85.32,0
N5350,2025-09-04 17:10:00,10554.0,60.21,0
N5351,2025-09-04 17:11:00,202980.0,59.27,0
N5352,2025-09-04 17:12:00,176859.0,64.11,0
N5353,2025-09-04 17:13:00,19334.0,11.82,0
N5354,2025-09-04 17:14:00,104179.0,103.09,0
N5355,2025-09-04 17:15:00,491738.0,1.9,0
N5356,2025-09-04 17:16:00,245361.0,10.54,0
N5357,2025-09-04 17:17:00,368173.0,7.06,0
N5358,2025-09-04 17:18:00,84268.0,70.27,0
N5359,2025-09-04 17:19:00,227685.0,4.75,0
N5360,2025-09-04 17:20:00,84305.0,23.07,0
N5361,2025-09-04 17:21:00,125542.0,77.53,0
N5362,2025-09-04 17:22:00,329847.0,6.78,0
N5363,2025-09-04 17:23:00,391122.0,42.3,0
N5364,2025-09-04 17:24:00,500360.0,3.56,0
N5365,2025-09-04 17:25:00,38043.0,51.58,0
N5366,2025-09-04 17:26:00,38387.0,26.68,0
N5367,2025-09-04 17:27:00,72713.0,172.91,0
N5368,2025-09-04 17:28:00,85428.0,19.56,0
N5369,2025-09-04 17:29:00,32294.0,6.53,0
N5370,2025-09-04 17:30:00,294758.0,32.27,0
N5371,2025-09-04 17:31:00,173347.0,18.83,0
N5372,2025-09-04 17:32:00,277144.0,44.28,0
N5373,2025-09-04 17:33:00,209002.0,14.51,0
N5374,2025-09-04 17:34:00,207196.0,2.42,0
N5375,2025-09-04 17:35:00,33358.0,119.61,0
N5376,2025-09-04 17:36:00,28042.0,7.18,0
N5377,2025-09-04 17:37:00,677887.0,46.77,0
N5378,2025-09-04 17:38:00,298116.0,171.74,0
N5379,2025-09-04 17:39:00,87804.0,17.62,0
N5380,2025-09-04 17:40:00,37774.0,336.48,0
N5381,2025-09-04 17:41:00,333872.0,52.94,0
N5382,2025-09-04 17:42:00,142461.0,8.52,0
N5383,2025-09-04 17:43:00,167080.0,24.37,0
N5384,2025-09-04 17:44:00,68843.0,28.46,0
N5385,2025-09-04 17:45:00,272869.0,21.83,0
N5386,2025-09-04 17:46:00,327927.0,9.1,0
N5387,2025-09-04 17:47:00,100012.0,52.1,0
N5388,2025-09-04 17:48:00,55861.0,36.03,0
N5389,2025-09-04 17:49:00,530126.0,31.47,0
N5390,2025-09-04 17:50:00,75479.0,15.61,0
N5391,2025-09-04 17:51:00,49695.0,120.87,0
N5392,2025-09-04 17:52:00,453618.0,150.64,0
N5393,2025-09-04 17:53:00,603587.0,1.0,0
N5394,2025-09-04 17:54:00,61153.0,27.25,0
N5395,2025-09-04 17:55:00,231628.0,9.0,0
N5396,2025-09-04 17:56:00,423906.0,36.35,0
N5397,2025-09-04 17:57:00,104949.0,17.26,0
N5398,2025-09-04 17:58:00,174687.0,109.63,0
N5399,2025-09-04 17:59:00,58130.0,3.11,0
N5400,2025-09-04 18:00:00,82781.0,11.58,0
N5401,2025-09-04 18:01:00,458644.0,44.34,0
N5402,2025-09-04 18:02:00,448416.0,23.04,0
N5403,2025-09-04 18:03:00,58583.0,83.12,0
N5404,2025-09-04 18:04:00,49484.0,2.92,0
N5405,2025-09-04 18:05:00,264008.0,7.64,0
N5406,2025-09-04 18:06:00,53977.0,33.16,0
N5407,2025-09-04 18:07:00,182885.0,196.28,0
N5408,2025-09-04 18:08:00,128306.0,451.35,0
N5409,2025-09-04 18:09:00,445081.0,3.98,0
N5410,2025-09-04 18:10:00,350987.0,64.9,0
N5411,2025-09-04 18:11:00,2352427.0,7.36,0
N5412,2025-09-04 18:12:00,355938.0,40.66,0
N5413,2025-09-04 18:13:00,97945.0,21.05,0
N5414,2025-09-04 18:14:00,288058.0,32.3,0
N5415,2025-09-04 18:15:00,53167.0,6.68,0
N5416,2025-09-04 18:16:00,197589.0,21.5,0
N5417,2025-09-04 18:17:00,276138.0,18.77,0
N5418,2025-09-04 18:18:00,988341.0,36.01,0
N5419,2025-09-04 18:19:00,157314.0,63.84,0
N5420,2025-09-04 18:20:00,688439.0,13.82,0
N5421,2025-09-04 18:21:00,190784.0,47.51,0
N5422,2025-09-04 18:22:00,188703.0,48.16,0
N5423,2025-09-04 18:23:00,183919.0,73.84,0
N5424,2025-09-04 18:24:00,100399.0,7.79,0
N5425,2025-09-04 18:25:00,121899.0,63.77,0
N5426,2025-09-04 18:26:00,319071.0,8.19,0
N5427,2025-09-04 18:27:00,128319.0,16.31,0
N5428,2025-09-04 18:28:00,681765.0,14.63,0
N5429,2025-09-04 18:29:00,162955.0,57.86,0
N5430,2025-09-04 18:30:00,38420.0,11.86,0
N5431,2025-09-04 18:31:00,74890.0,5.83,0
N5432,2025-09-04 18:32:00,28400.0,10.07,0
N5433,2025-09-04 18:33:00,336373.0,9.67,0
N5434,2025-09-04 18:34:00,716775.0,23.39,0
N5435,2025-09-04 18:35:00,788509.0,18.27,0
N5436,2025-09-04 18:36:00,49713.0,133.68,0
N5437,2025-09-04 18:37:00,134968.0,9.59,0
N5438,2025-09-04 18:38:00,357922.0,21.57,0
N5439,2025-09-04 18:39:00,324952.0,479.86,0
N5440,2025-09-04 18:40:00,384059.0,13.7,0
N5441,2025-09-04 18:41:00,3006015.0,10.24,0
N5442,2025-09-04 18:42:00,108986.0,208.61,0
N5443,2025-09-04 18:43:00,177847.0,7.72,0
N5444,2025-09-04 18:44:00,143398.0,57.07,0
N5445,2025-09-04 18:45:00,91306.0,9.45,0
N5446,2025-09-04 18:46:00,100292.0,2.15,0
N5447,2025-09-04 18:47:00,220677.0,5.47,0
N5448,2025-09-04 18:48:00,91246.0,117.45,0
N5449,2025-09-04 18:49:00,554438.0,11.22,0
N5450,2025-09-04 18:50:00,418786.0,14.33,0
N5451,2025-09-04 18:51:00,172575.0,29.84,0
N5452,2025-09-04 18:52:00,48320.0,3.27,0
N5453,2025-09-04 18:53:00,262146.0,106.29,0
N5454,2025-09-04 18:54:00,171273.0,24.98,0
N5455,2025-09-04 18:55:00,631914.0,21.0,0
N5456,2025-09-04 18:56:00,72563.0,11.88,0
N5457,2025-09-04 18:57:00,80276.0,44.52,0
N5458,2025-09-04 18:58:00,347206.0,42.9,0
N5459,2025-09-04 18:59:00,1536326.0,57.63,0
N5460,2025-09-04 19:00:00,350659.0,2.62,0
N5461,2025-09-04 19:01:00,219679.0,14.97,0
N5462,2025-09-04 19:02:00,250576.0,379.56,0
N5463,2025-09-04 19:03:00,77955.0,7.38,0
N5464,2025-09-04 19:04:00,961879.0,89.05,0
N5465,2025-09-04 19:05:00,39138.0,1.43,0
N5466,2025-09-04 19:06:00,64051.0,6.66,0
N5467,2025-09-04 19:07:00,168027.0,17.31,0
N5468,2025-09-04 19:08:00,173192.0,27.91,0
N5469,2025-09-04 19:09:00,127565.0,14.41,0
N5470,2025-09-04 19:10:00,142467.0,110.92,0
N5471,2025-09-04 19:11:00,74299.0,30.58,0
N5472,2025-09-04 19:12:00,282391.0,2.33,0
N5473,2025-09-04 19:13:00,267990.0,7.62,0
N5474,2025-09-04 19:14:00,343893.0,24.07,0
N5475,2025-09-04 19:15:00,135180.0,6.73,0
N5476,2025-09-04 19:16:00,16729.0,1.54,0
N5477,2025-09-04 19:17:00,116156.0,15.04,0
N5478,2025-09-04 19:18:00,94873.0,52.5,0
N5479,2025-09-04 19:19:00,90785.0,184.55,0
N5480,2025-09-04 19:20:00,110305.0,8.78,0
N5481,2025-09-04 19:21:00,578249.0,5.17,0
N5482,2025-09-04 19:22:00,108557.0,29.27,0
N5483,2025-09-04 19:23:00,120683.0,20.47,0
N5484,2025-09-04 19:24:00,1181193.0,12.61,0
N5485,2025-09-04 19:25:00,39200.0,22.76,0
N5486,2025-09-04 19:26:00,158243.0,13.14,0
N5487,2025-09-04 19:27:00,132673.0,62.48,0
N5488,2025-09-04 19:28:00,46077.0,3.58,0
N5489,2025-09-04 19:29:00,55167.0,146.02,0
N5490,2025-09-04 19:30:00,220091.0,50.18,0
N5491,2025-09-04 19:31:00,416711.0,0.85,0
N5492,2025-09-04 19:32:00,259723.0,86.34,0
N5493,2025-09-04 19:33:00,460536.0,56.28,0
N5494,2025-09-04 19:34:00,237566.0,27.14,0
N5495,2025-09-04 19:35:00,216519.0,0.69,0
N5496,2025-09-04 19:36:00,76732.0,4.53,0
N5497,2025-09-04 19:37:00,94274.0,48.32,0
N5498,2025-09-04 19:38:00,217301.0,7.47,0
N5499,2025-09-04 19:39:00,170681.0,56.76,0
N5500,2025-09-04 19:40:00,474387.0,40.87,0
N5501,2025-09-04 19:41:00,404745.0,35.8,0
N5502,2025-09-04 19:42:00,248612.0,4.47,0
N5503,2025-09-04 19:43:00,178763.0,29.32,0
N5504,2025-09-04 19:44:00,144407.0,58.35,0
N5505,2025-09-04 19:45:00,229049.0,11.08,0
N5506,2025-09-04 19:46:00,64899.0,30.38,0
N5507,2025-09-04 19:47:00,116821.0,4.88,0
N5508,2025-09-04 19:48:00,390268.0,19.89,0
N5509,2025-09-04 19:49:00,456605.0,18.37,0
N5510,2025-09-04 19:50:00,85222.0,47.53,0
N5511,2025-09-04 19:51:00,67499.0,22.05,0
N5512,2025-09-04 19:52:00,963402.0,57.18,0
N5513,2025-09-04 19:53:00,122503.0,2.29,0
N5514,2025-09-04 19:54:00,759046.0,2.43,0
N5515,2025-09-04 19:55:00,685648.0,3.4,0
N5516,2025-09-04 19:56:00,108476.0,21.06,0
N5517,2025-09-04 19:57:00,53044.0,7.04,0
N5518,2025-09-04 19:58:00,49836.0,33.25,0
N5519,2025-09-04 19:59:00,547781.0,42.55,0
N5520,2025-09-04 20:00:00,93243.0,0.92,0
N5521,2025-09-04 20:01:00,52408.0,3.52,0
N5522,2025-09-04 20:02:00,34123.0,7.53,0
N5523,2025-09-04 20:03:00,149949.0,99.82,0
N5524,2025-09-04 20:04:00,135015.0,1.91,0
N5525,2025-09-04 20:05:00,735809.0,53.29,0
N5526,2025-09-04 20:06:00,201599.0,2.1,0
N5527,2025-09-04 20:07:00,97193.0,59.71,0
N5528,2025-09-04 20:08:00,74385.0,54.46,0
N5529,2025-09-04 20:09:00,145800.0,5.16,0
N5530,2025-09-04 20:10:00,1003607.0,18.76,0
N5531,2025-09-04 20:11:00,174117.0,12.67,0
N5532,2025-09-04 20:12:00,108807.0,4.88,0
N5533,2025-09-04 20:13:00,91744.0,5.91,0
N5534,2025-09-04 20:14:00,145645.0,33.94,0
N5535,2025-09-04 20:15:00,570554.0,6.23,0
N5536,2025-09-04 20:16:00,291245.0,2.62,0
N5537,2025-09-04 20:17:00,38247.0,64.87,0
N5538,2025-09-04 20:18:00,42491.0,72.02,0
N5539,2025-09-04 20:19:00,36125.0,32.38,0
N5540,2025-09-04 20:20:00,97110.0,43.09,0
N5541,2025-09-04 20:21:00,152046.0,26.81,0
N5542,2025-09-04 20:22:00,86499.0,6.02,0
N5543,2025-09-04 20:23:00,371152.0,35.41,0
N5544,2025-09-04 20:24:00,342045.0,15.95,0
N5545,2025-09-04 20:25:00,82637.0,17.58,0
N5546,2025-09-04 20:26:00,224746.0,2.52,0
N5547,2025-09-04 20:27:00,33171.0,25.15,0
N5548,2025-09-04 20:28:00,119531.0,25.79,0
N5549,2025-09-04 20:29:00,118889.0,9.26,0
N5550,2025-09-04 20:30:00,429330.0,94.18,0
N5551,2025-09-04 20:31:00,460238.0,95.46,0
N5552,2025-09-04 20:32:00,88669.0,45.5,0
N5553,2025-09-04 20:33:00,79309.0,17.15,0
N5554,2025-09-04 20:34:00,154080.0,55.68,0
N5555,2025-09-04 20:35:00,251357.0,318.43,0
N5556,2025-09-04 20:36:00,114966.0,19.03,0
N5557,2025-09-04 20:37:00,5165833.0,1.3,0
N5558,2025-09-04 20:38:00,568933.0,44.7,0
N5559,2025-09-04 20:39:00,196595.0,1.33,0
N5560,2025-09-04 20:40:00,1349613.0,4.39,0
N5561,2025-09-04 20:41:00,352015.0,21.79,0
N5562,2025-09-04 20:42:00,208957.0,20.78,0
N5563,2025-09-04 20:43:00,93247.0,60.19,0
N5564,2025-09-04 20:44:00,252318.0,12.88,0
N5565,2025-09-04 20:45:00,131712.0,1.01,0
N5566,2025-09-04 20:46:00,449668.0,4.9,0
N5567,2025-09-04 20:47:00,98266.0,8.95,0
N5568,2025-09-04 20:48:00,186762.0,31.87,0
N5569,2025-09-04 20:49:00,291230.0,3.53,0
N5570,2025-09-04 20:50:00,587587.0,75.57,0
N5571,2025-09-04 20:51:00,92905.0,49.6,0
N5572,2025-09-04 20:52:00,136457.0,58.68,0
N5573,2025-09-04 20:53:00,302794.0,4.66,0
N5574,2025-09-04 20:54:00,14052.0,29.56,0
N5575,2025-09-04 20:55:00,78291.0,20.32,0
N5576,2025-09-04 20:56:00,2284352.0,21.01,0
N5577,2025-09-04 20:57:00,459284.0,4.67,0
N5578,2025-09-04 20:58:00,1924944.0,4.36,0
N5579,2025-09-04 20:59:00,123564.0,0.59,0
N5580,2025-09-04 21:00:00,73874.0,51.58,0
N5581,2025-09-04 21:01:00,321381.0,66.11,0
N5582,2025-09-04 21:02:00,29849.0,115.37,0
N5583,2025-09-04 21:03:00,166946.0,84.06,0
N5584,2025-09-04 21:04:00,66834.0,28.02,0
N5585,2025-09-04 21:05:00,57571.0,140.59,0
N5586,2025-09-04 21:06:00,110397.0,61.51,0
N5587,2025-09-04 21:07:00,14874.0,41.66,0
N5588,2025-09-04 21:08:00,117676.0,19.08,0
N5589,2025-09-04 21:09:00,322700.0,10.39,0
N5590,2025-09-04 21:10:00,1075723.0,12.88,0
N5591,2025-09-04 21:11:00,73954.0,26.34,0
N5592,2025-09-04 21:12:00,629254.0,14.93,0
N5593,2025-09-04 21:13:00,38247.0,79.17,0
N5594,2025-09-04 21:14:00,596629.0,8.49,0
N5595,2025-09-04 21:15:00,115443.0,3.26,0
N5596,2025-09-04 21:16:00,52774.0,2.97,0
N5597,2025-09-04 21:17:00,48381.0,24.74,0
N5598,2025-09-04 21:18:00,288568.0,99.1,0
N5599,2025-09-04 21:19:00,70843.0,8.26,0
N5600,2025-09-04 21:20:00,89949.0,136.27,0
N5601,2025-09-04 21:21:00,520121.0,142.35,0
N5602,2025-09-04 21:22:00,151361.0,124.41,0
N5603,2025-09-04 21:23:00,76814.0,94.33,0
N5604,2025-09-04 21:24:00,55059.0,90.27,0
N5605,2025-09-04 21:25:00,51605.0,137.87,0
N5606,2025-09-04 21:26:00,826194.0,96.96,0
N5607,2025-09-04 21:27:00,74688.0,87.37,0
N5608,2025-09-04 21:28:00,59753.0,65.28,0
N5609,2025-09-04 21:29:00,94077.0,143.2,0
N5610,2025-09-04 21:30:00,298599.0,134.8,0
N5611,2025-09-04 21:31:00,62237.0,148.74,0
N5612,2025-09-04 21:32:00,66959.0,110.92,0
N5613,2025-09-04 21:33:00,274452.0,124.23,0
N5614,2025-09-04 21:34:00,415553.0,131.13,0
N5615,2025-09-04 21:35:00,56371.0,92.99,0
N5616,2025-09-04 21:36:00,332934.0,101.88,0
N5617,2025-09-04 21:37:00,26034.0,116.79,0
N5618,2025-09-04 21:38:00,326712.0,144.59,0
N5619,2025-09-04 21:39:00,419677.0,162.45,0
N5620,2025-09-04 21:40:00,139926.0,135.49,0
N5621,2025-09-04 21:41:00,154462.0,146.27,0
N5622,2025-09-04 21:42:00,259028.0,134.92,0
N5623,2025-09-04 21:43:00,191482.0,131.19,0
N5624,2025-09-04 21:44:00,76270.0,113.88,0
N5625,2025-09-04 21:45:00,578344.0,113.91,0
N5626,2025-09-04 21:46:00,154386.0,120.53,0
N5627,2025-09-04 21:47:00,75925.0,79.66,0
N5628,2025-09-04 21:48:00,1140783.0,122.7,0
N5629,2025-09-04 21:49:00,270986.0,92.77,0
N5630,2025-09-04 21:50:00,229295.0,171.11,0
N5631,2025-09-04 21:51:00,56410.0,181.04,0
N5632,2025-09-04 21:52:00,110039.0,181.45,0
N5633,2025-09-04 21:53:00,27788.0,113.98,0
N5634,2025-09-04 21:54:00,156144.0,121.41,0
N5635,2025-09-04 21:55:00,25424.0,128.01,0
N5636,2025-09-04 21:56:00,14637.0,108.5,0
N5637,2025-09-04 21:57:00,124853.0,122.86,0
N5638,2025-09-04 21:58:00,503345.0,75.96,0
N5639,2025-09-04 21:59:00,261265.0,137.69,0
N5640,2025-09-04 22:00:00,57220.0,80.91,0
N5641,2025-09-04 22:01:00,285955.0,126.5,0
N5642,2025-09-04 22:02:00,49774.0,99.76,0
N5643,2025-09-04 22:03:00,405917.0,91.64,0
N5644,2025-09-04 22:04:00,378765.0,115.03,0
N5645,2025-09-04 22:05:00,107831.0,104.22,0
N5646,2025-09-04 22:06:00,317686.0,185.6,0
N5647,2025-09-04 22:07:00,39475.0,106.78,0
N5648,2025-09-04 22:08:00,866334.0,80.82,0
N5649,2025-09-04 22:09:00,60729.0,150.74,0
N5650,2025-09-04 22:10:00,1369610.0,86.07,0
N5651,2025-09-04 22:11:00,172747.0,129.71,0
N5652,2025-09-04 22:12:00,229970.0,129.42,0
N5653,2025-09-04 22:13:00,49250.0,167.8,0
N5654,2025-09-04 22:14:00,38043.0,106.55,0
N5655,2025-09-04 22:15:00,351080.0,168.75,0
N5656,2025-09-04 22:16:00,25265.0,120.77,0
N5657,2025-09-04 22:17:00,17568.0,122.5,0
N5658,2025-09-04 22:18:00,156870.0,60.0,0
N5659,2025-09-04 22:19:00,68309.0,122.05,0
N5660,2025-09-04 22:20:00,80839.0,86.2,0
N5661,2025-09-04 22:21:00,79098.0,102.4,0
N5662,2025-09-04 22:22:00,447883.0,171.12,0
N5663,2025-09-04 22:23:00,100910.0,100.31,0
N5664,2025-09-04 22:24:00,347093.0,110.14,0
N5665,2025-09-04 22:25:00,207156.0,124.33,0
N5666,2025-09-04 22:26:00,45914.0,108.09,0
N5667,2025-09-04 22:27:00,59636.0,137.29,0
N5668,2025-09-04 22:28:00,381313.0,151.54,0
N5669,2025-09-04 22:29:00,1019139.0,132.76,0
N5670,2025-09-04 22:30:00,277382.0,113.65,0
N5671,2025-09-04 22:31:00,579365.0,151.61,0
N5672,2025-09-04 22:32:00,86936.0,120.51,0
N5673,2025-09-04 22:33:00,164906.0,94.1,0
N5674,2025-09-04 22:34:00,252154.0,124.63,0
N5675,2025-09-04 22:35:00,225080.0,115.87,0
N5676,2025-09-04 22:36:00,109491.0,102.24,0
N5677,2025-09-04 22:37:00,198364.0,130.15,0
N5678,2025-09-04 22:38:00,493665.0,73.69,0
N5679,2025-09-04 22:39:00,406048.0,94.15,0
N5680,2025-09-04 22:40:00,159692.0,172.58,0
N5681,2025-09-04 22:41:00,81439.0,95.8,0
N5682,2025-09-04 22:42:00,239247.0,130.65,0
N5683,2025-09-04 22:43:00,242839.0,116.58,0
N5684,2025-09-04 22:44:00,55310.0,126.7,0
N5685,2025-09-04 22:45:00,257642.0,109.88,0
N5686,2025-09-04 22:46:00,534440.0,127.52,0
N5687,2025-09-04 22:47:00,1449828.0,140.3,0
N5688,2025-09-04 22:48:00,382778.0,142.5,0
N5689,2025-09-04 22:49:00,866034.0,76.34,0
N5690,2025-09-04 22:50:00,82023.0,151.73,0
N5691,2025-09-04 22:51:00,218010.0,80.42,0
N5692,2025-09-04 22:52:00,54151.0,90.16,0
N5693,2025-09-04 22:53:00,211347.0,60.0,0
N5694,2025-09-04 22:54:00,36251.0,153.78,0
N5695,2025-09-04 22:55:00,116109.0,166.87,0
N5696,2025-09-04 22:56:00,188960.0,78.76,0
N5697,2025-09-04 22:57:00,990330.0,77.52,0
N5698,2025-09-04 22:58:00,28772.0,109.18,0
N5699,2025-09-04 22:59:00,67542.0,87.82,0
N5700,2025-09-04 23:00:00,302090.0,110.79,0
N5701,2025-09-04 23:01:00,1832046.0,100.33,0
N5702,2025-09-04 23:02:00,272302.0,99.29,0
N5703,2025-09-04 23:03:00,12604.0,103.71,0
N5704,2025-09-04 23:04:00,227031.0,94.01,0
N5705,2025-09-04 23:05:00,40894.0,134.57,0
N5706,2025-09-04 23:06:00,185328.0,150.98,0
N5707,2025-09-04 23:07:00,64971.0,159.38,0
N5708,2025-09-04 23:08:00,263001.0,130.73,0
N5709,2025-09-04 23:09:00,394110.0,112.11,0
N5710,2025-09-04 23:10:00,105344.0,118.35,0
N5711,2025-09-04 23:11:00,242684.0,113.81,0
N5712,2025-09-04 23:12:00,51366.0,91.37,0
N5713,2025-09-04 23:13:00,221546.0,90.95,0
N5714,2025-09-04 23:14:00,81374.0,100.69,0
N5715,2025-09-04 23:15:00,171321.0,129.8,0
N5716,2025-09-04 23:16:00,84709.0,81.86,0
N5717,2025-09-04 23:17:00,288564.0,116.15,0
N5718,2025-09-04 23:18:00,816907.0,116.76,0
N5719,2025-09-04 23:19:00,324064.0,68.51,0
N5720,2025-09-04 23:20:00,820163.0,121.98,0
N5721,2025-09-04 23:21:00,132432.0,94.39,0
N5722,2025-09-04 23:22:00,69251.0,106.94,0
N5723,2025-09-04 23:23:00,50695.0,122.47,0
N5724,2025-09-04 23:24:00,345983.0,104.05,0
N5725,2025-09-04 23:25:00,197595.0,105.59,0
N5726,2025-09-04 23:26:00,47187.0,84.7,0
N5727,2025-09-04 23:27:00,77512.0,99.97,0
N5728,2025-09-04 23:28:00,1037265.0,117.62,0
N5729,2025-09-04 23:29:00,106453.0,157.77,0
N5730,2025-09-04 23:30:00,205158.0,120.14,0
N5731,2025-09-04 23:31:00,1200247.0,81.19,0
N5732,2025-09-04 23:32:00,276622.0,143.21,0
N5733,2025-09-04 23:33:00,429678.0,139.04,0
N5734,2025-09-04 23:34:00,22313.0,161.78,0
N5735,2025-09-04 23:35:00,29886.0,163.81,0
N5736,2025-09-04 23:36:00,746771.0,73.6,0
N5737,2025-09-04 23:37:00,74317.0,71.41,0
N5738,2025-09-04 23:38:00,396214.0,129.13,0
N5739,2025-09-04 23:39:00,24740.0,100.48,0
N5740,2025-09-04 23:40:00,60351.0,104.52,0
N5741,2025-09-04 23:41:00,64278.0,122.69,0
N5742,2025-09-04 23:42:00,346554.0,103.95,0
N5743,2025-09-04 23:43:00,258768.0,112.45,0
N5744,2025-09-04 23:44:00,571722.0,165.06,0
N5745,2025-09-04 23:45:00,87066.0,116.17,0
N5746,2025-09-04 23:46:00,112798.0,156.71,0
N5747,2025-09-04 23:47:00,60216.0,115.36,0
N5748,2025-09-04 23:48:00,69620.0,81.9,0
N5749,2025-09-04 23:49:00,139359.0,116.05,0
N5750,2025-09-04 23:50:00,22666.0,146.19,0
N5751,2025-09-04 23:51:00,181280.0,75.04,0
N5752,2025-09-04 23:52:00,486948.0,163.67,0
N5753,2025-09-04 23:53:00,169194.0,119.34,0
N5754,2025-09-04 23:54:00,92416.0,162.4,0
N5755,2025-09-04 23:55:00,401545.0,94.62,0
N5756,2025-09-04 23:56:00,1336319.0,107.65,0
N5757,2025-09-04 23:57:00,124851.0,124.32,0
N5758,2025-09-04 23:58:00,494492.0,67.2,0
N5759,2025-09-04 23:59:00,209732.0,127.43,0
N5760,2025-09-05 00:00:00,243925.0,83.75,0
N5761,2025-09-05 00:01:00,361882.0,112.45,0
N5762,2025-09-05 00:02:00,148055.0,133.08,0
N5763,2025-09-05 00:03:00,161361.0,103.09,0
N5764,2025-09-05 00:04:00,170262.0,125.59,0
N5765,2025-09-05 00:05:00,61514.0,64.87,0
N5766,2025-09-05 00:06:00,86933.0,193.31,0
N5767,2025-09-05 00:07:00,102084.0,171.05,0
N5768,2025-09-05 00:08:00,57002.0,113.95,0
N5769,2025-09-05 00:09:00,181823.0,61.84,0
N5770,2025-09-05 00:10:00,171315.0,147.04,0
N5771,2025-09-05 00:11:00,198211.0,168.12,0
N5772,2025-09-05 00:12:00,276213.0,137.49,0
N5773,2025-09-05 00:13:00,50064.0,82.34,0
N5774,2025-09-05 00:14:00,48933.0,89.85,0
N5775,2025-09-05 00:15:00,68435.0,133.93,0
N5776,2025-09-05 00:16:00,92361.0,136.45,0
N5777,2025-09-05 00:17:00,1046829.0,126.17,0
N5778,2025-09-05 00:18:00,154541.0,111.18,0
N5779,2025-09-05 00:19:00,419638.0,156.0,0
N5780,2025-09-05 00:20:00,235813.0,111.54,0
N5781,2025-09-05 00:21:00,81356.0,148.43,0
N5782,2025-09-05 00:22:00,182720.0,105.94,0
N5783,2025-09-05 00:23:00,159028.0,151.39,0
N5784,2025-09-05 00:24:00,101139.0,140.74,0
N5785,2025-09-05 00:25:00,85751.0,149.44,0
N5786,2025-09-05 00:26:00,624650.0,133.75,0
N5787,2025-09-05 00:27:00,205786.0,107.16,0
N5788,2025-09-05 00:28:00,116340.0,114.75,0
N5789,2025-09-05 00:29:00,358687.0,164.72,0
N5790,2025-09-05 00:30:00,167306.0,140.89,0
N5791,2025-09-05 00:31:00,837663.0,157.77,0
N5792,2025-09-05 00:32:00,40063.0,141.77,0
N5793,2025-09-05 00:33:00,176249.0,93.35,0
N5794,2025-09-05 00:34:00,102176.0,110.85,0
N5795,2025-09-05 00:35:00,109939.0,178.25,0
N5796,2025-09-05 00:36:00,692713.0,175.06,0
N5797,2025-09-05 00:37:00,261800.0,137.56,0
N5798,2025-09-05 00:38:00,66428.0,75.32,0
N5799,2025-09-05 00:39:00,66979.0,129.37,0
N5800,2025-09-05 00:40:00,356801.0,99.66,0
N5801,2025-09-05 00:41:00,437775.0,95.49,0
N5802,2025-09-05 00:42:00,47852.0,60.0,0
N5803,2025-09-05 00:43:00,155918.0,99.95,0
N5804,2025-09-05 00:44:00,127622.0,140.3,0
N5805,2025-09-05 00:45:00,104191.0,75.43,0
N5806,2025-09-05 00:46:00,131578.0,177.51,0
N5807,2025-09-05 00:47:00,295863.0,107.25,0
N5808,2025-09-05 00:48:00,29271.0,126.96,0
N5809,2025-09-05 00:49:00,224538.0,115.17,0
N5810,2025-09-05 00:50:00,77073.0,105.96,0
N5811,2025-09-05 00:51:00,70486.0,76.01,0
N5812,2025-09-05 00:52:00,591696.0,123.76,0
N5813,2025-09-05 00:53:00,423009.0,140.35,0
N5814,2025-09-05 00:54:00,253202.0,142.67,0
N5815,2025-09-05 00:55:00,294224.0,96.83,0
N5816,2025-09-05 00:56:00,184147.0,122.4,0
N5817,2025-09-05 00:57:00,152637.0,144.24,0
N5818,2025-09-05 00:58:00,229245.0,138.52,0
N5819,2025-09-05 00:59:00,142374.0,161.82,0
N5820,2025-09-05 01:00:00,113437.0,149.87,0
N5821,2025-09-05 01:01:00,74431.0,176.06,0
N5822,2025-09-05 01:02:00,81898.0,139.64,0
N5823,2025-09-05 01:03:00,167676.0,79.96,0
N5824,2025-09-05 01:04:00,335378.0,126.99,0
N5825,2025-09-05 01:05:00,96486.0,116.52,0
N5826,2025-09-05 01:06:00,109735.0,136.46,0
N5827,2025-09-05 01:07:00,237345.0,125.71,0
N5828,2025-09-05 01:08:00,173423.0,128.4,0
N5829,2025-09-05 01:09:00,100128.0,117.76,0
N5830,2025-09-05 01:10:00,169900.0,158.24,0
N5831,2025-09-05 01:11:00,124016.0,142.77,0
N5832,2025-09-05 01:12:00,1194731.0,107.06,0
N5833,2025-09-05 01:13:00,197333.0,119.04,0
N5834,2025-09-05 01:14:00,115733.0,121.22,0
N5835,2025-09-05 01:15:00,267591.0,154.81,0
N5836,2025-09-05 01:16:00,33472.0,135.62,0
N5837,2025-09-05 01:17:00,772765.0,135.76,0
N5838,2025-09-05 01:18:00,588947.0,125.93,0
N5839,2025-09-05 01:19:00,176115.0,174.93,0
N5840,2025-09-05 01:20:00,1250808.0,94.66,0
N5841,2025-09-05 01:21:00,339375.0,106.11,0
N5842,2025-09-05 01:22:00,151184.0,101.65,0
N5843,2025-09-05 01:23:00,133403.0,103.68,0
N5844,2025-09-05 01:24:00,387553.0,99.23,0
N5845,2025-09-05 01:25:00,271273.0,86.8,0
N5846,2025-09-05 01:26:00,284136.0,121.3,0
N5847,2025-09-05 01:27:00,25475.0,123.48,0
N5848,2025-09-05 01:28:00,591924.0,132.43,0
N5849,2025-09-05 01:29:00,483770.0,82.95,0
N5850,2025-09-05 01:30:00,33500.0,93.15,0
N5851,2025-09-05 01:31:00,125803.0,76.07,0
N5852,2025-09-05 01:32:00,121113.0,65.23,0
N5853,2025-09-05 01:33:00,286402.0,90.28,0
N5854,2025-09-05 01:34:00,47926.0,95.48,0
N5855,2025-09-05 01:35:00,64524.0,135.91,0
N5856,2025-09-05 01:36:00,244946.0,175.23,0
N5857,2025-09-05 01:37:00,125410.0,117.46,0
N5858,2025-09-05 01:38:00,179034.0,107.68,0
N5859,2025-09-05 01:39:00,1095193.0,112.78,0
N5860,2025-09-05 01:40:00,434483.0,111.62,0
N5861,2025-09-05 01:41:00,174981.0,170.72,0
N5862,2025-09-05 01:42:00,76013.0,143.46,0
N5863,2025-09-05 01:43:00,49222.0,147.95,0
N5864,2025-09-05 01:44:00,237261.0,105.64,0
N5865,2025-09-05 01:45:00,65817.0,143.51,0
N5866,2025-09-05 01:46:00,762287.0,85.32,0
N5867,2025-09-05 01:47:00,135096.0,118.55,0
N5868,2025-09-05 01:48:00,862019.0,63.58,0
N5869,2025-09-05 01:49:00,260030.0,116.39,0
N5870,2025-09-05 01:50:00,41581.0,156.17,0
N5871,2025-09-05 01:51:00,172492.0,151.79,0
N5872,2025-09-05 01:52:00,181968.0,150.76,0
N5873,2025-09-05 01:53:00,1416134.0,67.7,0
N5874,2025-09-05 01:54:00,215876.0,112.51,0
N5875,2025-09-05 01:55:00,152901.0,152.42,0
N5876,2025-09-05 01:56:00,131124.0,147.15,0
N5877,2025-09-05 01:57:00,766223.0,63.11,0
N5878,2025-09-05 01:58:00,1126730.0,123.53,0
N5879,2025-09-05 01:59:00,232875.0,144.52,0
N5880,2025-09-05 02:00:00,138519.0,135.62,0
N5881,2025-09-05 02:01:00,150846.0,82.17,0
N5882,2025-09-05 02:02:00,1613372.0,140.04,0
N5883,2025-09-05 02:03:00,957434.0,67.58,0
N5884,2025-09-05 02:04:00,19126.0,89.52,0
N5885,2025-09-05 02:05:00,114732.0,117.09,0
N5886,2025-09-05 02:06:00,167112.0,115.54,0
N5887,2025-09-05 02:07:00,45606.0,100.04,0
N5888,2025-09-05 02:08:00,121718.0,112.02,0
N5889,2025-09-05 02:09:00,85251.0,164.94,0
N5890,2025-09-05 02:10:00,415735.0,141.91,0
N5891,2025-09-05 02:11:00,203130.0,168.76,0
N5892,2025-09-05 02:12:00,890969.0,63.98,0
N5893,2025-09-05 02:13:00,138575.0,94.97,0
N5894,2025-09-05 02:14:00,181974.0,77.05,0
N5895,2025-09-05 02:15:00,112965.0,157.75,0
N5896,2025-09-05 02:16:00,35294.0,112.8,0
N5897,2025-09-05 02:17:00,106346.0,118.03,0
N5898,2025-09-05 02:18:00,167133.0,60.0,0
N5899,2025-09-05 02:19:00,283515.0,79.35,0
N5900,2025-09-05 02:20:00,406306.0,102.8,0
N5901,2025-09-05 02:21:00,530224.0,167.11,0
N5902,2025-09-05 02:22:00,128843.0,125.34,0
N5903,2025-09-05 02:23:00,804309.0,103.02,0
N5904,2025-09-05 02:24:00,55682.0,111.55,0
N5905,2025-09-05 02:25:00,97052.0,127.46,0
N5906,2025-09-05 02:26:00,79005.0,135.93,0
N5907,2025-09-05 02:27:00,156703.0,120.58,0
N5908,2025-09-05 02:28:00,158638.0,90.86,0
N5909,2025-09-05 02:29:00,184065.0,114.17,0
N5910,2025-09-05 02:30:00,85689.0,96.36,0
N5911,2025-09-05 02:31:00,260562.0,125.34,0
N5912,2025-09-05 02:32:00,39656.0,97.54,0
N5913,2025-09-05 02:33:00,507862.0,130.98,0
N5914,2025-09-05 02:34:00,20884.0,80.57,0
N5915,2025-09-05 02:35:00,478977.0,144.26,0
N5916,2025-09-05 02:36:00,175807.0,114.42,0
N5917,2025-09-05 02:37:00,389320.0,120.61,0
N5918,2025-09-05 02:38:00,241541.0,98.1,0
N5919,2025-09-05 02:39:00,1431729.0,69.62,0
N5920,2025-09-05 02:40:00,116500.0,93.51,0
N5921,2025-09-05 02:41:00,211275.0,106.2,0
N5922,2025-09-05 02:42:00,413959.0,88.17,0
N5923,2025-09-05 02:43:00,455248.0,151.68,0
N5924,2025-09-05 02:44:00,84675.0,147.91,0
N5925,2025-09-05 02:45:00,2140753.0,102.56,0
N5926,2025-09-05 02:46:00,65776.0,144.55,0
N5927,2025-09-05 02:47:00,329232.0,157.38,0
N5928,2025-09-05 02:48:00,171088.0,175.43,0
N5929,2025-09-05 02:49:00,65942.0,74.51,0
N5930,2025-09-05 02:50:00,57608.0,101.06,0
N5931,2025-09-05 02:51:00,459158.0,94.24,0
N5932,2025-09-05 02:52:00,217105.0,151.22,0
N5933,2025-09-05 02:53:00,120764.0,107.3,0
N5934,2025-09-05 02:54:00,52541.0,96.65,0
N5935,2025-09-05 02:55:00,219031.0,135.62,0
N5936,2025-09-05 02:56:00,9273.0,119.08,0
N5937,2025-09-05 02:57:00,34431.0,80.64,0
N5938,2025-09-05 02:58:00,45506.0,105.48,0
N5939,2025-09-05 02:59:00,918183.0,127.93,0
N5940,2025-09-05 03:00:00,143559.0,131.49,0
N5941,2025-09-05 03:01:00,33833.0,150.7,0
N5942,2025-09-05 03:02:00,308181.0,80.96,0
N5943,2025-09-05 03:03:00,46478.0,80.06,0
N5944,2025-09-05 03:04:00,467960.0,127.41,0
N5945,2025-09-05 03:05:00,45175.0,115.19,0
N5946,2025-09-05 03:06:00,323841.0,100.41,0
N5947,2025-09-05 03:07:00,13527.0,81.27,0
N5948,2025-09-05 03:08:00,120190.0,161.7,0
N5949,2025-09-05 03:09:00,124891.0,71.64,0
N5950,2025-09-05 03:10:00,38107.0,145.07,0
N5951,2025-09-05 03:11:00,88650.0,101.73,0
N5952,2025-09-05 03:12:00,93293.0,144.55,0
N5953,2025-09-05 03:13:00,906650.0,116.25,0
N5954,2025-09-05 03:14:00,696147.0,71.59,0
N5955,2025-09-05 03:15:00,612671.0,113.05,0
N5956,2025-09-05 03:16:00,147674.0,129.1,0
N5957,2025-09-05 03:17:00,118517.0,60.0,0
N5958,2025-09-05 03:18:00,510451.0,83.93,0
N5959,2025-09-05 03:19:00,94115.0,91.59,0
N5960,2025-09-05 03:20:00,219623.0,118.15,0
N5961,2025-09-05 03:21:00,623635.0,101.71,0
N5962,2025-09-05 03:22:00,143219.0,114.01,0
N5963,2025-09-05 03:23:00,1136049.0,66.45,0
N5964,2025-09-05 03:24:00,13422.0,104.81,0
N5965,2025-09-05 03:25:00,869905.0,115.06,0
N5966,2025-09-05 03:26:00,132452.0,73.54,0
N5967,2025-09-05 03:27:00,767770.0,76.92,0
N5968,2025-09-05 03:28:00,1048392.0,142.55,0
N5969,2025-09-05 03:29:00,56173.0,124.78,0
N5970,2025-09-05 03:30:00,130733.0,144.44,0
N5971,2025-09-05 03:31:00,16877.0,168.63,0
N5972,2025-09-05 03:32:00,226694.0,137.28,0
N5973,2025-09-05 03:33:00,61791.0,76.51,0
N5974,2025-09-05 03:34:00,1290303.0,122.99,0
N5975,2025-09-05 03:35:00,234671.0,136.3,0
N5976,2025-09-05 03:36:00,104222.0,94.89,0
N5977,2025-09-05 03:37:00,511712.0,114.25,0
N5978,2025-09-05 03:38:00,50846.0,177.71,0
N5979,2025-09-05 03:39:00,204469.0,128.6,0
N5980,2025-09-05 03:40:00,185129.0,120.2,0
N5981,2025-09-05 03:41:00,503296.0,185.18,0
N5982,2025-09-05 03:42:00,139109.0,81.19,0
N5983,2025-09-05 03:43:00,54777.0,113.62,0
N5984,2025-09-05 03:44:00,398054.0,105.95,0
N5985,2025-09-05 03:45:00,58976.0,60.75,0
N5986,2025-09-05 03:46:00,171752.0,65.98,0
N5987,2025-09-05 03:47:00,52016.0,165.0,0
N5988,2025-09-05 03:48:00,196740.0,89.3,0
N5989,2025-09-05 03:49:00,280411.0,60.0,0
N5990,2025-09-05 03:50:00,338196.0,100.75,0
N5991,2025-09-05 03:51:00,223654.0,78.77,0
N5992,2025-09-05 03:52:00,87478.0,125.35,0
N5993,2025-09-05 03:53:00,749910.0,142.82,0
N5994,2025-09-05 03:54:00,210944.0,107.88,0
N5995,2025-09-05 03:55:00,155999.0,96.69,0
N5996,2025-09-05 03:56:00,45171.0,92.43,0
N5997,2025-09-05 03:57:00,260592.0,137.08,0
N5998,2025-09-05 03:58:00,956719.0,112.18,0
N5999,2025-09-05 03:59:00,162503.0,64.93,0
N6000,2025-09-05 04:00:00,194625.0,100.71,0
N6001,2025-09-05 04:01:00,230011.0,164.39,0
N6002,2025-09-05 04:02:00,31730.0,86.7,0
N6003,2025-09-05 04:03:00,292454.0,94.12,0
N6004,2025-09-05 04:04:00,139339.0,65.31,0
N6005,2025-09-05 04:05:00,1025846.0,107.89,0
N6006,2025-09-05 04:06:00,248276.0,136.02,0
N6007,2025-09-05 04:07:00,101175.0,131.76,0
N6008,2025-09-05 04:08:00,51443.0,75.35,0
N6009,2025-09-05 04:09:00,64415.0,101.81,0
N6010,2025-09-05 04:10:00,220282.0,138.11,0
N6011,2025-09-05 04:11:00,95668.0,126.48,0
N6012,2025-09-05 04:12:00,139906.0,98.9,0
N6013,2025-09-05 04:13:00,144750.0,90.02,0
N6014,2025-09-05 04:14:00,282210.0,119.45,0
N6015,2025-09-05 04:15:00,425186.0,129.22,0
N6016,2025-09-05 04:16:00,126011.0,83.87,0
N6017,2025-09-05 04:17:00,57289.0,85.16,0
N6018,2025-09-05 04:18:00,408290.0,107.1,0
N6019,2025-09-05 04:19:00,162971.0,136.87,0
N6020,2025-09-05 04:20:00,495691.0,120.43,0
N6021,2025-09-05 04:21:00,71372.0,104.81,0
N6022,2025-09-05 04:22:00,127111.0,130.6,0
N6023,2025-09-05 04:23:00,165731.0,76.67,0
N6024,2025-09-05 04:24:00,47292.0,82.54,0
N6025,2025-09-05 04:25:00,756575.0,134.71,0
N6026,2025-09-05 04:26:00,81018.0,130.9,0
N6027,2025-09-05 04:27:00,106324.0,113.4,0
N6028,2025-09-05 04:28:00,215099.0,133.12,0
N6029,2025-09-05 04:29:00,391418.0,114.01,0
N6030,2025-09-05 04:30:00,258428.0,156.41,0
N6031,2025-09-05 04:31:00,68327.0,60.0,0
N6032,2025-09-05 04:32:00,180796.0,137.35,0
N6033,2025-09-05 04:33:00,237566.0,81.73,0
N6034,2025-09-05 04:34:00,365456.0,112.25,0
N6035,2025-09-05 04:35:00,496337.0,105.79,0
N6036,2025-09-05 04:36:00,71905.0,139.5,0
N6037,2025-09-05 04:37:00,9893.0,109.06,0
N6038,2025-09-05 04:38:00,239108.0,135.15,0
N6039,2025-09-05 04:39:00,190410.0,60.0,0
N6040,2025-09-05 04:40:00,130173.0,122.39,0
N6041,2025-09-05 04:41:00,2335599.0,143.75,0
N6042,2025-09-05 04:42:00,14741.0,68.75,0
N6043,2025-09-05 04:43:00,193215.0,136.07,0
N6044,2025-09-05 04:44:00,116047.0,138.72,0
N6045,2025-09-05 04:45:00,66626.0,119.88,0
N6046,2025-09-05 04:46:00,339453.0,60.0,0
N6047,2025-09-05 04:47:00,484347.0,87.85,0
N6048,2025-09-05 04:48:00,36457.0,133.79,0
N6049,2025-09-05 04:49:00,282304.0,117.1,0
N6050,2025-09-05 04:50:00,163641.0,123.41,0
N6051,2025-09-05 04:51:00,75765.0,132.05,0
N6052,2025-09-05 04:52:00,128766.0,97.27,0
N6053,2025-09-05 04:53:00,80796.0,94.79,0
N6054,2025-09-05 04:54:00,219082.0,151.65,0
N6055,2025-09-05 04:55:00,94857.0,117.41,0
N6056,2025-09-05 04:56:00,44183.0,128.53,0
N6057,2025-09-05 04:57:00,76491.0,119.62,0
N6058,2025-09-05 04:58:00,24342.0,120.57,0
N6059,2025-09-05 04:59:00,60724.0,108.57,0
N6060,2025-09-05 05:00:00,267391.0,99.32,0
N6061,2025-09-05 05:01:00,23195.0,114.78,0
N6062,2025-09-05 05:02:00,235853.0,77.07,0
N6063,2025-09-05 05:03:00,15986.0,135.29,0
N6064,2025-09-05 05:04:00,1052562.0,140.4,0
N6065,2025-09-05 05:05:00,123248.0,94.52,0
N6066,2025-09-05 05:06:00,202036.0,85.7,0
N6067,2025-09-05 05:07:00,65112.0,95.96,0
N6068,2025-09-05 05:08:00,24684.0,119.95,0
N6069,2025-09-05 05:09:00,414787.0,83.66,0
N6070,2025-09-05 05:10:00,4305.0,85.58,0
N6071,2025-09-05 05:11:00,171725.0,148.37,0
N6072,2025-09-05 05:12:00,113888.0,98.18,0
N6073,2025-09-05 05:13:00,110910.0,98.17,0
N6074,2025-09-05 05:14:00,135658.0,146.58,0
N6075,2025-09-05 05:15:00,657016.0,115.68,0
N6076,2025-09-05 05:16:00,91063.0,112.02,0
N6077,2025-09-05 05:17:00,273596.0,94.23,0
N6078,2025-09-05 05:18:00,299189.0,122.59,0
N6079,2025-09-05 05:19:00,34845.0,68.23,0
N6080,2025-09-05 05:20:00,380094.0,88.6,0
N6081,2025-09-05 05:21:00,690922.0,112.4,0
N6082,2025-09-05 05:22:00,74717.0,140.49,0
N6083,2025-09-05 05:23:00,21336.0,112.17,0
N6084,2025-09-05 05:24:00,840880.0,125.92,0
N6085,2025-09-05 05:25:00,182989.0,158.22,0
N6086,2025-09-05 05:26:00,27320.0,132.71,0
N6087,2025-09-05 05:27:00,302195.0,120.57,0
N6088,2025-09-05 05:28:00,407817.0,141.4,0
N6089,2025-09-05 05:29:00,116444.0,159.45,0
N6090,2025-09-05 05:30:00,15665.0,142.42,0
N6091,2025-09-05 05:31:00,427454.0,121.08,0
N6092,2025-09-05 05:32:00,184154.0,85.92,0
N6093,2025-09-05 05:33:00,174928.0,85.23,0
N6094,2025-09-05 05:34:00,44568.0,60.0,0
N6095,2025-09-05 05:35:00,124392.0,117.04,0
N6096,2025-09-05 05:36:00,776045.0,160.07,0
N6097,2025-09-05 05:37:00,106394.0,60.47,0
N6098,2025-09-05 05:38:00,225869.0,131.96,0
N6099,2025-09-05 05:39:00,476763.0,105.02,0
N6100,2025-09-05 05:40:00,107360.0,60.0,0
N6101,2025-09-05 05:41:00,76378.0,111.85,0
N6102,2025-09-05 05:42:00,1582829.0,120.28,0
N6103,2025-09-05 05:43:00,224633.0,60.0,0
N6104,2025-09-05 05:44:00,140619.0,126.74,0
N6105,2025-09-05 05:45:00,217210.0,113.3,0
N6106,2025-09-05 05:46:00,57134.0,122.44,0
N6107,2025-09-05 05:47:00,136234.0,142.69,0
N6108,2025-09-05 05:48:00,214397.0,60.0,0
N6109,2025-09-05 05:49:00,267530.0,107.06,0
N6110,2025-09-05 05:50:00,58005.0,105.45,0
N6111,2025-09-05 05:51:00,266489.0,164.8,0
N6112,2025-09-05 05:52:00,120212.0,132.66,0
N6113,2025-09-05 05:53:00,126735.0,142.74,0
N6114,2025-09-05 05:54:00,466419.0,175.63,0
N6115,2025-09-05 05:55:00,110217.0,82.38,0
N6116,2025-09-05 05:56:00,285816.0,110.97,0
N6117,2025-09-05 05:57:00,49931.0,107.38,0
N6118,2025-09-05 05:58:00,215771.0,123.64,0
N6119,2025-09-05 05:59:00,593115.0,154.42,0
N6120,2025-09-05 06:00:00,78517.0,148.08,0
N6121,2025-09-05 06:01:00,239309.0,112.41,0
N6122,2025-09-05 06:02:00,379585.0,142.97,0
N6123,2025-09-05 06:03:00,66141.0,116.39,0
N6124,2025-09-05 06:04:00,274790.0,77.24,0
N6125,2025-09-05 06:05:00,57945.0,78.66,0
N6126,2025-09-05 06:06:00,301834.0,97.74,0
N6127,2025-09-05 06:07:00,125952.0,123.05,0
N6128,2025-09-05 06:08:00,17698.0,69.63,0
N6129,2025-09-05 06:09:00,224419.0,117.05,0
N6130,2025-09-05 06:10:00,267162.0,157.89,0
N6131,2025-09-05 06:11:00,198716.0,83.31,0
N6132,2025-09-05 06:12:00,178133.0,73.54,0
N6133,2025-09-05 06:13:00,452072.0,93.44,0
N6134,2025-09-05 06:14:00,268594.0,93.41,0
N6135,2025-09-05 06:15:00,413200.0,80.6,0
N6136,2025-09-05 06:16:00,88929.0,89.12,0
N6137,2025-09-05 06:17:00,281130.0,121.29,0
N6138,2025-09-05 06:18:00,20030.0,102.08,0
N6139,2025-09-05 06:19:00,200465.0,137.29,0
N6140,2025-09-05 06:20:00,45244.0,80.47,0
N6141,2025-09-05 06:21:00,872334.0,109.4,0
N6142,2025-09-05 06:22:00,143541.0,114.36,0
N6143,2025-09-05 06:23:00,41191.0,81.09,0
N6144,2025-09-05 06:24:00,369234.0,124.24,0
N6145,2025-09-05 06:25:00,90039.0,162.98,0
N6146,2025-09-05 06:26:00,103569.0,109.54,0
N6147,2025-09-05 06:27:00,121861.0,62.29,0
N6148,2025-09-05 06:28:00,11772.0,131.49,0
N6149,2025-09-05 06:29:00,43364.0,80.83,0
N6150,2025-09-05 06:30:00,161462.0,109.51,0
N6151,2025-09-05 06:31:00,214981.0,175.76,0
N6152,2025-09-05 06:32:00,414390.0,133.5,0
N6153,2025-09-05 06:33:00,153116.0,136.17,0
N6154,2025-09-05 06:34:00,170046.0,86.01,0
N6155,2025-09-05 06:35:00,271966.0,125.16,0
N6156,2025-09-05 06:36:00,443027.0,124.44,0
N6157,2025-09-05 06:37:00,235899.0,186.88,0
N6158,2025-09-05 06:38:00,207290.0,151.07,0
N6159,2025-09-05 06:39:00,95565.0,124.99,0
N6160,2025-09-05 06:40:00,156469.0,93.29,0
N6161,2025-09-05 06:41:00,93895.0,155.65,0
N6162,2025-09-05 06:42:00,20560.0,114.85,0
N6163,2025-09-05 06:43:00,89489.0,148.0,0
N6164,2025-09-05 06:44:00,221611.0,185.28,0
N6165,2025-09-05 06:45:00,83693.0,65.13,0
N6166,2025-09-05 06:46:00,275916.0,146.05,0
N6167,2025-09-05 06:47:00,89181.0,102.76,0
N6168,2025-09-05 06:48:00,147257.0,127.12,0
N6169,2025-09-05 06:49:00,508198.0,157.43,0
N6170,2025-09-05 06:50:00,131734.0,165.77,0
N6171,2025-09-05 06:51:00,216247.0,101.12,0
N6172,2025-09-05 06:52:00,355120.0,104.09,0
N6173,2025-09-05 06:53:00,63856.0,146.73,0
N6174,2025-09-05 06:54:00,116308.0,142.37,0
N6175,2025-09-05 06:55:00,165715.0,120.03,0
N6176,2025-09-05 06:56:00,101503.0,118.89,0
N6177,2025-09-05 06:57:00,40608.0,71.27,0
N6178,2025-09-05 06:58:00,63154.0,99.05,0
N6179,2025-09-05 06:59:00,117707.0,111.31,0
N6180,2025-09-05 07:00:00,763301.0,85.8,0
N6181,2025-09-05 07:01:00,165547.0,119.03,0
N6182,2025-09-05 07:02:00,199685.0,122.83,0
N6183,2025-09-05 07:03:00,162819.0,91.54,0
N6184,2025-09-05 07:04:00,362633.0,107.03,0
N6185,2025-09-05 07:05:00,725196.0,154.04,0
N6186,2025-09-05 07:06:00,321416.0,118.29,0
N6187,2025-09-05 07:07:00,27948.0,115.05,0
N6188,2025-09-05 07:08:00,118574.0,71.66,0
N6189,2025-09-05 07:09:00,154455.0,163.03,0
N6190,2025-09-05 07:10:00,121958.0,96.8,0
N6191,2025-09-05 07:11:00,265664.0,96.42,0
N6192,2025-09-05 07:12:00,46867.0,116.21,0
N6193,2025-09-05 07:13:00,307704.0,171.21,0
N6194,2025-09-05 07:14:00,75288.0,144.95,0
N6195,2025-09-05 07:15:00,910657.0,130.58,0
N6196,2025-09-05 07:16:00,130327.0,79.7,0
N6197,2025-09-05 07:17:00,195619.0,193.67,0
N6198,2025-09-05 07:18:00,284353.0,93.92,0
N6199,2025-09-05 07:19:00,267655.0,140.4,0
N6200,2025-09-05 07:20:00,129912.0,146.94,0
N6201,2025-09-05 07:21:00,46003.0,139.54,0
N6202,2025-09-05 07:22:00,365094.0,111.06,0
N6203,2025-09-05 07:23:00,552613.0,130.86,0
N6204,2025-09-05 07:24:00,504824.0,119.15,0
N6205,2025-09-05 07:25:00,35079.0,119.83,0
N6206,2025-09-05 07:26:00,241725.0,129.95,0
N6207,2025-09-05 07:27:00,75282.0,98.98,0
N6208,2025-09-05 07:28:00,27000.0,141.27,0
N6209,2025-09-05 07:29:00,82574.0,120.69,0
N6210,2025-09-05 07:30:00,194716.0,113.91,0
N6211,2025-09-05 07:31:00,384746.0,127.02,0
N6212,2025-09-05 07:32:00,153985.0,115.93,0
N6213,2025-09-05 07:33:00,153761.0,88.47,0
N6214,2025-09-05 07:34:00,205311.0,128.83,0
N6215,2025-09-05 07:35:00,89412.0,124.26,0
N6216,2025-09-05 07:36:00,173665.0,97.89,0
N6217,2025-09-05 07:37:00,46706.0,85.35,0
N6218,2025-09-05 07:38:00,357303.0,131.83,0
N6219,2025-09-05 07:39:00,1317434.0,156.57,0
N6220,2025-09-05 07:40:00,1322195.0,101.71,0
N6221,2025-09-05 07:41:00,202456.0,160.87,0
N6222,2025-09-05 07:42:00,142118.0,93.38,0
N6223,2025-09-05 07:43:00,433692.0,75.16,0
N6224,2025-09-05 07:44:00,33733.0,107.69,0
N6225,2025-09-05 07:45:00,157217.0,124.5,0
N6226,2025-09-05 07:46:00,166076.0,101.89,0
N6227,2025-09-05 07:47:00,1531696.0,115.83,0
N6228,2025-09-05 07:48:00,72202.0,105.34,0
N6229,2025-09-05 07:49:00,22920.0,113.77,0
N6230,2025-09-05 07:50:00,67906.0,126.43,0
N6231,2025-09-05 07:51:00,126741.0,88.9,0
N6232,2025-09-05 07:52:00,505200.0,124.44,0
N6233,2025-09-05 07:53:00,53589.0,68.48,0
N6234,2025-09-05 07:54:00,217822.0,138.33,0
N6235,2025-09-05 07:55:00,121789.0,151.47,0
N6236,2025-09-05 07:56:00,358476.0,95.19,0
N6237,2025-09-05 07:57:00,89037.0,155.94,0
N6238,2025-09-05 07:58:00,378068.0,119.84,0
N6239,2025-09-05 07:59:00,79286.0,112.19,0
N6240,2025-09-05 08:00:00,154466.0,78.28,0
N6241,2025-09-05 08:01:00,14069.0,80.43,0
N6242,2025-09-05 08:02:00,1681379.0,162.46,0
N6243,2025-09-05 08:03:00,69078.0,108.68,0
N6244,2025-09-05 08:04:00,165352.0,138.5,0
N6245,2025-09-05 08:05:00,290700.0,195.68,0
N6246,2025-09-05 08:06:00,100244.0,141.69,0
N6247,2025-09-05 08:07:00,131418.0,116.72,0
N6248,2025-09-05 08:08:00,42379.0,166.57,0
N6249,2025-09-05 08:09:00,120410.0,169.39,0
N6250,2025-09-05 08:10:00,1121036.0,94.76,0
N6251,2025-09-05 08:11:00,92232.0,89.37,0
N6252,2025-09-05 08:12:00,224246.0,157.59,0
N6253,2025-09-05 08:13:00,136666.0,60.34,0
N6254,2025-09-05 08:14:00,271054.0,173.16,0
N6255,2025-09-05 08:15:00,452558.0,128.02,0
N6256,2025-09-05 08:16:00,62685.0,177.7,0
N6257,2025-09-05 08:17:00,332215.0,68.26,0
N6258,2025-09-05 08:18:00,107834.0,119.71,0
N6259,2025-09-05 08:19:00,65597.0,113.97,0
N6260,2025-09-05 08:20:00,587751.0,112.52,0
N6261,2025-09-05 08:21:00,200028.0,60.25,0
N6262,2025-09-05 08:22:00,41381.0,88.88,0
N6263,2025-09-05 08:23:00,26616.0,155.24,0
N6264,2025-09-05 08:24:00,290546.0,91.25,0
N6265,2025-09-05 08:25:00,125401.0,135.02,0
N6266,2025-09-05 08:26:00,53678.0,125.39,0
N6267,2025-09-05 08:27:00,251125.0,124.76,0
N6268,2025-09-05 08:28:00,148114.0,98.18,0
N6269,2025-09-05 08:29:00,3302882.0,114.52,0
N6270,2025-09-05 08:30:00,215103.0,75.69,0
N6271,2025-09-05 08:31:00,41930.0,73.58,0
N6272,2025-09-05 08:32:00,219862.0,80.85,0
N6273,2025-09-05 08:33:00,43238.0,110.41,0
N6274,2025-09-05 08:34:00,109308.0,74.05,0
N6275,2025-09-05 08:35:00,69980.0,166.56,0
N6276,2025-09-05 08:36:00,57580.0,97.76,0
N6277,2025-09-05 08:37:00,101683.0,163.6,0
N6278,2025-09-05 08:38:00,414406.0,171.33,0
N6279,2025-09-05 08:39:00,38780.0,92.79,0
N6280,2025-09-05 08:40:00,97698.0,125.09,0
N6281,2025-09-05 08:41:00,393214.0,111.19,0
N6282,2025-09-05 08:42:00,115313.0,158.61,0
N6283,2025-09-05 08:43:00,56967.0,60.0,0
N6284,2025-09-05 08:44:00,2058025.0,93.4,0
N6285,2025-09-05 08:45:00,131719.0,139.35,0
N6286,2025-09-05 08:46:00,41793.0,125.59,0
N6287,2025-09-05 08:47:00,169795.0,101.86,0
N6288,2025-09-05 08:48:00,473284.0,164.97,0
N6289,2025-09-05 08:49:00,111611.0,144.06,0
N6290,2025-09-05 08:50:00,51530.0,71.83,0
N6291,2025-09-05 08:51:00,426315.0,124.87,0
N6292,2025-09-05 08:52:00,181610.0,132.01,0
N6293,2025-09-05 08:53:00,150598.0,132.6,0
N6294,2025-09-05 08:54:00,73348.0,134.58,0
N6295,2025-09-05 08:55:00,121436.0,105.87,0
N6296,2025-09-05 08:56:00,267950.0,142.01,0
N6297,2025-09-05 08:57:00,100872.0,109.38,0
N6298,2025-09-05 08:58:00,556616.0,125.23,0
N6299,2025-09-05 08:59:00,300795.0,130.99,0
N6300,2025-09-05 09:00:00,156566.0,115.7,0
N6301,2025-09-05 09:01:00,634245.0,121.22,0
N6302,2025-09-05 09:02:00,53535.0,122.26,0
N6303,2025-09-05 09:03:00,129289.0,108.43,0
N6304,2025-09-05 09:04:00,1159275.0,138.44,0
N6305,2025-09-05 09:05:00,30358.0,134.99,0
N6306,2025-09-05 09:06:00,166521.0,133.67,0
N6307,2025-09-05 09:07:00,62656.0,159.59,0
N6308,2025-09-05 09:08:00,221609.0,134.11,0
N6309,2025-09-05 09:09:00,812129.0,115.01,0
N6310,2025-09-05 09:10:00,203482.0,97.16,0
N6311,2025-09-05 09:11:00,233776.0,163.25,0
N6312,2025-09-05 09:12:00,786323.0,124.66,0
N6313,2025-09-05 09:13:00,166792.0,148.81,0
N6314,2025-09-05 09:14:00,87314.0,136.43,0
N6315,2025-09-05 09:15:00,194471.0,115.45,0
N6316,2025-09-05 09:16:00,450472.0,169.42,0
N6317,2025-09-05 09:17:00,90469.0,111.19,0
N6318,2025-09-05 09:18:00,358312.0,151.0,0
N6319,2025-09-05 09:19:00,115518.0,100.56,0
N6320,2025-09-05 09:20:00,614146.0,149.48,0
N6321,2025-09-05 09:21:00,211896.0,108.87,0
N6322,2025-09-05 09:22:00,214272.0,107.16,0
N6323,2025-09-05 09:23:00,175066.0,80.71,0
N6324,2025-09-05 09:24:00,166027.0,138.06,0
N6325,2025-09-05 09:25:00,150195.0,65.0,0
N6326,2025-09-05 09:26:00,116075.0,123.63,0
N6327,2025-09-05 09:27:00,91382.0,92.74,0
N6328,2025-09-05 09:28:00,305011.0,130.71,0
N6329,2025-09-05 09:29:00,41460.0,116.68,0
N6330,2025-09-05 09:30:00,467820.0,104.35,0
N6331,2025-09-05 09:31:00,1356968.0,164.48,0
N6332,2025-09-05 09:32:00,182168.0,113.06,0
N6333,2025-09-05 09:33:00,32507.0,113.99,0
N6334,2025-09-05 09:34:00,686532.0,170.72,0
N6335,2025-09-05 09:35:00,453222.0,115.44,0
N6336,2025-09-05 09:36:00,1101737.0,142.31,0
N6337,2025-09-05 09:37:00,102271.0,196.87,0
N6338,2025-09-05 09:38:00,1042007.0,127.46,0
N6339,2025-09-05 09:39:00,349070.0,152.81,0
N6340,2025-09-05 09:40:00,60858.0,178.57,0
N6341,2025-09-05 09:41:00,164466.0,94.76,0
N6342,2025-09-05 09:42:00,94396.0,91.27,0
N6343,2025-09-05 09:43:00,227085.0,106.31,0
N6344,2025-09-05 09:44:00,40957.0,154.62,0
N6345,2025-09-05 09:45:00,101660.0,151.41,0
N6346,2025-09-05 09:46:00,55434.0,123.85,0
N6347,2025-09-05 09:47:00,343249.0,137.26,0
N6348,2025-09-05 09:48:00,969358.0,144.92,0
N6349,2025-09-05 09:49:00,266201.0,137.47,0
N6350,2025-09-05 09:50:00,268730.0,82.28,0
N6351,2025-09-05 09:51:00,595262.0,148.89,0
N6352,2025-09-05 09:52:00,633316.0,64.03,0
N6353,2025-09-05 09:53:00,161262.0,116.74,0
N6354,2025-09-05 09:54:00,137339.0,150.51,0
N6355,2025-09-05 09:55:00,420021.0,181.65,0
N6356,2025-09-05 09:56:00,140734.0,166.17,0
N6357,2025-09-05 09:57:00,30728.0,92.28,0
N6358,2025-09-05 09:58:00,63836.0,114.66,0
N6359,2025-09-05 09:59:00,386603.0,118.74,0
N6360,2025-09-05 10:00:00,435614.0,171.74,0
N6361,2025-09-05 10:01:00,255229.0,159.02,0
N6362,2025-09-05 10:02:00,2552986.0,91.57,0
N6363,2025-09-05 10:03:00,124060.0,69.57,0
N6364,2025-09-05 10:04:00,461350.0,177.88,0
N6365,2025-09-05 10:05:00,276809.0,68.87,0
N6366,2025-09-05 10:06:00,215556.0,155.96,0
N6367,2025-09-05 10:07:00,50737.0,90.53,0
N6368,2025-09-05 10:08:00,138811.0,134.84,0
N6369,2025-09-05 10:09:00,16425.0,124.64,0
N6370,2025-09-05 10:10:00,93503.0,178.04,0
N6371,2025-09-05 10:11:00,460330.0,142.69,0
N6372,2025-09-05 10:12:00,372166.0,104.62,0
N6373,2025-09-05 10:13:00,250086.0,109.21,0
N6374,2025-09-05 10:14:00,105003.0,109.5,0
N6375,2025-09-05 10:15:00,68009.0,88.03,0
N6376,2025-09-05 10:16:00,1085463.0,107.97,0
N6377,2025-09-05 10:17:00,196841.0,172.11,0
N6378,2025-09-05 10:18:00,60655.0,149.66,0
N6379,2025-09-05 10:19:00,227775.0,125.98,0
N6380,2025-09-05 10:20:00,246667.0,125.08,0
N6381,2025-09-05 10:21:00,162492.0,159.83,0
N6382,2025-09-05 10:22:00,157080.0,137.89,0
N6383,2025-09-05 10:23:00,187979.0,121.04,0
N6384,2025-09-05 10:24:00,215897.0,124.18,0
N6385,2025-09-05 10:25:00,1116480.0,150.94,0
N6386,2025-09-05 10:26:00,672474.0,131.09,0
N6387,2025-09-05 10:27:00,227828.0,89.82,0
N6388,2025-09-05 10:28:00,441372.0,120.27,0
N6389,2025-09-05 10:29:00,386853.0,155.62,0
N6390,2025-09-05 10:30:00,297069.0,120.1,0
N6391,2025-09-05 10:31:00,962050.0,112.46,0
N6392,2025-09-05 10:32:00,152290.0,78.94,0
N6393,2025-09-05 10:33:00,132056.0,118.22,0
N6394,2025-09-05 10:34:00,81025.0,152.8,0
N6395,2025-09-05 10:35:00,444242.0,95.51,0
N6396,2025-09-05 10:36:00,368306.0,140.14,0
N6397,2025-09-05 10:37:00,116184.0,148.08,0
N6398,2025-09-05 10:38:00,35037.0,114.31,0
N6399,2025-09-05 10:39:00,1727574.0,99.14,0
N6400,2025-09-05 10:40:00,456924.0,93.2,0
N6401,2025-09-05 10:41:00,102318.0,96.04,0
N6402,2025-09-05 10:42:00,832719.0,72.42,0
N6403,2025-09-05 10:43:00,119252.0,114.42,0
N6404,2025-09-05 10:44:00,196990.0,127.01,0
N6405,2025-09-05 10:45:00,116950.0,142.95,0
N6406,2025-09-05 10:46:00,908140.0,201.24,0
N6407,2025-09-05 10:47:00,52305.0,157.91,0
N6408,2025-09-05 10:48:00,190533.0,155.05,0
N6409,2025-09-05 10:49:00,432097.0,79.76,0
N6410,2025-09-05 10:50:00,191068.0,126.09,0
N6411,2025-09-05 10:51:00,33817.0,104.61,0
N6412,2025-09-05 10:52:00,148692.0,148.9,0
N6413,2025-09-05 10:53:00,59706.0,150.25,0
N6414,2025-09-05 10:54:00,833912.0,120.72,0
N6415,2025-09-05 10:55:00,33078.0,92.12,0
N6416,2025-09-05 10:56:00,132638.0,133.83,0
N6417,2025-09-05 10:57:00,231175.0,118.97,0
N6418,2025-09-05 10:58:00,314046.0,105.4,0
N6419,2025-09-05 10:59:00,467340.0,118.5,0
N6420,2025-09-05 11:00:00,185510.0,95.37,0
N6421,2025-09-05 11:01:00,52603.0,118.78,0
N6422,2025-09-05 11:02:00,60399.0,102.32,0
N6423,2025-09-05 11:03:00,85781.0,99.15,0
N6424,2025-09-05 11:04:00,218736.0,124.6,0
N6425,2025-09-05 11:05:00,104756.0,174.0,0
N6426,2025-09-05 11:06:00,9632.0,154.06,0
N6427,2025-09-05 11:07:00,618345.0,139.3,0
N6428,2025-09-05 11:08:00,585124.0,118.88,0
N6429,2025-09-05 11:09:00,287940.0,60.0,0
N6430,2025-09-05 11:10:00,859311.0,137.92,0
N6431,2025-09-05 11:11:00,280932.0,110.03,0
N6432,2025-09-05 11:12:00,186966.0,178.86,0
N6433,2025-09-05 11:13:00,202794.0,101.5,0
N6434,2025-09-05 11:14:00,29899.0,131.28,0
N6435,2025-09-05 11:15:00,13593.0,129.89,0
N6436,2025-09-05 11:16:00,70416.0,134.37,0
N6437,2025-09-05 11:17:00,42059.0,126.11,0
N6438,2025-09-05 11:18:00,68168.0,148.35,0
N6439,2025-09-05 11:19:00,146827.0,87.93,0
N6440,2025-09-05 11:20:00,184419.0,126.63,0
N6441,2025-09-05 11:21:00,337939.0,99.4,0
N6442,2025-09-05 11:22:00,360102.0,113.42,0
N6443,2025-09-05 11:23:00,191649.0,114.63,0
N6444,2025-09-05 11:24:00,220493.0,174.03,0
N6445,2025-09-05 11:25:00,151088.0,107.87,0
N6446,2025-09-05 11:26:00,47478.0,158.62,0
N6447,2025-09-05 11:27:00,482211.0,99.23,0
N6448,2025-09-05 11:28:00,60213.0,151.44,0
N6449,2025-09-05 11:29:00,151488.0,160.56,0
N6450,2025-09-05 11:30:00,257601.0,135.47,0
N6451,2025-09-05 11:31:00,202579.0,174.77,0
N6452,2025-09-05 11:32:00,370511.0,98.85,0
N6453,2025-09-05 11:33:00,1023351.0,121.98,0
N6454,2025-09-05 11:34:00,275248.0,114.71,0
N6455,2025-09-05 11:35:00,79523.0,139.56,0
N6456,2025-09-05 11:36:00,42413.0,172.61,0
N6457,2025-09-05 11:37:00,75223.0,137.97,0
N6458,2025-09-05 11:38:00,4326327.0,72.04,0
N6459,2025-09-05 11:39:00,131137.0,198.72,0
N6460,2025-09-05 11:40:00,424193.0,112.14,0
N6461,2025-09-05 11:41:00,32767.0,117.85,0
N6462,2025-09-05 11:42:00,110081.0,120.98,0
N6463,2025-09-05 11:43:00,409660.0,93.23,0
N6464,2025-09-05 11:44:00,279296.0,123.26,0
N6465,2025-09-05 11:45:00,220465.0,134.13,0
N6466,2025-09-05 11:46:00,149612.0,129.55,0
N6467,2025-09-05 11:47:00,235903.0,82.53,0
N6468,2025-09-05 11:48:00,131881.0,144.81,0
N6469,2025-09-05 11:49:00,87694.0,84.55,0
N6470,2025-09-05 11:50:00,87827.0,111.71,0
N6471,2025-09-05 11:51:00,42836.0,124.66,0
N6472,2025-09-05 11:52:00,340695.0,122.49,0
N6473,2025-09-05 11:53:00,395409.0,116.34,0
N6474,2025-09-05 11:54:00,541553.0,141.69,0
N6475,2025-09-05 11:55:00,524222.0,84.22,0
N6476,2025-09-05 11:56:00,969828.0,156.47,0
N6477,2025-09-05 11:57:00,101953.0,104.9,0
N6478,2025-09-05 11:58:00,391322.0,102.36,0
N6479,2025-09-05 11:59:00,310225.0,104.66,0
N6480,2025-09-05 12:00:00,1552344.0,147.24,0
N6481,2025-09-05 12:01:00,374720.0,95.17,0
N6482,2025-09-05 12:02:00,41270.0,110.13,0
N6483,2025-09-05 12:03:00,489837.0,127.45,0
N6484,2025-09-05 12:04:00,259749.0,123.08,0
N6485,2025-09-05 12:05:00,125689.0,124.51,0
N6486,2025-09-05 12:06:00,161334.0,119.98,0
N6487,2025-09-05 12:07:00,219534.0,122.42,0
N6488,2025-09-05 12:08:00,27488.0,108.81,0
N6489,2025-09-05 12:09:00,192870.0,134.15,0
N6490,2025-09-05 12:10:00,192280.0,113.48,0
N6491,2025-09-05 12:11:00,193270.0,75.4,0
N6492,2025-09-05 12:12:00,62591.0,103.12,0
N6493,2025-09-05 12:13:00,106492.0,104.23,0
N6494,2025-09-05 12:14:00,202851.0,119.49,0
N6495,2025-09-05 12:15:00,133052.0,81.32,0
N6496,2025-09-05 12:16:00,576827.0,118.09,0
N6497,2025-09-05 12:17:00,113945.0,180.34,0
N6498,2025-09-05 12:18:00,350799.0,163.14,0
N6499,2025-09-05 12:19:00,470501.0,107.24,0
N6500,2025-09-05 12:20:00,289971.0,160.94,0
N6501,2025-09-05 12:21:00,408592.0,101.25,0
N6502,2025-09-05 12:22:00,28967.0,141.84,0
N6503,2025-09-05 12:23:00,106064.0,130.31,0
N6504,2025-09-05 12:24:00,800634.0,85.27,0
N6505,2025-09-05 12:25:00,37847.0,75.65,0
N6506,2025-09-05 12:26:00,127165.0,106.49,0
N6507,2025-09-05 12:27:00,369369.0,140.24,0
N6508,2025-09-05 12:28:00,302603.0,131.18,0
N6509,2025-09-05 12:29:00,351647.0,156.84,0
N6510,2025-09-05 12:30:00,216083.0,153.09,0
N6511,2025-09-05 12:31:00,137150.0,108.36,0
N6512,2025-09-05 12:32:00,122641.0,83.43,0
N6513,2025-09-05 12:33:00,261651.0,121.63,0
N6514,2025-09-05 12:34:00,119123.0,110.66,0
N6515,2025-09-05 12:35:00,357453.0,115.38,0
N6516,2025-09-05 12:36:00,599719.0,116.26,0
N6517,2025-09-05 12:37:00,256911.0,83.41,0
N6518,2025-09-05 12:38:00,335484.0,78.47,0
N6519,2025-09-05 12:39:00,139780.0,160.94,0
N6520,2025-09-05 12:40:00,241729.0,115.13,0
N6521,2025-09-05 12:41:00,573662.0,107.75,0
N6522,2025-09-05 12:42:00,82019.0,62.51,0
N6523,2025-09-05 12:43:00,133326.0,129.93,0
N6524,2025-09-05 12:44:00,237260.0,102.48,0
N6525,2025-09-05 12:45:00,446073.0,115.91,0
N6526,2025-09-05 12:46:00,170821.0,102.16,0
N6527,2025-09-05 12:47:00,147330.0,137.95,0
N6528,2025-09-05 12:48:00,275557.0,70.99,0
N6529,2025-09-05 12:49:00,59230.0,83.78,0
N6530,2025-09-05 12:50:00,905836.0,137.47,0
N6531,2025-09-05 12:51:00,76262.0,111.9,0
N6532,2025-09-05 12:52:00,245136.0,60.0,0
N6533,2025-09-05 12:53:00,45462.0,112.58,0
N6534,2025-09-05 12:54:00,49764.0,122.38,0
N6535,2025-09-05 12:55:00,378493.0,105.8,0
N6536,2025-09-05 12:56:00,209414.0,111.02,0
N6537,2025-09-05 12:57:00,518346.0,119.35,0
N6538,2025-09-05 12:58:00,135715.0,157.83,0
N6539,2025-09-05 12:59:00,77726.0,76.18,0
N6540,2025-09-05 13:00:00,194566.0,109.37,0
N6541,2025-09-05 13:01:00,114249.0,137.6,0
N6542,2025-09-05 13:02:00,304309.0,61.84,0
N6543,2025-09-05 13:03:00,128179.0,94.99,0
N6544,2025-09-05 13:04:00,789669.0,91.82,0
N6545,2025-09-05 13:05:00,13332.0,128.21,0
N6546,2025-09-05 13:06:00,365675.0,128.71,0
N6547,2025-09-05 13:07:00,47088.0,139.92,0
N6548,2025-09-05 13:08:00,57494.0,130.7,0
N6549,2025-09-05 13:09:00,60034.0,92.46,0
N6550,2025-09-05 13:10:00,63245.0,82.85,0
N6551,2025-09-05 13:11:00,285449.0,112.42,0
N6552,2025-09-05 13:12:00,78389.0,136.59,0
N6553,2025-09-05 13:13:00,102450.0,109.84,0
N6554,2025-09-05 13:14:00,91530.0,98.52,0
N6555,2025-09-05 13:15:00,42101.0,65.39,0
N6556,2025-09-05 13:16:00,1846365.0,156.74,0
N6557,2025-09-05 13:17:00,343497.0,90.1,0
N6558,2025-09-05 13:18:00,411985.0,151.17,0
N6559,2025-09-05 13:19:00,175465.0,139.55,0
N6560,2025-09-05 13:20:00,33271.0,145.09,0
N6561,2025-09-05 13:21:00,130859.0,90.27,0
N6562,2025-09-05 13:22:00,146184.0,68.33,0
N6563,2025-09-05 13:23:00,421186.0,60.0,0
N6564,2025-09-05 13:24:00,281471.0,74.83,0
N6565,2025-09-05 13:25:00,146267.0,83.91,0
N6566,2025-09-05 13:26:00,153288.0,155.44,0
N6567,2025-09-05 13:27:00,23634.0,80.28,0
N6568,2025-09-05 13:28:00,40852.0,106.57,0
N6569,2025-09-05 13:29:00,1421604.0,142.17,0
N6570,2025-09-05 13:30:00,400792.0,153.45,0
N6571,2025-09-05 13:31:00,104655.0,175.54,0
N6572,2025-09-05 13:32:00,89482.0,96.15,0
N6573,2025-09-05 13:33:00,419096.0,101.28,0
N6574,2025-09-05 13:34:00,67416.0,116.49,0
N6575,2025-09-05 13:35:00,1810527.0,101.68,0
N6576,2025-09-05 13:36:00,188259.0,144.74,0
N6577,2025-09-05 13:37:00,54698.0,124.73,0
N6578,2025-09-05 13:38:00,164019.0,81.06,0
N6579,2025-09-05 13:39:00,896369.0,73.6,0
N6580,2025-09-05 13:40:00,258184.0,109.52,0
N6581,2025-09-05 13:41:00,181135.0,147.4,0
N6582,2025-09-05 13:42:00,577819.0,153.94,0
N6583,2025-09-05 13:43:00,136921.0,78.78,0
N6584,2025-09-05 13:44:00,55748.0,68.74,0
N6585,2025-09-05 13:45:00,333281.0,148.28,0
N6586,2025-09-05 13:46:00,109893.0,142.2,0
N6587,2025-09-05 13:47:00,98300.0,154.28,0
N6588,2025-09-05 13:48:00,103799.0,90.11,0
N6589,2025-09-05 13:49:00,169233.0,118.92,0
N6590,2025-09-05 13:50:00,232218.0,84.61,0
N6591,2025-09-05 13:51:00,340369.0,176.02,0
N6592,2025-09-05 13:52:00,63619.0,110.79,0
N6593,2025-09-05 13:53:00,256243.0,102.02,0
N6594,2025-09-05 13:54:00,40213.0,121.31,0
N6595,2025-09-05 13:55:00,114702.0,126.86,0
N6596,2025-09-05 13:56:00,28248.0,107.51,0
N6597,2025-09-05 13:57:00,174220.0,98.96,0
N6598,2025-09-05 13:58:00,170361.0,88.08,0
N6599,2025-09-05 13:59:00,221739.0,90.62,0
N6600,2025-09-05 14:00:00,290559.0,139.09,0
N6601,2025-09-05 14:01:00,331475.0,73.94,0
N6602,2025-09-05 14:02:00,245778.0,100.27,0
N6603,2025-09-05 14:03:00,67770.0,87.17,0
N6604,2025-09-05 14:04:00,79198.0,111.85,0
N6605,2025-09-05 14:05:00,96797.0,129.07,0
N6606,2025-09-05 14:06:00,611779.0,152.92,0
N6607,2025-09-05 14:07:00,309762.0,123.67,0
N6608,2025-09-05 14:08:00,322586.0,107.47,0
N6609,2025-09-05 14:09:00,22885.0,136.36,0
N6610,2025-09-05 14:10:00,63419.0,60.0,0
N6611,2025-09-05 14:11:00,61525.0,102.56,0
N6612,2025-09-05 14:12:00,50580.0,138.17,0
N6613,2025-09-05 14:13:00,737236.0,60.0,0
N6614,2025-09-05 14:14:00,1082253.0,123.25,0
N6615,2025-09-05 14:15:00,192018.0,127.66,0
N6616,2025-09-05 14:16:00,66920.0,151.18,0
N6617,2025-09-05 14:17:00,101081.0,70.57,0
N6618,2025-09-05 14:18:00,202620.0,105.06,0
N6619,2025-09-05 14:19:00,406834.0,132.8,0
N6620,2025-09-05 14:20:00,29671.0,110.91,0
N6621,2025-09-05 14:21:00,338494.0,111.18,0
N6622,2025-09-05 14:22:00,497458.0,165.74,0
N6623,2025-09-05 14:23:00,162134.0,112.61,0
N6624,2025-09-05 14:24:00,387752.0,216.33,0
N6625,2025-09-05 14:25:00,117651.0,62.78,0
N6626,2025-09-05 14:26:00,165323.0,60.0,0
N6627,2025-09-05 14:27:00,193444.0,88.7,0
N6628,2025-09-05 14:28:00,142169.0,101.41,0
N6629,2025-09-05 14:29:00,249537.0,77.41,0
N6630,2025-09-05 14:30:00,274148.0,80.75,0
N6631,2025-09-05 14:31:00,255792.0,156.27,0
N6632,2025-09-05 14:32:00,208068.0,60.87,0
N6633,2025-09-05 14:33:00,45362.0,130.66,0
N6634,2025-09-05 14:34:00,30684.0,93.84,0
N6635,2025-09-05 14:35:00,310725.0,105.65,0
N6636,2025-09-05 14:36:00,59670.0,169.76,0
N6637,2025-09-05 14:37:00,57427.0,128.54,0
N6638,2025-09-05 14:38:00,89743.0,115.27,0
N6639,2025-09-05 14:39:00,114620.0,72.12,0
N6640,2025-09-05 14:40:00,50384.0,75.25,0
N6641,2025-09-05 14:41:00,183179.0,109.54,0
N6642,2025-09-05 14:42:00,266256.0,86.54,0
N6643,2025-09-05 14:43:00,95031.0,80.71,0
N6644,2025-09-05 14:44:00,158804.0,95.35,0
N6645,2025-09-05 14:45:00,468838.0,154.49,0
N6646,2025-09-05 14:46:00,937239.0,151.49,0
N6647,2025-09-05 14:47:00,17919.0,121.82,0
N6648,2025-09-05 14:48:00,57425.0,133.01,0
N6649,2025-09-05 14:49:00,119608.0,140.84,0
N6650,2025-09-05 14:50:00,168390.0,124.0,0
N6651,2025-09-05 14:51:00,457856.0,90.07,0
N6652,2025-09-05 14:52:00,628889.0,161.36,0
N6653,2025-09-05 14:53:00,983825.0,60.0,0
N6654,2025-09-05 14:54:00,116681.0,201.01,0
N6655,2025-09-05 14:55:00,374957.0,156.33,0
N6656,2025-09-05 14:56:00,103491.0,149.95,0
N6657,2025-09-05 14:57:00,97922.0,109.23,0
N6658,2025-09-05 14:58:00,113720.0,140.77,0
N6659,2025-09-05 14:59:00,63642.0,88.79,0
N6660,2025-09-05 15:00:00,499797.0,140.93,0
N6661,2025-09-05 15:01:00,20973.0,102.98,0
N6662,2025-09-05 15:02:00,65733.0,142.39,0
N6663,2025-09-05 15:03:00,69749.0,135.43,0
N6664,2025-09-05 15:04:00,43894.0,149.11,0
N6665,2025-09-05 15:05:00,281915.0,115.17,0
N6666,2025-09-05 15:06:00,152172.0,112.49,0
N6667,2025-09-05 15:07:00,70738.0,82.34,0
N6668,2025-09-05 15:08:00,109231.0,161.42,0
N6669,2025-09-05 15:09:00,104467.0,110.68,0
N6670,2025-09-05 15:10:00,205192.0,97.05,0
N6671,2025-09-05 15:11:00,816806.0,140.93,0
N6672,2025-09-05 15:12:00,148200.0,184.86,0
N6673,2025-09-05 15:13:00,688221.0,142.8,0
N6674,2025-09-05 15:14:00,558828.0,119.41,0
N6675,2025-09-05 15:15:00,49527.0,133.79,0
N6676,2025-09-05 15:16:00,42075.0,107.16,0
N6677,2025-09-05 15:17:00,264449.0,149.39,0
N6678,2025-09-05 15:18:00,124617.0,107.38,0
N6679,2025-09-05 15:19:00,75919.0,105.47,0
N6680,2025-09-05 15:20:00,213971.0,134.45,0
N6681,2025-09-05 15:21:00,202291.0,122.73,0
N6682,2025-09-05 15:22:00,14529.0,154.28,0
N6683,2025-09-05 15:23:00,190691.0,117.49,0
N6684,2025-09-05 15:24:00,124912.0,137.08,0
N6685,2025-09-05 15:25:00,108012.0,116.88,0
N6686,2025-09-05 15:26:00,297068.0,144.37,0
N6687,2025-09-05 15:27:00,42876.0,99.68,0
N6688,2025-09-05 15:28:00,259677.0,153.93,0
N6689,2025-09-05 15:29:00,60682.0,145.92,0
N6690,2025-09-05 15:30:00,613279.0,86.99,0
N6691,2025-09-05 15:31:00,450985.0,141.1,0
N6692,2025-09-05 15:32:00,106631.0,77.09,0
N6693,2025-09-05 15:33:00,213489.0,112.47,0
N6694,2025-09-05 15:34:00,169802.0,165.92,0
N6695,2025-09-05 15:35:00,184743.0,174.74,0
N6696,2025-09-05 15:36:00,220397.0,104.39,0
N6697,2025-09-05 15:37:00,104326.0,144.68,0
N6698,2025-09-05 15:38:00,96617.0,104.71,0
N6699,2025-09-05 15:39:00,311199.0,155.68,0
N6700,2025-09-05 15:40:00,92910.0,142.58,0
N6701,2025-09-05 15:41:00,30977.0,121.66,0
N6702,2025-09-05 15:42:00,348365.0,75.29,0
N6703,2025-09-05 15:43:00,552308.0,88.4,0
N6704,2025-09-05 15:44:00,19246.0,134.23,0
N6705,2025-09-05 15:45:00,76960.0,140.57,0
N6706,2025-09-05 15:46:00,131126.0,123.31,0
N6707,2025-09-05 15:47:00,138801.0,117.02,0
N6708,2025-09-05 15:48:00,28081.0,171.38,0
N6709,2025-09-05 15:49:00,89245.0,111.0,0
N6710,2025-09-05 15:50:00,701478.0,164.12,0
N6711,2025-09-05 15:51:00,161795.0,98.1,0
N6712,2025-09-05 15:52:00,114872.0,94.95,0
N6713,2025-09-05 15:53:00,333871.0,148.4,0
N6714,2025-09-05 15:54:00,79936.0,146.22,0
N6715,2025-09-05 15:55:00,249712.0,114.39,0
N6716,2025-09-05 15:56:00,347507.0,136.76,0
N6717,2025-09-05 15:57:00,70363.0,193.52,0
N6718,2025-09-05 15:58:00,58409.0,75.15,0
N6719,2025-09-05 15:59:00,291130.0,119.67,0
N6720,2025-09-05 16:00:00,636152.0,111.4,0
N6721,2025-09-05 16:01:00,133096.0,135.63,0
N6722,2025-09-05 16:02:00,29496.0,96.57,0
N6723,2025-09-05 16:03:00,191546.0,155.46,0
N6724,2025-09-05 16:04:00,59026.0,150.91,0
N6725,2025-09-05 16:05:00,43442.0,74.36,0
N6726,2025-09-05 16:06:00,197273.0,135.28,0
N6727,2025-09-05 16:07:00,307151.0,135.86,0
N6728,2025-09-05 16:08:00,124641.0,152.87,0
N6729,2025-09-05 16:09:00,401328.0,135.41,0
N6730,2025-09-05 16:10:00,50406.0,152.52,0
N6731,2025-09-05 16:11:00,240424.0,126.06,0
N6732,2025-09-05 16:12:00,393371.0,133.34,0
N6733,2025-09-05 16:13:00,13873.0,93.24,0
N6734,2025-09-05 16:14:00,241603.0,122.98,0
N6735,2025-09-05 16:15:00,712203.0,60.0,0
N6736,2025-09-05 16:16:00,279065.0,133.63,0
N6737,2025-09-05 16:17:00,199975.0,118.85,0
N6738,2025-09-05 16:18:00,143491.0,139.1,0
N6739,2025-09-05 16:19:00,25193.0,109.47,0
N6740,2025-09-05 16:20:00,320948.0,158.19,0
N6741,2025-09-05 16:21:00,79205.0,61.99,0
N6742,2025-09-05 16:22:00,97891.0,145.53,0
N6743,2025-09-05 16:23:00,214958.0,122.66,0
N6744,2025-09-05 16:24:00,112228.0,155.13,0
N6745,2025-09-05 16:25:00,122816.0,149.73,0
N6746,2025-09-05 16:26:00,99712.0,94.04,0
N6747,2025-09-05 16:27:00,364538.0,60.0,0
N6748,2025-09-05 16:28:00,98736.0,78.11,0
N6749,2025-09-05 16:29:00,377442.0,119.09,0
N6750,2025-09-05 16:30:00,2561319.0,164.51,0
N6751,2025-09-05 16:31:00,57237.0,166.05,0
N6752,2025-09-05 16:32:00,325949.0,177.32,0
N6753,2025-09-05 16:33:00,474210.0,107.38,0
N6754,2025-09-05 16:34:00,360610.0,110.02,0
N6755,2025-09-05 16:35:00,620494.0,95.77,0
N6756,2025-09-05 16:36:00,84921.0,107.62,0
N6757,2025-09-05 16:37:00,39141.0,118.24,0
N6758,2025-09-05 16:38:00,399849.0,134.06,0
N6759,2025-09-05 16:39:00,3318746.0,107.22,0
N6760,2025-09-05 16:40:00,27433.0,137.7,0
N6761,2025-09-05 16:41:00,45951.0,118.23,0
N6762,2025-09-05 16:42:00,516727.0,124.42,0
N6763,2025-09-05 16:43:00,483272.0,146.12,0
N6764,2025-09-05 16:44:00,388676.0,143.93,0
N6765,2025-09-05 16:45:00,43960.0,113.47,0
N6766,2025-09-05 16:46:00,243675.0,175.62,0
N6767,2025-09-05 16:47:00,188617.0,97.61,0
N6768,2025-09-05 16:48:00,85881.0,72.28,0
N6769,2025-09-05 16:49:00,162462.0,86.55,0
N6770,2025-09-05 16:50:00,179735.0,162.03,0
N6771,2025-09-05 16:51:00,172299.0,68.51,0
N6772,2025-09-05 16:52:00,58115.0,134.02,0
N6773,2025-09-05 16:53:00,173078.0,147.5,0
N6774,2025-09-05 16:54:00,77256.0,176.77,0
N6775,2025-09-05 16:55:00,243259.0,101.75,0
N6776,2025-09-05 16:56:00,207418.0,91.35,0
N6777,2025-09-05 16:57:00,338708.0,136.53,0
N6778,2025-09-05 16:58:00,199043.0,117.64,0
N6779,2025-09-05 16:59:00,294440.0,140.01,0
N6780,2025-09-05 17:00:00,348011.0,131.89,0
N6781,2025-09-05 17:01:00,135900.0,98.2,0
N6782,2025-09-05 17:02:00,112724.0,138.75,0
N6783,2025-09-05 17:03:00,126167.0,123.17,0
N6784,2025-09-05 17:04:00,149069.0,114.32,0
N6785,2025-09-05 17:05:00,82117.0,134.34,0
N6786,2025-09-05 17:06:00,38903.0,164.43,0
N6787,2025-09-05 17:07:00,161574.0,158.57,0
N6788,2025-09-05 17:08:00,631145.0,87.79,0
N6789,2025-09-05 17:09:00,13799.0,138.04,0
N6790,2025-09-05 17:10:00,407146.0,73.3,0
N6791,2025-09-05 17:11:00,64252.0,114.06,0
N6792,2025-09-05 17:12:00,172393.0,122.87,0
N6793,2025-09-05 17:13:00,108320.0,84.46,0
N6794,2025-09-05 17:14:00,82419.0,150.74,0
N6795,2025-09-05 17:15:00,747671.0,85.33,0
N6796,2025-09-05 17:16:00,20175.0,83.41,0
N6797,2025-09-05 17:17:00,179039.0,130.32,0
N6798,2025-09-05 17:18:00,113389.0,157.97,0
N6799,2025-09-05 17:19:00,302616.0,101.37,0
N6800,2025-09-05 17:20:00,151249.0,113.28,0
N6801,2025-09-05 17:21:00,221740.0,74.07,0
N6802,2025-09-05 17:22:00,385765.0,139.48,0
N6803,2025-09-05 17:23:00,272466.0,125.35,0
N6804,2025-09-05 17:24:00,4988.0,66.94,0
N6805,2025-09-05 17:25:00,148020.0,110.22,0
N6806,2025-09-05 17:26:00,618105.0,60.0,0
N6807,2025-09-05 17:27:00,29796.0,186.54,0
N6808,2025-09-05 17:28:00,32720.0,121.28,0
N6809,2025-09-05 17:29:00,446134.0,131.9,0
N6810,2025-09-05 17:30:00,200493.0,132.99,0
N6811,2025-09-05 17:31:00,193626.0,172.84,0
N6812,2025-09-05 17:32:00,134858.0,132.8,0
N6813,2025-09-05 17:33:00,290115.0,111.39,0
N6814,2025-09-05 17:34:00,117015.0,112.98,0
N6815,2025-09-05 17:35:00,215242.0,137.92,0
N6816,2025-09-05 17:36:00,82436.0,130.32,0
N6817,2025-09-05 17:37:00,458213.0,150.74,0
N6818,2025-09-05 17:38:00,893478.0,144.76,0
N6819,2025-09-05 17:39:00,68262.0,64.55,0
N6820,2025-09-05 17:40:00,765098.0,138.36,0
N6821,2025-09-05 17:41:00,127972.0,153.23,0
N6822,2025-09-05 17:42:00,104446.0,78.33,0
N6823,2025-09-05 17:43:00,208119.0,86.18,0
N6824,2025-09-05 17:44:00,460401.0,137.61,0
N6825,2025-09-05 17:45:00,1510633.0,148.67,0
N6826,2025-09-05 17:46:00,156231.0,98.35,0
N6827,2025-09-05 17:47:00,622928.0,111.59,0
N6828,2025-09-05 17:48:00,616278.0,139.55,0
N6829,2025-09-05 17:49:00,74054.0,86.97,0
N6830,2025-09-05 17:50:00,74727.0,126.3,0
N6831,2025-09-05 17:51:00,93195.0,73.22,0
N6832,2025-09-05 17:52:00,298267.0,122.4,0
N6833,2025-09-05 17:53:00,103942.0,131.14,0
N6834,2025-09-05 17:54:00,147909.0,99.18,0
N6835,2025-09-05 17:55:00,106980.0,110.16,0
N6836,2025-09-05 17:56:00,129038.0,127.92,0
N6837,2025-09-05 17:57:00,2123157.0,159.41,0
N6838,2025-09-05 17:58:00,45045.0,139.32,0
N6839,2025-09-05 17:59:00,218191.0,181.56,0
N6840,2025-09-05 18:00:00,44405.0,112.73,0
N6841,2025-09-05 18:01:00,129880.0,92.61,0
N6842,2025-09-05 18:02:00,175328.0,106.82,0
N6843,2025-09-05 18:03:00,507784.0,144.99,0
N6844,2025-09-05 18:04:00,80909.0,60.0,0
N6845,2025-09-05 18:05:00,317138.0,118.67,0
N6846,2025-09-05 18:06:00,151292.0,140.48,0
N6847,2025-09-05 18:07:00,59187.0,86.62,0
N6848,2025-09-05 18:08:00,57517.0,143.3,0
N6849,2025-09-05 18:09:00,129736.0,134.37,0
N6850,2025-09-05 18:10:00,190664.0,187.72,0
N6851,2025-09-05 18:11:00,212985.0,114.48,0
N6852,2025-09-05 18:12:00,366600.0,145.47,0
N6853,2025-09-05 18:13:00,150032.0,126.08,0
N6854,2025-09-05 18:14:00,491188.0,104.97,0
N6855,2025-09-05 18:15:00,335190.0,62.5,0
N6856,2025-09-05 18:16:00,156104.0,71.88,0
N6857,2025-09-05 18:17:00,373180.0,99.42,0
N6858,2025-09-05 18:18:00,510727.0,158.65,0
N6859,2025-09-05 18:19:00,615386.0,112.27,0
N6860,2025-09-05 18:20:00,627997.0,122.47,0
N6861,2025-09-05 18:21:00,188131.0,82.39,0
N6862,2025-09-05 18:22:00,140187.0,151.78,0
N6863,2025-09-05 18:23:00,182982.0,67.98,0
N6864,2025-09-05 18:24:00,355171.0,60.0,0
N6865,2025-09-05 18:25:00,133448.0,143.73,0
N6866,2025-09-05 18:26:00,571690.0,150.97,0
N6867,2025-09-05 18:27:00,38576.0,150.76,0
N6868,2025-09-05 18:28:00,84096.0,112.27,0
N6869,2025-09-05 18:29:00,622799.0,107.94,0
N6870,2025-09-05 18:30:00,77435.0,101.13,0
N6871,2025-09-05 18:31:00,488525.0,60.24,0
N6872,2025-09-05 18:32:00,199485.0,124.14,0
N6873,2025-09-05 18:33:00,117552.0,141.98,0
N6874,2025-09-05 18:34:00,332787.0,89.22,0
N6875,2025-09-05 18:35:00,266362.0,108.25,0
N6876,2025-09-05 18:36:00,118317.0,60.0,0
N6877,2025-09-05 18:37:00,201860.0,120.07,0
N6878,2025-09-05 18:38:00,492223.0,68.52,0
N6879,2025-09-05 18:39:00,129789.0,100.52,0
N6880,2025-09-05 18:40:00,312585.0,125.16,0
N6881,2025-09-05 18:41:00,72178.0,129.04,0
N6882,2025-09-05 18:42:00,193625.0,154.01,0
N6883,2025-09-05 18:43:00,33888.0,66.41,0
N6884,2025-09-05 18:44:00,56700.0,127.05,0
N6885,2025-09-05 18:45:00,751315.0,177.66,0
N6886,2025-09-05 18:46:00,281045.0,134.5,0
N6887,2025-09-05 18:47:00,164342.0,115.33,0
N6888,2025-09-05 18:48:00,34271.0,181.59,0
N6889,2025-09-05 18:49:00,626936.0,80.85,0
N6890,2025-09-05 18:50:00,227414.0,121.73,0
N6891,2025-09-05 18:51:00,113809.0,106.31,0
N6892,2025-09-05 18:52:00,813447.0,114.6,0
N6893,2025-09-05 18:53:00,290401.0,90.12,0
N6894,2025-09-05 18:54:00,827815.0,132.17,0
N6895,2025-09-05 18:55:00,34244.0,99.32,0
N6896,2025-09-05 18:56:00,907634.0,77.75,0
N6897,2025-09-05 18:57:00,556771.0,104.4,0
N6898,2025-09-05 18:58:00,424424.0,89.06,0
N6899,2025-09-05 18:59:00,114692.0,119.37,0
N6900,2025-09-05 19:00:00,323605.0,127.17,0
N6901,2025-09-05 19:01:00,176758.0,76.89,0
N6902,2025-09-05 19:02:00,411747.0,124.2,0
N6903,2025-09-05 19:03:00,87286.0,79.97,0
N6904,2025-09-05 19:04:00,83841.0,160.11,0
N6905,2025-09-05 19:05:00,98703.0,99.24,0
N6906,2025-09-05 19:06:00,139806.0,108.82,0
N6907,2025-09-05 19:07:00,165893.0,130.29,0
N6908,2025-09-05 19:08:00,1062098.0,122.46,0
N6909,2025-09-05 19:09:00,19371.0,122.44,0
N6910,2025-09-05 19:10:00,193657.0,116.7,0
N6911,2025-09-05 19:11:00,230843.0,68.29,0
N6912,2025-09-05 19:12:00,103312.0,71.23,0
N6913,2025-09-05 19:13:00,454839.0,128.13,0
N6914,2025-09-05 19:14:00,164948.0,80.61,0
N6915,2025-09-05 19:15:00,1019138.0,146.59,0
N6916,2025-09-05 19:16:00,150422.0,120.27,0
N6917,2025-09-05 19:17:00,118127.0,87.83,0
N6918,2025-09-05 19:18:00,23961.0,119.71,0
N6919,2025-09-05 19:19:00,206682.0,104.09,0
N6920,2025-09-05 19:20:00,204615.0,139.28,0
N6921,2025-09-05 19:21:00,214826.0,128.71,0
N6922,2025-09-05 19:22:00,838390.0,130.85,0
N6923,2025-09-05 19:23:00,80673.0,131.95,0
N6924,2025-09-05 19:24:00,266473.0,114.43,0
N6925,2025-09-05 19:25:00,48010.0,157.71,0
N6926,2025-09-05 19:26:00,300844.0,133.54,0
N6927,2025-09-05 19:27:00,263330.0,60.43,0
N6928,2025-09-05 19:28:00,53846.0,155.27,0
N6929,2025-09-05 19:29:00,149268.0,97.96,0
N6930,2025-09-05 19:30:00,164124.0,129.94,0
N6931,2025-09-05 19:31:00,91428.0,107.56,0
N6932,2025-09-05 19:32:00,83050.0,153.8,0
N6933,2025-09-05 19:33:00,303132.0,114.91,0
N6934,2025-09-05 19:34:00,36404.0,148.53,0
N6935,2025-09-05 19:35:00,186279.0,118.69,0
N6936,2025-09-05 19:36:00,89286.0,154.93,0
N6937,2025-09-05 19:37:00,287773.0,159.53,0
N6938,2025-09-05 19:38:00,283360.0,202.84,0
N6939,2025-09-05 19:39:00,74570.0,138.75,0
N6940,2025-09-05 19:40:00,56520.0,141.86,0
N6941,2025-09-05 19:41:00,203521.0,148.89,0
N6942,2025-09-05 19:42:00,303361.0,168.41,0
N6943,2025-09-05 19:43:00,173796.0,161.9,0
N6944,2025-09-05 19:44:00,53838.0,147.22,0
N6945,2025-09-05 19:45:00,605115.0,200.17,0
N6946,2025-09-05 19:46:00,90030.0,96.86,0
N6947,2025-09-05 19:47:00,160045.0,102.0,0
N6948,2025-09-05 19:48:00,47399.0,60.0,0
N6949,2025-09-05 19:49:00,86636.0,82.77,0
N6950,2025-09-05 19:50:00,143481.0,154.87,0
N6951,2025-09-05 19:51:00,1062132.0,85.42,0
N6952,2025-09-05 19:52:00,34514.0,106.81,0
N6953,2025-09-05 19:53:00,296219.0,141.6,0
N6954,2025-09-05 19:54:00,76816.0,99.11,0
N6955,2025-09-05 19:55:00,236189.0,131.66,0
N6956,2025-09-05 19:56:00,136326.0,136.07,0
N6957,2025-09-05 19:57:00,125413.0,133.53,0
N6958,2025-09-05 19:58:00,355903.0,151.74,0
N6959,2025-09-05 19:59:00,110264.0,170.9,0
N6960,2025-09-05 20:00:00,58579.0,144.36,0
N6961,2025-09-05 20:01:00,137169.0,106.23,0
N6962,2025-09-05 20:02:00,123325.0,70.74,0
N6963,2025-09-05 20:03:00,133483.0,186.5,0
N6964,2025-09-05 20:04:00,203918.0,167.65,0
N6965,2025-09-05 20:05:00,100607.0,148.93,0
N6966,2025-09-05 20:06:00,154763.0,127.22,0
N6967,2025-09-05 20:07:00,150833.0,126.86,0
N6968,2025-09-05 20:08:00,244932.0,100.79,0
N6969,2025-09-05 20:09:00,370665.0,95.88,0
N6970,2025-09-05 20:10:00,163156.0,194.96,0
N6971,2025-09-05 20:11:00,384622.0,92.79,0
N6972,2025-09-05 20:12:00,263977.0,141.07,0
N6973,2025-09-05 20:13:00,209461.0,187.13,0
N6974,2025-09-05 20:14:00,273392.0,107.39,0
N6975,2025-09-05 20:15:00,83995.0,141.07,0
N6976,2025-09-05 20:16:00,53452.0,104.61,0
N6977,2025-09-05 20:17:00,194224.0,119.35,0
N6978,2025-09-05 20:18:00,123522.0,132.07,0
N6979,2025-09-05 20:19:00,105921.0,98.51,0
N6980,2025-09-05 20:20:00,72209.0,155.1,0
N6981,2025-09-05 20:21:00,330547.0,122.64,0
N6982,2025-09-05 20:22:00,836315.0,126.76,0
N6983,2025-09-05 20:23:00,13798.0,130.02,0
N6984,2025-09-05 20:24:00,82107.0,93.89,0
N6985,2025-09-05 20:25:00,496451.0,142.33,0
N6986,2025-09-05 20:26:00,376314.0,150.62,0
N6987,2025-09-05 20:27:00,158013.0,118.59,0
N6988,2025-09-05 20:28:00,371768.0,108.95,0
N6989,2025-09-05 20:29:00,47165.0,138.1,0
N6990,2025-09-05 20:30:00,116601.0,85.64,0
N6991,2025-09-05 20:31:00,138113.0,133.53,0
N6992,2025-09-05 20:32:00,55880.0,101.8,0
N6993,2025-09-05 20:33:00,184412.0,129.17,0
N6994,2025-09-05 20:34:00,204845.0,117.53,0
N6995,2025-09-05 20:35:00,88597.0,81.77,0
N6996,2025-09-05 20:36:00,47771.0,143.69,0
N6997,2025-09-05 20:37:00,1707308.0,103.56,0
N6998,2025-09-05 20:38:00,71938.0,126.36,0
N6999,2025-09-05 20:39:00,307256.0,135.71,0
N7000,2025-09-05 20:40:00,350987.0,98.32,0
N7001,2025-09-05 20:41:00,755941.0,123.79,0
N7002,2025-09-05 20:42:00,30020.0,134.29,0
N7003,2025-09-05 20:43:00,522917.0,104.99,0
N7004,2025-09-05 20:44:00,130831.0,101.81,0
N7005,2025-09-05 20:45:00,566967.0,107.17,0
N7006,2025-09-05 20:46:00,125281.0,74.31,0
N7007,2025-09-05 20:47:00,462609.0,74.45,0
N7008,2025-09-05 20:48:00,13631.0,107.25,0
N7009,2025-09-05 20:49:00,72018.0,69.2,0
N7010,2025-09-05 20:50:00,731704.0,152.92,0
N7011,2025-09-05 20:51:00,27953.0,139.67,0
N7012,2025-09-05 20:52:00,112713.0,60.0,0
N7013,2025-09-05 20:53:00,402493.0,186.24,0
N7014,2025-09-05 20:54:00,184542.0,116.81,0
N7015,2025-09-05 20:55:00,219126.0,69.38,0
N7016,2025-09-05 20:56:00,310198.0,138.98,0
N7017,2025-09-05 20:57:00,52687.0,99.97,0
N7018,2025-09-05 20:58:00,1107718.0,146.16,0
N7019,2025-09-05 20:59:00,146981.0,95.37,0
N7020,2025-09-05 21:00:00,131879.0,113.56,0
N7021,2025-09-05 21:01:00,100237.0,83.29,0
N7022,2025-09-05 21:02:00,60268.0,140.25,0
N7023,2025-09-05 21:03:00,306577.0,120.95,0
N7024,2025-09-05 21:04:00,33475.0,90.65,0
N7025,2025-09-05 21:05:00,151915.0,95.08,0
N7026,2025-09-05 21:06:00,88136.0,131.94,0
N7027,2025-09-05 21:07:00,108994.0,144.82,0
N7028,2025-09-05 21:08:00,168386.0,147.47,0
N7029,2025-09-05 21:09:00,330896.0,115.15,0
N7030,2025-09-05 21:10:00,54307.0,104.9,0
N7031,2025-09-05 21:11:00,131065.0,142.84,0
N7032,2025-09-05 21:12:00,91618.0,88.33,0
N7033,2025-09-05 21:13:00,149421.0,83.78,0
N7034,2025-09-05 21:14:00,132732.0,70.11,0
N7035,2025-09-05 21:15:00,162786.0,60.0,0
N7036,2025-09-05 21:16:00,523588.0,93.36,0
N7037,2025-09-05 21:17:00,32318.0,131.29,0
N7038,2025-09-05 21:18:00,486328.0,129.7,0
N7039,2025-09-05 21:19:00,77680.0,105.51,0
N7040,2025-09-05 21:20:00,471670.0,99.29,0
N7041,2025-09-05 21:21:00,39886.0,92.7,0
N7042,2025-09-05 21:22:00,189838.0,134.57,0
N7043,2025-09-05 21:23:00,107340.0,155.54,0
N7044,2025-09-05 21:24:00,438104.0,109.68,0
N7045,2025-09-05 21:25:00,1041543.0,119.81,0
N7046,2025-09-05 21:26:00,76862.0,104.16,0
N7047,2025-09-05 21:27:00,179142.0,155.3,0
N7048,2025-09-05 21:28:00,160740.0,111.25,0
N7049,2025-09-05 21:29:00,30291.0,98.06,0
N7050,2025-09-05 21:30:00,128246.0,87.58,0
N7051,2025-09-05 21:31:00,132715.0,95.37,0
N7052,2025-09-05 21:32:00,51242.0,93.67,0
N7053,2025-09-05 21:33:00,303886.0,151.57,0
N7054,2025-09-05 21:34:00,255314.0,114.28,0
N7055,2025-09-05 21:35:00,103734.0,115.3,0
N7056,2025-09-05 21:36:00,515723.0,133.16,0
N7057,2025-09-05 21:37:00,2008290.0,175.3,0
N7058,2025-09-05 21:38:00,1036679.0,101.2,0
N7059,2025-09-05 21:39:00,145609.0,143.59,0
N7060,2025-09-05 21:40:00,351988.0,102.8,0
N7061,2025-09-05 21:41:00,135446.0,188.52,0
N7062,2025-09-05 21:42:00,939790.0,113.77,0
N7063,2025-09-05 21:43:00,381141.0,93.35,0
N7064,2025-09-05 21:44:00,243931.0,83.43,0
N7065,2025-09-05 21:45:00,151319.0,119.03,0
N7066,2025-09-05 21:46:00,60766.0,97.31,0
N7067,2025-09-05 21:47:00,166149.0,140.65,0
N7068,2025-09-05 21:48:00,382874.0,122.62,0
N7069,2025-09-05 21:49:00,180337.0,64.45,0
N7070,2025-09-05 21:50:00,188218.0,99.37,0
N7071,2025-09-05 21:51:00,136812.0,131.95,0
N7072,2025-09-05 21:52:00,71046.0,114.23,0
N7073,2025-09-05 21:53:00,265307.0,116.35,0
N7074,2025-09-05 21:54:00,77330.0,130.44,0
N7075,2025-09-05 21:55:00,179580.0,107.84,0
N7076,2025-09-05 21:56:00,266651.0,182.59,0
N7077,2025-09-05 21:57:00,94044.0,120.64,0
N7078,2025-09-05 21:58:00,444513.0,122.51,0
N7079,2025-09-05 21:59:00,56545.0,113.77,0
N7080,2025-09-05 22:00:00,316499.0,120.97,0
N7081,2025-09-05 22:01:00,113391.0,150.96,0
N7082,2025-09-05 22:02:00,143055.0,106.48,0
N7083,2025-09-05 22:03:00,101410.0,150.88,0
N7084,2025-09-05 22:04:00,711304.0,101.38,0
N7085,2025-09-05 22:05:00,1309651.0,117.34,0
N7086,2025-09-05 22:06:00,89639.0,121.33,0
N7087,2025-09-05 22:07:00,348438.0,74.33,0
N7088,2025-09-05 22:08:00,47803.0,117.37,0
N7089,2025-09-05 22:09:00,158815.0,162.75,0
N7090,2025-09-05 22:10:00,151997.0,93.24,0
N7091,2025-09-05 22:11:00,97986.0,120.44,0
N7092,2025-09-05 22:12:00,108795.0,122.84,0
N7093,2025-09-05 22:13:00,344520.0,102.51,0
N7094,2025-09-05 22:14:00,237984.0,68.52,0
N7095,2025-09-05 22:15:00,61502.0,171.97,0
N7096,2025-09-05 22:16:00,92586.0,94.72,0
N7097,2025-09-05 22:17:00,77123.0,124.98,0
N7098,2025-09-05 22:18:00,90735.0,86.04,0
N7099,2025-09-05 22:19:00,319663.0,122.49,0
N7100,2025-09-05 22:20:00,18758.0,78.13,0
N7101,2025-09-05 22:21:00,249921.0,83.5,0
N7102,2025-09-05 22:22:00,254002.0,109.29,0
N7103,2025-09-05 22:23:00,114683.0,86.11,0
N7104,2025-09-05 22:24:00,371042.0,108.48,0
N7105,2025-09-05 22:25:00,192891.0,89.0,0
N7106,2025-09-05 22:26:00,2065161.0,170.79,0
N7107,2025-09-05 22:27:00,331050.0,109.76,0
N7108,2025-09-05 22:28:00,86866.0,77.52,0
N7109,2025-09-05 22:29:00,97189.0,113.7,0
N7110,2025-09-05 22:30:00,118831.0,106.27,0
N7111,2025-09-05 22:31:00,36635.0,144.37,0
N7112,2025-09-05 22:32:00,69687.0,105.2,0
N7113,2025-09-05 22:33:00,42068.0,83.93,0
N7114,2025-09-05 22:34:00,1083464.0,147.14,0
N7115,2025-09-05 22:35:00,51444.0,151.13,0
N7116,2025-09-05 22:36:00,91972.0,134.41,0
N7117,2025-09-05 22:37:00,152985.0,172.19,0
N7118,2025-09-05 22:38:00,105683.0,118.7,0
N7119,2025-09-05 22:39:00,91077.0,163.29,0
N7120,2025-09-05 22:40:00,349194.0,142.66,0
N7121,2025-09-05 22:41:00,131054.0,113.39,0
N7122,2025-09-05 22:42:00,462198.0,110.11,0
N7123,2025-09-05 22:43:00,29642.0,114.2,0
N7124,2025-09-05 22:44:00,142485.0,148.32,0
N7125,2025-09-05 22:45:00,127210.0,106.2,0
N7126,2025-09-05 22:46:00,277118.0,197.57,0
N7127,2025-09-05 22:47:00,369419.0,144.24,0
N7128,2025-09-05 22:48:00,801801.0,126.36,0
N7129,2025-09-05 22:49:00,282152.0,141.16,0
N7130,2025-09-05 22:50:00,159106.0,112.73,0
N7131,2025-09-05 22:51:00,1125817.0,103.66,0
N7132,2025-09-05 22:52:00,821747.0,159.29,0
N7133,2025-09-05 22:53:00,484800.0,118.89,0
N7134,2025-09-05 22:54:00,735403.0,91.8,0
N7135,2025-09-05 22:55:00,33303.0,76.61,0
N7136,2025-09-05 22:56:00,358894.0,164.41,0
N7137,2025-09-05 22:57:00,349869.0,178.43,0
N7138,2025-09-05 22:58:00,73360.0,136.14,0
N7139,2025-09-05 22:59:00,227800.0,128.6,0
N7140,2025-09-05 23:00:00,90555.0,79.47,0
N7141,2025-09-05 23:01:00,193440.0,143.61,0
N7142,2025-09-05 23:02:00,152367.0,149.28,0
N7143,2025-09-05 23:03:00,108741.0,116.34,0
N7144,2025-09-05 23:04:00,169591.0,179.84,0
N7145,2025-09-05 23:05:00,45154.0,128.91,0
N7146,2025-09-05 23:06:00,503285.0,109.51,0
N7147,2025-09-05 23:07:00,147799.0,144.97,0
N7148,2025-09-05 23:08:00,182429.0,130.11,0
N7149,2025-09-05 23:09:00,65444.0,165.88,0
N7150,2025-09-05 23:10:00,229041.0,174.96,0
N7151,2025-09-05 23:11:00,144749.0,132.63,0
N7152,2025-09-05 23:12:00,312687.0,137.46,0
N7153,2025-09-05 23:13:00,472609.0,112.54,0
N7154,2025-09-05 23:14:00,819179.0,122.89,0
N7155,2025-09-05 23:15:00,111600.0,137.18,0
N7156,2025-09-05 23:16:00,132088.0,117.44,0
N7157,2025-09-05 23:17:00,264581.0,138.15,0
N7158,2025-09-05 23:18:00,465343.0,76.05,0
N7159,2025-09-05 23:19:00,137908.0,95.01,0
N7160,2025-09-05 23:20:00,385647.0,63.1,0
N7161,2025-09-05 23:21:00,171249.0,123.56,0
N7162,2025-09-05 23:22:00,273750.0,107.66,0
N7163,2025-09-05 23:23:00,94812.0,135.84,0
N7164,2025-09-05 23:24:00,274172.0,81.39,0
N7165,2025-09-05 23:25:00,226865.0,122.41,0
N7166,2025-09-05 23:26:00,8382.0,117.76,0
N7167,2025-09-05 23:27:00,75938.0,95.75,0
N7168,2025-09-05 23:28:00,522836.0,99.71,0
N7169,2025-09-05 23:29:00,576633.0,87.47,0
N7170,2025-09-05 23:30:00,92778.0,105.0,0
N7171,2025-09-05 23:31:00,65680.0,92.93,0
N7172,2025-09-05 23:32:00,32523.0,178.25,0
N7173,2025-09-05 23:33:00,185427.0,122.44,0
N7174,2025-09-05 23:34:00,170870.0,129.61,0
N7175,2025-09-05 23:35:00,196672.0,115.19,0
N7176,2025-09-05 23:36:00,129141.0,66.19,0
N7177,2025-09-05 23:37:00,32253.0,93.67,0
N7178,2025-09-05 23:38:00,35239.0,99.03,0
N7179,2025-09-05 23:39:00,210192.0,133.41,0
N7180,2025-09-05 23:40:00,258761.0,81.98,0
N7181,2025-09-05 23:41:00,282085.0,157.81,0
N7182,2025-09-05 23:42:00,46006.0,144.84,0
N7183,2025-09-05 23:43:00,214950.0,166.81,0
N7184,2025-09-05 23:44:00,186785.0,122.38,0
N7185,2025-09-05 23:45:00,1382667.0,88.57,0
N7186,2025-09-05 23:46:00,178495.0,153.7,0
N7187,2025-09-05 23:47:00,984144.0,135.74,0
N7188,2025-09-05 23:48:00,152687.0,105.5,0
N7189,2025-09-05 23:49:00,233334.0,101.36,0
N7190,2025-09-05 23:50:00,232361.0,66.46,0
N7191,2025-09-05 23:51:00,31853.0,179.35,0
N7192,2025-09-05 23:52:00,101330.0,127.09,0
N7193,2025-09-05 23:53:00,207410.0,124.01,0
N7194,2025-09-05 23:54:00,38195.0,151.16,0
N7195,2025-09-05 23:55:00,337165.0,157.76,0
N7196,2025-09-05 23:56:00,102569.0,94.46,0
N7197,2025-09-05 23:57:00,82426.0,127.49,0
N7198,2025-09-05 23:58:00,203843.0,111.12,0
N7199,2025-09-05 23:59:00,84264.0,175.66,0
N7200,2025-09-06 00:00:00,117547.0,78.83,0
N7201,2025-09-06 00:01:00,256981.0,60.0,0
N7202,2025-09-06 00:02:00,114025.0,145.21,0
N7203,2025-09-06 00:03:00,20777.0,123.16,0
N7204,2025-09-06 00:04:00,309977.0,96.54,0
N7205,2025-09-06 00:05:00,210715.0,120.77,0
N7206,2025-09-06 00:06:00,560257.0,161.92,0
N7207,2025-09-06 00:07:00,269059.0,62.72,0
N7208,2025-09-06 00:08:00,77753.0,180.02,0
N7209,2025-09-06 00:09:00,142919.0,123.76,0
N7210,2025-09-06 00:10:00,554388.0,65.77,0
N7211,2025-09-06 00:11:00,301704.0,161.28,0
N7212,2025-09-06 00:12:00,410117.0,131.1,0
N7213,2025-09-06 00:13:00,495203.0,113.88,0
N7214,2025-09-06 00:14:00,94342.0,104.26,0
N7215,2025-09-06 00:15:00,628794.0,138.5,0
N7216,2025-09-06 00:16:00,14817.0,156.82,0
N7217,2025-09-06 00:17:00,12992.0,90.67,0
N7218,2025-09-06 00:18:00,378373.0,88.46,0
N7219,2025-09-06 00:19:00,629081.0,118.75,0
N7220,2025-09-06 00:20:00,161005.0,118.76,0
N7221,2025-09-06 00:21:00,43610.0,66.27,0
N7222,2025-09-06 00:22:00,142418.0,74.81,0
N7223,2025-09-06 00:23:00,286628.0,102.21,0
N7224,2025-09-06 00:24:00,431454.0,119.82,0
N7225,2025-09-06 00:25:00,178459.0,105.53,0
N7226,2025-09-06 00:26:00,155829.0,170.1,0
N7227,2025-09-06 00:27:00,923299.0,144.82,0
N7228,2025-09-06 00:28:00,101686.0,125.27,0
N7229,2025-09-06 00:29:00,266681.0,144.18,0
N7230,2025-09-06 00:30:00,333723.0,88.96,0
N7231,2025-09-06 00:31:00,347974.0,118.54,0
N7232,2025-09-06 00:32:00,133069.0,138.07,0
N7233,2025-09-06 00:33:00,197340.0,189.74,0
N7234,2025-09-06 00:34:00,133068.0,111.37,0
N7235,2025-09-06 00:35:00,107482.0,84.5,0
N7236,2025-09-06 00:36:00,48555.0,158.25,0
N7237,2025-09-06 00:37:00,279617.0,115.63,0
N7238,2025-09-06 00:38:00,129809.0,101.6,0
N7239,2025-09-06 00:39:00,620806.0,96.05,0
N7240,2025-09-06 00:40:00,308887.0,115.73,0
N7241,2025-09-06 00:41:00,19762.0,112.22,0
N7242,2025-09-06 00:42:00,288548.0,132.22,0
N7243,2025-09-06 00:43:00,79408.0,132.48,0
N7244,2025-09-06 00:44:00,680283.0,137.17,0
N7245,2025-09-06 00:45:00,221008.0,103.1,0
N7246,2025-09-06 00:46:00,128417.0,71.15,0
N7247,2025-09-06 00:47:00,670098.0,126.13,0
N7248,2025-09-06 00:48:00,505927.0,117.7,0
N7249,2025-09-06 00:49:00,55537.0,164.12,0
N7250,2025-09-06 00:50:00,74811.0,142.95,0
N7251,2025-09-06 00:51:00,726778.0,100.77,0
N7252,2025-09-06 00:52:00,35482.0,115.79,0
N7253,2025-09-06 00:53:00,122537.0,120.64,0
N7254,2025-09-06 00:54:00,311079.0,106.65,0
N7255,2025-09-06 00:55:00,202881.0,72.94,0
N7256,2025-09-06 00:56:00,330509.0,132.34,0
N7257,2025-09-06 00:57:00,203749.0,60.0,0
N7258,2025-09-06 00:58:00,41535.0,101.7,0
N7259,2025-09-06 00:59:00,129403.0,86.35,0
N7260,2025-09-06 01:00:00,180830.0,108.92,0
N7261,2025-09-06 01:01:00,148744.0,131.63,0
N7262,2025-09-06 01:02:00,30863.0,147.73,0
N7263,2025-09-06 01:03:00,158719.0,125.02,0
N7264,2025-09-06 01:04:00,39554.0,103.45,0
N7265,2025-09-06 01:05:00,305253.0,138.69,0
N7266,2025-09-06 01:06:00,73543.0,125.65,0
N7267,2025-09-06 01:07:00,21488.0,60.0,0
N7268,2025-09-06 01:08:00,298690.0,155.17,0
N7269,2025-09-06 01:09:00,939026.0,120.9,0
N7270,2025-09-06 01:10:00,42077.0,108.93,0
N7271,2025-09-06 01:11:00,676257.0,78.89,0
N7272,2025-09-06 01:12:00,312322.0,139.92,0
N7273,2025-09-06 01:13:00,85048.0,139.38,0
N7274,2025-09-06 01:14:00,90683.0,104.17,0
N7275,2025-09-06 01:15:00,71768.0,130.95,0
N7276,2025-09-06 01:16:00,430982.0,130.69,0
N7277,2025-09-06 01:17:00,300267.0,149.08,0
N7278,2025-09-06 01:18:00,121021.0,158.33,0
N7279,2025-09-06 01:19:00,96130.0,141.4,0
N7280,2025-09-06 01:20:00,197386.0,115.51,0
N7281,2025-09-06 01:21:00,131357.0,117.37,0
N7282,2025-09-06 01:22:00,102954.0,60.0,0
N7283,2025-09-06 01:23:00,26400.0,101.85,0
N7284,2025-09-06 01:24:00,33438.0,97.31,0
N7285,2025-09-06 01:25:00,82229.0,147.81,0
N7286,2025-09-06 01:26:00,413545.0,127.27,0
N7287,2025-09-06 01:27:00,115393.0,125.67,0
N7288,2025-09-06 01:28:00,207845.0,115.62,0
N7289,2025-09-06 01:29:00,168385.0,98.48,0
N7290,2025-09-06 01:30:00,84109.0,114.12,0
N7291,2025-09-06 01:31:00,94665.0,111.84,0
N7292,2025-09-06 01:32:00,224579.0,83.91,0
N7293,2025-09-06 01:33:00,65450.0,144.1,0
N7294,2025-09-06 01:34:00,355648.0,128.38,0
N7295,2025-09-06 01:35:00,42303.0,90.87,0
N7296,2025-09-06 01:36:00,173905.0,99.72,0
N7297,2025-09-06 01:37:00,67307.0,112.12,0
N7298,2025-09-06 01:38:00,256266.0,119.36,0
N7299,2025-09-06 01:39:00,153087.0,141.31,0
N7300,2025-09-06 01:40:00,27736.0,132.27,0
N7301,2025-09-06 01:41:00,161663.0,144.64,0
N7302,2025-09-06 01:42:00,620198.0,201.12,0
N7303,2025-09-06 01:43:00,58314.0,122.31,0
N7304,2025-09-06 01:44:00,313873.0,124.92,0
N7305,2025-09-06 01:45:00,227526.0,119.06,0
N7306,2025-09-06 01:46:00,153401.0,124.82,0
N7307,2025-09-06 01:47:00,166715.0,123.86,0
N7308,2025-09-06 01:48:00,309610.0,145.06,0
N7309,2025-09-06 01:49:00,240405.0,106.93,0
N7310,2025-09-06 01:50:00,65049.0,121.86,0
N7311,2025-09-06 01:51:00,97805.0,131.8,0
N7312,2025-09-06 01:52:00,21203.0,82.42,0
N7313,2025-09-06 01:53:00,136378.0,133.48,0
N7314,2025-09-06 01:54:00,154825.0,121.89,0
N7315,2025-09-06 01:55:00,71591.0,125.6,0
N7316,2025-09-06 01:56:00,381170.0,131.23,0
N7317,2025-09-06 01:57:00,161605.0,119.35,0
N7318,2025-09-06 01:58:00,525906.0,136.0,0
N7319,2025-09-06 01:59:00,2123820.0,92.4,0
N7320,2025-09-06 02:00:00,61120.0,117.68,0
N7321,2025-09-06 02:01:00,86590.0,98.88,0
N7322,2025-09-06 02:02:00,92562.0,125.32,0
N7323,2025-09-06 02:03:00,124564.0,127.09,0
N7324,2025-09-06 02:04:00,564749.0,124.32,0
N7325,2025-09-06 02:05:00,129390.0,121.21,0
N7326,2025-09-06 02:06:00,314394.0,119.74,0
N7327,2025-09-06 02:07:00,460621.0,84.54,0
N7328,2025-09-06 02:08:00,126669.0,148.98,0
N7329,2025-09-06 02:09:00,650264.0,71.24,0
N7330,2025-09-06 02:10:00,141420.0,175.31,0
N7331,2025-09-06 02:11:00,551381.0,154.2,0
N7332,2025-09-06 02:12:00,143604.0,145.42,0
N7333,2025-09-06 02:13:00,174176.0,138.89,0
N7334,2025-09-06 02:14:00,308717.0,120.79,0
N7335,2025-09-06 02:15:00,149644.0,135.76,0
N7336,2025-09-06 02:16:00,117927.0,111.27,0
N7337,2025-09-06 02:17:00,214812.0,126.62,0
N7338,2025-09-06 02:18:00,120778.0,119.76,0
N7339,2025-09-06 02:19:00,1248178.0,72.07,0
N7340,2025-09-06 02:20:00,148092.0,87.5,0
N7341,2025-09-06 02:21:00,384690.0,146.91,0
N7342,2025-09-06 02:22:00,1088211.0,109.01,0
N7343,2025-09-06 02:23:00,42383.0,121.21,0
N7344,2025-09-06 02:24:00,62871.0,145.4,0
N7345,2025-09-06 02:25:00,144981.0,132.53,0
N7346,2025-09-06 02:26:00,615329.0,150.71,0
N7347,2025-09-06 02:27:00,142468.0,112.14,0
N7348,2025-09-06 02:28:00,498661.0,109.09,0
N7349,2025-09-06 02:29:00,84966.0,64.57,0
N7350,2025-09-06 02:30:00,11354.0,106.21,0
N7351,2025-09-06 02:31:00,164988.0,96.92,0
N7352,2025-09-06 02:32:00,106842.0,145.75,0
N7353,2025-09-06 02:33:00,93147.0,149.62,0
N7354,2025-09-06 02:34:00,157844.0,97.24,0
N7355,2025-09-06 02:35:00,232008.0,137.05,0
N7356,2025-09-06 02:36:00,328126.0,80.5,0
N7357,2025-09-06 02:37:00,105536.0,175.53,0
N7358,2025-09-06 02:38:00,226143.0,128.7,0
N7359,2025-09-06 02:39:00,270650.0,156.09,0
N7360,2025-09-06 02:40:00,98465.0,157.85,0
N7361,2025-09-06 02:41:00,767326.0,135.68,0
N7362,2025-09-06 02:42:00,74505.0,143.35,0
N7363,2025-09-06 02:43:00,106238.0,101.52,0
N7364,2025-09-06 02:44:00,475308.0,149.82,0
N7365,2025-09-06 02:45:00,321755.0,134.85,0
N7366,2025-09-06 02:46:00,147799.0,109.29,0
N7367,2025-09-06 02:47:00,251411.0,101.06,0
N7368,2025-09-06 02:48:00,749035.0,125.34,0
N7369,2025-09-06 02:49:00,118831.0,149.59,0
N7370,2025-09-06 02:50:00,181950.0,158.66,0
N7371,2025-09-06 02:51:00,161508.0,134.97,0
N7372,2025-09-06 02:52:00,40402.0,128.0,0
N7373,2025-09-06 02:53:00,218914.0,95.34,0
N7374,2025-09-06 02:54:00,105142.0,111.15,0
N7375,2025-09-06 02:55:00,93415.0,108.23,0
N7376,2025-09-06 02:56:00,71185.0,120.49,0
N7377,2025-09-06 02:57:00,448861.0,81.11,0
N7378,2025-09-06 02:58:00,443722.0,104.76,0
N7379,2025-09-06 02:59:00,387702.0,127.49,0
N7380,2025-09-06 03:00:00,313379.0,137.08,0
N7381,2025-09-06 03:01:00,30133.0,133.16,0
N7382,2025-09-06 03:02:00,345724.0,115.48,0
N7383,2025-09-06 03:03:00,541648.0,141.95,0
N7384,2025-09-06 03:04:00,63628.0,144.05,0
N7385,2025-09-06 03:05:00,32279.0,141.18,0
N7386,2025-09-06 03:06:00,158758.0,117.07,0
N7387,2025-09-06 03:07:00,105804.0,139.45,0
N7388,2025-09-06 03:08:00,68794.0,98.68,0
N7389,2025-09-06 03:09:00,163590.0,127.02,0
N7390,2025-09-06 03:10:00,97245.0,173.24,0
N7391,2025-09-06 03:11:00,117979.0,113.97,0
N7392,2025-09-06 03:12:00,88068.0,79.66,0
N7393,2025-09-06 03:13:00,143943.0,129.34,0
N7394,2025-09-06 03:14:00,3423844.0,82.06,0
N7395,2025-09-06 03:15:00,342227.0,96.75,0
N7396,2025-09-06 03:16:00,69656.0,107.76,0
N7397,2025-09-06 03:17:00,13857.0,122.08,0
N7398,2025-09-06 03:18:00,234065.0,160.17,0
N7399,2025-09-06 03:19:00,351317.0,90.39,0
N7400,2025-09-06 03:20:00,24828.0,166.06,0
N7401,2025-09-06 03:21:00,21913.0,120.01,0
N7402,2025-09-06 03:22:00,163379.0,137.28,0
N7403,2025-09-06 03:23:00,239750.0,115.92,0
N7404,2025-09-06 03:24:00,632423.0,70.07,0
N7405,2025-09-06 03:25:00,165614.0,176.81,0
N7406,2025-09-06 03:26:00,651977.0,102.43,0
N7407,2025-09-06 03:27:00,506615.0,130.13,0
N7408,2025-09-06 03:28:00,89234.0,130.29,0
N7409,2025-09-06 03:29:00,210362.0,117.4,0
N7410,2025-09-06 03:30:00,243996.0,119.46,0
N7411,2025-09-06 03:31:00,78478.0,117.44,0
N7412,2025-09-06 03:32:00,24515.0,91.94,0
N7413,2025-09-06 03:33:00,232671.0,136.73,0
N7414,2025-09-06 03:34:00,149152.0,144.19,0
N7415,2025-09-06 03:35:00,218379.0,156.12,0
N7416,2025-09-06 03:36:00,172984.0,159.77,0
N7417,2025-09-06 03:37:00,89437.0,97.26,0
N7418,2025-09-06 03:38:00,36777.0,79.8,0
N7419,2025-09-06 03:39:00,425339.0,108.45,0
N7420,2025-09-06 03:40:00,1005621.0,114.91,0
N7421,2025-09-06 03:41:00,336888.0,117.41,0
N7422,2025-09-06 03:42:00,119899.0,110.74,0
N7423,2025-09-06 03:43:00,637027.0,158.89,0
N7424,2025-09-06 03:44:00,348312.0,108.14,0
N7425,2025-09-06 03:45:00,131996.0,158.86,0
N7426,2025-09-06 03:46:00,183922.0,113.53,0
N7427,2025-09-06 03:47:00,47284.0,90.37,0
N7428,2025-09-06 03:48:00,312895.0,149.13,0
N7429,2025-09-06 03:49:00,131560.0,132.72,0
N7430,2025-09-06 03:50:00,107151.0,124.38,0
N7431,2025-09-06 03:51:00,74028.0,149.29,0
N7432,2025-09-06 03:52:00,451470.0,92.05,0
N7433,2025-09-06 03:53:00,27981.0,108.62,0
N7434,2025-09-06 03:54:00,27317.0,134.72,0
N7435,2025-09-06 03:55:00,210757.0,115.93,0
N7436,2025-09-06 03:56:00,2518309.0,122.99,0
N7437,2025-09-06 03:57:00,87036.0,79.8,0
N7438,2025-09-06 03:58:00,126511.0,107.13,0
N7439,2025-09-06 03:59:00,152800.0,89.7,0
N7440,2025-09-06 04:00:00,155022.0,105.39,0
N7441,2025-09-06 04:01:00,36373.0,154.17,0
N7442,2025-09-06 04:02:00,237783.0,124.17,0
N7443,2025-09-06 04:03:00,62289.0,153.26,0
N7444,2025-09-06 04:04:00,73510.0,120.78,0
N7445,2025-09-06 04:05:00,112163.0,108.59,0
N7446,2025-09-06 04:06:00,549705.0,119.5,0
N7447,2025-09-06 04:07:00,545474.0,97.91,0
N7448,2025-09-06 04:08:00,54341.0,113.86,0
N7449,2025-09-06 04:09:00,85856.0,100.88,0
N7450,2025-09-06 04:10:00,257132.0,68.65,0
N7451,2025-09-06 04:11:00,60977.0,118.3,0
N7452,2025-09-06 04:12:00,131549.0,184.68,0
N7453,2025-09-06 04:13:00,297051.0,188.45,0
N7454,2025-09-06 04:14:00,1010331.0,101.78,0
N7455,2025-09-06 04:15:00,16599.0,139.08,0
N7456,2025-09-06 04:16:00,68377.0,112.57,0
N7457,2025-09-06 04:17:00,178918.0,120.19,0
N7458,2025-09-06 04:18:00,53794.0,122.27,0
N7459,2025-09-06 04:19:00,954795.0,96.81,0
N7460,2025-09-06 04:20:00,681195.0,116.59,0
N7461,2025-09-06 04:21:00,79434.0,83.7,0
N7462,2025-09-06 04:22:00,115572.0,60.0,0
N7463,2025-09-06 04:23:00,218456.0,127.08,0
N7464,2025-09-06 04:24:00,354537.0,167.1,0
N7465,2025-09-06 04:25:00,104291.0,140.33,0
N7466,2025-09-06 04:26:00,51211.0,136.16,0
N7467,2025-09-06 04:27:00,151285.0,95.1,0
N7468,2025-09-06 04:28:00,492979.0,80.29,0
N7469,2025-09-06 04:29:00,30041.0,66.98,0
N7470,2025-09-06 04:30:00,76059.0,111.7,0
N7471,2025-09-06 04:31:00,34009.0,99.99,0
N7472,2025-09-06 04:32:00,1039105.0,135.53,0
N7473,2025-09-06 04:33:00,131502.0,138.95,0
N7474,2025-09-06 04:34:00,237597.0,133.38,0
N7475,2025-09-06 04:35:00,413671.0,188.6,0
N7476,2025-09-06 04:36:00,102268.0,160.92,0
N7477,2025-09-06 04:37:00,46745.0,120.48,0
N7478,2025-09-06 04:38:00,587146.0,153.25,0
N7479,2025-09-06 04:39:00,289835.0,151.8,0
N7480,2025-09-06 04:40:00,423762.0,141.32,0
N7481,2025-09-06 04:41:00,250521.0,133.72,0
N7482,2025-09-06 04:42:00,233198.0,129.85,0
N7483,2025-09-06 04:43:00,238120.0,122.43,0
N7484,2025-09-06 04:44:00,920740.0,148.5,0
N7485,2025-09-06 04:45:00,306986.0,67.35,0
N7486,2025-09-06 04:46:00,116434.0,67.07,0
N7487,2025-09-06 04:47:00,425992.0,90.52,0
N7488,2025-09-06 04:48:00,203660.0,103.93,0
N7489,2025-09-06 04:49:00,113070.0,137.41,0
N7490,2025-09-06 04:50:00,25680.0,105.6,0
N7491,2025-09-06 04:51:00,529556.0,90.24,0
N7492,2025-09-06 04:52:00,364880.0,116.76,0
N7493,2025-09-06 04:53:00,173605.0,134.05,0
N7494,2025-09-06 04:54:00,2041699.0,108.87,0
N7495,2025-09-06 04:55:00,31031.0,152.14,0
N7496,2025-09-06 04:56:00,587648.0,140.11,0
N7497,2025-09-06 04:57:00,79716.0,179.35,0
N7498,2025-09-06 04:58:00,201163.0,159.46,0
N7499,2025-09-06 04:59:00,73785.0,153.11,0
N7500,2025-09-06 05:00:00,918565.0,162.88,0
N7501,2025-09-06 05:01:00,169387.0,110.1,0
N7502,2025-09-06 05:02:00,491037.0,114.57,0
N7503,2025-09-06 05:03:00,83090.0,90.06,0
N7504,2025-09-06 05:04:00,499204.0,131.38,0
N7505,2025-09-06 05:05:00,205088.0,126.54,0
N7506,2025-09-06 05:06:00,50457.0,125.07,0
N7507,2025-09-06 05:07:00,203053.0,156.2,0
N7508,2025-09-06 05:08:00,35103.0,110.5,0
N7509,2025-09-06 05:09:00,304658.0,99.8,0
N7510,2025-09-06 05:10:00,61177.0,135.05,0
N7511,2025-09-06 05:11:00,131908.0,132.85,0
N7512,2025-09-06 05:12:00,75529.0,67.33,0
N7513,2025-09-06 05:13:00,191146.0,128.13,0
N7514,2025-09-06 05:14:00,280212.0,73.56,0
N7515,2025-09-06 05:15:00,27861.0,112.49,0
N7516,2025-09-06 05:16:00,59386.0,158.85,0
N7517,2025-09-06 05:17:00,207135.0,76.58,0
N7518,2025-09-06 05:18:00,109538.0,103.99,0
N7519,2025-09-06 05:19:00,156342.0,96.67,0
N7520,2025-09-06 05:20:00,220947.0,129.1,0
N7521,2025-09-06 05:21:00,325456.0,125.24,0
N7522,2025-09-06 05:22:00,144820.0,100.47,0
N7523,2025-09-06 05:23:00,173170.0,128.27,0
N7524,2025-09-06 05:24:00,143847.0,143.45,0
N7525,2025-09-06 05:25:00,173013.0,133.7,0
N7526,2025-09-06 05:26:00,734235.0,99.42,0
N7527,2025-09-06 05:27:00,247280.0,115.92,0
N7528,2025-09-06 05:28:00,281007.0,86.26,0
N7529,2025-09-06 05:29:00,877228.0,117.29,0
N7530,2025-09-06 05:30:00,193601.0,99.28,0
N7531,2025-09-06 05:31:00,196307.0,87.75,0
N7532,2025-09-06 05:32:00,173562.0,93.2,0
N7533,2025-09-06 05:33:00,14349.0,95.73,0
N7534,2025-09-06 05:34:00,105519.0,135.33,0
N7535,2025-09-06 05:35:00,232621.0,147.15,0
N7536,2025-09-06 05:36:00,353056.0,163.3,0
N7537,2025-09-06 05:37:00,90433.0,104.53,0
N7538,2025-09-06 05:38:00,226156.0,129.74,0
N7539,2025-09-06 05:39:00,383154.0,105.12,0
N7540,2025-09-06 05:40:00,186655.0,106.11,0
N7541,2025-09-06 05:41:00,131167.0,124.51,0
N7542,2025-09-06 05:42:00,85157.0,122.15,0
N7543,2025-09-06 05:43:00,371832.0,102.68,0
N7544,2025-09-06 05:44:00,70075.0,97.64,0
N7545,2025-09-06 05:45:00,120432.0,140.4,0
N7546,2025-09-06 05:46:00,139612.0,178.86,0
N7547,2025-09-06 05:47:00,235142.0,148.66,0
N7548,2025-09-06 05:48:00,216489.0,98.0,0
N7549,2025-09-06 05:49:00,468335.0,110.08,0
N7550,2025-09-06 05:50:00,236383.0,122.14,0
N7551,2025-09-06 05:51:00,427125.0,106.18,0
N7552,2025-09-06 05:52:00,182085.0,114.54,0
N7553,2025-09-06 05:53:00,283834.0,95.46,0
N7554,2025-09-06 05:54:00,215087.0,132.12,0
N7555,2025-09-06 05:55:00,89103.0,99.98,0
N7556,2025-09-06 05:56:00,160247.0,127.96,0
N7557,2025-09-06 05:57:00,165462.0,89.09,0
N7558,2025-09-06 05:58:00,35273.0,108.27,0
N7559,2025-09-06 05:59:00,2062594.0,60.0,0
N7560,2025-09-06 06:00:00,45819.0,106.7,0
N7561,2025-09-06 06:01:00,479643.0,123.48,0
N7562,2025-09-06 06:02:00,1717276.0,101.07,0
N7563,2025-09-06 06:03:00,330860.0,94.6,0
N7564,2025-09-06 06:04:00,47770.0,72.98,0
N7565,2025-09-06 06:05:00,111587.0,177.76,0
N7566,2025-09-06 06:06:00,258677.0,95.1,0
N7567,2025-09-06 06:07:00,740665.0,136.88,0
N7568,2025-09-06 06:08:00,296808.0,107.39,0
N7569,2025-09-06 06:09:00,373485.0,92.51,0
N7570,2025-09-06 06:10:00,125355.0,102.8,0
N7571,2025-09-06 06:11:00,253637.0,84.67,0
N7572,2025-09-06 06:12:00,115524.0,111.08,0
N7573,2025-09-06 06:13:00,160757.0,176.84,0
N7574,2025-09-06 06:14:00,290134.0,153.4,0
N7575,2025-09-06 06:15:00,49784.0,182.85,0
N7576,2025-09-06 06:16:00,351609.0,124.7,0
N7577,2025-09-06 06:17:00,368404.0,155.92,0
N7578,2025-09-06 06:18:00,179687.0,60.0,0
N7579,2025-09-06 06:19:00,928169.0,97.15,0
N7580,2025-09-06 06:20:00,40988.0,136.04,0
N7581,2025-09-06 06:21:00,111972.0,77.32,0
N7582,2025-09-06 06:22:00,251827.0,94.91,0
N7583,2025-09-06 06:23:00,253512.0,176.82,0
N7584,2025-09-06 06:24:00,90436.0,91.46,0
N7585,2025-09-06 06:25:00,392745.0,124.88,0
N7586,2025-09-06 06:26:00,1576799.0,150.66,0
N7587,2025-09-06 06:27:00,204034.0,98.21,0
N7588,2025-09-06 06:28:00,308469.0,124.43,0
N7589,2025-09-06 06:29:00,56123.0,107.27,0
N7590,2025-09-06 06:30:00,414796.0,167.77,0
N7591,2025-09-06 06:31:00,169239.0,60.0,0
N7592,2025-09-06 06:32:00,165056.0,110.41,0
N7593,2025-09-06 06:33:00,1151358.0,101.81,0
N7594,2025-09-06 06:34:00,11414.0,120.72,0
N7595,2025-09-06 06:35:00,51912.0,159.28,0
N7596,2025-09-06 06:36:00,274318.0,127.33,0
N7597,2025-09-06 06:37:00,373969.0,122.91,0
N7598,2025-09-06 06:38:00,195802.0,73.18,0
N7599,2025-09-06 06:39:00,205930.0,85.39,0
N7600,2025-09-06 06:40:00,362063.0,131.17,0
N7601,2025-09-06 06:41:00,70526.0,124.42,0
N7602,2025-09-06 06:42:00,352704.0,95.47,0
N7603,2025-09-06 06:43:00,447317.0,106.24,0
N7604,2025-09-06 06:44:00,276825.0,146.02,0
N7605,2025-09-06 06:45:00,107094.0,97.46,0
N7606,2025-09-06 06:46:00,14861.0,146.03,0
N7607,2025-09-06 06:47:00,141571.0,131.21,0
N7608,2025-09-06 06:48:00,227385.0,118.11,0
N7609,2025-09-06 06:49:00,212586.0,187.92,0
N7610,2025-09-06 06:50:00,108703.0,123.8,0
N7611,2025-09-06 06:51:00,38006.0,78.25,0
N7612,2025-09-06 06:52:00,750593.0,106.37,0
N7613,2025-09-06 06:53:00,150414.0,160.77,0
N7614,2025-09-06 06:54:00,327285.0,166.54,0
N7615,2025-09-06 06:55:00,79135.0,137.13,0
N7616,2025-09-06 06:56:00,110272.0,135.3,0
N7617,2025-09-06 06:57:00,448309.0,162.24,0
N7618,2025-09-06 06:58:00,769236.0,169.08,0
N7619,2025-09-06 06:59:00,382611.0,158.06,0
N7620,2025-09-06 07:00:00,117248.0,61.1,0
N7621,2025-09-06 07:01:00,47582.0,121.97,0
N7622,2025-09-06 07:02:00,165434.0,60.0,0
N7623,2025-09-06 07:03:00,99745.0,104.33,0
N7624,2025-09-06 07:04:00,49567.0,154.39,0
N7625,2025-09-06 07:05:00,1381614.0,158.47,0
N7626,2025-09-06 07:06:00,124001.0,100.43,0
N7627,2025-09-06 07:07:00,52240.0,105.94,0
N7628,2025-09-06 07:08:00,346421.0,177.68,0
N7629,2025-09-06 07:09:00,137567.0,80.68,0
N7630,2025-09-06 07:10:00,1017303.0,125.26,0
N7631,2025-09-06 07:11:00,145361.0,142.1,0
N7632,2025-09-06 07:12:00,38768.0,116.76,0
N7633,2025-09-06 07:13:00,935110.0,100.35,0
N7634,2025-09-06 07:14:00,33304.0,143.73,0
N7635,2025-09-06 07:15:00,577744.0,156.83,0
N7636,2025-09-06 07:16:00,482804.0,136.43,0
N7637,2025-09-06 07:17:00,1410882.0,136.87,0
N7638,2025-09-06 07:18:00,129015.0,133.78,0
N7639,2025-09-06 07:19:00,1053938.0,93.27,0
N7640,2025-09-06 07:20:00,217167.0,113.63,0
N7641,2025-09-06 07:21:00,598625.0,80.85,0
N7642,2025-09-06 07:22:00,66881.0,96.4,0
N7643,2025-09-06 07:23:00,206186.0,60.0,0
N7644,2025-09-06 07:24:00,159228.0,64.14,0
N7645,2025-09-06 07:25:00,112081.0,88.72,0
N7646,2025-09-06 07:26:00,99681.0,133.37,0
N7647,2025-09-06 07:27:00,127442.0,174.25,0
N7648,2025-09-06 07:28:00,154256.0,108.63,0
N7649,2025-09-06 07:29:00,90404.0,136.58,0
N7650,2025-09-06 07:30:00,206494.0,123.89,0
N7651,2025-09-06 07:31:00,177137.0,106.96,0
N7652,2025-09-06 07:32:00,25622.0,143.97,0
N7653,2025-09-06 07:33:00,71139.0,136.71,0
N7654,2025-09-06 07:34:00,250970.0,143.6,0
N7655,2025-09-06 07:35:00,178638.0,119.78,0
N7656,2025-09-06 07:36:00,160580.0,123.31,0
N7657,2025-09-06 07:37:00,136399.0,109.19,0
N7658,2025-09-06 07:38:00,403240.0,140.94,0
N7659,2025-09-06 07:39:00,664364.0,89.98,0
N7660,2025-09-06 07:40:00,186643.0,136.26,0
N7661,2025-09-06 07:41:00,37401.0,107.97,0
N7662,2025-09-06 07:42:00,133379.0,95.71,0
N7663,2025-09-06 07:43:00,104072.0,120.42,0
N7664,2025-09-06 07:44:00,387386.0,125.45,0
N7665,2025-09-06 07:45:00,264599.0,121.34,0
N7666,2025-09-06 07:46:00,1247070.0,67.69,0
N7667,2025-09-06 07:47:00,76244.0,171.25,0
N7668,2025-09-06 07:48:00,3197138.0,88.57,0
N7669,2025-09-06 07:49:00,300088.0,95.69,0
N7670,2025-09-06 07:50:00,294018.0,147.5,0
N7671,2025-09-06 07:51:00,203825.0,115.8,0
N7672,2025-09-06 07:52:00,87753.0,168.49,0
N7673,2025-09-06 07:53:00,79144.0,133.44,0
N7674,2025-09-06 07:54:00,109506.0,127.0,0
N7675,2025-09-06 07:55:00,234287.0,72.51,0
N7676,2025-09-06 07:56:00,546828.0,109.13,0
N7677,2025-09-06 07:57:00,306122.0,171.12,0
N7678,2025-09-06 07:58:00,212612.0,112.1,0
N7679,2025-09-06 07:59:00,661544.0,151.7,0
N7680,2025-09-06 08:00:00,381814.0,109.95,0
N7681,2025-09-06 08:01:00,279758.0,148.27,0
N7682,2025-09-06 08:02:00,125689.0,149.04,0
N7683,2025-09-06 08:03:00,341132.0,105.13,0
N7684,2025-09-06 08:04:00,1119851.0,78.4,0
N7685,2025-09-06 08:05:00,83847.0,122.85,0
N7686,2025-09-06 08:06:00,225882.0,60.0,0
N7687,2025-09-06 08:07:00,563628.0,128.79,0
N7688,2025-09-06 08:08:00,974114.0,88.73,0
N7689,2025-09-06 08:09:00,259116.0,126.54,0
N7690,2025-09-06 08:10:00,544387.0,122.45,0
N7691,2025-09-06 08:11:00,35516.0,108.73,0
N7692,2025-09-06 08:12:00,266051.0,166.05,0
N7693,2025-09-06 08:13:00,219797.0,120.56,0
N7694,2025-09-06 08:14:00,1750411.0,131.62,0
N7695,2025-09-06 08:15:00,31493.0,137.0,0
N7696,2025-09-06 08:16:00,69635.0,122.86,0
N7697,2025-09-06 08:17:00,44803.0,125.25,0
N7698,2025-09-06 08:18:00,20237.0,102.58,0
N7699,2025-09-06 08:19:00,302429.0,109.43,0
N7700,2025-09-06 08:20:00,168873.0,121.15,0
N7701,2025-09-06 08:21:00,268419.0,123.07,0
N7702,2025-09-06 08:22:00,241984.0,149.74,0
N7703,2025-09-06 08:23:00,232836.0,132.22,0
N7704,2025-09-06 08:24:00,70612.0,92.9,0
N7705,2025-09-06 08:25:00,63874.0,134.47,0
N7706,2025-09-06 08:26:00,28513.0,103.98,0
N7707,2025-09-06 08:27:00,613512.0,157.74,0
N7708,2025-09-06 08:28:00,179895.0,60.0,0
N7709,2025-09-06 08:29:00,64772.0,128.12,0
N7710,2025-09-06 08:30:00,623104.0,121.16,0
N7711,2025-09-06 08:31:00,321281.0,111.03,0
N7712,2025-09-06 08:32:00,45024.0,150.38,0
N7713,2025-09-06 08:33:00,58686.0,147.92,0
N7714,2025-09-06 08:34:00,568115.0,148.43,0
N7715,2025-09-06 08:35:00,124594.0,151.78,0
N7716,2025-09-06 08:36:00,225590.0,135.97,0
N7717,2025-09-06 08:37:00,1565589.0,162.59,0
N7718,2025-09-06 08:38:00,131862.0,166.73,0
N7719,2025-09-06 08:39:00,235616.0,100.8,0
N7720,2025-09-06 08:40:00,317939.0,144.6,0
N7721,2025-09-06 08:41:00,526706.0,86.34,0
N7722,2025-09-06 08:42:00,474916.0,140.11,0
N7723,2025-09-06 08:43:00,97265.0,127.69,0
N7724,2025-09-06 08:44:00,123974.0,133.25,0
N7725,2025-09-06 08:45:00,165359.0,104.68,0
N7726,2025-09-06 08:46:00,211118.0,77.85,0
N7727,2025-09-06 08:47:00,472836.0,87.35,0
N7728,2025-09-06 08:48:00,148939.0,106.4,0
N7729,2025-09-06 08:49:00,223288.0,130.24,0
N7730,2025-09-06 08:50:00,22157.0,88.55,0
N7731,2025-09-06 08:51:00,111427.0,82.54,0
N7732,2025-09-06 08:52:00,405492.0,106.05,0
N7733,2025-09-06 08:53:00,233901.0,164.73,0
N7734,2025-09-06 08:54:00,170630.0,155.66,0
N7735,2025-09-06 08:55:00,54141.0,62.03,0
N7736,2025-09-06 08:56:00,45826.0,95.6,0
N7737,2025-09-06 08:57:00,129487.0,105.46,0
N7738,2025-09-06 08:58:00,326824.0,91.26,0
N7739,2025-09-06 08:59:00,164267.0,100.86,0
N7740,2025-09-06 09:00:00,34553.0,160.16,0
N7741,2025-09-06 09:01:00,217667.0,200.53,0
N7742,2025-09-06 09:02:00,127711.0,153.3,0
N7743,2025-09-06 09:03:00,20444.0,161.04,0
N7744,2025-09-06 09:04:00,320657.0,82.12,0
N7745,2025-09-06 09:05:00,283861.0,71.04,0
N7746,2025-09-06 09:06:00,158910.0,60.67,0
N7747,2025-09-06 09:07:00,132414.0,161.47,0
N7748,2025-09-06 09:08:00,22451.0,67.14,0
N7749,2025-09-06 09:09:00,445091.0,111.94,0
N7750,2025-09-06 09:10:00,78043.0,112.7,0
N7751,2025-09-06 09:11:00,52295.0,125.4,0
N7752,2025-09-06 09:12:00,48474.0,163.33,0
N7753,2025-09-06 09:13:00,480388.0,60.64,0
N7754,2025-09-06 09:14:00,384644.0,160.24,0
N7755,2025-09-06 09:15:00,540321.0,142.49,0
N7756,2025-09-06 09:16:00,143502.0,140.17,0
N7757,2025-09-06 09:17:00,888833.0,150.12,0
N7758,2025-09-06 09:18:00,136961.0,103.58,0
N7759,2025-09-06 09:19:00,86419.0,151.26,0
N7760,2025-09-06 09:20:00,330478.0,136.99,0
N7761,2025-09-06 09:21:00,326028.0,93.48,0
N7762,2025-09-06 09:22:00,379660.0,124.02,0
N7763,2025-09-06 09:23:00,138974.0,110.87,0
N7764,2025-09-06 09:24:00,132503.0,151.52,0
N7765,2025-09-06 09:25:00,996409.0,95.88,0
N7766,2025-09-06 09:26:00,124133.0,101.21,0
N7767,2025-09-06 09:27:00,53584.0,127.76,0
N7768,2025-09-06 09:28:00,48513.0,115.22,0
N7769,2025-09-06 09:29:00,339294.0,127.37,0
N7770,2025-09-06 09:30:00,200222.0,132.16,0
N7771,2025-09-06 09:31:00,363539.0,98.95,0
N7772,2025-09-06 09:32:00,182559.0,144.22,0
N7773,2025-09-06 09:33:00,300185.0,173.19,0
N7774,2025-09-06 09:34:00,176168.0,127.59,0
N7775,2025-09-06 09:35:00,176261.0,133.68,0
N7776,2025-09-06 09:36:00,68472.0,170.02,0
N7777,2025-09-06 09:37:00,497020.0,117.91,0
N7778,2025-09-06 09:38:00,135533.0,157.01,0
N7779,2025-09-06 09:39:00,311275.0,106.75,0
N7780,2025-09-06 09:40:00,11258.0,129.98,0
N7781,2025-09-06 09:41:00,96809.0,94.61,0
N7782,2025-09-06 09:42:00,173907.0,134.58,0
N7783,2025-09-06 09:43:00,239239.0,126.11,0
N7784,2025-09-06 09:44:00,86636.0,119.12,0
N7785,2025-09-06 09:45:00,41289.0,84.37,0
N7786,2025-09-06 09:46:00,189072.0,74.25,0
N7787,2025-09-06 09:47:00,273381.0,136.14,0
N7788,2025-09-06 09:48:00,306288.0,78.03,0
N7789,2025-09-06 09:49:00,108655.0,101.32,0
N7790,2025-09-06 09:50:00,95715.0,158.65,0
N7791,2025-09-06 09:51:00,141405.0,137.23,0
N7792,2025-09-06 09:52:00,383636.0,139.24,0
N7793,2025-09-06 09:53:00,139063.0,190.19,0
N7794,2025-09-06 09:54:00,742876.0,123.65,0
N7795,2025-09-06 09:55:00,1237330.0,137.14,0
N7796,2025-09-06 09:56:00,172043.0,164.03,0
N7797,2025-09-06 09:57:00,57699.0,60.08,0
N7798,2025-09-06 09:58:00,142055.0,147.73,0
N7799,2025-09-06 09:59:00,406103.0,98.76,0
N7800,2025-09-06 10:00:00,248548.0,138.35,0
N7801,2025-09-06 10:01:00,88003.0,116.75,0
N7802,2025-09-06 10:02:00,196168.0,84.34,0
N7803,2025-09-06 10:03:00,98995.0,110.75,0
N7804,2025-09-06 10:04:00,30019.0,113.56,0
N7805,2025-09-06 10:05:00,30312.0,157.68,0
N7806,2025-09-06 10:06:00,55967.0,124.06,0
N7807,2025-09-06 10:07:00,275732.0,156.78,0
N7808,2025-09-06 10:08:00,59148.0,113.83,0
N7809,2025-09-06 10:09:00,1306695.0,156.37,0
N7810,2025-09-06 10:10:00,82835.0,97.79,0
N7811,2025-09-06 10:11:00,108087.0,136.19,0
N7812,2025-09-06 10:12:00,307700.0,128.07,0
N7813,2025-09-06 10:13:00,156112.0,119.92,0
N7814,2025-09-06 10:14:00,35018.0,105.65,0
N7815,2025-09-06 10:15:00,171614.0,163.01,0
N7816,2025-09-06 10:16:00,457264.0,112.73,0
N7817,2025-09-06 10:17:00,316758.0,140.48,0
N7818,2025-09-06 10:18:00,33525.0,106.84,0
N7819,2025-09-06 10:19:00,83125.0,127.73,0
N7820,2025-09-06 10:20:00,34773.0,112.42,0
N7821,2025-09-06 10:21:00,244747.0,188.88,0
N7822,2025-09-06 10:22:00,144854.0,175.71,0
N7823,2025-09-06 10:23:00,149676.0,115.91,0
N7824,2025-09-06 10:24:00,454875.0,112.7,0
N7825,2025-09-06 10:25:00,214790.0,94.81,0
N7826,2025-09-06 10:26:00,107208.0,147.1,0
N7827,2025-09-06 10:27:00,201015.0,159.37,0
N7828,2025-09-06 10:28:00,372743.0,85.02,0
N7829,2025-09-06 10:29:00,116033.0,123.01,0
N7830,2025-09-06 10:30:00,78497.0,142.12,0
N7831,2025-09-06 10:31:00,23731.0,143.03,0
N7832,2025-09-06 10:32:00,888667.0,119.92,0
N7833,2025-09-06 10:33:00,62245.0,111.04,0
N7834,2025-09-06 10:34:00,59259.0,81.32,0
N7835,2025-09-06 10:35:00,970486.0,166.28,0
N7836,2025-09-06 10:36:00,123811.0,65.91,0
N7837,2025-09-06 10:37:00,398891.0,93.88,0
N7838,2025-09-06 10:38:00,433245.0,119.43,0
N7839,2025-09-06 10:39:00,31335.0,131.99,0
N7840,2025-09-06 10:40:00,69155.0,119.01,0
N7841,2025-09-06 10:41:00,623855.0,137.87,0
N7842,2025-09-06 10:42:00,331127.0,174.06,0
N7843,2025-09-06 10:43:00,2307757.0,97.91,0
N7844,2025-09-06 10:44:00,587553.0,109.08,0
N7845,2025-09-06 10:45:00,469060.0,97.85,0
N7846,2025-09-06 10:46:00,1316806.0,149.23,0
N7847,2025-09-06 10:47:00,24183.0,102.58,0
N7848,2025-09-06 10:48:00,221024.0,117.06,0
N7849,2025-09-06 10:49:00,1513812.0,131.66,0
N7850,2025-09-06 10:50:00,156483.0,165.06,0
N7851,2025-09-06 10:51:00,180613.0,115.46,0
N7852,2025-09-06 10:52:00,428984.0,134.43,0
N7853,2025-09-06 10:53:00,420042.0,158.92,0
N7854,2025-09-06 10:54:00,470880.0,114.63,0
N7855,2025-09-06 10:55:00,259875.0,151.07,0
N7856,2025-09-06 10:56:00,131378.0,75.95,0
N7857,2025-09-06 10:57:00,231789.0,131.91,0
N7858,2025-09-06 10:58:00,149614.0,134.09,0
N7859,2025-09-06 10:59:00,143351.0,112.41,0
N7860,2025-09-06 11:00:00,578612.0,108.1,0
N7861,2025-09-06 11:01:00,77860.0,152.82,0
N7862,2025-09-06 11:02:00,30549.0,151.84,0
N7863,2025-09-06 11:03:00,172408.0,101.02,0
N7864,2025-09-06 11:04:00,336027.0,147.19,0
N7865,2025-09-06 11:05:00,977739.0,125.64,0
N7866,2025-09-06 11:06:00,804677.0,127.79,0
N7867,2025-09-06 11:07:00,39824.0,74.38,0
N7868,2025-09-06 11:08:00,30735.0,158.21,0
N7869,2025-09-06 11:09:00,223438.0,145.78,0
N7870,2025-09-06 11:10:00,908659.0,90.18,0
N7871,2025-09-06 11:11:00,142700.0,138.56,0
N7872,2025-09-06 11:12:00,417210.0,148.27,0
N7873,2025-09-06 11:13:00,286307.0,120.31,0
N7874,2025-09-06 11:14:00,304899.0,95.99,0
N7875,2025-09-06 11:15:00,43845.0,152.21,0
N7876,2025-09-06 11:16:00,246605.0,119.43,0
N7877,2025-09-06 11:17:00,50621.0,109.08,0
N7878,2025-09-06 11:18:00,2025318.0,127.54,0
N7879,2025-09-06 11:19:00,322980.0,149.96,0
N7880,2025-09-06 11:20:00,133605.0,102.95,0
N7881,2025-09-06 11:21:00,286113.0,128.13,0
N7882,2025-09-06 11:22:00,2226423.0,86.59,0
N7883,2025-09-06 11:23:00,266857.0,117.37,0
N7884,2025-09-06 11:24:00,74132.0,111.92,0
N7885,2025-09-06 11:25:00,98156.0,110.37,0
N7886,2025-09-06 11:26:00,122996.0,141.95,0
N7887,2025-09-06 11:27:00,35960.0,109.23,0
N7888,2025-09-06 11:28:00,120532.0,102.33,0
N7889,2025-09-06 11:29:00,110902.0,130.92,0
N7890,2025-09-06 11:30:00,160886.0,167.94,0
N7891,2025-09-06 11:31:00,1992603.0,105.61,0
N7892,2025-09-06 11:32:00,272082.0,95.25,0
N7893,2025-09-06 11:33:00,486336.0,100.22,0
N7894,2025-09-06 11:34:00,129573.0,129.95,0
N7895,2025-09-06 11:35:00,364891.0,141.0,0
N7896,2025-09-06 11:36:00,96994.0,91.4,0
N7897,2025-09-06 11:37:00,312642.0,96.76,0
N7898,2025-09-06 11:38:00,259211.0,140.82,0
N7899,2025-09-06 11:39:00,362889.0,61.25,0
N7900,2025-09-06 11:40:00,526942.0,95.72,0
N7901,2025-09-06 11:41:00,93020.0,102.07,0
N7902,2025-09-06 11:42:00,105758.0,105.95,0
N7903,2025-09-06 11:43:00,210767.0,137.97,0
N7904,2025-09-06 11:44:00,336821.0,128.48,0
N7905,2025-09-06 11:45:00,215980.0,117.67,0
N7906,2025-09-06 11:46:00,133435.0,114.5,0
N7907,2025-09-06 11:47:00,135655.0,151.93,0
N7908,2025-09-06 11:48:00,28125.0,82.1,0
N7909,2025-09-06 11:49:00,62590.0,64.0,0
N7910,2025-09-06 11:50:00,575135.0,106.33,0
N7911,2025-09-06 11:51:00,195717.0,110.05,0
N7912,2025-09-06 11:52:00,206610.0,89.3,0
N7913,2025-09-06 11:53:00,122699.0,109.85,0
N7914,2025-09-06 11:54:00,34702.0,172.89,0
N7915,2025-09-06 11:55:00,163634.0,111.28,0
N7916,2025-09-06 11:56:00,128993.0,75.82,0
N7917,2025-09-06 11:57:00,56065.0,126.71,0
N7918,2025-09-06 11:58:00,143553.0,109.87,0
N7919,2025-09-06 11:59:00,57204.0,95.52,0
N7920,2025-09-06 12:00:00,339940.0,137.51,0
N7921,2025-09-06 12:01:00,119975.0,162.68,0
N7922,2025-09-06 12:02:00,385492.0,136.77,0
N7923,2025-09-06 12:03:00,113924.0,114.7,0
N7924,2025-09-06 12:04:00,471350.0,124.5,0
N7925,2025-09-06 12:05:00,164892.0,88.29,0
N7926,2025-09-06 12:06:00,86987.0,119.58,0
N7927,2025-09-06 12:07:00,74926.0,100.77,0
N7928,2025-09-06 12:08:00,202574.0,60.0,0
N7929,2025-09-06 12:09:00,108396.0,156.03,0
N7930,2025-09-06 12:10:00,306588.0,122.14,0
N7931,2025-09-06 12:11:00,1473566.0,90.91,0
N7932,2025-09-06 12:12:00,312507.0,131.77,0
N7933,2025-09-06 12:13:00,38736.0,108.81,0
N7934,2025-09-06 12:14:00,117630.0,118.23,0
N7935,2025-09-06 12:15:00,47292.0,144.47,0
N7936,2025-09-06 12:16:00,192150.0,139.02,0
N7937,2025-09-06 12:17:00,415943.0,140.5,0
N7938,2025-09-06 12:18:00,78636.0,103.11,0
N7939,2025-09-06 12:19:00,312395.0,100.9,0
N7940,2025-09-06 12:20:00,237902.0,122.43,0
N7941,2025-09-06 12:21:00,276856.0,126.38,0
N7942,2025-09-06 12:22:00,271853.0,95.98,0
N7943,2025-09-06 12:23:00,234603.0,165.83,0
N7944,2025-09-06 12:24:00,285719.0,102.36,0
N7945,2025-09-06 12:25:00,237633.0,106.16,0
N7946,2025-09-06 12:26:00,166788.0,156.06,0
N7947,2025-09-06 12:27:00,28033.0,105.91,0
N7948,2025-09-06 12:28:00,153200.0,140.75,0
N7949,2025-09-06 12:29:00,115289.0,134.8,0
N7950,2025-09-06 12:30:00,238811.0,88.6,0
N7951,2025-09-06 12:31:00,30305.0,126.82,0
N7952,2025-09-06 12:32:00,140130.0,110.98,0
N7953,2025-09-06 12:33:00,120004.0,130.35,0
N7954,2025-09-06 12:34:00,205842.0,174.21,0
N7955,2025-09-06 12:35:00,246356.0,64.33,0
N7956,2025-09-06 12:36:00,63056.0,178.08,0
N7957,2025-09-06 12:37:00,50627.0,116.78,0
N7958,2025-09-06 12:38:00,51399.0,155.57,0
N7959,2025-09-06 12:39:00,214742.0,119.42,0
N7960,2025-09-06 12:40:00,315327.0,117.69,0
N7961,2025-09-06 12:41:00,137756.0,129.69,0
N7962,2025-09-06 12:42:00,43632.0,87.8,0
N7963,2025-09-06 12:43:00,118371.0,92.35,0
N7964,2025-09-06 12:44:00,132026.0,121.69,0
N7965,2025-09-06 12:45:00,33775.0,120.54,0
N7966,2025-09-06 12:46:00,48508.0,60.0,0
N7967,2025-09-06 12:47:00,105333.0,83.91,0
N7968,2025-09-06 12:48:00,1077781.0,144.05,0
N7969,2025-09-06 12:49:00,71533.0,120.33,0
N7970,2025-09-06 12:50:00,84316.0,107.57,0
N7971,2025-09-06 12:51:00,13720.0,148.63,0
N7972,2025-09-06 12:52:00,181793.0,101.13,0
N7973,2025-09-06 12:53:00,40715.0,114.45,0
N7974,2025-09-06 12:54:00,115034.0,154.39,0
N7975,2025-09-06 12:55:00,403655.0,138.4,0
N7976,2025-09-06 12:56:00,189657.0,127.25,0
N7977,2025-09-06 12:57:00,931024.0,94.01,0
N7978,2025-09-06 12:58:00,141635.0,74.53,0
N7979,2025-09-06 12:59:00,99197.0,117.09,0
N7980,2025-09-06 13:00:00,201279.0,102.33,0
N7981,2025-09-06 13:01:00,514847.0,143.92,0
N7982,2025-09-06 13:02:00,63314.0,76.42,0
N7983,2025-09-06 13:03:00,865755.0,105.1,0
N7984,2025-09-06 13:04:00,918736.0,97.83,0
N7985,2025-09-06 13:05:00,83894.0,143.32,0
N7986,2025-09-06 13:06:00,230409.0,136.82,0
N7987,2025-09-06 13:07:00,203852.0,168.02,0
N7988,2025-09-06 13:08:00,238108.0,130.33,0
N7989,2025-09-06 13:09:00,137114.0,93.3,0
N7990,2025-09-06 13:10:00,119942.0,120.69,0
N7991,2025-09-06 13:11:00,294219.0,176.98,0
N7992,2025-09-06 13:12:00,88565.0,104.94,0
N7993,2025-09-06 13:13:00,790418.0,133.6,0
N7994,2025-09-06 13:14:00,476485.0,112.46,0
N7995,2025-09-06 13:15:00,265402.0,125.17,0
N7996,2025-09-06 13:16:00,36192.0,109.75,0
N7997,2025-09-06 13:17:00,83698.0,149.17,0
N7998,2025-09-06 13:18:00,180619.0,104.32,0
N7999,2025-09-06 13:19:00,95728.0,136.33,0
M0,2025-09-06 13:20:00,734810.0,2.44,1
M1,2025-09-06 13:21:00,823914.0,3.38,1
M2,2025-09-06 13:22:00,67636.0,0.87,1
M3,2025-09-06 13:23:00,794622.0,23.71,1
M4,2025-09-06 13:24:00,149969.0,1.33,1
M5,2025-09-06 13:25:00,975958.0,4.4,1
M6,2025-09-06 13:26:00,240258.0,9.05,1
M7,2025-09-06 13:27:00,494736.0,8.86,1
M8,2025-09-06 13:28:00,285774.0,7.35,1
M9,2025-09-06 13:29:00,176978.0,32.35,1
M10,2025-09-06 13:30:00,424394.0,10.84,1
M11,2025-09-06 13:31:00,174309.0,31.64,1
M12,2025-09-06 13:32:00,1054957.0,34.73,1
M13,2025-09-06 13:33:00,634365.0,5.0,1
M14,2025-09-06 13:34:00,1017890.0,2.58,1
M15,2025-09-06 13:35:00,734108.0,6.54,1
M16,2025-09-06 13:36:00,374454.0,10.64,1
M17,2025-09-06 13:37:00,450794.0,8.22,1
M18,2025-09-06 13:38:00,245779.0,3.3,1
M19,2025-09-06 13:39:00,348494.0,0.63,1
M20,2025-09-06 13:40:00,296142.0,7.09,1
M21,2025-09-06 13:41:00,182530.0,6.83,1
M22,2025-09-06 13:42:00,415202.0,1.82,1
M23,2025-09-06 13:43:00,138246.0,14.65,1
M24,2025-09-06 13:44:00,492060.0,2.87,1
M25,2025-09-06 13:45:00,215395.0,27.45,1
M26,2025-09-06 13:46:00,1492743.0,5.09,1
M27,2025-09-06 13:47:00,700696.0,4.73,1
M28,2025-09-06 13:48:00,770373.0,9.53,1
M29,2025-09-06 13:49:00,1550579.0,23.25,1
M30,2025-09-06 13:50:00,116132.0,24.67,1
M31,2025-09-06 13:51:00,363056.0,6.28,1
M32,2025-09-06 13:52:00,336432.0,11.89,1
M33,2025-09-06 13:53:00,677026.0,9.86,1
M34,2025-09-06 13:54:00,223935.0,15.57,1
M35,2025-09-06 13:55:00,1311604.0,5.7,1
M36,2025-09-06 13:56:00,826665.0,2.03,1
M37,2025-09-06 13:57:00,152825.0,1.92,1
M38,2025-09-06 13:58:00,840178.0,10.64,1
M39,2025-09-06 13:59:00,883674.0,3.69,1
M40,2025-09-06 14:00:00,636492.0,11.27,1
M41,2025-09-06 14:01:00,230368.0,12.27,1
M42,2025-09-06 14:02:00,201677.0,21.49,1
M43,2025-09-06 14:03:00,809411.0,2.16,1
M44,2025-09-06 14:04:00,1073380.0,11.68,1
M45,2025-09-06 14:05:00,4313254.0,2.35,1
M46,2025-09-06 14:06:00,860802.0,6.46,1
M47,2025-09-06 14:07:00,220695.0,11.06,1
M48,2025-09-06 14:08:00,1041409.0,17.46,1
M49,2025-09-06 14:09:00,359006.0,1.11,1
M50,2025-09-06 14:10:00,494938.0,8.46,1
M51,2025-09-06 14:11:00,185837.0,12.35,1
M52,2025-09-06 14:12:00,651813.0,27.94,1
M53,2025-09-06 14:13:00,183127.0,13.21,1
M54,2025-09-06 14:14:00,150191.0,5.89,1
M55,2025-09-06 14:15:00,119707.0,13.93,1
M56,2025-09-06 14:16:00,281819.0,6.47,1
M57,2025-09-06 14:17:00,96144.0,5.19,1
M58,2025-09-06 14:18:00,242838.0,15.94,1
M59,2025-09-06 14:19:00,146476.0,27.88,1
M60,2025-09-06 14:20:00,607252.0,11.09,1
M61,2025-09-06 14:21:00,2269195.0,3.68,1
M62,2025-09-06 14:22:00,248821.0,26.43,1
M63,2025-09-06 14:23:00,199444.0,5.25,1
M64,2025-09-06 14:24:00,2109198.0,14.0,1
M65,2025-09-06 14:25:00,96546.0,8.38,1
M66,2025-09-06 14:26:00,1019020.0,2.44,1
M67,2025-09-06 14:27:00,346803.0,111.37,1
M68,2025-09-06 14:28:00,3040951.0,7.39,1
M69,2025-09-06 14:29:00,88424.0,1.69,1
M70,2025-09-06 14:30:00,133735.0,2.48,1
M71,2025-09-06 14:31:00,340034.0,3.41,1
M72,2025-09-06 14:32:00,217009.0,5.12,1
M73,2025-09-06 14:33:00,606018.0,3.65,1
M74,2025-09-06 14:34:00,1309019.0,0.94,1
M75,2025-09-06 14:35:00,248469.0,94.58,1
M76,2025-09-06 14:36:00,507713.0,33.04,1
M77,2025-09-06 14:37:00,633037.0,11.35,1
M78,2025-09-06 14:38:00,759845.0,5.52,1
M79,2025-09-06 14:39:00,206561.0,14.86,1
M80,2025-09-06 14:40:00,328011.0,17.19,1
M81,2025-09-06 14:41:00,613130.0,1.62,1
M82,2025-09-06 14:42:00,406779.0,9.85,1
M83,2025-09-06 14:43:00,158493.0,0.69,1
M84,2025-09-06 14:44:00,490942.0,6.81,1
M85,2025-09-06 14:45:00,348261.0,3.39,1
M86,2025-09-06 14:46:00,256573.0,10.62,1
M87,2025-09-06 14:47:00,101775.0,4.63,1
M88,2025-09-06 14:48:00,257112.0,10.61,1
M89,2025-09-06 14:49:00,197221.0,259.62,1
M90,2025-09-06 14:50:00,1899686.0,3.91,1
M91,2025-09-06 14:51:00,2498438.0,2.77,1
M92,2025-09-06 14:52:00,439609.0,39.05,1
M93,2025-09-06 14:53:00,451477.0,22.24,1
M94,2025-09-06 14:54:00,251439.0,4.73,1
M95,2025-09-06 14:55:00,635400.0,4.22,1
M96,2025-09-06 14:56:00,316980.0,1.45,1
M97,2025-09-06 14:57:00,423131.0,10.02,1
M98,2025-09-06 14:58:00,1044548.0,34.21,1
M99,2025-09-06 14:59:00,1654483.0,4.31,1
M100,2025-09-06 15:00:00,362649.0,15.01,1
M101,2025-09-06 15:01:00,174678.0,2.47,1
M102,2025-09-06 15:02:00,1315435.0,3.71,1
M103,2025-09-06 15:03:00,389438.0,9.84,1
M104,2025-09-06 15:04:00,1360646.0,32.85,1
M105,2025-09-06 15:05:00,97327.0,9.55,1
M106,2025-09-06 15:06:00,846574.0,8.22,1
M107,2025-09-06 15:07:00,749037.0,10.62,1
M108,2025-09-06 15:08:00,161172.0,4.22,1
M109,2025-09-06 15:09:00,484447.0,0.5,1
M110,2025-09-06 15:10:00,802600.0,18.49,1
M111,2025-09-06 15:11:00,478351.0,17.82,1
M112,2025-09-06 15:12:00,305778.0,6.78,1
M113,2025-09-06 15:13:00,495242.0,19.95,1
M114,2025-09-06 15:14:00,386516.0,12.74,1
M115,2025-09-06 15:15:00,165588.0,25.67,1
M116,2025-09-06 15:16:00,736312.0,71.52,1
M117,2025-09-06 15:17:00,2433950.0,10.85,1
M118,2025-09-06 15:18:00,282665.0,2.94,1
M119,2025-09-06 15:19:00,754331.0,8.6,1
M120,2025-09-06 15:20:00,118003.0,5.17,1
M121,2025-09-06 15:21:00,624330.0,14.55,1
M122,2025-09-06 15:22:00,377622.0,31.84,1
M123,2025-09-06 15:23:00,513632.0,5.4,1
M124,2025-09-06 15:24:00,660865.0,14.09,1
M125,2025-09-06 15:25:00,1203053.0,7.5,1
M126,2025-09-06 15:26:00,2491314.0,13.02,1
M127,2025-09-06 15:27:00,320525.0,2.3,1
M128,2025-09-06 15:28:00,338637.0,18.53,1
M129,2025-09-06 15:29:00,303588.0,36.53,1
M130,2025-09-06 15:30:00,250515.0,5.09,1
M131,2025-09-06 15:31:00,305787.0,139.01,1
M132,2025-09-06 15:32:00,565709.0,6.11,1
M133,2025-09-06 15:33:00,228325.0,2.35,1
M134,2025-09-06 15:34:00,2576101.0,3.44,1
M135,2025-09-06 15:35:00,130399.0,56.31,1
M136,2025-09-06 15:36:00,124117.0,10.44,1
M137,2025-09-06 15:37:00,569884.0,1.6,1
M138,2025-09-06 15:38:00,119543.0,10.62,1
M139,2025-09-06 15:39:00,148714.0,10.67,1
M140,2025-09-06 15:40:00,550648.0,11.98,1
M141,2025-09-06 15:41:00,104138.0,6.85,1
M142,2025-09-06 15:42:00,901600.0,9.97,1
M143,2025-09-06 15:43:00,302914.0,9.38,1
M144,2025-09-06 15:44:00,808863.0,5.48,1
M145,2025-09-06 15:45:00,286850.0,8.25,1
M146,2025-09-06 15:46:00,990241.0,1.52,1
M147,2025-09-06 15:47:00,846203.0,28.74,1
M148,2025-09-06 15:48:00,293539.0,12.86,1
M149,2025-09-06 15:49:00,442730.0,4.83,1
M150,2025-09-06 15:50:00,189141.0,11.19,1
M151,2025-09-06 15:51:00,2427776.0,7.15,1
M152,2025-09-06 15:52:00,868502.0,16.57,1
M153,2025-09-06 15:53:00,187826.0,11.76,1
M154,2025-09-06 15:54:00,519389.0,10.59,1
M155,2025-09-06 15:55:00,444880.0,0.91,1
M156,2025-09-06 15:56:00,192070.0,7.87,1
M157,2025-09-06 15:57:00,252242.0,2.42,1
M158,2025-09-06 15:58:00,85254.0,11.35,1
M159,2025-09-06 15:59:00,686794.0,159.52,1
M160,2025-09-06 16:00:00,232316.0,4.62,1
M161,2025-09-06 16:01:00,1179396.0,11.73,1
M162,2025-09-06 16:02:00,328647.0,3.16,1
M163,2025-09-06 16:03:00,791475.0,13.46,1
M164,2025-09-06 16:04:00,754214.0,18.9,1
M165,2025-09-06 16:05:00,413218.0,10.0,1
M166,2025-09-06 16:06:00,99056.0,2.12,1
M167,2025-09-06 16:07:00,502353.0,46.86,1
M168,2025-09-06 16:08:00,335406.0,20.8,1
M169,2025-09-06 16:09:00,1009870.0,3.3,1
M170,2025-09-06 16:10:00,393929.0,4.97,1
M171,2025-09-06 16:11:00,1510978.0,1.42,1
M172,2025-09-06 16:12:00,384568.0,17.74,1
M173,2025-09-06 16:13:00,226862.0,1.14,1
M174,2025-09-06 16:14:00,104562.0,0.79,1
M175,2025-09-06 16:15:00,298981.0,7.5,1
M176,2025-09-06 16:16:00,365731.0,19.86,1
M177,2025-09-06 16:17:00,288637.0,15.8,1
M178,2025-09-06 16:18:00,1228822.0,6.46,1
M179,2025-09-06 16:19:00,432555.0,6.03,1
M180,2025-09-06 16:20:00,375796.0,9.24,1
M181,2025-09-06 16:21:00,833397.0,7.64,1
M182,2025-09-06 16:22:00,232391.0,17.28,1
M183,2025-09-06 16:23:00,708857.0,3.31,1
M184,2025-09-06 16:24:00,1672638.0,10.1,1
M185,2025-09-06 16:25:00,95315.0,4.39,1
M186,2025-09-06 16:26:00,150367.0,15.66,1
M187,2025-09-06 16:27:00,125044.0,11.55,1
M188,2025-09-06 16:28:00,467968.0,38.2,1
M189,2025-09-06 16:29:00,589386.0,1.62,1
M190,2025-09-06 16:30:00,760558.0,4.33,1
M191,2025-09-06 16:31:00,386620.0,5.35,1
M192,2025-09-06 16:32:00,1145102.0,22.9,1
M193,2025-09-06 16:33:00,447539.0,2.8,1
M194,2025-09-06 16:34:00,1237182.0,35.22,1
M195,2025-09-06 16:35:00,170415.0,10.97,1
M196,2025-09-06 16:36:00,155431.0,10.83,1
M197,2025-09-06 16:37:00,367053.0,6.07,1
M198,2025-09-06 16:38:00,139650.0,20.15,1
M199,2025-09-06 16:39:00,703650.0,11.99,1
M200,2025-09-06 16:40:00,570183.0,4.23,1
M201,2025-09-06 16:41:00,78636.0,3.1,1
M202,2025-09-06 16:42:00,516703.0,10.12,1
M203,2025-09-06 16:43:00,212120.0,24.95,1
M204,2025-09-06 16:44:00,267672.0,15.68,1
M205,2025-09-06 16:45:00,277658.0,14.02,1
M206,2025-09-06 16:46:00,967516.0,12.42,1
M207,2025-09-06 16:47:00,2367963.0,32.53,1
M208,2025-09-06 16:48:00,948225.0,10.92,1
M209,2025-09-06 16:49:00,551614.0,12.68,1
M210,2025-09-06 16:50:00,756858.0,0.9,1
M211,2025-09-06 16:51:00,1038966.0,2.72,1
M212,2025-09-06 16:52:00,1150271.0,17.88,1
M213,2025-09-06 16:53:00,338240.0,3.37,1
M214,2025-09-06 16:54:00,738966.0,3.44,1
M215,2025-09-06 16:55:00,251415.0,3.75,1
M216,2025-09-06 16:56:00,138363.0,1.63,1
M217,2025-09-06 16:57:00,579124.0,2.45,1
M218,2025-09-06 16:58:00,208229.0,8.21,1
M219,2025-09-06 16:59:00,230880.0,5.63,1
M220,2025-09-06 17:00:00,97197.0,1.55,1
M221,2025-09-06 17:01:00,1107426.0,5.69,1
M222,2025-09-06 17:02:00,1421115.0,17.37,1
M223,2025-09-06 17:03:00,346642.0,0.74,1
M224,2025-09-06 17:04:00,76042.0,2.1,1
M225,2025-09-06 17:05:00,370889.0,27.61,1
M226,2025-09-06 17:06:00,160561.0,1.17,1
M227,2025-09-06 17:07:00,208565.0,9.57,1
M228,2025-09-06 17:08:00,187084.0,18.13,1
M229,2025-09-06 17:09:00,1050815.0,11.8,1
M230,2025-09-06 17:10:00,215603.0,123.32,1
M231,2025-09-06 17:11:00,1590902.0,8.44,1
M232,2025-09-06 17:12:00,546371.0,2.07,1
M233,2025-09-06 17:13:00,268657.0,1.76,1
M234,2025-09-06 17:14:00,614456.0,9.12,1
M235,2025-09-06 17:15:00,308993.0,6.01,1
M236,2025-09-06 17:16:00,4320981.0,99.26,1
M237,2025-09-06 17:17:00,1576129.0,54.47,1
M238,2025-09-06 17:18:00,1371285.0,2.78,1
M239,2025-09-06 17:19:00,2244912.0,4.22,1
M240,2025-09-06 17:20:00,915837.0,16.26,1
M241,2025-09-06 17:21:00,131052.0,11.63,1
M242,2025-09-06 17:22:00,675859.0,2.59,1
M243,2025-09-06 17:23:00,696916.0,9.76,1
M244,2025-09-06 17:24:00,565322.0,6.48,1
M245,2025-09-06 17:25:00,109141.0,4.0,1
M246,2025-09-06 17:26:00,1088752.0,7.12,1
M247,2025-09-06 17:27:00,519184.0,7.25,1
M248,2025-09-06 17:28:00,328380.0,61.43,1
M249,2025-09-06 17:29:00,317213.0,16.26,1
M250,2025-09-06 17:30:00,226303.0,4.98,1
M251,2025-09-06 17:31:00,2051255.0,11.88,1
M252,2025-09-06 17:32:00,131424.0,1.62,1
M253,2025-09-06 17:33:00,557741.0,9.12,1
M254,2025-09-06 17:34:00,403985.0,3.02,1
M255,2025-09-06 17:35:00,321158.0,7.85,1
M256,2025-09-06 17:36:00,233600.0,27.24,1
M257,2025-09-06 17:37:00,402895.0,4.6,1
M258,2025-09-06 17:38:00,108395.0,9.72,1
M259,2025-09-06 17:39:00,190375.0,4.92,1
M260,2025-09-06 17:40:00,76752.0,3.33,1
M261,2025-09-06 17:41:00,418863.0,12.22,1
M262,2025-09-06 17:42:00,407171.0,11.87,1
M263,2025-09-06 17:43:00,107710.0,10.06,1
M264,2025-09-06 17:44:00,91881.0,4.28,1
M265,2025-09-06 17:45:00,685043.0,10.16,1
M266,2025-09-06 17:46:00,586658.0,31.0,1
M267,2025-09-06 17:47:00,164055.0,6.93,1
M268,2025-09-06 17:48:00,860531.0,9.94,1
M269,2025-09-06 17:49:00,1234066.0,9.57,1
M270,2025-09-06 17:50:00,343577.0,3.67,1
M271,2025-09-06 17:51:00,663956.0,28.71,1
M272,2025-09-06 17:52:00,438180.0,8.91,1
M273,2025-09-06 17:53:00,473642.0,5.17,1
M274,2025-09-06 17:54:00,543398.0,14.01,1
M275,2025-09-06 17:55:00,1533986.0,8.92,1
M276,2025-09-06 17:56:00,161497.0,4.21,1
M277,2025-09-06 17:57:00,822905.0,4.27,1
M278,2025-09-06 17:58:00,1228463.0,1.7,1
M279,2025-09-06 17:59:00,1833681.0,10.51,1
M280,2025-09-06 18:00:00,869661.0,3.65,1
M281,2025-09-06 18:01:00,2620164.0,16.13,1
M282,2025-09-06 18:02:00,732260.0,6.69,1
M283,2025-09-06 18:03:00,734937.0,9.06,1
M284,2025-09-06 18:04:00,2316619.0,50.45,1
M285,2025-09-06 18:05:00,165570.0,13.99,1
M286,2025-09-06 18:06:00,108868.0,13.56,1
M287,2025-09-06 18:07:00,203100.0,16.46,1
M288,2025-09-06 18:08:00,543158.0,2.64,1
M289,2025-09-06 18:09:00,278094.0,2.75,1
M290,2025-09-06 18:10:00,252595.0,18.52,1
M291,2025-09-06 18:11:00,1145733.0,1.21,1
M292,2025-09-06 18:12:00,3089244.0,3.16,1
M293,2025-09-06 18:13:00,720064.0,4.34,1
M294,2025-09-06 18:14:00,332569.0,3.47,1
M295,2025-09-06 18:15:00,587592.0,7.67,1
M296,2025-09-06 18:16:00,1436003.0,9.83,1
M297,2025-09-06 18:17:00,458715.0,4.31,1
M298,2025-09-06 18:18:00,1095274.0,11.06,1
M299,2025-09-06 18:19:00,55248.0,6.69,1
M300,2025-09-06 18:20:00,817489.0,18.77,1
M301,2025-09-06 18:21:00,547498.0,2.7,1
M302,2025-09-06 18:22:00,1169657.0,44.24,1
M303,2025-09-06 18:23:00,440682.0,1.66,1
M304,2025-09-06 18:24:00,225846.0,8.15,1
M305,2025-09-06 18:25:00,480172.0,60.19,1
M306,2025-09-06 18:26:00,189860.0,4.91,1
M307,2025-09-06 18:27:00,314664.0,4.16,1
M308,2025-09-06 18:28:00,351639.0,3.12,1
M309,2025-09-06 18:29:00,112340.0,2.01,1
M310,2025-09-06 18:30:00,1033948.0,3.98,1
M311,2025-09-06 18:31:00,175607.0,2.82,1
M312,2025-09-06 18:32:00,522193.0,6.02,1
M313,2025-09-06 18:33:00,59244.0,15.01,1
M314,2025-09-06 18:34:00,325693.0,10.09,1
M315,2025-09-06 18:35:00,551042.0,14.93,1
M316,2025-09-06 18:36:00,744131.0,3.2,1
M317,2025-09-06 18:37:00,689372.0,2.66,1
M318,2025-09-06 18:38:00,145817.0,2.84,1
M319,2025-09-06 18:39:00,176439.0,42.23,1
M320,2025-09-06 18:40:00,440736.0,0.83,1
M321,2025-09-06 18:41:00,561037.0,20.37,1
M322,2025-09-06 18:42:00,436793.0,0.86,1
M323,2025-09-06 18:43:00,228784.0,0.88,1
M324,2025-09-06 18:44:00,388733.0,3.75,1
M325,2025-09-06 18:45:00,1076836.0,2.01,1
M326,2025-09-06 18:46:00,268723.0,23.96,1
M327,2025-09-06 18:47:00,121686.0,6.34,1
M328,2025-09-06 18:48:00,432205.0,4.19,1
M329,2025-09-06 18:49:00,583398.0,5.88,1
M330,2025-09-06 18:50:00,186564.0,97.0,1
M331,2025-09-06 18:51:00,1305119.0,18.92,1
M332,2025-09-06 18:52:00,733670.0,39.31,1
M333,2025-09-06 18:53:00,348942.0,4.48,1
M334,2025-09-06 18:54:00,356087.0,7.09,1
M335,2025-09-06 18:55:00,330273.0,4.53,1
M336,2025-09-06 18:56:00,143111.0,2.09,1
M337,2025-09-06 18:57:00,257160.0,13.4,1
M338,2025-09-06 18:58:00,927346.0,1.4,1
M339,2025-09-06 18:59:00,268347.0,9.56,1
M340,2025-09-06 19:00:00,401659.0,26.35,1
M341,2025-09-06 19:01:00,373994.0,28.96,1
M342,2025-09-06 19:02:00,141104.0,1.28,1
M343,2025-09-06 19:03:00,458725.0,14.37,1
M344,2025-09-06 19:04:00,132400.0,17.6,1
M345,2025-09-06 19:05:00,498812.0,4.79,1
M346,2025-09-06 19:06:00,672531.0,13.13,1
M347,2025-09-06 19:07:00,315245.0,10.1,1
M348,2025-09-06 19:08:00,683865.0,12.78,1
M349,2025-09-06 19:09:00,235081.0,4.18,1
M350,2025-09-06 19:10:00,2344992.0,4.12,1
M351,2025-09-06 19:11:00,263860.0,23.27,1
M352,2025-09-06 19:12:00,231643.0,56.8,1
M353,2025-09-06 19:13:00,909638.0,16.14,1
M354,2025-09-06 19:14:00,293646.0,32.61,1
M355,2025-09-06 19:15:00,524426.0,9.56,1
M356,2025-09-06 19:16:00,478940.0,11.42,1
M357,2025-09-06 19:17:00,609222.0,25.96,1
M358,2025-09-06 19:18:00,241997.0,10.69,1
M359,2025-09-06 19:19:00,1132315.0,15.6,1
M360,2025-09-06 19:20:00,720345.0,2.74,1
M361,2025-09-06 19:21:00,426631.0,1.69,1
M362,2025-09-06 19:22:00,153467.0,2.29,1
M363,2025-09-06 19:23:00,737093.0,4.21,1
M364,2025-09-06 19:24:00,180833.0,8.14,1
M365,2025-09-06 19:25:00,1057755.0,12.37,1
M366,2025-09-06 19:26:00,368577.0,12.54,1
M367,2025-09-06 19:27:00,193887.0,61.03,1
M368,2025-09-06 19:28:00,300801.0,0.87,1
M369,2025-09-06 19:29:00,385958.0,7.35,1
M370,2025-09-06 19:30:00,311089.0,13.28,1
M371,2025-09-06 19:31:00,686759.0,7.1,1
M372,2025-09-06 19:32:00,999420.0,15.11,1
M373,2025-09-06 19:33:00,613140.0,13.16,1
M374,2025-09-06 19:34:00,823223.0,17.82,1
M375,2025-09-06 19:35:00,690819.0,5.42,1
M376,2025-09-06 19:36:00,974625.0,1.49,1
M377,2025-09-06 19:37:00,253232.0,12.3,1
M378,2025-09-06 19:38:00,469077.0,63.93,1
M379,2025-09-06 19:39:00,1368129.0,18.5,1
M380,2025-09-06 19:40:00,230279.0,4.3,1
M381,2025-09-06 19:41:00,1529774.0,14.0,1
M382,2025-09-06 19:42:00,353796.0,14.64,1
M383,2025-09-06 19:43:00,312721.0,20.64,1
M384,2025-09-06 19:44:00,791363.0,3.61,1
M385,2025-09-06 19:45:00,396991.0,5.61,1
M386,2025-09-06 19:46:00,1312008.0,5.68,1
M387,2025-09-06 19:47:00,4457237.0,1.03,1
M388,2025-09-06 19:48:00,1903835.0,19.4,1
M389,2025-09-06 19:49:00,249942.0,3.22,1
M390,2025-09-06 19:50:00,495999.0,1.74,1
M391,2025-09-06 19:51:00,483886.0,5.45,1
M392,2025-09-06 19:52:00,436385.0,22.16,1
M393,2025-09-06 19:53:00,97726.0,16.8,1
M394,2025-09-06 19:54:00,1219610.0,5.66,1
M395,2025-09-06 19:55:00,1554714.0,10.26,1
M396,2025-09-06 19:56:00,126183.0,8.74,1
M397,2025-09-06 19:57:00,2367545.0,6.9,1
M398,2025-09-06 19:58:00,263576.0,1.72,1
M399,2025-09-06 19:59:00,641209.0,2.87,1
M400,2025-09-06 20:00:00,345654.0,12.52,1
M401,2025-09-06 20:01:00,534407.0,17.38,1
M402,2025-09-06 20:02:00,319760.0,22.04,1
M403,2025-09-06 20:03:00,690431.0,6.06,1
M404,2025-09-06 20:04:00,351881.0,10.77,1
M405,2025-09-06 20:05:00,834270.0,20.59,1
M406,2025-09-06 20:06:00,547848.0,1.47,1
M407,2025-09-06 20:07:00,505393.0,9.16,1
M408,2025-09-06 20:08:00,275454.0,7.32,1
M409,2025-09-06 20:09:00,93005.0,18.24,1
M410,2025-09-06 20:10:00,406198.0,9.27,1
M411,2025-09-06 20:11:00,476800.0,6.07,1
M412,2025-09-06 20:12:00,289860.0,3.21,1
M413,2025-09-06 20:13:00,1790087.0,5.7,1
M414,2025-09-06 20:14:00,189108.0,19.79,1
M415,2025-09-06 20:15:00,166784.0,1.57,1
M416,2025-09-06 20:16:00,1287349.0,3.69,1
M417,2025-09-06 20:17:00,1326570.0,1.85,1
M418,2025-09-06 20:18:00,71994.0,17.98,1
M419,2025-09-06 20:19:00,142158.0,3.54,1
M420,2025-09-06 20:20:00,652695.0,14.63,1
M421,2025-09-06 20:21:00,693579.0,7.91,1
M422,2025-09-06 20:22:00,166929.0,7.95,1
M423,2025-09-06 20:23:00,220612.0,4.42,1
M424,2025-09-06 20:24:00,960142.0,19.86,1
M425,2025-09-06 20:25:00,133129.0,14.48,1
M426,2025-09-06 20:26:00,383566.0,13.18,1
M427,2025-09-06 20:27:00,302353.0,21.38,1
M428,2025-09-06 20:28:00,770820.0,9.61,1
M429,2025-09-06 20:29:00,3551196.0,1.48,1
M430,2025-09-06 20:30:00,238619.0,4.35,1
M431,2025-09-06 20:31:00,582829.0,1.68,1
M432,2025-09-06 20:32:00,2284372.0,9.95,1
M433,2025-09-06 20:33:00,426415.0,17.95,1
M434,2025-09-06 20:34:00,410652.0,7.05,1
M435,2025-09-06 20:35:00,333787.0,9.62,1
M436,2025-09-06 20:36:00,295889.0,18.48,1
M437,2025-09-06 20:37:00,318926.0,4.99,1
M438,2025-09-06 20:38:00,121630.0,1.02,1
M439,2025-09-06 20:39:00,452693.0,64.66,1
M440,2025-09-06 20:40:00,507909.0,1.81,1
M441,2025-09-06 20:41:00,1841387.0,2.65,1
M442,2025-09-06 20:42:00,171494.0,5.9,1
M443,2025-09-06 20:43:00,189965.0,47.53,1
M444,2025-09-06 20:44:00,370588.0,6.91,1
M445,2025-09-06 20:45:00,602943.0,7.89,1
M446,2025-09-06 20:46:00,104537.0,5.44,1
M447,2025-09-06 20:47:00,613379.0,11.65,1
M448,2025-09-06 20:48:00,333695.0,3.14,1
M449,2025-09-06 20:49:00,1082252.0,20.92,1
M450,2025-09-06 20:50:00,502121.0,12.03,1
M451,2025-09-06 20:51:00,208831.0,2.42,1
M452,2025-09-06 20:52:00,1815274.0,17.71,1
M453,2025-09-06 20:53:00,192162.0,7.39,1
M454,2025-09-06 20:54:00,420520.0,1.87,1
M455,2025-09-06 20:55:00,219954.0,8.63,1
M456,2025-09-06 20:56:00,305512.0,11.61,1
M457,2025-09-06 20:57:00,346722.0,3.05,1
M458,2025-09-06 20:58:00,400594.0,7.2,1
M459,2025-09-06 20:59:00,1149315.0,3.4,1
M460,2025-09-06 21:00:00,1125978.0,7.55,1
M461,2025-09-06 21:01:00,993289.0,6.21,1
M462,2025-09-06 21:02:00,375088.0,21.31,1
M463,2025-09-06 21:03:00,444011.0,75.29,1
M464,2025-09-06 21:04:00,327280.0,7.5,1
M465,2025-09-06 21:05:00,296586.0,36.98,1
M466,2025-09-06 21:06:00,152032.0,2.5,1
M467,2025-09-06 21:07:00,324570.0,6.3,1
M468,2025-09-06 21:08:00,179408.0,1.65,1
M469,2025-09-06 21:09:00,446293.0,5.74,1
M470,2025-09-06 21:10:00,762277.0,4.92,1
M471,2025-09-06 21:11:00,502400.0,2.02,1
M472,2025-09-06 21:12:00,522441.0,1.5,1
M473,2025-09-06 21:13:00,317360.0,22.88,1
M474,2025-09-06 21:14:00,548987.0,25.42,1
M475,2025-09-06 21:15:00,153271.0,6.77,1
M476,2025-09-06 21:16:00,762536.0,10.76,1
M477,2025-09-06 21:17:00,593802.0,24.12,1
M478,2025-09-06 21:18:00,610244.0,1.67,1
M479,2025-09-06 21:19:00,240870.0,2.73,1
M480,2025-09-06 21:20:00,1342506.0,120.84,1
M481,2025-09-06 21:21:00,1298868.0,0.58,1
M482,2025-09-06 21:22:00,473902.0,4.86,1
M483,2025-09-06 21:23:00,1431644.0,2.12,1
M484,2025-09-06 21:24:00,395295.0,5.55,1
M485,2025-09-06 21:25:00,205384.0,7.4,1
M486,2025-09-06 21:26:00,292361.0,36.22,1
M487,2025-09-06 21:27:00,1015485.0,8.18,1
M488,2025-09-06 21:28:00,188261.0,4.34,1
M489,2025-09-06 21:29:00,1003342.0,9.03,1
M490,2025-09-06 21:30:00,492161.0,18.48,1
M491,2025-09-06 21:31:00,74650.0,3.05,1
M492,2025-09-06 21:32:00,560406.0,10.18,1
M493,2025-09-06 21:33:00,145700.0,7.15,1
M494,2025-09-06 21:34:00,564867.0,6.01,1
M495,2025-09-06 21:35:00,231515.0,24.68,1
M496,2025-09-06 21:36:00,9611878.0,19.74,1
M497,2025-09-06 21:37:00,273227.0,14.99,1
M498,2025-09-06 21:38:00,391409.0,2.36,1
M499,2025-09-06 21:39:00,220873.0,43.46,1
M500,2025-09-06 21:40:00,2976961.0,5.1,1
M501,2025-09-06 21:41:00,460339.0,28.54,1
M502,2025-09-06 21:42:00,249529.0,1.94,1
M503,2025-09-06 21:43:00,319042.0,2.55,1
M504,2025-09-06 21:44:00,542891.0,4.27,1
M505,2025-09-06 21:45:00,294391.0,16.58,1
M506,2025-09-06 21:46:00,1018458.0,0.84,1
M507,2025-09-06 21:47:00,238880.0,65.63,1
M508,2025-09-06 21:48:00,81796.0,19.6,1
M509,2025-09-06 21:49:00,1693982.0,12.37,1
M510,2025-09-06 21:50:00,727072.0,8.71,1
M511,2025-09-06 21:51:00,521696.0,8.7,1
M512,2025-09-06 21:52:00,1760576.0,11.31,1
M513,2025-09-06 21:53:00,221587.0,17.16,1
M514,2025-09-06 21:54:00,451125.0,4.86,1
M515,2025-09-06 21:55:00,404944.0,1.0,1
M516,2025-09-06 21:56:00,945467.0,37.99,1
M517,2025-09-06 21:57:00,722740.0,14.22,1
M518,2025-09-06 21:58:00,225201.0,6.68,1
M519,2025-09-06 21:59:00,239149.0,1.19,1
M520,2025-09-06 22:00:00,536868.0,6.23,1
M521,2025-09-06 22:01:00,218792.0,35.36,1
M522,2025-09-06 22:02:00,325565.0,8.34,1
M523,2025-09-06 22:03:00,560840.0,4.89,1
M524,2025-09-06 22:04:00,364565.0,1.85,1
M525,2025-09-06 22:05:00,1160042.0,2.74,1
M526,2025-09-06 22:06:00,616985.0,3.64,1
M527,2025-09-06 22:07:00,1124620.0,4.98,1
M528,2025-09-06 22:08:00,207744.0,22.26,1
M529,2025-09-06 22:09:00,38214.0,15.94,1
M530,2025-09-06 22:10:00,1004615.0,6.47,1
M531,2025-09-06 22:11:00,1753497.0,3.45,1
M532,2025-09-06 22:12:00,237907.0,8.57,1
M533,2025-09-06 22:13:00,197911.0,2.83,1
M534,2025-09-06 22:14:00,354714.0,19.7,1
M535,2025-09-06 22:15:00,133814.0,5.94,1
M536,2025-09-06 22:16:00,689326.0,6.81,1
M537,2025-09-06 22:17:00,1457606.0,12.17,1
M538,2025-09-06 22:18:00,473602.0,9.79,1
M539,2025-09-06 22:19:00,295160.0,19.27,1
M540,2025-09-06 22:20:00,688339.0,7.25,1
M541,2025-09-06 22:21:00,264377.0,80.09,1
M542,2025-09-06 22:22:00,1098152.0,5.04,1
M543,2025-09-06 22:23:00,1337717.0,5.98,1
M544,2025-09-06 22:24:00,287987.0,6.73,1
M545,2025-09-06 22:25:00,413513.0,2.1,1
M546,2025-09-06 22:26:00,1139985.0,1.64,1
M547,2025-09-06 22:27:00,296930.0,11.09,1
M548,2025-09-06 22:28:00,325380.0,29.85,1
M549,2025-09-06 22:29:00,326897.0,7.56,1
M550,2025-09-06 22:30:00,582020.0,10.9,1
M551,2025-09-06 22:31:00,232895.0,11.23,1
M552,2025-09-06 22:32:00,814244.0,7.64,1
M553,2025-09-06 22:33:00,244946.0,7.79,1
M554,2025-09-06 22:34:00,334437.0,9.69,1
M555,2025-09-06 22:35:00,232591.0,1.9,1
M556,2025-09-06 22:36:00,434398.0,15.66,1
M557,2025-09-06 22:37:00,1255834.0,0.78,1
M558,2025-09-06 22:38:00,316477.0,7.12,1
M559,2025-09-06 22:39:00,1427094.0,7.29,1
M560,2025-09-06 22:40:00,133387.0,6.13,1
M561,2025-09-06 22:41:00,413679.0,4.4,1
M562,2025-09-06 22:42:00,362229.0,3.1,1
M563,2025-09-06 22:43:00,822214.0,3.91,1
M564,2025-09-06 22:44:00,856000.0,20.65,1
M565,2025-09-06 22:45:00,298345.0,7.6,1
M566,2025-09-06 22:46:00,684141.0,7.15,1
M567,2025-09-06 22:47:00,537082.0,13.77,1
M568,2025-09-06 22:48:00,1230103.0,9.79,1
M569,2025-09-06 22:49:00,151180.0,14.64,1
M570,2025-09-06 22:50:00,642932.0,9.69,1
M571,2025-09-06 22:51:00,173728.0,41.03,1
M572,2025-09-06 22:52:00,70130.0,34.13,1
M573,2025-09-06 22:53:00,374715.0,17.3,1
M574,2025-09-06 22:54:00,152415.0,3.04,1
M575,2025-09-06 22:55:00,992959.0,17.09,1
M576,2025-09-06 22:56:00,163417.0,3.0,1
M577,2025-09-06 22:57:00,502892.0,9.81,1
M578,2025-09-06 22:58:00,565639.0,30.35,1
M579,2025-09-06 22:59:00,266682.0,3.12,1
M580,2025-09-06 23:00:00,39670.0,7.9,1
M581,2025-09-06 23:01:00,544033.0,14.19,1
M582,2025-09-06 23:02:00,216821.0,5.48,1
M583,2025-09-06 23:03:00,341934.0,3.61,1
M584,2025-09-06 23:04:00,296245.0,7.96,1
M585,2025-09-06 23:05:00,280304.0,6.54,1
M586,2025-09-06 23:06:00,257298.0,19.15,1
M587,2025-09-06 23:07:00,965069.0,9.58,1
M588,2025-09-06 23:08:00,407550.0,7.94,1
M589,2025-09-06 23:09:00,296697.0,4.17,1
M590,2025-09-06 23:10:00,268353.0,24.26,1
M591,2025-09-06 23:11:00,407208.0,1.78,1
M592,2025-09-06 23:12:00,330582.0,10.71,1
M593,2025-09-06 23:13:00,65763.0,1.71,1
M594,2025-09-06 23:14:00,59341.0,6.24,1
M595,2025-09-06 23:15:00,225672.0,22.75,1
M596,2025-09-06 23:16:00,324272.0,31.76,1
M597,2025-09-06 23:17:00,222505.0,7.13,1
M598,2025-09-06 23:18:00,5583863.0,14.42,1
M599,2025-09-06 23:19:00,95764.0,18.01,1
M600,2025-09-06 23:20:00,3975437.0,16.03,1
M601,2025-09-06 23:21:00,421874.0,3.64,1
M602,2025-09-06 23:22:00,274880.0,17.85,1
M603,2025-09-06 23:23:00,72582.0,1.75,1
M604,2025-09-06 23:24:00,258376.0,6.75,1
M605,2025-09-06 23:25:00,177785.0,2.72,1
M606,2025-09-06 23:26:00,290920.0,10.52,1
M607,2025-09-06 23:27:00,405859.0,13.14,1
M608,2025-09-06 23:28:00,32831.0,5.66,1
M609,2025-09-06 23:29:00,493599.0,7.3,1
M610,2025-09-06 23:30:00,163367.0,8.13,1
M611,2025-09-06 23:31:00,312953.0,0.6,1
M612,2025-09-06 23:32:00,381499.0,1.52,1
M613,2025-09-06 23:33:00,46513.0,5.68,1
M614,2025-09-06 23:34:00,210380.0,11.68,1
M615,2025-09-06 23:35:00,494813.0,17.88,1
M616,2025-09-06 23:36:00,1666837.0,2.43,1
M617,2025-09-06 23:37:00,683223.0,2.05,1
M618,2025-09-06 23:38:00,748552.0,16.96,1
M619,2025-09-06 23:39:00,3759320.0,13.14,1
M620,2025-09-06 23:40:00,339139.0,23.36,1
M621,2025-09-06 23:41:00,1260483.0,3.49,1
M622,2025-09-06 23:42:00,201604.0,11.04,1
M623,2025-09-06 23:43:00,1816473.0,9.87,1
M624,2025-09-06 23:44:00,174864.0,1.5,1
M625,2025-09-06 23:45:00,486300.0,50.94,1
M626,2025-09-06 23:46:00,679489.0,3.68,1
M627,2025-09-06 23:47:00,1638931.0,4.79,1
M628,2025-09-06 23:48:00,190177.0,7.19,1
M629,2025-09-06 23:49:00,789410.0,1.93,1
M630,2025-09-06 23:50:00,479878.0,7.8,1
M631,2025-09-06 23:51:00,854834.0,27.05,1
M632,2025-09-06 23:52:00,309880.0,9.3,1
M633,2025-09-06 23:53:00,457149.0,6.85,1
M634,2025-09-06 23:54:00,309709.0,3.66,1
M635,2025-09-06 23:55:00,175271.0,2.91,1
M636,2025-09-06 23:56:00,717815.0,4.17,1
M637,2025-09-06 23:57:00,624342.0,11.06,1
M638,2025-09-06 23:58:00,174320.0,6.52,1
M639,2025-09-06 23:59:00,139790.0,14.28,1
M640,2025-09-07 00:00:00,850820.0,3.81,1
M641,2025-09-07 00:01:00,2693772.0,3.35,1
M642,2025-09-07 00:02:00,2971646.0,11.76,1
M643,2025-09-07 00:03:00,171516.0,3.99,1
M644,2025-09-07 00:04:00,57778.0,19.35,1
M645,2025-09-07 00:05:00,172217.0,7.84,1
M646,2025-09-07 00:06:00,583309.0,10.96,1
M647,2025-09-07 00:07:00,163118.0,2.68,1
M648,2025-09-07 00:08:00,486990.0,10.09,1
M649,2025-09-07 00:09:00,1753094.0,7.84,1
M650,2025-09-07 00:10:00,1564897.0,28.21,1
M651,2025-09-07 00:11:00,668470.0,9.24,1
M652,2025-09-07 00:12:00,218166.0,1.39,1
M653,2025-09-07 00:13:00,193561.0,1.75,1
M654,2025-09-07 00:14:00,164373.0,2.03,1
M655,2025-09-07 00:15:00,419883.0,12.76,1
M656,2025-09-07 00:16:00,1641627.0,6.89,1
M657,2025-09-07 00:17:00,682724.0,2.91,1
M658,2025-09-07 00:18:00,250270.0,0.74,1
M659,2025-09-07 00:19:00,508539.0,2.39,1
M660,2025-09-07 00:20:00,965213.0,4.59,1
M661,2025-09-07 00:21:00,717840.0,20.59,1
M662,2025-09-07 00:22:00,1225338.0,10.92,1
M663,2025-09-07 00:23:00,283673.0,8.86,1
M664,2025-09-07 00:24:00,218662.0,14.5,1
M665,2025-09-07 00:25:00,1286140.0,19.51,1
M666,2025-09-07 00:26:00,681514.0,36.21,1
M667,2025-09-07 00:27:00,216142.0,4.82,1
M668,2025-09-07 00:28:00,1718465.0,5.2,1
M669,2025-09-07 00:29:00,367403.0,6.66,1
M670,2025-09-07 00:30:00,163231.0,5.04,1
M671,2025-09-07 00:31:00,2503666.0,50.18,1
M672,2025-09-07 00:32:00,173334.0,4.38,1
M673,2025-09-07 00:33:00,275662.0,5.22,1
M674,2025-09-07 00:34:00,73591.0,27.89,1
M675,2025-09-07 00:35:00,862534.0,11.18,1
M676,2025-09-07 00:36:00,458926.0,1.79,1
M677,2025-09-07 00:37:00,600746.0,0.63,1
M678,2025-09-07 00:38:00,123931.0,3.78,1
M679,2025-09-07 00:39:00,679530.0,2.4,1
M680,2025-09-07 00:40:00,97342.0,55.38,1
M681,2025-09-07 00:41:00,345625.0,33.87,1
M682,2025-09-07 00:42:00,268627.0,2.39,1
M683,2025-09-07 00:43:00,94436.0,19.31,1
M684,2025-09-07 00:44:00,393579.0,56.22,1
M685,2025-09-07 00:45:00,1298649.0,13.22,1
M686,2025-09-07 00:46:00,1309525.0,18.28,1
M687,2025-09-07 00:47:00,696778.0,7.03,1
M688,2025-09-07 00:48:00,1011892.0,2.66,1
M689,2025-09-07 00:49:00,186334.0,13.36,1
M690,2025-09-07 00:50:00,766528.0,6.39,1
M691,2025-09-07 00:51:00,212498.0,22.33,1
M692,2025-09-07 00:52:00,329359.0,18.04,1
M693,2025-09-07 00:53:00,167375.0,2.52,1
M694,2025-09-07 00:54:00,346947.0,14.91,1
M695,2025-09-07 00:55:00,826675.0,22.71,1
M696,2025-09-07 00:56:00,1082166.0,5.86,1
M697,2025-09-07 00:57:00,1386766.0,1.3,1
M698,2025-09-07 00:58:00,1162529.0,12.33,1
M699,2025-09-07 00:59:00,552303.0,2.27,1
M700,2025-09-07 01:00:00,424358.0,4.33,1
M701,2025-09-07 01:01:00,1406976.0,10.45,1
M702,2025-09-07 01:02:00,299228.0,21.98,1
M703,2025-09-07 01:03:00,35907.0,12.64,1
M704,2025-09-07 01:04:00,306402.0,3.25,1
M705,2025-09-07 01:05:00,510169.0,7.22,1
M706,2025-09-07 01:06:00,607073.0,6.94,1
M707,2025-09-07 01:07:00,165153.0,4.76,1
M708,2025-09-07 01:08:00,190199.0,6.92,1
M709,2025-09-07 01:09:00,186686.0,16.41,1
M710,2025-09-07 01:10:00,556209.0,7.23,1
M711,2025-09-07 01:11:00,79425.0,53.81,1
M712,2025-09-07 01:12:00,660254.0,8.83,1
M713,2025-09-07 01:13:00,115464.0,10.78,1
M714,2025-09-07 01:14:00,895096.0,3.1,1
M715,2025-09-07 01:15:00,213463.0,2.86,1
M716,2025-09-07 01:16:00,665775.0,32.17,1
M717,2025-09-07 01:17:00,292441.0,3.8,1
M718,2025-09-07 01:18:00,352227.0,6.27,1
M719,2025-09-07 01:19:00,398549.0,4.64,1
M720,2025-09-07 01:20:00,807729.0,27.1,1
M721,2025-09-07 01:21:00,907869.0,26.76,1
M722,2025-09-07 01:22:00,110198.0,7.76,1
M723,2025-09-07 01:23:00,731373.0,3.39,1
M724,2025-09-07 01:24:00,621238.0,13.2,1
M725,2025-09-07 01:25:00,518267.0,17.72,1
M726,2025-09-07 01:26:00,1283282.0,5.45,1
M727,2025-09-07 01:27:00,273638.0,2.28,1
M728,2025-09-07 01:28:00,264386.0,8.82,1
M729,2025-09-07 01:29:00,57037.0,13.32,1
M730,2025-09-07 01:30:00,1500018.0,2.93,1
M731,2025-09-07 01:31:00,1063805.0,2.47,1
M732,2025-09-07 01:32:00,784195.0,21.01,1
M733,2025-09-07 01:33:00,103954.0,29.62,1
M734,2025-09-07 01:34:00,275636.0,15.6,1
M735,2025-09-07 01:35:00,537390.0,8.4,1
M736,2025-09-07 01:36:00,558456.0,1.66,1
M737,2025-09-07 01:37:00,122992.0,5.79,1
M738,2025-09-07 01:38:00,345535.0,36.93,1
M739,2025-09-07 01:39:00,979217.0,37.94,1
M740,2025-09-07 01:40:00,1417385.0,1.02,1
M741,2025-09-07 01:41:00,915207.0,7.09,1
M742,2025-09-07 01:42:00,2387550.0,2.48,1
M743,2025-09-07 01:43:00,183620.0,3.32,1
M744,2025-09-07 01:44:00,225568.0,13.57,1
M745,2025-09-07 01:45:00,2685095.0,6.67,1
M746,2025-09-07 01:46:00,151377.0,4.86,1
M747,2025-09-07 01:47:00,321088.0,16.95,1
M748,2025-09-07 01:48:00,3509391.0,18.22,1
M749,2025-09-07 01:49:00,268905.0,4.94,1
M750,2025-09-07 01:50:00,377519.0,5.25,1
M751,2025-09-07 01:51:00,282087.0,4.16,1
M752,2025-09-07 01:52:00,441925.0,4.85,1
M753,2025-09-07 01:53:00,124292.0,16.75,1
M754,2025-09-07 01:54:00,456273.0,23.85,1
M755,2025-09-07 01:55:00,233997.0,5.22,1
M756,2025-09-07 01:56:00,1193674.0,6.74,1
M757,2025-09-07 01:57:00,91829.0,10.32,1
M758,2025-09-07 01:58:00,93174.0,22.89,1
M759,2025-09-07 01:59:00,988283.0,3.58,1
M760,2025-09-07 02:00:00,1565580.0,1.34,1
M761,2025-09-07 02:01:00,221826.0,32.05,1
M762,2025-09-07 02:02:00,670881.0,1.5,1
M763,2025-09-07 02:03:00,299828.0,11.36,1
M764,2025-09-07 02:04:00,209502.0,1.85,1
M765,2025-09-07 02:05:00,191168.0,21.96,1
M766,2025-09-07 02:06:00,227453.0,4.81,1
M767,2025-09-07 02:07:00,99798.0,25.91,1
M768,2025-09-07 02:08:00,401737.0,5.21,1
M769,2025-09-07 02:09:00,383751.0,3.95,1
M770,2025-09-07 02:10:00,399122.0,1.74,1
M771,2025-09-07 02:11:00,241179.0,39.76,1
M772,2025-09-07 02:12:00,431034.0,1.21,1
M773,2025-09-07 02:13:00,489485.0,11.79,1
M774,2025-09-07 02:14:00,1018794.0,2.9,1
M775,2025-09-07 02:15:00,571072.0,5.75,1
M776,2025-09-07 02:16:00,2481953.0,6.88,1
M777,2025-09-07 02:17:00,364837.0,6.06,1
M778,2025-09-07 02:18:00,104863.0,3.17,1
M779,2025-09-07 02:19:00,1227073.0,7.55,1
M780,2025-09-07 02:20:00,281042.0,6.47,1
M781,2025-09-07 02:21:00,460830.0,1.48,1
M782,2025-09-07 02:22:00,282133.0,11.08,1
M783,2025-09-07 02:23:00,138530.0,9.68,1
M784,2025-09-07 02:24:00,70689.0,1.16,1
M785,2025-09-07 02:25:00,3246387.0,6.6,1
M786,2025-09-07 02:26:00,133131.0,8.16,1
M787,2025-09-07 02:27:00,118792.0,24.64,1
M788,2025-09-07 02:28:00,627125.0,0.5,1
M789,2025-09-07 02:29:00,673131.0,0.76,1
M790,2025-09-07 02:30:00,1046533.0,5.3,1
M791,2025-09-07 02:31:00,117155.0,11.3,1
M792,2025-09-07 02:32:00,384597.0,2.56,1
M793,2025-09-07 02:33:00,1995676.0,10.16,1
M794,2025-09-07 02:34:00,2795332.0,7.8,1
M795,2025-09-07 02:35:00,1229162.0,8.3,1
M796,2025-09-07 02:36:00,295733.0,38.73,1
M797,2025-09-07 02:37:00,463648.0,13.01,1
M798,2025-09-07 02:38:00,872861.0,2.67,1
M799,2025-09-07 02:39:00,135441.0,5.79,1
M800,2025-09-07 02:40:00,877250.0,3.99,1
M801,2025-09-07 02:41:00,333237.0,96.79,1
M802,2025-09-07 02:42:00,75865.0,3.05,1
M803,2025-09-07 02:43:00,312745.0,4.59,1
M804,2025-09-07 02:44:00,3075377.0,9.38,1
M805,2025-09-07 02:45:00,243062.0,27.06,1
M806,2025-09-07 02:46:00,705847.0,6.64,1
M807,2025-09-07 02:47:00,671240.0,11.36,1
M808,2025-09-07 02:48:00,830544.0,1.95,1
M809,2025-09-07 02:49:00,102444.0,2.21,1
M810,2025-09-07 02:50:00,116162.0,21.39,1
M811,2025-09-07 02:51:00,257485.0,24.81,1
M812,2025-09-07 02:52:00,173608.0,1.81,1
M813,2025-09-07 02:53:00,1220824.0,20.52,1
M814,2025-09-07 02:54:00,630013.0,6.1,1
M815,2025-09-07 02:55:00,793724.0,8.17,1
M816,2025-09-07 02:56:00,572294.0,34.1,1
M817,2025-09-07 02:57:00,749583.0,1.57,1
M818,2025-09-07 02:58:00,469383.0,3.17,1
M819,2025-09-07 02:59:00,938385.0,13.9,1
M820,2025-09-07 03:00:00,506336.0,24.87,1
M821,2025-09-07 03:01:00,1269053.0,3.44,1
M822,2025-09-07 03:02:00,39863.0,8.54,1
M823,2025-09-07 03:03:00,602644.0,8.82,1
M824,2025-09-07 03:04:00,177592.0,24.48,1
M825,2025-09-07 03:05:00,164962.0,11.06,1
M826,2025-09-07 03:06:00,837587.0,19.77,1
M827,2025-09-07 03:07:00,1477702.0,0.97,1
M828,2025-09-07 03:08:00,627324.0,6.91,1
M829,2025-09-07 03:09:00,174074.0,20.57,1
M830,2025-09-07 03:10:00,265113.0,17.67,1
M831,2025-09-07 03:11:00,284562.0,2.58,1
M832,2025-09-07 03:12:00,420754.0,26.18,1
M833,2025-09-07 03:13:00,155230.0,14.56,1
M834,2025-09-07 03:14:00,2798000.0,0.74,1
M835,2025-09-07 03:15:00,70676.0,8.52,1
M836,2025-09-07 03:16:00,365768.0,32.35,1
M837,2025-09-07 03:17:00,780623.0,27.88,1
M838,2025-09-07 03:18:00,171984.0,1.93,1
M839,2025-09-07 03:19:00,142491.0,2.76,1
M840,2025-09-07 03:20:00,146824.0,1.36,1
M841,2025-09-07 03:21:00,395462.0,3.08,1
M842,2025-09-07 03:22:00,2345931.0,2.73,1
M843,2025-09-07 03:23:00,165230.0,2.98,1
M844,2025-09-07 03:24:00,452557.0,3.97,1
M845,2025-09-07 03:25:00,359293.0,3.83,1
M846,2025-09-07 03:26:00,3109554.0,24.3,1
M847,2025-09-07 03:27:00,414946.0,1.89,1
M848,2025-09-07 03:28:00,615694.0,10.71,1
M849,2025-09-07 03:29:00,168565.0,17.99,1
M850,2025-09-07 03:30:00,491935.0,1.86,1
M851,2025-09-07 03:31:00,311692.0,3.12,1
M852,2025-09-07 03:32:00,116342.0,11.34,1
M853,2025-09-07 03:33:00,224390.0,1.95,1
M854,2025-09-07 03:34:00,231447.0,4.01,1
M855,2025-09-07 03:35:00,153976.0,13.02,1
M856,2025-09-07 03:36:00,504772.0,5.67,1
M857,2025-09-07 03:37:00,1913358.0,1.5,1
M858,2025-09-07 03:38:00,162473.0,27.63,1
M859,2025-09-07 03:39:00,66421.0,87.33,1
M860,2025-09-07 03:40:00,590436.0,4.09,1
M861,2025-09-07 03:41:00,272646.0,12.25,1
M862,2025-09-07 03:42:00,1049453.0,29.49,1
M863,2025-09-07 03:43:00,2490135.0,9.4,1
M864,2025-09-07 03:44:00,954077.0,8.13,1
M865,2025-09-07 03:45:00,504795.0,1.67,1
M866,2025-09-07 03:46:00,154808.0,9.8,1
M867,2025-09-07 03:47:00,3311249.0,14.92,1
M868,2025-09-07 03:48:00,382133.0,24.13,1
M869,2025-09-07 03:49:00,85517.0,6.56,1
M870,2025-09-07 03:50:00,106984.0,0.79,1
M871,2025-09-07 03:51:00,112129.0,18.1,1
M872,2025-09-07 03:52:00,1450068.0,4.22,1
M873,2025-09-07 03:53:00,1960864.0,1.59,1
M874,2025-09-07 03:54:00,294350.0,2.03,1
M875,2025-09-07 03:55:00,301631.0,4.58,1
M876,2025-09-07 03:56:00,578967.0,19.29,1
M877,2025-09-07 03:57:00,879511.0,11.89,1
M878,2025-09-07 03:58:00,964180.0,105.93,1
M879,2025-09-07 03:59:00,129858.0,3.7,1
M880,2025-09-07 04:00:00,1479886.0,6.36,1
M881,2025-09-07 04:01:00,314534.0,5.19,1
M882,2025-09-07 04:02:00,313694.0,6.81,1
M883,2025-09-07 04:03:00,523576.0,23.05,1
M884,2025-09-07 04:04:00,312346.0,3.64,1
M885,2025-09-07 04:05:00,495987.0,1.8,1
M886,2025-09-07 04:06:00,584363.0,12.65,1
M887,2025-09-07 04:07:00,55504.0,10.32,1
M888,2025-09-07 04:08:00,244277.0,40.71,1
M889,2025-09-07 04:09:00,267584.0,11.6,1
M890,2025-09-07 04:10:00,942881.0,24.22,1
M891,2025-09-07 04:11:00,331414.0,80.11,1
M892,2025-09-07 04:12:00,165648.0,18.82,1
M893,2025-09-07 04:13:00,703871.0,1.29,1
M894,2025-09-07 04:14:00,322020.0,11.76,1
M895,2025-09-07 04:15:00,863718.0,4.37,1
M896,2025-09-07 04:16:00,128865.0,26.38,1
M897,2025-09-07 04:17:00,265257.0,3.66,1
M898,2025-09-07 04:18:00,267225.0,3.91,1
M899,2025-09-07 04:19:00,515703.0,2.53,1
M900,2025-09-07 04:20:00,335096.0,1.5,1
M901,2025-09-07 04:21:00,200880.0,16.13,1
M902,2025-09-07 04:22:00,462961.0,15.16,1
M903,2025-09-07 04:23:00,269454.0,1.27,1
M904,2025-09-07 04:24:00,313250.0,3.68,1
M905,2025-09-07 04:25:00,311404.0,10.06,1
M906,2025-09-07 04:26:00,118115.0,16.4,1
M907,2025-09-07 04:27:00,685630.0,11.85,1
M908,2025-09-07 04:28:00,166561.0,2.54,1
M909,2025-09-07 04:29:00,1452174.0,13.32,1
M910,2025-09-07 04:30:00,483342.0,8.57,1
M911,2025-09-07 04:31:00,370931.0,18.68,1
M912,2025-09-07 04:32:00,121398.0,10.08,1
M913,2025-09-07 04:33:00,108584.0,11.03,1
M914,2025-09-07 04:34:00,165482.0,11.11,1
M915,2025-09-07 04:35:00,790265.0,8.39,1
M916,2025-09-07 04:36:00,103543.0,4.5,1
M917,2025-09-07 04:37:00,714842.0,3.59,1
M918,2025-09-07 04:38:00,483115.0,8.73,1
M919,2025-09-07 04:39:00,868669.0,10.89,1
M920,2025-09-07 04:40:00,112860.0,2.64,1
M921,2025-09-07 04:41:00,243568.0,7.93,1
M922,2025-09-07 04:42:00,774617.0,8.24,1
M923,2025-09-07 04:43:00,133308.0,5.92,1
M924,2025-09-07 04:44:00,1375277.0,11.05,1
M925,2025-09-07 04:45:00,529438.0,15.0,1
M926,2025-09-07 04:46:00,363500.0,14.11,1
M927,2025-09-07 04:47:00,396560.0,12.89,1
M928,2025-09-07 04:48:00,1172700.0,21.8,1
M929,2025-09-07 04:49:00,1126216.0,16.38,1
M930,2025-09-07 04:50:00,1325789.0,10.5,1
M931,2025-09-07 04:51:00,479750.0,10.29,1
M932,2025-09-07 04:52:00,584476.0,3.44,1
M933,2025-09-07 04:53:00,1259201.0,17.41,1
M934,2025-09-07 04:54:00,625722.0,37.65,1
M935,2025-09-07 04:55:00,259966.0,6.08,1
M936,2025-09-07 04:56:00,492299.0,7.11,1
M937,2025-09-07 04:57:00,573214.0,21.82,1
M938,2025-09-07 04:58:00,1925648.0,11.62,1
M939,2025-09-07 04:59:00,437890.0,6.15,1
M940,2025-09-07 05:00:00,2207934.0,3.12,1
M941,2025-09-07 05:01:00,413624.0,3.24,1
M942,2025-09-07 05:02:00,2460202.0,17.36,1
M943,2025-09-07 05:03:00,294332.0,1.74,1
M944,2025-09-07 05:04:00,469471.0,3.37,1
M945,2025-09-07 05:05:00,747283.0,5.92,1
M946,2025-09-07 05:06:00,523388.0,5.92,1
M947,2025-09-07 05:07:00,92230.0,3.81,1
M948,2025-09-07 05:08:00,853475.0,4.1,1
M949,2025-09-07 05:09:00,1312496.0,4.38,1
M950,2025-09-07 05:10:00,485310.0,13.83,1
M951,2025-09-07 05:11:00,394684.0,4.58,1
M952,2025-09-07 05:12:00,547477.0,3.21,1
M953,2025-09-07 05:13:00,1367446.0,66.47,1
M954,2025-09-07 05:14:00,226781.0,1.02,1
M955,2025-09-07 05:15:00,159528.0,7.9,1
M956,2025-09-07 05:16:00,521868.0,2.62,1
M957,2025-09-07 05:17:00,227535.0,34.48,1
M958,2025-09-07 05:18:00,1722716.0,3.16,1
M959,2025-09-07 05:19:00,211268.0,37.65,1
M960,2025-09-07 05:20:00,298796.0,25.66,1
M961,2025-09-07 05:21:00,1119810.0,13.19,1
M962,2025-09-07 05:22:00,377763.0,9.56,1
M963,2025-09-07 05:23:00,399140.0,15.21,1
M964,2025-09-07 05:24:00,363674.0,16.15,1
M965,2025-09-07 05:25:00,88286.0,4.47,1
M966,2025-09-07 05:26:00,414531.0,13.35,1
M967,2025-09-07 05:27:00,160423.0,6.85,1
M968,2025-09-07 05:28:00,436626.0,2.28,1
M969,2025-09-07 05:29:00,67719.0,3.58,1
M970,2025-09-07 05:30:00,718069.0,0.95,1
M971,2025-09-07 05:31:00,420519.0,18.71,1
M972,2025-09-07 05:32:00,420870.0,1.0,1
M973,2025-09-07 05:33:00,596127.0,3.07,1
M974,2025-09-07 05:34:00,550398.0,6.55,1
M975,2025-09-07 05:35:00,586735.0,12.56,1
M976,2025-09-07 05:36:00,284237.0,22.54,1
M977,2025-09-07 05:37:00,772111.0,2.41,1
M978,2025-09-07 05:38:00,134915.0,4.07,1
M979,2025-09-07 05:39:00,4170276.0,30.74,1
M980,2025-09-07 05:40:00,343330.0,4.28,1
M981,2025-09-07 05:41:00,271804.0,12.49,1
M982,2025-09-07 05:42:00,3253145.0,43.83,1
M983,2025-09-07 05:43:00,250022.0,0.92,1
M984,2025-09-07 05:44:00,2156174.0,1.79,1
M985,2025-09-07 05:45:00,258307.0,7.08,1
M986,2025-09-07 05:46:00,42928.0,19.63,1
M987,2025-09-07 05:47:00,862505.0,23.71,1
M988,2025-09-07 05:48:00,330778.0,6.88,1
M989,2025-09-07 05:49:00,1411884.0,14.69,1
M990,2025-09-07 05:50:00,157303.0,23.03,1
M991,2025-09-07 05:51:00,3723222.0,21.34,1
M992,2025-09-07 05:52:00,169269.0,43.37,1
M993,2025-09-07 05:53:00,642593.0,30.93,1
M994,2025-09-07 05:54:00,492861.0,59.74,1
M995,2025-09-07 05:55:00,180460.0,33.41,1
M996,2025-09-07 05:56:00,261315.0,5.1,1
M997,2025-09-07 05:57:00,91355.0,6.85,1
M998,2025-09-07 05:58:00,566558.0,8.11,1
M999,2025-09-07 05:59:00,81505.0,4.99,1
M1000,2025-09-07 06:00:00,988651.0,0.45,1
M1001,2025-09-07 06:01:00,444180.0,2.2,1
M1002,2025-09-07 06:02:00,295054.0,4.43,1
M1003,2025-09-07 06:03:00,1699008.0,3.68,1
M1004,2025-09-07 06:04:00,161218.0,6.42,1
M1005,2025-09-07 06:05:00,359428.0,16.63,1
M1006,2025-09-07 06:06:00,104534.0,31.68,1
M1007,2025-09-07 06:07:00,343346.0,11.67,1
M1008,2025-09-07 06:08:00,2367311.0,8.49,1
M1009,2025-09-07 06:09:00,92773.0,25.45,1
M1010,2025-09-07 06:10:00,308541.0,4.44,1
M1011,2025-09-07 06:11:00,479006.0,4.13,1
M1012,2025-09-07 06:12:00,103772.0,1.34,1
M1013,2025-09-07 06:13:00,189691.0,4.16,1
M1014,2025-09-07 06:14:00,1539315.0,3.2,1
M1015,2025-09-07 06:15:00,469261.0,47.52,1
M1016,2025-09-07 06:16:00,759165.0,25.51,1
M1017,2025-09-07 06:17:00,712298.0,17.98,1
M1018,2025-09-07 06:18:00,154246.0,84.46,1
M1019,2025-09-07 06:19:00,1941169.0,5.35,1
M1020,2025-09-07 06:20:00,1644825.0,3.73,1
M1021,2025-09-07 06:21:00,836516.0,6.36,1
M1022,2025-09-07 06:22:00,383277.0,10.06,1
M1023,2025-09-07 06:23:00,192954.0,19.5,1
M1024,2025-09-07 06:24:00,421779.0,5.86,1
M1025,2025-09-07 06:25:00,1518660.0,4.17,1
M1026,2025-09-07 06:26:00,218322.0,29.24,1
M1027,2025-09-07 06:27:00,307343.0,4.77,1
M1028,2025-09-07 06:28:00,2085327.0,3.83,1
M1029,2025-09-07 06:29:00,913343.0,6.64,1
M1030,2025-09-07 06:30:00,1154707.0,8.39,1
M1031,2025-09-07 06:31:00,352975.0,18.82,1
M1032,2025-09-07 06:32:00,627546.0,40.73,1
M1033,2025-09-07 06:33:00,480191.0,11.99,1
M1034,2025-09-07 06:34:00,753235.0,3.13,1
M1035,2025-09-07 06:35:00,2080431.0,1.41,1
M1036,2025-09-07 06:36:00,281970.0,3.69,1
M1037,2025-09-07 06:37:00,1289794.0,47.72,1
M1038,2025-09-07 06:38:00,93982.0,43.05,1
M1039,2025-09-07 06:39:00,204158.0,7.89,1
M1040,2025-09-07 06:40:00,448306.0,1.18,1
M1041,2025-09-07 06:41:00,161240.0,27.1,1
M1042,2025-09-07 06:42:00,290808.0,7.13,1
M1043,2025-09-07 06:43:00,559921.0,20.87,1
M1044,2025-09-07 06:44:00,625565.0,48.98,1
M1045,2025-09-07 06:45:00,168657.0,10.73,1
M1046,2025-09-07 06:46:00,370441.0,20.93,1
M1047,2025-09-07 06:47:00,258831.0,7.54,1
M1048,2025-09-07 06:48:00,176375.0,7.79,1
M1049,2025-09-07 06:49:00,516678.0,10.64,1
M1050,2025-09-07 06:50:00,116600.0,9.7,1
M1051,2025-09-07 06:51:00,2657858.0,10.34,1
M1052,2025-09-07 06:52:00,436275.0,15.23,1
M1053,2025-09-07 06:53:00,1753249.0,4.39,1
M1054,2025-09-07 06:54:00,148663.0,6.45,1
M1055,2025-09-07 06:55:00,355369.0,9.27,1
M1056,2025-09-07 06:56:00,1201785.0,17.03,1
M1057,2025-09-07 06:57:00,1328530.0,11.56,1
M1058,2025-09-07 06:58:00,436809.0,15.66,1
M1059,2025-09-07 06:59:00,235809.0,2.74,1
M1060,2025-09-07 07:00:00,345191.0,2.83,1
M1061,2025-09-07 07:01:00,444162.0,1.95,1
M1062,2025-09-07 07:02:00,189270.0,12.12,1
M1063,2025-09-07 07:03:00,998940.0,0.73,1
M1064,2025-09-07 07:04:00,265428.0,1.18,1
M1065,2025-09-07 07:05:00,318720.0,7.63,1
M1066,2025-09-07 07:06:00,1795503.0,5.87,1
M1067,2025-09-07 07:07:00,937732.0,6.93,1
M1068,2025-09-07 07:08:00,91988.0,6.58,1
M1069,2025-09-07 07:09:00,1285708.0,1.34,1
M1070,2025-09-07 07:10:00,604813.0,32.03,1
M1071,2025-09-07 07:11:00,1397669.0,2.05,1
M1072,2025-09-07 07:12:00,1664464.0,60.81,1
M1073,2025-09-07 07:13:00,237149.0,3.07,1
M1074,2025-09-07 07:14:00,892571.0,4.57,1
M1075,2025-09-07 07:15:00,962316.0,23.93,1
M1076,2025-09-07 07:16:00,912487.0,8.42,1
M1077,2025-09-07 07:17:00,1432118.0,11.86,1
M1078,2025-09-07 07:18:00,645398.0,3.6,1
M1079,2025-09-07 07:19:00,263778.0,4.32,1
M1080,2025-09-07 07:20:00,517086.0,3.52,1
M1081,2025-09-07 07:21:00,157424.0,10.12,1
M1082,2025-09-07 07:22:00,479070.0,9.48,1
M1083,2025-09-07 07:23:00,808063.0,7.44,1
M1084,2025-09-07 07:24:00,175841.0,3.36,1
M1085,2025-09-07 07:25:00,1345682.0,2.48,1
M1086,2025-09-07 07:26:00,2006416.0,8.69,1
M1087,2025-09-07 07:27:00,347713.0,4.16,1
M1088,2025-09-07 07:28:00,383443.0,12.6,1
M1089,2025-09-07 07:29:00,444727.0,8.28,1
M1090,2025-09-07 07:30:00,378529.0,18.97,1
M1091,2025-09-07 07:31:00,165421.0,25.23,1
M1092,2025-09-07 07:32:00,301692.0,2.06,1
M1093,2025-09-07 07:33:00,730836.0,9.47,1
M1094,2025-09-07 07:34:00,210080.0,6.7,1
M1095,2025-09-07 07:35:00,224689.0,3.52,1
M1096,2025-09-07 07:36:00,725792.0,6.09,1
M1097,2025-09-07 07:37:00,75375.0,48.37,1
M1098,2025-09-07 07:38:00,595536.0,5.63,1
M1099,2025-09-07 07:39:00,57497.0,5.76,1
M1100,2025-09-07 07:40:00,512080.0,2.54,1
M1101,2025-09-07 07:41:00,762523.0,15.1,1
M1102,2025-09-07 07:42:00,310735.0,3.57,1
M1103,2025-09-07 07:43:00,1709405.0,13.86,1
M1104,2025-09-07 07:44:00,569981.0,3.52,1
M1105,2025-09-07 07:45:00,1592280.0,10.66,1
M1106,2025-09-07 07:46:00,256089.0,1.97,1
M1107,2025-09-07 07:47:00,304628.0,7.19,1
M1108,2025-09-07 07:48:00,123185.0,8.22,1
M1109,2025-09-07 07:49:00,258288.0,8.04,1
M1110,2025-09-07 07:50:00,766112.0,35.88,1
M1111,2025-09-07 07:51:00,906834.0,4.26,1
M1112,2025-09-07 07:52:00,80155.0,9.4,1
M1113,2025-09-07 07:53:00,304626.0,2.93,1
M1114,2025-09-07 07:54:00,919985.0,2.57,1
M1115,2025-09-07 07:55:00,91469.0,8.43,1
M1116,2025-09-07 07:56:00,5794227.0,8.05,1
M1117,2025-09-07 07:57:00,898842.0,2.31,1
M1118,2025-09-07 07:58:00,411718.0,47.13,1
M1119,2025-09-07 07:59:00,743281.0,5.75,1
M1120,2025-09-07 08:00:00,646489.0,27.62,1
M1121,2025-09-07 08:01:00,165780.0,13.64,1
M1122,2025-09-07 08:02:00,438078.0,13.57,1
M1123,2025-09-07 08:03:00,350043.0,2.92,1
M1124,2025-09-07 08:04:00,1018510.0,14.56,1
M1125,2025-09-07 08:05:00,650719.0,2.37,1
M1126,2025-09-07 08:06:00,546420.0,1.72,1
M1127,2025-09-07 08:07:00,533154.0,20.57,1
M1128,2025-09-07 08:08:00,339711.0,6.81,1
M1129,2025-09-07 08:09:00,846429.0,4.51,1
M1130,2025-09-07 08:10:00,1151206.0,13.01,1
M1131,2025-09-07 08:11:00,709203.0,4.21,1
M1132,2025-09-07 08:12:00,256904.0,4.12,1
M1133,2025-09-07 08:13:00,498873.0,14.25,1
M1134,2025-09-07 08:14:00,513870.0,3.62,1
M1135,2025-09-07 08:15:00,307149.0,1.36,1
M1136,2025-09-07 08:16:00,1153367.0,1.34,1
M1137,2025-09-07 08:17:00,167396.0,7.88,1
M1138,2025-09-07 08:18:00,860816.0,7.82,1
M1139,2025-09-07 08:19:00,950239.0,9.9,1
M1140,2025-09-07 08:20:00,175611.0,3.82,1
M1141,2025-09-07 08:21:00,707074.0,8.3,1
M1142,2025-09-07 08:22:00,448742.0,20.5,1
M1143,2025-09-07 08:23:00,503395.0,11.22,1
M1144,2025-09-07 08:24:00,545348.0,5.64,1
M1145,2025-09-07 08:25:00,198978.0,7.5,1
M1146,2025-09-07 08:26:00,188682.0,1.74,1
M1147,2025-09-07 08:27:00,744252.0,5.11,1
M1148,2025-09-07 08:28:00,273869.0,16.27,1
M1149,2025-09-07 08:29:00,64104.0,5.86,1
M1150,2025-09-07 08:30:00,773643.0,3.22,1
M1151,2025-09-07 08:31:00,784021.0,12.97,1
M1152,2025-09-07 08:32:00,545382.0,14.99,1
M1153,2025-09-07 08:33:00,561720.0,2.76,1
M1154,2025-09-07 08:34:00,943057.0,19.86,1
M1155,2025-09-07 08:35:00,252378.0,3.81,1
M1156,2025-09-07 08:36:00,136912.0,28.17,1
M1157,2025-09-07 08:37:00,334381.0,4.34,1
M1158,2025-09-07 08:38:00,969438.0,6.67,1
M1159,2025-09-07 08:39:00,465429.0,5.82,1
M1160,2025-09-07 08:40:00,904839.0,1.99,1
M1161,2025-09-07 08:41:00,319530.0,3.77,1
M1162,2025-09-07 08:42:00,996098.0,1.68,1
M1163,2025-09-07 08:43:00,855130.0,27.79,1
M1164,2025-09-07 08:44:00,276391.0,14.31,1
M1165,2025-09-07 08:45:00,1209896.0,5.18,1
M1166,2025-09-07 08:46:00,451033.0,5.11,1
M1167,2025-09-07 08:47:00,510024.0,11.44,1
M1168,2025-09-07 08:48:00,269023.0,7.55,1
M1169,2025-09-07 08:49:00,365878.0,2.44,1
M1170,2025-09-07 08:50:00,506883.0,17.55,1
M1171,2025-09-07 08:51:00,84087.0,7.14,1
M1172,2025-09-07 08:52:00,75091.0,4.63,1
M1173,2025-09-07 08:53:00,1160605.0,7.33,1
M1174,2025-09-07 08:54:00,362647.0,3.31,1
M1175,2025-09-07 08:55:00,1364082.0,4.64,1
M1176,2025-09-07 08:56:00,929061.0,8.75,1
M1177,2025-09-07 08:57:00,171067.0,20.84,1
M1178,2025-09-07 08:58:00,315632.0,11.12,1
M1179,2025-09-07 08:59:00,1091973.0,23.52,1
M1180,2025-09-07 09:00:00,307342.0,6.11,1
M1181,2025-09-07 09:01:00,623836.0,1.74,1
M1182,2025-09-07 09:02:00,365755.0,28.56,1
M1183,2025-09-07 09:03:00,466552.0,20.5,1
M1184,2025-09-07 09:04:00,678229.0,13.33,1
M1185,2025-09-07 09:05:00,1821864.0,12.2,1
M1186,2025-09-07 09:06:00,163451.0,14.26,1
M1187,2025-09-07 09:07:00,728402.0,20.55,1
M1188,2025-09-07 09:08:00,168918.0,73.74,1
M1189,2025-09-07 09:09:00,376644.0,7.33,1
M1190,2025-09-07 09:10:00,1463754.0,100.64,1
M1191,2025-09-07 09:11:00,346816.0,81.91,1
M1192,2025-09-07 09:12:00,584000.0,3.82,1
M1193,2025-09-07 09:13:00,189546.0,4.0,1
M1194,2025-09-07 09:14:00,99171.0,14.39,1
M1195,2025-09-07 09:15:00,78746.0,10.66,1
M1196,2025-09-07 09:16:00,1044617.0,10.0,1
M1197,2025-09-07 09:17:00,3127446.0,7.43,1
M1198,2025-09-07 09:18:00,1186325.0,1.26,1
M1199,2025-09-07 09:19:00,1139702.0,2.86,1
M1200,2025-09-07 09:20:00,1597147.0,35.95,1
M1201,2025-09-07 09:21:00,262466.0,15.61,1
M1202,2025-09-07 09:22:00,147246.0,6.64,1
M1203,2025-09-07 09:23:00,455787.0,10.2,1
M1204,2025-09-07 09:24:00,2210660.0,32.18,1
M1205,2025-09-07 09:25:00,236756.0,19.5,1
M1206,2025-09-07 09:26:00,510893.0,8.87,1
M1207,2025-09-07 09:27:00,284651.0,82.96,1
M1208,2025-09-07 09:28:00,266131.0,14.66,1
M1209,2025-09-07 09:29:00,2001062.0,9.72,1
M1210,2025-09-07 09:30:00,48571.0,20.72,1
M1211,2025-09-07 09:31:00,409509.0,2.14,1
M1212,2025-09-07 09:32:00,113352.0,4.72,1
M1213,2025-09-07 09:33:00,46046.0,5.57,1
M1214,2025-09-07 09:34:00,1153483.0,9.77,1
M1215,2025-09-07 09:35:00,119145.0,6.4,1
M1216,2025-09-07 09:36:00,542058.0,8.09,1
M1217,2025-09-07 09:37:00,156714.0,11.07,1
M1218,2025-09-07 09:38:00,986402.0,4.65,1
M1219,2025-09-07 09:39:00,1115475.0,6.03,1
M1220,2025-09-07 09:40:00,136945.0,4.47,1
M1221,2025-09-07 09:41:00,449245.0,5.86,1
M1222,2025-09-07 09:42:00,571262.0,12.94,1
M1223,2025-09-07 09:43:00,459433.0,16.48,1
M1224,2025-09-07 09:44:00,327569.0,5.46,1
M1225,2025-09-07 09:45:00,3047030.0,4.33,1
M1226,2025-09-07 09:46:00,562794.0,61.64,1
M1227,2025-09-07 09:47:00,793334.0,1.56,1
M1228,2025-09-07 09:48:00,252500.0,9.28,1
M1229,2025-09-07 09:49:00,629514.0,8.91,1
M1230,2025-09-07 09:50:00,410500.0,2.37,1
M1231,2025-09-07 09:51:00,1396444.0,54.93,1
M1232,2025-09-07 09:52:00,1135363.0,13.92,1
M1233,2025-09-07 09:53:00,719674.0,10.73,1
M1234,2025-09-07 09:54:00,2099042.0,0.8,1
M1235,2025-09-07 09:55:00,295646.0,41.51,1
M1236,2025-09-07 09:56:00,532401.0,17.6,1
M1237,2025-09-07 09:57:00,583060.0,4.81,1
M1238,2025-09-07 09:58:00,439812.0,18.8,1
M1239,2025-09-07 09:59:00,1100507.0,4.43,1
M1240,2025-09-07 10:00:00,418016.0,3.06,1
M1241,2025-09-07 10:01:00,1646183.0,5.33,1
M1242,2025-09-07 10:02:00,442918.0,6.35,1
M1243,2025-09-07 10:03:00,117371.0,2.47,1
M1244,2025-09-07 10:04:00,230530.0,1.83,1
M1245,2025-09-07 10:05:00,692539.0,1.69,1
M1246,2025-09-07 10:06:00,151034.0,5.33,1
M1247,2025-09-07 10:07:00,189885.0,25.85,1
M1248,2025-09-07 10:08:00,596063.0,21.77,1
M1249,2025-09-07 10:09:00,386697.0,1.84,1
M1250,2025-09-07 10:10:00,417864.0,37.57,1
M1251,2025-09-07 10:11:00,523811.0,3.13,1
M1252,2025-09-07 10:12:00,51806.0,3.73,1
M1253,2025-09-07 10:13:00,1518126.0,1.94,1
M1254,2025-09-07 10:14:00,740689.0,78.97,1
M1255,2025-09-07 10:15:00,553010.0,9.92,1
M1256,2025-09-07 10:16:00,272522.0,5.41,1
M1257,2025-09-07 10:17:00,179541.0,16.72,1
M1258,2025-09-07 10:18:00,71152.0,4.08,1
M1259,2025-09-07 10:19:00,454193.0,8.0,1
M1260,2025-09-07 10:20:00,1009887.0,5.63,1
M1261,2025-09-07 10:21:00,493925.0,14.96,1
M1262,2025-09-07 10:22:00,93816.0,1.61,1
M1263,2025-09-07 10:23:00,620069.0,3.92,1
M1264,2025-09-07 10:24:00,918472.0,20.82,1
M1265,2025-09-07 10:25:00,1082658.0,2.95,1
M1266,2025-09-07 10:26:00,537901.0,11.48,1
M1267,2025-09-07 10:27:00,141075.0,17.51,1
M1268,2025-09-07 10:28:00,1066342.0,40.89,1
M1269,2025-09-07 10:29:00,731611.0,32.78,1
M1270,2025-09-07 10:30:00,175401.0,5.63,1
M1271,2025-09-07 10:31:00,1127834.0,1.39,1
M1272,2025-09-07 10:32:00,519573.0,6.52,1
M1273,2025-09-07 10:33:00,912614.0,1.18,1
M1274,2025-09-07 10:34:00,592557.0,58.92,1
M1275,2025-09-07 10:35:00,104471.0,6.38,1
M1276,2025-09-07 10:36:00,354168.0,15.16,1
M1277,2025-09-07 10:37:00,347932.0,12.1,1
M1278,2025-09-07 10:38:00,578898.0,12.26,1
M1279,2025-09-07 10:39:00,5510074.0,2.26,1
M1280,2025-09-07 10:40:00,681219.0,4.95,1
M1281,2025-09-07 10:41:00,265626.0,15.94,1
M1282,2025-09-07 10:42:00,223164.0,3.56,1
M1283,2025-09-07 10:43:00,262497.0,10.84,1
M1284,2025-09-07 10:44:00,341961.0,18.31,1
M1285,2025-09-07 10:45:00,1454557.0,1.89,1
M1286,2025-09-07 10:46:00,2881538.0,16.69,1
M1287,2025-09-07 10:47:00,743684.0,4.27,1
M1288,2025-09-07 10:48:00,1297302.0,9.96,1
M1289,2025-09-07 10:49:00,127159.0,34.49,1
M1290,2025-09-07 10:50:00,1263309.0,15.46,1
M1291,2025-09-07 10:51:00,823007.0,12.64,1
M1292,2025-09-07 10:52:00,367838.0,0.63,1
M1293,2025-09-07 10:53:00,58391.0,1.51,1
M1294,2025-09-07 10:54:00,256206.0,8.06,1
M1295,2025-09-07 10:55:00,623646.0,9.71,1
M1296,2025-09-07 10:56:00,1243606.0,12.75,1
M1297,2025-09-07 10:57:00,344622.0,17.5,1
M1298,2025-09-07 10:58:00,507717.0,6.43,1
M1299,2025-09-07 10:59:00,1221338.0,16.68,1
M1300,2025-09-07 11:00:00,256075.0,12.47,1
M1301,2025-09-07 11:01:00,2591676.0,6.59,1
M1302,2025-09-07 11:02:00,640492.0,2.92,1
M1303,2025-09-07 11:03:00,1289013.0,7.9,1
M1304,2025-09-07 11:04:00,852352.0,5.24,1
M1305,2025-09-07 11:05:00,1548143.0,9.39,1
M1306,2025-09-07 11:06:00,376697.0,3.56,1
M1307,2025-09-07 11:07:00,430832.0,5.69,1
M1308,2025-09-07 11:08:00,485337.0,19.89,1
M1309,2025-09-07 11:09:00,813275.0,26.92,1
M1310,2025-09-07 11:10:00,232283.0,22.46,1
M1311,2025-09-07 11:11:00,134838.0,4.43,1
M1312,2025-09-07 11:12:00,166090.0,13.58,1
M1313,2025-09-07 11:13:00,2326332.0,9.68,1
M1314,2025-09-07 11:14:00,123159.0,22.65,1
M1315,2025-09-07 11:15:00,608760.0,1.07,1
M1316,2025-09-07 11:16:00,2525069.0,0.66,1
M1317,2025-09-07 11:17:00,399110.0,1.77,1
M1318,2025-09-07 11:18:00,700789.0,18.04,1
M1319,2025-09-07 11:19:00,316967.0,6.75,1
M1320,2025-09-07 11:20:00,221386.0,18.62,1
M1321,2025-09-07 11:21:00,1744548.0,40.42,1
M1322,2025-09-07 11:22:00,357324.0,18.51,1
M1323,2025-09-07 11:23:00,656090.0,5.11,1
M1324,2025-09-07 11:24:00,1049316.0,4.04,1
M1325,2025-09-07 11:25:00,201969.0,2.88,1
M1326,2025-09-07 11:26:00,212523.0,6.92,1
M1327,2025-09-07 11:27:00,198557.0,7.28,1
M1328,2025-09-07 11:28:00,221063.0,6.04,1
M1329,2025-09-07 11:29:00,782984.0,5.7,1
M1330,2025-09-07 11:30:00,1830618.0,2.63,1
M1331,2025-09-07 11:31:00,105851.0,11.23,1
M1332,2025-09-07 11:32:00,1900881.0,2.74,1
M1333,2025-09-07 11:33:00,440240.0,6.49,1
M1334,2025-09-07 11:34:00,1745571.0,1.72,1
M1335,2025-09-07 11:35:00,1043121.0,2.67,1
M1336,2025-09-07 11:36:00,446087.0,5.05,1
M1337,2025-09-07 11:37:00,301925.0,2.14,1
M1338,2025-09-07 11:38:00,669937.0,3.19,1
M1339,2025-09-07 11:39:00,189566.0,24.19,1
M1340,2025-09-07 11:40:00,511272.0,30.32,1
M1341,2025-09-07 11:41:00,359302.0,6.33,1
M1342,2025-09-07 11:42:00,1063206.0,23.55,1
M1343,2025-09-07 11:43:00,257370.0,38.75,1
M1344,2025-09-07 11:44:00,657121.0,61.25,1
M1345,2025-09-07 11:45:00,84016.0,1.56,1
M1346,2025-09-07 11:46:00,1780007.0,2.66,1
M1347,2025-09-07 11:47:00,216193.0,5.67,1
M1348,2025-09-07 11:48:00,762187.0,2.58,1
M1349,2025-09-07 11:49:00,201479.0,4.49,1
M1350,2025-09-07 11:50:00,127173.0,15.79,1
M1351,2025-09-07 11:51:00,373021.0,13.11,1
M1352,2025-09-07 11:52:00,402611.0,3.81,1
M1353,2025-09-07 11:53:00,294173.0,10.14,1
M1354,2025-09-07 11:54:00,185338.0,7.33,1
M1355,2025-09-07 11:55:00,96818.0,7.43,1
M1356,2025-09-07 11:56:00,1112850.0,12.71,1
M1357,2025-09-07 11:57:00,227210.0,24.57,1
M1358,2025-09-07 11:58:00,371850.0,0.81,1
M1359,2025-09-07 11:59:00,247671.0,5.87,1
M1360,2025-09-07 12:00:00,216975.0,24.33,1
M1361,2025-09-07 12:01:00,607859.0,22.96,1
M1362,2025-09-07 12:02:00,681371.0,17.35,1
M1363,2025-09-07 12:03:00,3288850.0,11.61,1
M1364,2025-09-07 12:04:00,2482262.0,27.63,1
M1365,2025-09-07 12:05:00,603121.0,2.09,1
M1366,2025-09-07 12:06:00,988440.0,18.14,1
M1367,2025-09-07 12:07:00,1055947.0,77.88,1
M1368,2025-09-07 12:08:00,4712609.0,22.46,1
M1369,2025-09-07 12:09:00,521947.0,6.89,1
M1370,2025-09-07 12:10:00,152826.0,4.65,1
M1371,2025-09-07 12:11:00,592225.0,1.83,1
M1372,2025-09-07 12:12:00,103771.0,21.05,1
M1373,2025-09-07 12:13:00,396280.0,14.28,1
M1374,2025-09-07 12:14:00,169774.0,28.19,1
M1375,2025-09-07 12:15:00,608833.0,4.84,1
M1376,2025-09-07 12:16:00,753193.0,8.12,1
M1377,2025-09-07 12:17:00,708846.0,74.97,1
M1378,2025-09-07 12:18:00,449151.0,21.54,1
M1379,2025-09-07 12:19:00,265435.0,38.81,1
M1380,2025-09-07 12:20:00,104143.0,3.15,1
M1381,2025-09-07 12:21:00,150707.0,15.82,1
M1382,2025-09-07 12:22:00,689085.0,5.43,1
M1383,2025-09-07 12:23:00,102579.0,13.65,1
M1384,2025-09-07 12:24:00,369438.0,19.75,1
M1385,2025-09-07 12:25:00,1388470.0,5.37,1
M1386,2025-09-07 12:26:00,310867.0,1.89,1
M1387,2025-09-07 12:27:00,1365391.0,7.87,1
M1388,2025-09-07 12:28:00,728885.0,12.98,1
M1389,2025-09-07 12:29:00,4656271.0,8.91,1
M1390,2025-09-07 12:30:00,130406.0,8.55,1
M1391,2025-09-07 12:31:00,759723.0,15.92,1
M1392,2025-09-07 12:32:00,673139.0,8.1,1
M1393,2025-09-07 12:33:00,818016.0,1.75,1
M1394,2025-09-07 12:34:00,320631.0,4.27,1
M1395,2025-09-07 12:35:00,226923.0,3.18,1
M1396,2025-09-07 12:36:00,645676.0,9.71,1
M1397,2025-09-07 12:37:00,1183615.0,1.8,1
M1398,2025-09-07 12:38:00,123289.0,20.04,1
M1399,2025-09-07 12:39:00,396813.0,4.37,1
M1400,2025-09-07 12:40:00,1336547.0,4.14,1
M1401,2025-09-07 12:41:00,177313.0,2.22,1
M1402,2025-09-07 12:42:00,481082.0,2.54,1
M1403,2025-09-07 12:43:00,2277181.0,6.16,1
M1404,2025-09-07 12:44:00,881244.0,6.15,1
M1405,2025-09-07 12:45:00,296470.0,4.79,1
M1406,2025-09-07 12:46:00,244543.0,23.94,1
M1407,2025-09-07 12:47:00,255588.0,5.24,1
M1408,2025-09-07 12:48:00,529128.0,19.86,1
M1409,2025-09-07 12:49:00,403238.0,25.8,1
M1410,2025-09-07 12:50:00,551468.0,1.84,1
M1411,2025-09-07 12:51:00,1043746.0,4.94,1
M1412,2025-09-07 12:52:00,821199.0,10.75,1
M1413,2025-09-07 12:53:00,450435.0,4.29,1
M1414,2025-09-07 12:54:00,298607.0,29.82,1
M1415,2025-09-07 12:55:00,140336.0,25.33,1
M1416,2025-09-07 12:56:00,126760.0,30.58,1
M1417,2025-09-07 12:57:00,836430.0,1.55,1
M1418,2025-09-07 12:58:00,355371.0,0.86,1
M1419,2025-09-07 12:59:00,1288637.0,9.78,1
M1420,2025-09-07 13:00:00,1562215.0,8.99,1
M1421,2025-09-07 13:01:00,1006571.0,4.0,1
M1422,2025-09-07 13:02:00,534131.0,3.16,1
M1423,2025-09-07 13:03:00,163666.0,38.21,1
M1424,2025-09-07 13:04:00,288741.0,3.94,1
M1425,2025-09-07 13:05:00,759410.0,13.2,1
M1426,2025-09-07 13:06:00,667724.0,34.54,1
M1427,2025-09-07 13:07:00,643242.0,1.34,1
M1428,2025-09-07 13:08:00,63151.0,2.0,1
M1429,2025-09-07 13:09:00,865866.0,8.38,1
M1430,2025-09-07 13:10:00,1187225.0,3.84,1
M1431,2025-09-07 13:11:00,1168903.0,7.62,1
M1432,2025-09-07 13:12:00,89659.0,12.23,1
M1433,2025-09-07 13:13:00,305000.0,9.6,1
M1434,2025-09-07 13:14:00,428623.0,3.56,1
M1435,2025-09-07 13:15:00,162855.0,8.94,1
M1436,2025-09-07 13:16:00,877401.0,6.48,1
M1437,2025-09-07 13:17:00,725002.0,2.99,1
M1438,2025-09-07 13:18:00,664121.0,2.51,1
M1439,2025-09-07 13:19:00,373351.0,14.89,1
M1440,2025-09-07 13:20:00,258371.0,10.16,1
M1441,2025-09-07 13:21:00,979257.0,24.69,1
M1442,2025-09-07 13:22:00,458767.0,18.43,1
M1443,2025-09-07 13:23:00,478752.0,35.39,1
M1444,2025-09-07 13:24:00,1215593.0,8.51,1
M1445,2025-09-07 13:25:00,424504.0,3.35,1
M1446,2025-09-07 13:26:00,571412.0,9.43,1
M1447,2025-09-07 13:27:00,437626.0,6.05,1
M1448,2025-09-07 13:28:00,1295510.0,4.94,1
M1449,2025-09-07 13:29:00,193135.0,1.86,1
M1450,2025-09-07 13:30:00,786742.0,38.67,1
M1451,2025-09-07 13:31:00,134075.0,5.94,1
M1452,2025-09-07 13:32:00,553430.0,9.65,1
M1453,2025-09-07 13:33:00,229981.0,23.35,1
M1454,2025-09-07 13:34:00,558167.0,12.65,1
M1455,2025-09-07 13:35:00,529458.0,1.83,1
M1456,2025-09-07 13:36:00,167481.0,1.36,1
M1457,2025-09-07 13:37:00,358615.0,1.67,1
M1458,2025-09-07 13:38:00,155195.0,2.39,1
M1459,2025-09-07 13:39:00,381736.0,16.26,1
M1460,2025-09-07 13:40:00,1510160.0,8.73,1
M1461,2025-09-07 13:41:00,1213238.0,1.97,1
M1462,2025-09-07 13:42:00,723962.0,3.25,1
M1463,2025-09-07 13:43:00,192790.0,24.53,1
M1464,2025-09-07 13:44:00,290670.0,6.43,1
M1465,2025-09-07 13:45:00,340830.0,5.57,1
M1466,2025-09-07 13:46:00,881014.0,6.9,1
M1467,2025-09-07 13:47:00,1452752.0,12.02,1
M1468,2025-09-07 13:48:00,557080.0,14.49,1
M1469,2025-09-07 13:49:00,219947.0,12.53,1
M1470,2025-09-07 13:50:00,1347408.0,133.39,1
M1471,2025-09-07 13:51:00,1798480.0,41.22,1
M1472,2025-09-07 13:52:00,525122.0,5.12,1
M1473,2025-09-07 13:53:00,1907387.0,8.52,1
M1474,2025-09-07 13:54:00,350596.0,13.4,1
M1475,2025-09-07 13:55:00,771465.0,5.77,1
M1476,2025-09-07 13:56:00,670518.0,6.38,1
M1477,2025-09-07 13:57:00,168237.0,16.04,1
M1478,2025-09-07 13:58:00,423657.0,5.18,1
M1479,2025-09-07 13:59:00,138433.0,7.11,1
M1480,2025-09-07 14:00:00,362896.0,4.99,1
M1481,2025-09-07 14:01:00,123790.0,1.44,1
M1482,2025-09-07 14:02:00,450325.0,2.69,1
M1483,2025-09-07 14:03:00,205888.0,4.82,1
M1484,2025-09-07 14:04:00,617659.0,10.09,1
M1485,2025-09-07 14:05:00,589847.0,9.04,1
M1486,2025-09-07 14:06:00,1345850.0,6.88,1
M1487,2025-09-07 14:07:00,267430.0,14.7,1
M1488,2025-09-07 14:08:00,105284.0,10.5,1
M1489,2025-09-07 14:09:00,514511.0,5.98,1
M1490,2025-09-07 14:10:00,675403.0,10.69,1
M1491,2025-09-07 14:11:00,1260406.0,6.88,1
M1492,2025-09-07 14:12:00,262036.0,9.73,1
M1493,2025-09-07 14:13:00,202214.0,5.26,1
M1494,2025-09-07 14:14:00,3828067.0,7.29,1
M1495,2025-09-07 14:15:00,971873.0,30.86,1
M1496,2025-09-07 14:16:00,285438.0,15.17,1
M1497,2025-09-07 14:17:00,115890.0,15.57,1
M1498,2025-09-07 14:18:00,177427.0,6.1,1
M1499,2025-09-07 14:19:00,528436.0,7.81,1
M1500,2025-09-07 14:20:00,615227.0,24.81,1
M1501,2025-09-07 14:21:00,206800.0,11.07,1
M1502,2025-09-07 14:22:00,1650886.0,11.24,1
M1503,2025-09-07 14:23:00,240468.0,10.52,1
M1504,2025-09-07 14:24:00,366415.0,13.96,1
M1505,2025-09-07 14:25:00,81132.0,5.65,1
M1506,2025-09-07 14:26:00,151204.0,7.33,1
M1507,2025-09-07 14:27:00,128312.0,2.73,1
M1508,2025-09-07 14:28:00,2111866.0,2.85,1
M1509,2025-09-07 14:29:00,8697386.0,46.81,1
M1510,2025-09-07 14:30:00,380419.0,15.31,1
M1511,2025-09-07 14:31:00,205423.0,13.47,1
M1512,2025-09-07 14:32:00,1737438.0,11.92,1
M1513,2025-09-07 14:33:00,391500.0,7.74,1
M1514,2025-09-07 14:34:00,235744.0,4.47,1
M1515,2025-09-07 14:35:00,1369308.0,7.14,1
M1516,2025-09-07 14:36:00,150372.0,6.43,1
M1517,2025-09-07 14:37:00,473106.0,4.61,1
M1518,2025-09-07 14:38:00,130854.0,5.23,1
M1519,2025-09-07 14:39:00,2033022.0,5.66,1
M1520,2025-09-07 14:40:00,751330.0,9.41,1
M1521,2025-09-07 14:41:00,1965690.0,12.06,1
M1522,2025-09-07 14:42:00,196136.0,14.02,1
M1523,2025-09-07 14:43:00,729763.0,38.37,1
M1524,2025-09-07 14:44:00,966823.0,9.76,1
M1525,2025-09-07 14:45:00,216676.0,11.63,1
M1526,2025-09-07 14:46:00,542083.0,2.59,1
M1527,2025-09-07 14:47:00,738754.0,21.19,1
M1528,2025-09-07 14:48:00,144870.0,4.44,1
M1529,2025-09-07 14:49:00,214925.0,6.98,1
M1530,2025-09-07 14:50:00,203448.0,2.37,1
M1531,2025-09-07 14:51:00,180130.0,43.99,1
M1532,2025-09-07 14:52:00,1057351.0,7.23,1
M1533,2025-09-07 14:53:00,184137.0,5.22,1
M1534,2025-09-07 14:54:00,1083421.0,3.24,1
M1535,2025-09-07 14:55:00,199308.0,7.88,1
M1536,2025-09-07 14:56:00,539901.0,13.64,1
M1537,2025-09-07 14:57:00,670858.0,24.68,1
M1538,2025-09-07 14:58:00,1562812.0,6.23,1
M1539,2025-09-07 14:59:00,616307.0,2.45,1
M1540,2025-09-07 15:00:00,526597.0,4.79,1
M1541,2025-09-07 15:01:00,1549257.0,3.88,1
M1542,2025-09-07 15:02:00,163736.0,14.94,1
M1543,2025-09-07 15:03:00,222806.0,70.59,1
M1544,2025-09-07 15:04:00,239937.0,4.05,1
M1545,2025-09-07 15:05:00,391746.0,17.37,1
M1546,2025-09-07 15:06:00,229245.0,12.57,1
M1547,2025-09-07 15:07:00,404226.0,10.76,1
M1548,2025-09-07 15:08:00,211685.0,11.59,1
M1549,2025-09-07 15:09:00,498170.0,23.65,1
M1550,2025-09-07 15:10:00,199153.0,1.58,1
M1551,2025-09-07 15:11:00,910942.0,4.5,1
M1552,2025-09-07 15:12:00,291713.0,6.76,1
M1553,2025-09-07 15:13:00,2254617.0,1.17,1
M1554,2025-09-07 15:14:00,816586.0,2.76,1
M1555,2025-09-07 15:15:00,307473.0,2.14,1
M1556,2025-09-07 15:16:00,245400.0,7.87,1
M1557,2025-09-07 15:17:00,544760.0,42.89,1
M1558,2025-09-07 15:18:00,38695.0,12.48,1
M1559,2025-09-07 15:19:00,850862.0,3.3,1
M1560,2025-09-07 15:20:00,628295.0,12.99,1
M1561,2025-09-07 15:21:00,160561.0,19.3,1
M1562,2025-09-07 15:22:00,155596.0,2.09,1
M1563,2025-09-07 15:23:00,90055.0,42.03,1
M1564,2025-09-07 15:24:00,408302.0,8.84,1
M1565,2025-09-07 15:25:00,849467.0,3.11,1
M1566,2025-09-07 15:26:00,658570.0,1.79,1
M1567,2025-09-07 15:27:00,162831.0,14.42,1
M1568,2025-09-07 15:28:00,550144.0,3.63,1
M1569,2025-09-07 15:29:00,140267.0,2.16,1
M1570,2025-09-07 15:30:00,53963.0,4.94,1
M1571,2025-09-07 15:31:00,620381.0,1.19,1
M1572,2025-09-07 15:32:00,97827.0,8.99,1
M1573,2025-09-07 15:33:00,1020729.0,10.19,1
M1574,2025-09-07 15:34:00,273639.0,5.73,1
M1575,2025-09-07 15:35:00,280143.0,0.94,1
M1576,2025-09-07 15:36:00,131875.0,2.29,1
M1577,2025-09-07 15:37:00,445069.0,7.22,1
M1578,2025-09-07 15:38:00,285422.0,3.75,1
M1579,2025-09-07 15:39:00,122623.0,5.25,1
M1580,2025-09-07 15:40:00,1551074.0,38.69,1
M1581,2025-09-07 15:41:00,1540409.0,13.77,1
M1582,2025-09-07 15:42:00,50206.0,6.79,1
M1583,2025-09-07 15:43:00,263114.0,7.56,1
M1584,2025-09-07 15:44:00,286596.0,40.24,1
M1585,2025-09-07 15:45:00,261584.0,7.21,1
M1586,2025-09-07 15:46:00,511106.0,2.95,1
M1587,2025-09-07 15:47:00,61270.0,4.1,1
M1588,2025-09-07 15:48:00,2336435.0,9.31,1
M1589,2025-09-07 15:49:00,1846607.0,7.43,1
M1590,2025-09-07 15:50:00,218756.0,2.98,1
M1591,2025-09-07 15:51:00,137921.0,2.72,1
M1592,2025-09-07 15:52:00,104976.0,2.92,1
M1593,2025-09-07 15:53:00,426477.0,3.74,1
M1594,2025-09-07 15:54:00,480693.0,2.19,1
M1595,2025-09-07 15:55:00,201023.0,15.9,1
M1596,2025-09-07 15:56:00,194185.0,20.06,1
M1597,2025-09-07 15:57:00,1106451.0,7.89,1
M1598,2025-09-07 15:58:00,142118.0,8.64,1
M1599,2025-09-07 15:59:00,221400.0,14.4,1
M1600,2025-09-07 16:00:00,1344976.0,3.51,1
M1601,2025-09-07 16:01:00,1070754.0,97.55,1
M1602,2025-09-07 16:02:00,180928.0,15.12,1
M1603,2025-09-07 16:03:00,756707.0,7.34,1
M1604,2025-09-07 16:04:00,274329.0,8.95,1
M1605,2025-09-07 16:05:00,1011387.0,15.23,1
M1606,2025-09-07 16:06:00,376787.0,12.79,1
M1607,2025-09-07 16:07:00,333314.0,5.25,1
M1608,2025-09-07 16:08:00,192482.0,6.15,1
M1609,2025-09-07 16:09:00,400877.0,5.04,1
M1610,2025-09-07 16:10:00,334606.0,56.71,1
M1611,2025-09-07 16:11:00,369681.0,9.43,1
M1612,2025-09-07 16:12:00,1280161.0,5.84,1
M1613,2025-09-07 16:13:00,36691.0,2.35,1
M1614,2025-09-07 16:14:00,123822.0,32.21,1
M1615,2025-09-07 16:15:00,219675.0,21.02,1
M1616,2025-09-07 16:16:00,1245400.0,14.15,1
M1617,2025-09-07 16:17:00,1344387.0,88.86,1
M1618,2025-09-07 16:18:00,538019.0,6.16,1
M1619,2025-09-07 16:19:00,241687.0,8.22,1
M1620,2025-09-07 16:20:00,788685.0,2.81,1
M1621,2025-09-07 16:21:00,1228225.0,26.32,1
M1622,2025-09-07 16:22:00,459216.0,13.67,1
M1623,2025-09-07 16:23:00,365685.0,6.51,1
M1624,2025-09-07 16:24:00,752183.0,1.47,1
M1625,2025-09-07 16:25:00,186014.0,1.35,1
M1626,2025-09-07 16:26:00,450082.0,20.58,1
M1627,2025-09-07 16:27:00,1334502.0,14.67,1
M1628,2025-09-07 16:28:00,757322.0,30.21,1
M1629,2025-09-07 16:29:00,428904.0,10.49,1
M1630,2025-09-07 16:30:00,120169.0,2.43,1
M1631,2025-09-07 16:31:00,1314860.0,8.0,1
M1632,2025-09-07 16:32:00,191059.0,19.78,1
M1633,2025-09-07 16:33:00,805018.0,2.01,1
M1634,2025-09-07 16:34:00,1231094.0,12.58,1
M1635,2025-09-07 16:35:00,1431264.0,7.65,1
M1636,2025-09-07 16:36:00,4476819.0,5.9,1
M1637,2025-09-07 16:37:00,446214.0,16.45,1
M1638,2025-09-07 16:38:00,473616.0,5.67,1
M1639,2025-09-07 16:39:00,153714.0,10.8,1
M1640,2025-09-07 16:40:00,780651.0,11.53,1
M1641,2025-09-07 16:41:00,895856.0,3.64,1
M1642,2025-09-07 16:42:00,552244.0,31.12,1
M1643,2025-09-07 16:43:00,343059.0,2.37,1
M1644,2025-09-07 16:44:00,518832.0,40.68,1
M1645,2025-09-07 16:45:00,919898.0,3.77,1
M1646,2025-09-07 16:46:00,123785.0,2.2,1
M1647,2025-09-07 16:47:00,305854.0,12.02,1
M1648,2025-09-07 16:48:00,52278.0,4.84,1
M1649,2025-09-07 16:49:00,984282.0,16.4,1
M1650,2025-09-07 16:50:00,7367850.0,6.0,1
M1651,2025-09-07 16:51:00,358218.0,1.8,1
M1652,2025-09-07 16:52:00,447438.0,49.21,1
M1653,2025-09-07 16:53:00,530732.0,8.22,1
M1654,2025-09-07 16:54:00,383501.0,0.88,1
M1655,2025-09-07 16:55:00,556189.0,2.79,1
M1656,2025-09-07 16:56:00,929131.0,26.84,1
M1657,2025-09-07 16:57:00,2513108.0,0.93,1
M1658,2025-09-07 16:58:00,373613.0,9.57,1
M1659,2025-09-07 16:59:00,735863.0,4.83,1
M1660,2025-09-07 17:00:00,284776.0,6.02,1
M1661,2025-09-07 17:01:00,89159.0,4.06,1
M1662,2025-09-07 17:02:00,645737.0,2.76,1
M1663,2025-09-07 17:03:00,279333.0,1.76,1
M1664,2025-09-07 17:04:00,786166.0,22.09,1
M1665,2025-09-07 17:05:00,664986.0,6.38,1
M1666,2025-09-07 17:06:00,123290.0,3.72,1
M1667,2025-09-07 17:07:00,565635.0,52.04,1
M1668,2025-09-07 17:08:00,556646.0,5.83,1
M1669,2025-09-07 17:09:00,572086.0,18.18,1
M1670,2025-09-07 17:10:00,589308.0,6.86,1
M1671,2025-09-07 17:11:00,406799.0,19.9,1
M1672,2025-09-07 17:12:00,281102.0,5.53,1
M1673,2025-09-07 17:13:00,500934.0,7.0,1
M1674,2025-09-07 17:14:00,1387665.0,8.94,1
M1675,2025-09-07 17:15:00,510497.0,3.52,1
M1676,2025-09-07 17:16:00,717357.0,5.38,1
M1677,2025-09-07 17:17:00,266579.0,20.27,1
M1678,2025-09-07 17:18:00,53821.0,34.93,1
M1679,2025-09-07 17:19:00,280016.0,16.96,1
M1680,2025-09-07 17:20:00,2918675.0,8.15,1
M1681,2025-09-07 17:21:00,64695.0,4.81,1
M1682,2025-09-07 17:22:00,545254.0,2.1,1
M1683,2025-09-07 17:23:00,276647.0,6.82,1
M1684,2025-09-07 17:24:00,271486.0,2.54,1
M1685,2025-09-07 17:25:00,250359.0,2.35,1
M1686,2025-09-07 17:26:00,1278790.0,9.88,1
M1687,2025-09-07 17:27:00,429646.0,1.1,1
M1688,2025-09-07 17:28:00,107523.0,14.82,1
M1689,2025-09-07 17:29:00,69800.0,4.58,1
M1690,2025-09-07 17:30:00,105977.0,3.66,1
M1691,2025-09-07 17:31:00,358140.0,4.68,1
M1692,2025-09-07 17:32:00,417412.0,9.25,1
M1693,2025-09-07 17:33:00,818139.0,9.46,1
M1694,2025-09-07 17:34:00,5026568.0,1.41,1
M1695,2025-09-07 17:35:00,82094.0,4.2,1
M1696,2025-09-07 17:36:00,572290.0,8.24,1
M1697,2025-09-07 17:37:00,2857569.0,2.08,1
M1698,2025-09-07 17:38:00,129249.0,2.07,1
M1699,2025-09-07 17:39:00,1724373.0,2.77,1
M1700,2025-09-07 17:40:00,329938.0,12.29,1
M1701,2025-09-07 17:41:00,2401381.0,3.68,1
M1702,2025-09-07 17:42:00,282704.0,3.68,1
M1703,2025-09-07 17:43:00,202868.0,5.61,1
M1704,2025-09-07 17:44:00,241677.0,24.79,1
M1705,2025-09-07 17:45:00,3035068.0,6.78,1
M1706,2025-09-07 17:46:00,2260104.0,9.78,1
M1707,2025-09-07 17:47:00,1693060.0,7.92,1
M1708,2025-09-07 17:48:00,546763.0,15.67,1
M1709,2025-09-07 17:49:00,138761.0,33.27,1
M1710,2025-09-07 17:50:00,1013399.0,0.92,1
M1711,2025-09-07 17:51:00,217592.0,2.41,1
M1712,2025-09-07 17:52:00,137133.0,5.48,1
M1713,2025-09-07 17:53:00,2668784.0,4.42,1
M1714,2025-09-07 17:54:00,276337.0,61.93,1
M1715,2025-09-07 17:55:00,41447.0,7.38,1
M1716,2025-09-07 17:56:00,832375.0,6.96,1
M1717,2025-09-07 17:57:00,409121.0,4.02,1
M1718,2025-09-07 17:58:00,345045.0,35.84,1
M1719,2025-09-07 17:59:00,207832.0,3.65,1
M1720,2025-09-07 18:00:00,66370.0,32.58,1
M1721,2025-09-07 18:01:00,132650.0,72.16,1
M1722,2025-09-07 18:02:00,841531.0,7.27,1
M1723,2025-09-07 18:03:00,64070.0,0.61,1
M1724,2025-09-07 18:04:00,159786.0,18.53,1
M1725,2025-09-07 18:05:00,174031.0,4.77,1
M1726,2025-09-07 18:06:00,160748.0,8.16,1
M1727,2025-09-07 18:07:00,260831.0,3.57,1
M1728,2025-09-07 18:08:00,167319.0,3.07,1
M1729,2025-09-07 18:09:00,214310.0,41.12,1
M1730,2025-09-07 18:10:00,78209.0,10.14,1
M1731,2025-09-07 18:11:00,870763.0,3.42,1
M1732,2025-09-07 18:12:00,311186.0,15.42,1
M1733,2025-09-07 18:13:00,658584.0,0.72,1
M1734,2025-09-07 18:14:00,642951.0,8.33,1
M1735,2025-09-07 18:15:00,460839.0,0.63,1
M1736,2025-09-07 18:16:00,265852.0,4.49,1
M1737,2025-09-07 18:17:00,463825.0,12.09,1
M1738,2025-09-07 18:18:00,407182.0,0.41,1
M1739,2025-09-07 18:19:00,513949.0,9.97,1
M1740,2025-09-07 18:20:00,503919.0,5.64,1
M1741,2025-09-07 18:21:00,849765.0,17.66,1
M1742,2025-09-07 18:22:00,1727340.0,8.02,1
M1743,2025-09-07 18:23:00,220701.0,4.47,1
M1744,2025-09-07 18:24:00,55144.0,11.87,1
M1745,2025-09-07 18:25:00,106887.0,4.24,1
M1746,2025-09-07 18:26:00,533162.0,14.74,1
M1747,2025-09-07 18:27:00,1023612.0,2.79,1
M1748,2025-09-07 18:28:00,169647.0,6.44,1
M1749,2025-09-07 18:29:00,453412.0,2.37,1
M1750,2025-09-07 18:30:00,203070.0,1.98,1
M1751,2025-09-07 18:31:00,663661.0,4.6,1
M1752,2025-09-07 18:32:00,135844.0,12.0,1
M1753,2025-09-07 18:33:00,250852.0,4.6,1
M1754,2025-09-07 18:34:00,258901.0,19.26,1
M1755,2025-09-07 18:35:00,453589.0,80.39,1
M1756,2025-09-07 18:36:00,174995.0,6.37,1
M1757,2025-09-07 18:37:00,93864.0,4.06,1
M1758,2025-09-07 18:38:00,554512.0,15.05,1
M1759,2025-09-07 18:39:00,686603.0,9.19,1
M1760,2025-09-07 18:40:00,415442.0,17.21,1
M1761,2025-09-07 18:41:00,1003688.0,20.5,1
M1762,2025-09-07 18:42:00,695516.0,2.31,1
M1763,2025-09-07 18:43:00,1332011.0,26.09,1
M1764,2025-09-07 18:44:00,381356.0,50.1,1
M1765,2025-09-07 18:45:00,1076629.0,5.62,1
M1766,2025-09-07 18:46:00,380500.0,10.65,1
M1767,2025-09-07 18:47:00,307133.0,60.81,1
M1768,2025-09-07 18:48:00,482596.0,9.34,1
M1769,2025-09-07 18:49:00,604057.0,20.48,1
M1770,2025-09-07 18:50:00,587342.0,13.46,1
M1771,2025-09-07 18:51:00,1578397.0,27.2,1
M1772,2025-09-07 18:52:00,347297.0,6.04,1
M1773,2025-09-07 18:53:00,402150.0,4.64,1
M1774,2025-09-07 18:54:00,269287.0,7.27,1
M1775,2025-09-07 18:55:00,524221.0,8.48,1
M1776,2025-09-07 18:56:00,352470.0,13.37,1
M1777,2025-09-07 18:57:00,156767.0,30.87,1
M1778,2025-09-07 18:58:00,417864.0,1.21,1
M1779,2025-09-07 18:59:00,108353.0,25.91,1
M1780,2025-09-07 19:00:00,374388.0,8.73,1
M1781,2025-09-07 19:01:00,322803.0,3.45,1
M1782,2025-09-07 19:02:00,1052710.0,4.13,1
M1783,2025-09-07 19:03:00,212212.0,84.76,1
M1784,2025-09-07 19:04:00,756404.0,4.53,1
M1785,2025-09-07 19:05:00,359208.0,10.7,1
M1786,2025-09-07 19:06:00,814833.0,11.11,1
M1787,2025-09-07 19:07:00,515700.0,6.6,1
M1788,2025-09-07 19:08:00,293753.0,11.56,1
M1789,2025-09-07 19:09:00,654780.0,51.79,1
M1790,2025-09-07 19:10:00,10470473.0,8.02,1
M1791,2025-09-07 19:11:00,61970.0,3.83,1
M1792,2025-09-07 19:12:00,412559.0,1.42,1
M1793,2025-09-07 19:13:00,898077.0,44.24,1
M1794,2025-09-07 19:14:00,139049.0,13.41,1
M1795,2025-09-07 19:15:00,703849.0,2.27,1
M1796,2025-09-07 19:16:00,236845.0,24.98,1
M1797,2025-09-07 19:17:00,544322.0,0.42,1
M1798,2025-09-07 19:18:00,346664.0,1.17,1
M1799,2025-09-07 19:19:00,7407679.0,7.32,1
M1800,2025-09-07 19:20:00,705954.0,32.8,1
M1801,2025-09-07 19:21:00,1266859.0,15.09,1
M1802,2025-09-07 19:22:00,537482.0,18.3,1
M1803,2025-09-07 19:23:00,358382.0,11.85,1
M1804,2025-09-07 19:24:00,722221.0,4.82,1
M1805,2025-09-07 19:25:00,136036.0,2.44,1
M1806,2025-09-07 19:26:00,112266.0,29.33,1
M1807,2025-09-07 19:27:00,207598.0,11.36,1
M1808,2025-09-07 19:28:00,636718.0,3.56,1
M1809,2025-09-07 19:29:00,1852340.0,1.78,1
M1810,2025-09-07 19:30:00,861982.0,3.06,1
M1811,2025-09-07 19:31:00,563713.0,18.4,1
M1812,2025-09-07 19:32:00,553832.0,11.0,1
M1813,2025-09-07 19:33:00,430517.0,7.36,1
M1814,2025-09-07 19:34:00,817419.0,22.27,1
M1815,2025-09-07 19:35:00,1305876.0,11.46,1
M1816,2025-09-07 19:36:00,596314.0,6.83,1
M1817,2025-09-07 19:37:00,407850.0,3.84,1
M1818,2025-09-07 19:38:00,1346775.0,8.37,1
M1819,2025-09-07 19:39:00,82525.0,7.31,1
M1820,2025-09-07 19:40:00,1131683.0,5.72,1
M1821,2025-09-07 19:41:00,482003.0,1.55,1
M1822,2025-09-07 19:42:00,925676.0,4.23,1
M1823,2025-09-07 19:43:00,181945.0,10.06,1
M1824,2025-09-07 19:44:00,152367.0,6.87,1
M1825,2025-09-07 19:45:00,259922.0,6.48,1
M1826,2025-09-07 19:46:00,545500.0,4.0,1
M1827,2025-09-07 19:47:00,144275.0,1.25,1
M1828,2025-09-07 19:48:00,1183159.0,6.44,1
M1829,2025-09-07 19:49:00,546294.0,42.15,1
M1830,2025-09-07 19:50:00,572763.0,5.71,1
M1831,2025-09-07 19:51:00,51871.0,3.82,1
M1832,2025-09-07 19:52:00,294444.0,27.4,1
M1833,2025-09-07 19:53:00,214546.0,8.43,1
M1834,2025-09-07 19:54:00,385532.0,11.74,1
M1835,2025-09-07 19:55:00,280266.0,44.35,1
M1836,2025-09-07 19:56:00,221508.0,1.87,1
M1837,2025-09-07 19:57:00,707591.0,2.71,1
M1838,2025-09-07 19:58:00,179249.0,4.71,1
M1839,2025-09-07 19:59:00,1082391.0,20.98,1
M1840,2025-09-07 20:00:00,171575.0,4.09,1
M1841,2025-09-07 20:01:00,254751.0,15.93,1
M1842,2025-09-07 20:02:00,320225.0,1.7,1
M1843,2025-09-07 20:03:00,803182.0,14.2,1
M1844,2025-09-07 20:04:00,149505.0,6.46,1
M1845,2025-09-07 20:05:00,983463.0,3.29,1
M1846,2025-09-07 20:06:00,1164965.0,8.06,1
M1847,2025-09-07 20:07:00,983012.0,11.11,1
M1848,2025-09-07 20:08:00,917913.0,16.9,1
M1849,2025-09-07 20:09:00,193365.0,17.24,1
M1850,2025-09-07 20:10:00,299902.0,5.53,1
M1851,2025-09-07 20:11:00,72466.0,14.04,1
M1852,2025-09-07 20:12:00,316560.0,1.37,1
M1853,2025-09-07 20:13:00,873010.0,10.93,1
M1854,2025-09-07 20:14:00,473109.0,6.19,1
M1855,2025-09-07 20:15:00,179721.0,6.13,1
M1856,2025-09-07 20:16:00,1194464.0,5.29,1
M1857,2025-09-07 20:17:00,329577.0,8.48,1
M1858,2025-09-07 20:18:00,454556.0,4.32,1
M1859,2025-09-07 20:19:00,368104.0,44.85,1
M1860,2025-09-07 20:20:00,655859.0,26.09,1
M1861,2025-09-07 20:21:00,63128.0,2.53,1
M1862,2025-09-07 20:22:00,1984118.0,1.51,1
M1863,2025-09-07 20:23:00,417791.0,2.8,1
M1864,2025-09-07 20:24:00,303829.0,3.56,1
M1865,2025-09-07 20:25:00,553017.0,7.16,1
M1866,2025-09-07 20:26:00,41532.0,13.16,1
M1867,2025-09-07 20:27:00,303026.0,7.9,1
M1868,2025-09-07 20:28:00,393870.0,37.06,1
M1869,2025-09-07 20:29:00,678214.0,4.33,1
M1870,2025-09-07 20:30:00,182947.0,15.6,1
M1871,2025-09-07 20:31:00,713140.0,5.19,1
M1872,2025-09-07 20:32:00,334717.0,10.71,1
M1873,2025-09-07 20:33:00,118155.0,22.84,1
M1874,2025-09-07 20:34:00,1910477.0,116.91,1
M1875,2025-09-07 20:35:00,276453.0,10.18,1
M1876,2025-09-07 20:36:00,202263.0,13.71,1
M1877,2025-09-07 20:37:00,391907.0,3.46,1
M1878,2025-09-07 20:38:00,485218.0,8.47,1
M1879,2025-09-07 20:39:00,321988.0,7.38,1
M1880,2025-09-07 20:40:00,246922.0,5.46,1
M1881,2025-09-07 20:41:00,1578794.0,12.61,1
M1882,2025-09-07 20:42:00,378256.0,2.27,1
M1883,2025-09-07 20:43:00,624301.0,18.97,1
M1884,2025-09-07 20:44:00,1101987.0,5.59,1
M1885,2025-09-07 20:45:00,385897.0,3.84,1
M1886,2025-09-07 20:46:00,318161.0,6.41,1
M1887,2025-09-07 20:47:00,246132.0,6.36,1
M1888,2025-09-07 20:48:00,134168.0,35.43,1
M1889,2025-09-07 20:49:00,649562.0,22.62,1
M1890,2025-09-07 20:50:00,2641235.0,11.29,1
M1891,2025-09-07 20:51:00,122274.0,43.72,1
M1892,2025-09-07 20:52:00,153167.0,12.8,1
M1893,2025-09-07 20:53:00,269044.0,4.22,1
M1894,2025-09-07 20:54:00,598689.0,6.85,1
M1895,2025-09-07 20:55:00,1167005.0,1.74,1
M1896,2025-09-07 20:56:00,228991.0,5.92,1
M1897,2025-09-07 20:57:00,465778.0,8.34,1
M1898,2025-09-07 20:58:00,717101.0,111.47,1
M1899,2025-09-07 20:59:00,388949.0,31.43,1
M1900,2025-09-07 21:00:00,3016329.0,4.59,1
M1901,2025-09-07 21:01:00,855152.0,6.73,1
M1902,2025-09-07 21:02:00,47798.0,82.35,1
M1903,2025-09-07 21:03:00,264492.0,18.89,1
M1904,2025-09-07 21:04:00,342067.0,10.55,1
M1905,2025-09-07 21:05:00,2530076.0,28.69,1
M1906,2025-09-07 21:06:00,303193.0,2.34,1
M1907,2025-09-07 21:07:00,645695.0,5.63,1
M1908,2025-09-07 21:08:00,594649.0,9.65,1
M1909,2025-09-07 21:09:00,506610.0,46.22,1
M1910,2025-09-07 21:10:00,263189.0,8.4,1
M1911,2025-09-07 21:11:00,498528.0,12.42,1
M1912,2025-09-07 21:12:00,624304.0,11.73,1
M1913,2025-09-07 21:13:00,325556.0,8.13,1
M1914,2025-09-07 21:14:00,1206323.0,16.03,1
M1915,2025-09-07 21:15:00,279154.0,24.95,1
M1916,2025-09-07 21:16:00,99172.0,5.51,1
M1917,2025-09-07 21:17:00,49790.0,1.1,1
M1918,2025-09-07 21:18:00,251987.0,1.76,1
M1919,2025-09-07 21:19:00,1129598.0,5.65,1
M1920,2025-09-07 21:20:00,1398516.0,12.15,1
M1921,2025-09-07 21:21:00,635692.0,1.35,1
M1922,2025-09-07 21:22:00,597173.0,4.25,1
M1923,2025-09-07 21:23:00,141369.0,5.14,1
M1924,2025-09-07 21:24:00,307219.0,2.17,1
M1925,2025-09-07 21:25:00,134838.0,0.55,1
M1926,2025-09-07 21:26:00,660755.0,34.83,1
M1927,2025-09-07 21:27:00,205417.0,8.25,1
M1928,2025-09-07 21:28:00,335284.0,1.92,1
M1929,2025-09-07 21:29:00,620397.0,10.78,1
M1930,2025-09-07 21:30:00,1602734.0,16.17,1
M1931,2025-09-07 21:31:00,922862.0,2.28,1
M1932,2025-09-07 21:32:00,177192.0,49.84,1
M1933,2025-09-07 21:33:00,750594.0,6.72,1
M1934,2025-09-07 21:34:00,526526.0,56.13,1
M1935,2025-09-07 21:35:00,634633.0,9.5,1
M1936,2025-09-07 21:36:00,929004.0,7.69,1
M1937,2025-09-07 21:37:00,341549.0,3.41,1
M1938,2025-09-07 21:38:00,245429.0,27.33,1
M1939,2025-09-07 21:39:00,611558.0,9.49,1
M1940,2025-09-07 21:40:00,2066619.0,4.72,1
M1941,2025-09-07 21:41:00,300754.0,3.33,1
M1942,2025-09-07 21:42:00,1355825.0,27.5,1
M1943,2025-09-07 21:43:00,1056996.0,22.33,1
M1944,2025-09-07 21:44:00,365756.0,5.3,1
M1945,2025-09-07 21:45:00,408774.0,6.99,1
M1946,2025-09-07 21:46:00,1401873.0,3.13,1
M1947,2025-09-07 21:47:00,115280.0,7.7,1
M1948,2025-09-07 21:48:00,312823.0,2.34,1
M1949,2025-09-07 21:49:00,198476.0,9.39,1
M1950,2025-09-07 21:50:00,1758136.0,1.89,1
M1951,2025-09-07 21:51:00,765138.0,12.86,1
M1952,2025-09-07 21:52:00,1374945.0,3.7,1
M1953,2025-09-07 21:53:00,762053.0,14.98,1
M1954,2025-09-07 21:54:00,84137.0,11.3,1
M1955,2025-09-07 21:55:00,1326909.0,6.96,1
M1956,2025-09-07 21:56:00,309967.0,8.97,1
M1957,2025-09-07 21:57:00,91821.0,3.88,1
M1958,2025-09-07 21:58:00,264075.0,2.49,1
M1959,2025-09-07 21:59:00,3314060.0,42.24,1
M1960,2025-09-07 22:00:00,694988.0,17.03,1
M1961,2025-09-07 22:01:00,767691.0,3.49,1
M1962,2025-09-07 22:02:00,379364.0,9.54,1
M1963,2025-09-07 22:03:00,161494.0,1.64,1
M1964,2025-09-07 22:04:00,492162.0,10.24,1
M1965,2025-09-07 22:05:00,210183.0,3.55,1
M1966,2025-09-07 22:06:00,512822.0,11.6,1
M1967,2025-09-07 22:07:00,232484.0,0.33,1
M1968,2025-09-07 22:08:00,447850.0,35.2,1
M1969,2025-09-07 22:09:00,484346.0,3.37,1
M1970,2025-09-07 22:10:00,471957.0,49.76,1
M1971,2025-09-07 22:11:00,78747.0,7.03,1
M1972,2025-09-07 22:12:00,825932.0,6.27,1
M1973,2025-09-07 22:13:00,474620.0,10.81,1
M1974,2025-09-07 22:14:00,746590.0,38.94,1
M1975,2025-09-07 22:15:00,187586.0,16.8,1
M1976,2025-09-07 22:16:00,391172.0,10.22,1
M1977,2025-09-07 22:17:00,462571.0,4.83,1
M1978,2025-09-07 22:18:00,1297042.0,11.4,1
M1979,2025-09-07 22:19:00,1141350.0,15.55,1
M1980,2025-09-07 22:20:00,157379.0,2.67,1
M1981,2025-09-07 22:21:00,1167898.0,3.8,1
M1982,2025-09-07 22:22:00,820956.0,3.12,1
M1983,2025-09-07 22:23:00,148929.0,5.02,1
M1984,2025-09-07 22:24:00,129453.0,10.95,1
M1985,2025-09-07 22:25:00,747143.0,22.39,1
M1986,2025-09-07 22:26:00,433400.0,12.33,1
M1987,2025-09-07 22:27:00,566148.0,2.39,1
M1988,2025-09-07 22:28:00,1784161.0,37.14,1
M1989,2025-09-07 22:29:00,407118.0,10.55,1
M1990,2025-09-07 22:30:00,264609.0,7.14,1
M1991,2025-09-07 22:31:00,1038761.0,0.36,1
M1992,2025-09-07 22:32:00,432920.0,2.75,1
M1993,2025-09-07 22:33:00,425555.0,16.29,1
M1994,2025-09-07 22:34:00,548360.0,4.44,1
M1995,2025-09-07 22:35:00,284320.0,19.74,1
M1996,2025-09-07 22:36:00,629192.0,3.08,1
M1997,2025-09-07 22:37:00,143433.0,5.64,1
M1998,2025-09-07 22:38:00,379349.0,15.56,1
M1999,2025-09-07 22:39:00,810203.0,2.66,1
M2000,2025-09-07 22:40:00,3832013.0,14.21,1
M2001,2025-09-07 22:41:00,294196.0,20.3,1
M2002,2025-09-07 22:42:00,196604.0,3.01,1
M2003,2025-09-07 22:43:00,246370.0,4.75,1
M2004,2025-09-07 22:44:00,905300.0,31.67,1
M2005,2025-09-07 22:45:00,2608043.0,0.49,1
M2006,2025-09-07 22:46:00,249618.0,11.0,1
M2007,2025-09-07 22:47:00,573010.0,6.95,1
M2008,2025-09-07 22:48:00,652069.0,5.37,1
M2009,2025-09-07 22:49:00,748504.0,6.01,1
M2010,2025-09-07 22:50:00,295568.0,11.22,1
M2011,2025-09-07 22:51:00,2881664.0,12.83,1
M2012,2025-09-07 22:52:00,1465253.0,5.15,1
M2013,2025-09-07 22:53:00,563478.0,7.57,1
M2014,2025-09-07 22:54:00,683799.0,7.94,1
M2015,2025-09-07 22:55:00,169126.0,24.83,1
M2016,2025-09-07 22:56:00,191433.0,9.29,1
M2017,2025-09-07 22:57:00,846126.0,33.48,1
M2018,2025-09-07 22:58:00,1010032.0,1.75,1
M2019,2025-09-07 22:59:00,724927.0,8.53,1
M2020,2025-09-07 23:00:00,437918.0,4.44,1
M2021,2025-09-07 23:01:00,132450.0,6.93,1
M2022,2025-09-07 23:02:00,230094.0,5.3,1
M2023,2025-09-07 23:03:00,524825.0,15.68,1
M2024,2025-09-07 23:04:00,1268492.0,42.37,1
M2025,2025-09-07 23:05:00,2105382.0,5.37,1
M2026,2025-09-07 23:06:00,440641.0,4.04,1
M2027,2025-09-07 23:07:00,884391.0,7.19,1
M2028,2025-09-07 23:08:00,2826710.0,2.05,1
M2029,2025-09-07 23:09:00,1099615.0,12.09,1
M2030,2025-09-07 23:10:00,590551.0,20.85,1
M2031,2025-09-07 23:11:00,418279.0,0.53,1
M2032,2025-09-07 23:12:00,284444.0,4.2,1
M2033,2025-09-07 23:13:00,3892378.0,5.97,1
M2034,2025-09-07 23:14:00,217391.0,1.15,1
M2035,2025-09-07 23:15:00,427109.0,3.58,1
M2036,2025-09-07 23:16:00,1195277.0,15.94,1
M2037,2025-09-07 23:17:00,147944.0,2.65,1
M2038,2025-09-07 23:18:00,492918.0,31.07,1
M2039,2025-09-07 23:19:00,269037.0,18.95,1
M2040,2025-09-07 23:20:00,235924.0,8.12,1
M2041,2025-09-07 23:21:00,380530.0,4.58,1
M2042,2025-09-07 23:22:00,199719.0,2.18,1
M2043,2025-09-07 23:23:00,84728.0,20.42,1
M2044,2025-09-07 23:24:00,261224.0,0.81,1
M2045,2025-09-07 23:25:00,1275642.0,1.85,1
M2046,2025-09-07 23:26:00,92248.0,0.95,1
M2047,2025-09-07 23:27:00,1882917.0,4.63,1
M2048,2025-09-07 23:28:00,681301.0,3.19,1
M2049,2025-09-07 23:29:00,2778835.0,13.05,1
M2050,2025-09-07 23:30:00,1327059.0,4.15,1
M2051,2025-09-07 23:31:00,105727.0,9.82,1
M2052,2025-09-07 23:32:00,366364.0,1.43,1
M2053,2025-09-07 23:33:00,3412958.0,1.61,1
M2054,2025-09-07 23:34:00,240909.0,22.47,1
M2055,2025-09-07 23:35:00,857632.0,25.5,1
M2056,2025-09-07 23:36:00,184636.0,12.06,1
M2057,2025-09-07 23:37:00,571019.0,24.46,1
M2058,2025-09-07 23:38:00,689324.0,17.64,1
M2059,2025-09-07 23:39:00,644558.0,24.12,1
M2060,2025-09-07 23:40:00,679039.0,15.54,1
M2061,2025-09-07 23:41:00,146413.0,6.75,1
M2062,2025-09-07 23:42:00,1015058.0,6.64,1
M2063,2025-09-07 23:43:00,441894.0,5.88,1
M2064,2025-09-07 23:44:00,168830.0,2.49,1
M2065,2025-09-07 23:45:00,354775.0,3.5,1
M2066,2025-09-07 23:46:00,858233.0,1.37,1
M2067,2025-09-07 23:47:00,554343.0,14.69,1
M2068,2025-09-07 23:48:00,934561.0,13.72,1
M2069,2025-09-07 23:49:00,784593.0,10.75,1
M2070,2025-09-07 23:50:00,280428.0,1.03,1
M2071,2025-09-07 23:51:00,615023.0,4.4,1
M2072,2025-09-07 23:52:00,628232.0,4.44,1
M2073,2025-09-07 23:53:00,235421.0,14.33,1
M2074,2025-09-07 23:54:00,167045.0,36.18,1
M2075,2025-09-07 23:55:00,1610840.0,30.48,1
M2076,2025-09-07 23:56:00,364726.0,33.77,1
M2077,2025-09-07 23:57:00,339142.0,3.2,1
M2078,2025-09-07 23:58:00,735146.0,141.7,1
M2079,2025-09-07 23:59:00,111927.0,1.94,1
M2080,2025-09-08 00:00:00,76868.0,39.83,1
M2081,2025-09-08 00:01:00,819346.0,1.25,1
M2082,2025-09-08 00:02:00,1426414.0,17.74,1
M2083,2025-09-08 00:03:00,72488.0,5.68,1
M2084,2025-09-08 00:04:00,188831.0,21.86,1
M2085,2025-09-08 00:05:00,746057.0,14.03,1
M2086,2025-09-08 00:06:00,2412845.0,6.4,1
M2087,2025-09-08 00:07:00,561690.0,5.24,1
M2088,2025-09-08 00:08:00,234172.0,28.52,1
M2089,2025-09-08 00:09:00,963965.0,31.26,1
M2090,2025-09-08 00:10:00,1732243.0,8.07,1
M2091,2025-09-08 00:11:00,181492.0,14.83,1
M2092,2025-09-08 00:12:00,845962.0,6.47,1
M2093,2025-09-08 00:13:00,699461.0,5.22,1
M2094,2025-09-08 00:14:00,989965.0,4.73,1
M2095,2025-09-08 00:15:00,1062623.0,14.37,1
M2096,2025-09-08 00:16:00,331196.0,10.66,1
M2097,2025-09-08 00:17:00,488745.0,17.34,1
M2098,2025-09-08 00:18:00,1367615.0,7.6,1
M2099,2025-09-08 00:19:00,785018.0,2.28,1
M2100,2025-09-08 00:20:00,315779.0,13.98,1
M2101,2025-09-08 00:21:00,254741.0,12.89,1
M2102,2025-09-08 00:22:00,966216.0,6.71,1
M2103,2025-09-08 00:23:00,206149.0,12.08,1
M2104,2025-09-08 00:24:00,179496.0,6.73,1
M2105,2025-09-08 00:25:00,162764.0,3.13,1
M2106,2025-09-08 00:26:00,932640.0,7.96,1
M2107,2025-09-08 00:27:00,799061.0,5.21,1
M2108,2025-09-08 00:28:00,1413832.0,25.93,1
M2109,2025-09-08 00:29:00,589321.0,0.43,1
M2110,2025-09-08 00:30:00,907979.0,3.95,1
M2111,2025-09-08 00:31:00,238705.0,6.72,1
M2112,2025-09-08 00:32:00,334052.0,8.91,1
M2113,2025-09-08 00:33:00,236489.0,8.85,1
M2114,2025-09-08 00:34:00,1163410.0,22.88,1
M2115,2025-09-08 00:35:00,183426.0,8.25,1
M2116,2025-09-08 00:36:00,432279.0,15.54,1
M2117,2025-09-08 00:37:00,314941.0,1.84,1
M2118,2025-09-08 00:38:00,114276.0,7.09,1
M2119,2025-09-08 00:39:00,1053300.0,9.45,1
M2120,2025-09-08 00:40:00,1046281.0,20.25,1
M2121,2025-09-08 00:41:00,950594.0,2.56,1
M2122,2025-09-08 00:42:00,782287.0,6.0,1
M2123,2025-09-08 00:43:00,384324.0,22.44,1
M2124,2025-09-08 00:44:00,341409.0,9.29,1
M2125,2025-09-08 00:45:00,267452.0,21.99,1
M2126,2025-09-08 00:46:00,1211119.0,5.15,1
M2127,2025-09-08 00:47:00,361746.0,25.21,1
M2128,2025-09-08 00:48:00,209032.0,6.6,1
M2129,2025-09-08 00:49:00,454486.0,8.5,1
M2130,2025-09-08 00:50:00,354610.0,4.35,1
M2131,2025-09-08 00:51:00,645991.0,3.0,1
M2132,2025-09-08 00:52:00,988535.0,9.04,1
M2133,2025-09-08 00:53:00,85011.0,0.71,1
M2134,2025-09-08 00:54:00,270126.0,15.26,1
M2135,2025-09-08 00:55:00,617465.0,3.8,1
M2136,2025-09-08 00:56:00,533015.0,22.03,1
M2137,2025-09-08 00:57:00,238502.0,13.69,1
M2138,2025-09-08 00:58:00,328855.0,29.64,1
M2139,2025-09-08 00:59:00,444613.0,7.1,1
M2140,2025-09-08 01:00:00,1270828.0,37.12,1
M2141,2025-09-08 01:01:00,1504334.0,32.23,1
M2142,2025-09-08 01:02:00,399794.0,6.68,1
M2143,2025-09-08 01:03:00,68311.0,8.64,1
M2144,2025-09-08 01:04:00,614859.0,36.9,1
M2145,2025-09-08 01:05:00,336612.0,2.71,1
M2146,2025-09-08 01:06:00,513040.0,27.12,1
M2147,2025-09-08 01:07:00,415675.0,7.31,1
M2148,2025-09-08 01:08:00,1456852.0,4.19,1
M2149,2025-09-08 01:09:00,675640.0,27.01,1
M2150,2025-09-08 01:10:00,758148.0,18.97,1
M2151,2025-09-08 01:11:00,454989.0,5.13,1
M2152,2025-09-08 01:12:00,114264.0,3.37,1
M2153,2025-09-08 01:13:00,546299.0,47.6,1
M2154,2025-09-08 01:14:00,806802.0,4.57,1
M2155,2025-09-08 01:15:00,237384.0,0.59,1
M2156,2025-09-08 01:16:00,1349630.0,43.98,1
M2157,2025-09-08 01:17:00,674910.0,8.83,1
M2158,2025-09-08 01:18:00,649824.0,17.45,1
M2159,2025-09-08 01:19:00,366631.0,0.99,1
M2160,2025-09-08 01:20:00,375335.0,113.72,1
M2161,2025-09-08 01:21:00,223428.0,24.77,1
M2162,2025-09-08 01:22:00,2020105.0,13.43,1
M2163,2025-09-08 01:23:00,267880.0,9.5,1
M2164,2025-09-08 01:24:00,711673.0,8.55,1
M2165,2025-09-08 01:25:00,433969.0,1.92,1
M2166,2025-09-08 01:26:00,631652.0,35.31,1
M2167,2025-09-08 01:27:00,304030.0,6.36,1
M2168,2025-09-08 01:28:00,288956.0,1.83,1
M2169,2025-09-08 01:29:00,913324.0,6.93,1
M2170,2025-09-08 01:30:00,133748.0,11.75,1
M2171,2025-09-08 01:31:00,471265.0,0.48,1
M2172,2025-09-08 01:32:00,5444303.0,4.94,1
M2173,2025-09-08 01:33:00,198370.0,10.03,1
M2174,2025-09-08 01:34:00,1026951.0,24.28,1
M2175,2025-09-08 01:35:00,195383.0,5.21,1
M2176,2025-09-08 01:36:00,379135.0,8.84,1
M2177,2025-09-08 01:37:00,549672.0,1.79,1
M2178,2025-09-08 01:38:00,651920.0,4.14,1
M2179,2025-09-08 01:39:00,1163124.0,8.64,1
M2180,2025-09-08 01:40:00,88424.0,6.8,1
M2181,2025-09-08 01:41:00,613603.0,6.96,1
M2182,2025-09-08 01:42:00,401482.0,25.32,1
M2183,2025-09-08 01:43:00,817885.0,7.21,1
M2184,2025-09-08 01:44:00,1594596.0,7.03,1
M2185,2025-09-08 01:45:00,1478621.0,24.84,1
M2186,2025-09-08 01:46:00,568209.0,2.38,1
M2187,2025-09-08 01:47:00,389442.0,3.63,1
M2188,2025-09-08 01:48:00,593405.0,3.83,1
M2189,2025-09-08 01:49:00,718699.0,9.92,1
M2190,2025-09-08 01:50:00,1288613.0,7.56,1
M2191,2025-09-08 01:51:00,421910.0,8.92,1
M2192,2025-09-08 01:52:00,515530.0,11.79,1
M2193,2025-09-08 01:53:00,678327.0,14.37,1
M2194,2025-09-08 01:54:00,139611.0,15.21,1
M2195,2025-09-08 01:55:00,1021981.0,6.45,1
M2196,2025-09-08 01:56:00,253658.0,26.49,1
M2197,2025-09-08 01:57:00,612569.0,26.98,1
M2198,2025-09-08 01:58:00,172966.0,23.98,1
M2199,2025-09-08 01:59:00,2252496.0,18.93,1
M2200,2025-09-08 02:00:00,564531.0,2.8,1
M2201,2025-09-08 02:01:00,560594.0,27.03,1
M2202,2025-09-08 02:02:00,2289584.0,1.7,1
M2203,2025-09-08 02:03:00,292229.0,50.75,1
M2204,2025-09-08 02:04:00,180237.0,6.78,1
M2205,2025-09-08 02:05:00,626859.0,0.64,1
M2206,2025-09-08 02:06:00,183604.0,2.45,1
M2207,2025-09-08 02:07:00,743685.0,3.11,1
M2208,2025-09-08 02:08:00,88989.0,3.28,1
M2209,2025-09-08 02:09:00,404818.0,10.41,1
M2210,2025-09-08 02:10:00,2458198.0,80.96,1
M2211,2025-09-08 02:11:00,419742.0,23.65,1
M2212,2025-09-08 02:12:00,2211520.0,36.24,1
M2213,2025-09-08 02:13:00,394524.0,7.32,1
M2214,2025-09-08 02:14:00,262749.0,5.95,1
M2215,2025-09-08 02:15:00,307116.0,22.99,1
M2216,2025-09-08 02:16:00,1790964.0,4.3,1
M2217,2025-09-08 02:17:00,240369.0,10.35,1
M2218,2025-09-08 02:18:00,344059.0,3.39,1
M2219,2025-09-08 02:19:00,294955.0,12.4,1
M2220,2025-09-08 02:20:00,603860.0,3.95,1
M2221,2025-09-08 02:21:00,1314518.0,8.17,1
M2222,2025-09-08 02:22:00,467889.0,2.43,1
M2223,2025-09-08 02:23:00,436290.0,2.63,1
M2224,2025-09-08 02:24:00,799875.0,1.76,1
M2225,2025-09-08 02:25:00,1781138.0,5.21,1
M2226,2025-09-08 02:26:00,344670.0,29.73,1
M2227,2025-09-08 02:27:00,287188.0,3.72,1
M2228,2025-09-08 02:28:00,754201.0,2.55,1
M2229,2025-09-08 02:29:00,228151.0,13.62,1
M2230,2025-09-08 02:30:00,426194.0,34.02,1
M2231,2025-09-08 02:31:00,1217610.0,6.39,1
M2232,2025-09-08 02:32:00,345440.0,11.35,1
M2233,2025-09-08 02:33:00,1274243.0,6.63,1
M2234,2025-09-08 02:34:00,45018.0,15.43,1
M2235,2025-09-08 02:35:00,491888.0,14.27,1
M2236,2025-09-08 02:36:00,303183.0,8.04,1
M2237,2025-09-08 02:37:00,850232.0,19.94,1
M2238,2025-09-08 02:38:00,563553.0,3.83,1
M2239,2025-09-08 02:39:00,207774.0,4.23,1
M2240,2025-09-08 02:40:00,142367.0,1.64,1
M2241,2025-09-08 02:41:00,1723346.0,10.04,1
M2242,2025-09-08 02:42:00,591026.0,10.03,1
M2243,2025-09-08 02:43:00,611076.0,29.05,1
M2244,2025-09-08 02:44:00,382287.0,11.4,1
M2245,2025-09-08 02:45:00,432401.0,4.59,1
M2246,2025-09-08 02:46:00,190499.0,10.52,1
M2247,2025-09-08 02:47:00,513091.0,9.92,1
M2248,2025-09-08 02:48:00,1351133.0,3.41,1
M2249,2025-09-08 02:49:00,591456.0,4.91,1
M2250,2025-09-08 02:50:00,420773.0,1.54,1
M2251,2025-09-08 02:51:00,273481.0,4.63,1
M2252,2025-09-08 02:52:00,591730.0,9.93,1
M2253,2025-09-08 02:53:00,791026.0,6.27,1
M2254,2025-09-08 02:54:00,951883.0,19.71,1
M2255,2025-09-08 02:55:00,365153.0,1.74,1
M2256,2025-09-08 02:56:00,885576.0,2.3,1
M2257,2025-09-08 02:57:00,35813.0,11.31,1
M2258,2025-09-08 02:58:00,814962.0,12.18,1
M2259,2025-09-08 02:59:00,3450133.0,17.28,1
M2260,2025-09-08 03:00:00,418225.0,2.55,1
M2261,2025-09-08 03:01:00,2352342.0,11.32,1
M2262,2025-09-08 03:02:00,147039.0,24.6,1
M2263,2025-09-08 03:03:00,234107.0,7.62,1
M2264,2025-09-08 03:04:00,36077.0,19.33,1
M2265,2025-09-08 03:05:00,369831.0,3.82,1
M2266,2025-09-08 03:06:00,148293.0,32.92,1
M2267,2025-09-08 03:07:00,373855.0,7.83,1
M2268,2025-09-08 03:08:00,353912.0,40.38,1
M2269,2025-09-08 03:09:00,760620.0,7.2,1
M2270,2025-09-08 03:10:00,295641.0,5.57,1
M2271,2025-09-08 03:11:00,224987.0,5.68,1
M2272,2025-09-08 03:12:00,472993.0,12.85,1
M2273,2025-09-08 03:13:00,370863.0,2.23,1
M2274,2025-09-08 03:14:00,164179.0,11.28,1
M2275,2025-09-08 03:15:00,68376.0,3.96,1
M2276,2025-09-08 03:16:00,108499.0,9.16,1
M2277,2025-09-08 03:17:00,110288.0,4.94,1
M2278,2025-09-08 03:18:00,506425.0,7.92,1
M2279,2025-09-08 03:19:00,209122.0,4.97,1
M2280,2025-09-08 03:20:00,1334081.0,11.95,1
M2281,2025-09-08 03:21:00,280056.0,1.16,1
M2282,2025-09-08 03:22:00,438084.0,12.7,1
M2283,2025-09-08 03:23:00,177447.0,18.33,1
M2284,2025-09-08 03:24:00,278549.0,14.61,1
M2285,2025-09-08 03:25:00,225206.0,14.07,1
M2286,2025-09-08 03:26:00,353224.0,15.11,1
M2287,2025-09-08 03:27:00,1684983.0,27.28,1
M2288,2025-09-08 03:28:00,2407691.0,2.86,1
M2289,2025-09-08 03:29:00,1063983.0,10.84,1
M2290,2025-09-08 03:30:00,389161.0,2.53,1
M2291,2025-09-08 03:31:00,680717.0,21.71,1
M2292,2025-09-08 03:32:00,223180.0,5.43,1
M2293,2025-09-08 03:33:00,798509.0,2.09,1
M2294,2025-09-08 03:34:00,734145.0,2.12,1
M2295,2025-09-08 03:35:00,219808.0,2.64,1
M2296,2025-09-08 03:36:00,805319.0,2.87,1
M2297,2025-09-08 03:37:00,1394286.0,14.34,1
M2298,2025-09-08 03:38:00,405433.0,23.79,1
M2299,2025-09-08 03:39:00,1554844.0,1.63,1
M2300,2025-09-08 03:40:00,282740.0,2.14,1
M2301,2025-09-08 03:41:00,232926.0,3.19,1
M2302,2025-09-08 03:42:00,818868.0,12.06,1
M2303,2025-09-08 03:43:00,65566.0,5.91,1
M2304,2025-09-08 03:44:00,465498.0,6.42,1
M2305,2025-09-08 03:45:00,383285.0,13.74,1
M2306,2025-09-08 03:46:00,228535.0,18.92,1
M2307,2025-09-08 03:47:00,538296.0,5.27,1
M2308,2025-09-08 03:48:00,170604.0,8.49,1
M2309,2025-09-08 03:49:00,420804.0,6.22,1
M2310,2025-09-08 03:50:00,43873.0,204.76,1
M2311,2025-09-08 03:51:00,121545.0,3.07,1
M2312,2025-09-08 03:52:00,347803.0,43.45,1
M2313,2025-09-08 03:53:00,174988.0,3.72,1
M2314,2025-09-08 03:54:00,168666.0,6.59,1
M2315,2025-09-08 03:55:00,78319.0,3.76,1
M2316,2025-09-08 03:56:00,799267.0,4.28,1
M2317,2025-09-08 03:57:00,1806945.0,5.09,1
M2318,2025-09-08 03:58:00,266697.0,7.03,1
M2319,2025-09-08 03:59:00,407432.0,3.2,1
M2320,2025-09-08 04:00:00,711646.0,5.79,1
M2321,2025-09-08 04:01:00,390681.0,4.8,1
M2322,2025-09-08 04:02:00,142723.0,20.05,1
M2323,2025-09-08 04:03:00,489037.0,17.68,1
M2324,2025-09-08 04:04:00,1541509.0,5.59,1
M2325,2025-09-08 04:05:00,474420.0,13.57,1
M2326,2025-09-08 04:06:00,456000.0,3.91,1
M2327,2025-09-08 04:07:00,170736.0,4.25,1
M2328,2025-09-08 04:08:00,101150.0,3.64,1
M2329,2025-09-08 04:09:00,1599706.0,9.19,1
M2330,2025-09-08 04:10:00,1092827.0,3.93,1
M2331,2025-09-08 04:11:00,186639.0,2.75,1
M2332,2025-09-08 04:12:00,963501.0,2.64,1
M2333,2025-09-08 04:13:00,1271514.0,5.17,1
M2334,2025-09-08 04:14:00,1447564.0,2.05,1
M2335,2025-09-08 04:15:00,702362.0,1.37,1
M2336,2025-09-08 04:16:00,205648.0,0.72,1
M2337,2025-09-08 04:17:00,356820.0,6.78,1
M2338,2025-09-08 04:18:00,108762.0,44.13,1
M2339,2025-09-08 04:19:00,456823.0,6.67,1
M2340,2025-09-08 04:20:00,1050243.0,19.7,1
M2341,2025-09-08 04:21:00,233712.0,3.69,1
M2342,2025-09-08 04:22:00,581053.0,11.64,1
M2343,2025-09-08 04:23:00,59304.0,3.37,1
M2344,2025-09-08 04:24:00,844348.0,15.53,1
M2345,2025-09-08 04:25:00,757816.0,12.0,1
M2346,2025-09-08 04:26:00,209383.0,10.33,1
M2347,2025-09-08 04:27:00,4540028.0,9.76,1
M2348,2025-09-08 04:28:00,3688629.0,22.25,1
M2349,2025-09-08 04:29:00,438160.0,10.44,1
M2350,2025-09-08 04:30:00,352339.0,1.7,1
M2351,2025-09-08 04:31:00,34210.0,15.83,1
M2352,2025-09-08 04:32:00,222451.0,9.15,1
M2353,2025-09-08 04:33:00,376443.0,6.94,1
M2354,2025-09-08 04:34:00,460353.0,7.62,1
M2355,2025-09-08 04:35:00,172806.0,3.99,1
M2356,2025-09-08 04:36:00,152913.0,8.88,1
M2357,2025-09-08 04:37:00,1982226.0,2.33,1
M2358,2025-09-08 04:38:00,682984.0,11.32,1
M2359,2025-09-08 04:39:00,279600.0,1.95,1
M2360,2025-09-08 04:40:00,201751.0,18.23,1
M2361,2025-09-08 04:41:00,329366.0,17.44,1
M2362,2025-09-08 04:42:00,584768.0,3.7,1
M2363,2025-09-08 04:43:00,64266.0,15.77,1
M2364,2025-09-08 04:44:00,614779.0,14.88,1
M2365,2025-09-08 04:45:00,382797.0,17.2,1
M2366,2025-09-08 04:46:00,361203.0,1.7,1
M2367,2025-09-08 04:47:00,159408.0,14.6,1
M2368,2025-09-08 04:48:00,343323.0,6.14,1
M2369,2025-09-08 04:49:00,178329.0,2.97,1
M2370,2025-09-08 04:50:00,75860.0,29.33,1
M2371,2025-09-08 04:51:00,1542838.0,9.86,1
M2372,2025-09-08 04:52:00,266191.0,3.87,1
M2373,2025-09-08 04:53:00,448236.0,0.46,1
M2374,2025-09-08 04:54:00,169089.0,7.25,1
M2375,2025-09-08 04:55:00,1417464.0,2.81,1
M2376,2025-09-08 04:56:00,187161.0,5.29,1
M2377,2025-09-08 04:57:00,165745.0,16.64,1
M2378,2025-09-08 04:58:00,228991.0,24.48,1
M2379,2025-09-08 04:59:00,205069.0,20.42,1
M2380,2025-09-08 05:00:00,201819.0,2.12,1
M2381,2025-09-08 05:01:00,1188139.0,11.7,1
M2382,2025-09-08 05:02:00,750537.0,111.06,1
M2383,2025-09-08 05:03:00,1080674.0,11.66,1
M2384,2025-09-08 05:04:00,105504.0,2.01,1
M2385,2025-09-08 05:05:00,183516.0,21.77,1
M2386,2025-09-08 05:06:00,834901.0,15.71,1
M2387,2025-09-08 05:07:00,846558.0,5.37,1
M2388,2025-09-08 05:08:00,732455.0,3.95,1
M2389,2025-09-08 05:09:00,677214.0,0.51,1
M2390,2025-09-08 05:10:00,135127.0,54.55,1
M2391,2025-09-08 05:11:00,2366012.0,6.09,1
M2392,2025-09-08 05:12:00,868175.0,21.89,1
M2393,2025-09-08 05:13:00,472964.0,8.19,1
M2394,2025-09-08 05:14:00,55613.0,38.73,1
M2395,2025-09-08 05:15:00,185854.0,8.64,1
M2396,2025-09-08 05:16:00,652286.0,28.74,1
M2397,2025-09-08 05:17:00,202650.0,8.99,1
M2398,2025-09-08 05:18:00,335934.0,6.86,1
M2399,2025-09-08 05:19:00,828784.0,4.63,1
M2400,2025-09-08 05:20:00,131237.0,2.43,1
M2401,2025-09-08 05:21:00,356361.0,10.64,1
M2402,2025-09-08 05:22:00,124394.0,1.09,1
M2403,2025-09-08 05:23:00,335658.0,6.18,1
M2404,2025-09-08 05:24:00,1093662.0,6.32,1
M2405,2025-09-08 05:25:00,1212274.0,2.37,1
M2406,2025-09-08 05:26:00,574020.0,24.72,1
M2407,2025-09-08 05:27:00,247161.0,4.75,1
M2408,2025-09-08 05:28:00,455933.0,5.46,1
M2409,2025-09-08 05:29:00,197976.0,1.83,1
M2410,2025-09-08 05:30:00,736803.0,5.63,1
M2411,2025-09-08 05:31:00,840114.0,6.49,1
M2412,2025-09-08 05:32:00,991990.0,16.04,1
M2413,2025-09-08 05:33:00,612244.0,62.26,1
M2414,2025-09-08 05:34:00,1085655.0,31.74,1
M2415,2025-09-08 05:35:00,1135133.0,11.4,1
M2416,2025-09-08 05:36:00,298412.0,2.8,1
M2417,2025-09-08 05:37:00,758130.0,10.09,1
M2418,2025-09-08 05:38:00,850402.0,5.82,1
M2419,2025-09-08 05:39:00,527204.0,1.59,1
M2420,2025-09-08 05:40:00,308863.0,2.42,1
M2421,2025-09-08 05:41:00,1203128.0,4.55,1
M2422,2025-09-08 05:42:00,430104.0,7.32,1
M2423,2025-09-08 05:43:00,413953.0,4.46,1
M2424,2025-09-08 05:44:00,236093.0,2.37,1
M2425,2025-09-08 05:45:00,3402245.0,5.85,1
M2426,2025-09-08 05:46:00,349141.0,3.04,1
M2427,2025-09-08 05:47:00,676237.0,3.08,1
M2428,2025-09-08 05:48:00,867654.0,15.3,1
M2429,2025-09-08 05:49:00,180579.0,5.08,1
M2430,2025-09-08 05:50:00,1302553.0,12.74,1
M2431,2025-09-08 05:51:00,1074427.0,2.52,1
M2432,2025-09-08 05:52:00,1371884.0,11.48,1
M2433,2025-09-08 05:53:00,630616.0,9.02,1
M2434,2025-09-08 05:54:00,246884.0,16.13,1
M2435,2025-09-08 05:55:00,649820.0,0.87,1
M2436,2025-09-08 05:56:00,336492.0,2.66,1
M2437,2025-09-08 05:57:00,121555.0,5.01,1
M2438,2025-09-08 05:58:00,360432.0,28.37,1
M2439,2025-09-08 05:59:00,588761.0,3.67,1
M2440,2025-09-08 06:00:00,430798.0,4.66,1
M2441,2025-09-08 06:01:00,932368.0,21.94,1
M2442,2025-09-08 06:02:00,301927.0,7.8,1
M2443,2025-09-08 06:03:00,643730.0,3.86,1
M2444,2025-09-08 06:04:00,1002599.0,3.0,1
M2445,2025-09-08 06:05:00,190733.0,9.52,1
M2446,2025-09-08 06:06:00,71874.0,3.9,1
M2447,2025-09-08 06:07:00,292519.0,4.42,1
M2448,2025-09-08 06:08:00,399350.0,56.24,1
M2449,2025-09-08 06:09:00,275224.0,69.32,1
M2450,2025-09-08 06:10:00,57811.0,1.32,1
M2451,2025-09-08 06:11:00,477507.0,4.83,1
M2452,2025-09-08 06:12:00,111942.0,9.95,1
M2453,2025-09-08 06:13:00,313268.0,195.89,1
M2454,2025-09-08 06:14:00,450112.0,6.72,1
M2455,2025-09-08 06:15:00,124572.0,4.5,1
M2456,2025-09-08 06:16:00,203922.0,2.47,1
M2457,2025-09-08 06:17:00,739969.0,1.57,1
M2458,2025-09-08 06:18:00,788914.0,40.42,1
M2459,2025-09-08 06:19:00,275913.0,2.12,1
M2460,2025-09-08 06:20:00,1479636.0,0.66,1
M2461,2025-09-08 06:21:00,198024.0,1.47,1
M2462,2025-09-08 06:22:00,182368.0,13.13,1
M2463,2025-09-08 06:23:00,589280.0,13.65,1
M2464,2025-09-08 06:24:00,676829.0,15.99,1
M2465,2025-09-08 06:25:00,585798.0,2.63,1
M2466,2025-09-08 06:26:00,371381.0,8.53,1
M2467,2025-09-08 06:27:00,475985.0,4.32,1
M2468,2025-09-08 06:28:00,628451.0,5.75,1
M2469,2025-09-08 06:29:00,186207.0,6.92,1
M2470,2025-09-08 06:30:00,263356.0,11.08,1
M2471,2025-09-08 06:31:00,582696.0,11.9,1
M2472,2025-09-08 06:32:00,384527.0,3.45,1
M2473,2025-09-08 06:33:00,1444299.0,14.44,1
M2474,2025-09-08 06:34:00,676922.0,0.84,1
M2475,2025-09-08 06:35:00,1831536.0,8.4,1
M2476,2025-09-08 06:36:00,830077.0,9.81,1
M2477,2025-09-08 06:37:00,502459.0,17.59,1
M2478,2025-09-08 06:38:00,1081190.0,10.24,1
M2479,2025-09-08 06:39:00,392910.0,8.89,1
M2480,2025-09-08 06:40:00,273710.0,4.79,1
M2481,2025-09-08 06:41:00,422419.0,4.88,1
M2482,2025-09-08 06:42:00,827109.0,1.95,1
M2483,2025-09-08 06:43:00,570353.0,5.0,1
M2484,2025-09-08 06:44:00,3767232.0,4.05,1
M2485,2025-09-08 06:45:00,332415.0,22.92,1
M2486,2025-09-08 06:46:00,586445.0,3.45,1
M2487,2025-09-08 06:47:00,101525.0,25.47,1
M2488,2025-09-08 06:48:00,166330.0,68.67,1
M2489,2025-09-08 06:49:00,52618.0,11.39,1
M2490,2025-09-08 06:50:00,593846.0,1.12,1
M2491,2025-09-08 06:51:00,420294.0,3.36,1
M2492,2025-09-08 06:52:00,400653.0,6.37,1
M2493,2025-09-08 06:53:00,1276151.0,2.98,1
M2494,2025-09-08 06:54:00,373805.0,68.67,1
M2495,2025-09-08 06:55:00,345270.0,0.81,1
M2496,2025-09-08 06:56:00,7218654.0,1.84,1
M2497,2025-09-08 06:57:00,323383.0,11.22,1
M2498,2025-09-08 06:58:00,1487416.0,11.75,1
M2499,2025-09-08 06:59:00,219692.0,5.31,1
M2500,2025-09-08 07:00:00,534899.0,51.92,1
M2501,2025-09-08 07:01:00,238545.0,5.53,1
M2502,2025-09-08 07:02:00,639284.0,25.76,1
M2503,2025-09-08 07:03:00,796181.0,11.45,1
M2504,2025-09-08 07:04:00,326749.0,5.8,1
M2505,2025-09-08 07:05:00,256845.0,12.2,1
M2506,2025-09-08 07:06:00,379771.0,4.41,1
M2507,2025-09-08 07:07:00,2426158.0,8.91,1
M2508,2025-09-08 07:08:00,196564.0,6.04,1
M2509,2025-09-08 07:09:00,1643741.0,68.24,1
M2510,2025-09-08 07:10:00,1541456.0,28.13,1
M2511,2025-09-08 07:11:00,461928.0,0.7,1
M2512,2025-09-08 07:12:00,109447.0,39.66,1
M2513,2025-09-08 07:13:00,826097.0,0.42,1
M2514,2025-09-08 07:14:00,693276.0,3.71,1
M2515,2025-09-08 07:15:00,102065.0,6.07,1
M2516,2025-09-08 07:16:00,1000517.0,8.56,1
M2517,2025-09-08 07:17:00,3745343.0,6.26,1
M2518,2025-09-08 07:18:00,219841.0,9.13,1
M2519,2025-09-08 07:19:00,368929.0,8.56,1
M2520,2025-09-08 07:20:00,465730.0,3.52,1
M2521,2025-09-08 07:21:00,520319.0,12.12,1
M2522,2025-09-08 07:22:00,243081.0,2.26,1
M2523,2025-09-08 07:23:00,597371.0,2.94,1
M2524,2025-09-08 07:24:00,195269.0,2.37,1
M2525,2025-09-08 07:25:00,128374.0,44.32,1
M2526,2025-09-08 07:26:00,711626.0,34.91,1
M2527,2025-09-08 07:27:00,259723.0,19.95,1
M2528,2025-09-08 07:28:00,476064.0,2.46,1
M2529,2025-09-08 07:29:00,320684.0,7.9,1
M2530,2025-09-08 07:30:00,459742.0,4.36,1
M2531,2025-09-08 07:31:00,905289.0,28.09,1
M2532,2025-09-08 07:32:00,887073.0,1.06,1
M2533,2025-09-08 07:33:00,1677571.0,3.69,1
M2534,2025-09-08 07:34:00,974456.0,2.14,1
M2535,2025-09-08 07:35:00,293367.0,8.24,1
M2536,2025-09-08 07:36:00,183944.0,6.62,1
M2537,2025-09-08 07:37:00,1011624.0,21.62,1
M2538,2025-09-08 07:38:00,2246226.0,7.15,1
M2539,2025-09-08 07:39:00,1405993.0,15.17,1
M2540,2025-09-08 07:40:00,466140.0,151.82,1
M2541,2025-09-08 07:41:00,547368.0,3.03,1
M2542,2025-09-08 07:42:00,236310.0,6.99,1
M2543,2025-09-08 07:43:00,285142.0,1.31,1
M2544,2025-09-08 07:44:00,1738668.0,18.95,1
M2545,2025-09-08 07:45:00,398210.0,3.35,1
M2546,2025-09-08 07:46:00,808330.0,13.39,1
M2547,2025-09-08 07:47:00,1477261.0,18.19,1
M2548,2025-09-08 07:48:00,787798.0,3.13,1
M2549,2025-09-08 07:49:00,489151.0,4.98,1
M2550,2025-09-08 07:50:00,351047.0,1.52,1
M2551,2025-09-08 07:51:00,483512.0,25.65,1
M2552,2025-09-08 07:52:00,73833.0,2.54,1
M2553,2025-09-08 07:53:00,550053.0,13.62,1
M2554,2025-09-08 07:54:00,180089.0,2.93,1
M2555,2025-09-08 07:55:00,910097.0,2.58,1
M2556,2025-09-08 07:56:00,572050.0,3.24,1
M2557,2025-09-08 07:57:00,795907.0,11.13,1
M2558,2025-09-08 07:58:00,833309.0,14.93,1
M2559,2025-09-08 07:59:00,101096.0,22.66,1
M2560,2025-09-08 08:00:00,554984.0,7.33,1
M2561,2025-09-08 08:01:00,1511787.0,49.87,1
M2562,2025-09-08 08:02:00,201949.0,1.45,1
M2563,2025-09-08 08:03:00,561781.0,3.79,1
M2564,2025-09-08 08:04:00,502071.0,15.92,1
M2565,2025-09-08 08:05:00,565276.0,7.9,1
M2566,2025-09-08 08:06:00,381281.0,6.25,1
M2567,2025-09-08 08:07:00,1561743.0,17.83,1
M2568,2025-09-08 08:08:00,1296626.0,1.7,1
M2569,2025-09-08 08:09:00,467794.0,11.99,1
M2570,2025-09-08 08:10:00,421795.0,2.04,1
M2571,2025-09-08 08:11:00,56440.0,14.75,1
M2572,2025-09-08 08:12:00,2837905.0,15.91,1
M2573,2025-09-08 08:13:00,45000.0,6.25,1
M2574,2025-09-08 08:14:00,386627.0,14.64,1
M2575,2025-09-08 08:15:00,499819.0,7.91,1
M2576,2025-09-08 08:16:00,579222.0,31.68,1
M2577,2025-09-08 08:17:00,1267252.0,6.8,1
M2578,2025-09-08 08:18:00,521497.0,3.19,1
M2579,2025-09-08 08:19:00,285856.0,8.28,1
M2580,2025-09-08 08:20:00,203288.0,10.89,1
M2581,2025-09-08 08:21:00,2166009.0,2.16,1
M2582,2025-09-08 08:22:00,552594.0,1.81,1
M2583,2025-09-08 08:23:00,131759.0,14.95,1
M2584,2025-09-08 08:24:00,1420707.0,4.9,1
M2585,2025-09-08 08:25:00,439952.0,9.09,1
M2586,2025-09-08 08:26:00,1254834.0,7.4,1
M2587,2025-09-08 08:27:00,374364.0,0.92,1
M2588,2025-09-08 08:28:00,327418.0,5.89,1
M2589,2025-09-08 08:29:00,292157.0,4.19,1
M2590,2025-09-08 08:30:00,173031.0,7.26,1
M2591,2025-09-08 08:31:00,277677.0,5.61,1
M2592,2025-09-08 08:32:00,517989.0,14.38,1
M2593,2025-09-08 08:33:00,188630.0,1.02,1
M2594,2025-09-08 08:34:00,954227.0,5.58,1
M2595,2025-09-08 08:35:00,80259.0,41.22,1
M2596,2025-09-08 08:36:00,765231.0,12.87,1
M2597,2025-09-08 08:37:00,1014539.0,3.03,1
M2598,2025-09-08 08:38:00,297733.0,15.77,1
M2599,2025-09-08 08:39:00,233449.0,0.63,1
M2600,2025-09-08 08:40:00,236916.0,20.91,1
M2601,2025-09-08 08:41:00,414155.0,14.25,1
M2602,2025-09-08 08:42:00,584394.0,10.49,1
M2603,2025-09-08 08:43:00,157134.0,10.38,1
M2604,2025-09-08 08:44:00,1552957.0,11.22,1
M2605,2025-09-08 08:45:00,142191.0,4.45,1
M2606,2025-09-08 08:46:00,597417.0,14.19,1
M2607,2025-09-08 08:47:00,1691651.0,11.71,1
M2608,2025-09-08 08:48:00,1395431.0,8.02,1
M2609,2025-09-08 08:49:00,696029.0,2.4,1
M2610,2025-09-08 08:50:00,230176.0,1.83,1
M2611,2025-09-08 08:51:00,1264703.0,9.45,1
M2612,2025-09-08 08:52:00,785995.0,24.71,1
M2613,2025-09-08 08:53:00,2137360.0,6.06,1
M2614,2025-09-08 08:54:00,524322.0,2.96,1
M2615,2025-09-08 08:55:00,952395.0,4.83,1
M2616,2025-09-08 08:56:00,318855.0,4.77,1
M2617,2025-09-08 08:57:00,335028.0,5.72,1
M2618,2025-09-08 08:58:00,374890.0,15.69,1
M2619,2025-09-08 08:59:00,964561.0,14.43,1
M2620,2025-09-08 09:00:00,724473.0,2.22,1
M2621,2025-09-08 09:01:00,170818.0,4.76,1
M2622,2025-09-08 09:02:00,183413.0,8.01,1
M2623,2025-09-08 09:03:00,671220.0,2.28,1
M2624,2025-09-08 09:04:00,992886.0,11.51,1
M2625,2025-09-08 09:05:00,702750.0,14.54,1
M2626,2025-09-08 09:06:00,867439.0,7.02,1
M2627,2025-09-08 09:07:00,129591.0,6.43,1
M2628,2025-09-08 09:08:00,389860.0,7.37,1
M2629,2025-09-08 09:09:00,648421.0,2.91,1
M2630,2025-09-08 09:10:00,742288.0,12.31,1
M2631,2025-09-08 09:11:00,1441492.0,1.75,1
M2632,2025-09-08 09:12:00,494544.0,16.45,1
M2633,2025-09-08 09:13:00,346741.0,3.81,1
M2634,2025-09-08 09:14:00,363656.0,9.53,1
M2635,2025-09-08 09:15:00,388359.0,6.09,1
M2636,2025-09-08 09:16:00,308661.0,2.64,1
M2637,2025-09-08 09:17:00,94020.0,6.85,1
M2638,2025-09-08 09:18:00,316878.0,3.3,1
M2639,2025-09-08 09:19:00,244505.0,17.02,1
M2640,2025-09-08 09:20:00,1103946.0,1.5,1
M2641,2025-09-08 09:21:00,188295.0,0.85,1
M2642,2025-09-08 09:22:00,818494.0,5.14,1
M2643,2025-09-08 09:23:00,542812.0,1.98,1
M2644,2025-09-08 09:24:00,191593.0,105.43,1
M2645,2025-09-08 09:25:00,894698.0,2.66,1
M2646,2025-09-08 09:26:00,348989.0,21.47,1
M2647,2025-09-08 09:27:00,221760.0,18.3,1
M2648,2025-09-08 09:28:00,1745507.0,21.1,1
M2649,2025-09-08 09:29:00,1026921.0,2.12,1
M2650,2025-09-08 09:30:00,1078786.0,8.84,1
M2651,2025-09-08 09:31:00,136060.0,3.18,1
M2652,2025-09-08 09:32:00,3694482.0,2.77,1
M2653,2025-09-08 09:33:00,821373.0,3.21,1
M2654,2025-09-08 09:34:00,196300.0,3.46,1
M2655,2025-09-08 09:35:00,194652.0,8.23,1
M2656,2025-09-08 09:36:00,508075.0,9.23,1
M2657,2025-09-08 09:37:00,211835.0,10.25,1
M2658,2025-09-08 09:38:00,388977.0,0.7,1
M2659,2025-09-08 09:39:00,635923.0,1.42,1
M2660,2025-09-08 09:40:00,887604.0,18.68,1
M2661,2025-09-08 09:41:00,1274867.0,4.84,1
M2662,2025-09-08 09:42:00,433730.0,20.36,1
M2663,2025-09-08 09:43:00,321628.0,5.7,1
M2664,2025-09-08 09:44:00,1238153.0,5.45,1
M2665,2025-09-08 09:45:00,262945.0,9.55,1
M2666,2025-09-08 09:46:00,617294.0,12.47,1
M2667,2025-09-08 09:47:00,1231521.0,10.09,1
M2668,2025-09-08 09:48:00,168277.0,4.7,1
M2669,2025-09-08 09:49:00,1987700.0,6.14,1
M2670,2025-09-08 09:50:00,395761.0,11.0,1
M2671,2025-09-08 09:51:00,12596874.0,3.68,1
M2672,2025-09-08 09:52:00,87086.0,16.26,1
M2673,2025-09-08 09:53:00,2915700.0,11.88,1
M2674,2025-09-08 09:54:00,430763.0,33.6,1
M2675,2025-09-08 09:55:00,1372368.0,14.9,1
M2676,2025-09-08 09:56:00,1494067.0,2.55,1
M2677,2025-09-08 09:57:00,781236.0,26.18,1
M2678,2025-09-08 09:58:00,482209.0,3.67,1
M2679,2025-09-08 09:59:00,165355.0,7.01,1
M2680,2025-09-08 10:00:00,1971526.0,7.81,1
M2681,2025-09-08 10:01:00,396884.0,6.39,1
M2682,2025-09-08 10:02:00,250998.0,37.1,1
M2683,2025-09-08 10:03:00,359728.0,0.93,1
M2684,2025-09-08 10:04:00,892618.0,9.41,1
M2685,2025-09-08 10:05:00,426291.0,7.32,1
M2686,2025-09-08 10:06:00,524878.0,6.69,1
M2687,2025-09-08 10:07:00,160315.0,7.65,1
M2688,2025-09-08 10:08:00,392366.0,7.32,1
M2689,2025-09-08 10:09:00,1009219.0,7.94,1
M2690,2025-09-08 10:10:00,507835.0,1.79,1
M2691,2025-09-08 10:11:00,273504.0,5.25,1
M2692,2025-09-08 10:12:00,129561.0,8.4,1
M2693,2025-09-08 10:13:00,870064.0,5.01,1
M2694,2025-09-08 10:14:00,524232.0,3.02,1
M2695,2025-09-08 10:15:00,170080.0,7.03,1
M2696,2025-09-08 10:16:00,262410.0,7.6,1
M2697,2025-09-08 10:17:00,90868.0,3.84,1
M2698,2025-09-08 10:18:00,221839.0,41.14,1
M2699,2025-09-08 10:19:00,649242.0,16.91,1
M2700,2025-09-08 10:20:00,460836.0,6.78,1
M2701,2025-09-08 10:21:00,205064.0,6.91,1
M2702,2025-09-08 10:22:00,146778.0,1.42,1
M2703,2025-09-08 10:23:00,663299.0,96.53,1
M2704,2025-09-08 10:24:00,115627.0,8.09,1
M2705,2025-09-08 10:25:00,194375.0,70.72,1
M2706,2025-09-08 10:26:00,107717.0,10.18,1
M2707,2025-09-08 10:27:00,997359.0,8.56,1
M2708,2025-09-08 10:28:00,461063.0,2.39,1
M2709,2025-09-08 10:29:00,889986.0,6.23,1
M2710,2025-09-08 10:30:00,476207.0,5.5,1
M2711,2025-09-08 10:31:00,65117.0,13.21,1
M2712,2025-09-08 10:32:00,134078.0,23.81,1
M2713,2025-09-08 10:33:00,294610.0,1.68,1
M2714,2025-09-08 10:34:00,119171.0,2.76,1
M2715,2025-09-08 10:35:00,163859.0,11.28,1
M2716,2025-09-08 10:36:00,226107.0,7.88,1
M2717,2025-09-08 10:37:00,145986.0,8.74,1
M2718,2025-09-08 10:38:00,1162683.0,35.76,1
M2719,2025-09-08 10:39:00,63713.0,4.83,1
M2720,2025-09-08 10:40:00,134375.0,2.34,1
M2721,2025-09-08 10:41:00,448302.0,27.95,1
M2722,2025-09-08 10:42:00,465737.0,4.71,1
M2723,2025-09-08 10:43:00,196691.0,18.11,1
M2724,2025-09-08 10:44:00,302908.0,17.82,1
M2725,2025-09-08 10:45:00,1153288.0,0.59,1
M2726,2025-09-08 10:46:00,439383.0,31.82,1
M2727,2025-09-08 10:47:00,395888.0,5.21,1
M2728,2025-09-08 10:48:00,224287.0,95.05,1
M2729,2025-09-08 10:49:00,918739.0,1.29,1
M2730,2025-09-08 10:50:00,259926.0,4.56,1
M2731,2025-09-08 10:51:00,1448390.0,41.72,1
M2732,2025-09-08 10:52:00,300606.0,45.47,1
M2733,2025-09-08 10:53:00,561510.0,7.32,1
M2734,2025-09-08 10:54:00,713215.0,16.47,1
M2735,2025-09-08 10:55:00,264969.0,6.01,1
M2736,2025-09-08 10:56:00,2735456.0,27.39,1
M2737,2025-09-08 10:57:00,59003.0,5.47,1
M2738,2025-09-08 10:58:00,214585.0,12.16,1
M2739,2025-09-08 10:59:00,159615.0,1.84,1
M2740,2025-09-08 11:00:00,242002.0,4.36,1
M2741,2025-09-08 11:01:00,740557.0,14.36,1
M2742,2025-09-08 11:02:00,1013826.0,4.86,1
M2743,2025-09-08 11:03:00,308089.0,9.3,1
M2744,2025-09-08 11:04:00,140818.0,22.48,1
M2745,2025-09-08 11:05:00,799051.0,8.19,1
M2746,2025-09-08 11:06:00,694327.0,6.24,1
M2747,2025-09-08 11:07:00,224814.0,5.93,1
M2748,2025-09-08 11:08:00,974060.0,2.94,1
M2749,2025-09-08 11:09:00,428806.0,43.13,1
M2750,2025-09-08 11:10:00,1173585.0,12.31,1
M2751,2025-09-08 11:11:00,439122.0,13.7,1
M2752,2025-09-08 11:12:00,325600.0,2.86,1
M2753,2025-09-08 11:13:00,2050639.0,11.35,1
M2754,2025-09-08 11:14:00,1123118.0,9.44,1
M2755,2025-09-08 11:15:00,302333.0,13.68,1
M2756,2025-09-08 11:16:00,242845.0,17.2,1
M2757,2025-09-08 11:17:00,124087.0,20.31,1
M2758,2025-09-08 11:18:00,173821.0,7.86,1
M2759,2025-09-08 11:19:00,424441.0,6.54,1
M2760,2025-09-08 11:20:00,155399.0,2.15,1
M2761,2025-09-08 11:21:00,696476.0,23.63,1
M2762,2025-09-08 11:22:00,950596.0,2.44,1
M2763,2025-09-08 11:23:00,1017930.0,88.91,1
M2764,2025-09-08 11:24:00,608206.0,9.82,1
M2765,2025-09-08 11:25:00,246847.0,11.34,1
M2766,2025-09-08 11:26:00,195239.0,23.57,1
M2767,2025-09-08 11:27:00,545671.0,7.07,1
M2768,2025-09-08 11:28:00,134751.0,3.96,1
M2769,2025-09-08 11:29:00,810437.0,7.39,1
M2770,2025-09-08 11:30:00,783192.0,37.53,1
M2771,2025-09-08 11:31:00,436951.0,3.81,1
M2772,2025-09-08 11:32:00,288848.0,3.47,1
M2773,2025-09-08 11:33:00,141209.0,6.31,1
M2774,2025-09-08 11:34:00,595775.0,4.84,1
M2775,2025-09-08 11:35:00,1123001.0,5.45,1
M2776,2025-09-08 11:36:00,717404.0,4.56,1
M2777,2025-09-08 11:37:00,324475.0,1.2,1
M2778,2025-09-08 11:38:00,68923.0,27.51,1
M2779,2025-09-08 11:39:00,1325668.0,1.58,1
M2780,2025-09-08 11:40:00,646471.0,7.96,1
M2781,2025-09-08 11:41:00,303817.0,7.18,1
M2782,2025-09-08 11:42:00,217252.0,5.61,1
M2783,2025-09-08 11:43:00,203668.0,20.18,1
M2784,2025-09-08 11:44:00,849163.0,2.21,1
M2785,2025-09-08 11:45:00,1190662.0,14.2,1
M2786,2025-09-08 11:46:00,477021.0,2.98,1
M2787,2025-09-08 11:47:00,477822.0,1.49,1
M2788,2025-09-08 11:48:00,533062.0,3.34,1
M2789,2025-09-08 11:49:00,554224.0,45.05,1
M2790,2025-09-08 11:50:00,1237429.0,1.58,1
M2791,2025-09-08 11:51:00,360861.0,22.82,1
M2792,2025-09-08 11:52:00,200136.0,14.28,1
M2793,2025-09-08 11:53:00,660502.0,1.97,1
M2794,2025-09-08 11:54:00,586729.0,9.09,1
M2795,2025-09-08 11:55:00,159580.0,1.7,1
M2796,2025-09-08 11:56:00,48697.0,2.4,1
M2797,2025-09-08 11:57:00,849063.0,9.47,1
M2798,2025-09-08 11:58:00,124961.0,11.89,1
M2799,2025-09-08 11:59:00,1134854.0,5.29,1
M2800,2025-09-08 12:00:00,70540.0,42.27,1
M2801,2025-09-08 12:01:00,263813.0,11.5,1
M2802,2025-09-08 12:02:00,426536.0,1.77,1
M2803,2025-09-08 12:03:00,158895.0,3.81,1
M2804,2025-09-08 12:04:00,203873.0,1.01,1
M2805,2025-09-08 12:05:00,1085648.0,2.74,1
M2806,2025-09-08 12:06:00,66638.0,3.51,1
M2807,2025-09-08 12:07:00,290628.0,9.57,1
M2808,2025-09-08 12:08:00,688363.0,41.68,1
M2809,2025-09-08 12:09:00,437881.0,14.95,1
M2810,2025-09-08 12:10:00,1140210.0,4.7,1
M2811,2025-09-08 12:11:00,1784594.0,3.85,1
M2812,2025-09-08 12:12:00,136214.0,4.18,1
M2813,2025-09-08 12:13:00,242531.0,10.9,1
M2814,2025-09-08 12:14:00,85549.0,11.54,1
M2815,2025-09-08 12:15:00,328783.0,4.11,1
M2816,2025-09-08 12:16:00,312071.0,1.03,1
M2817,2025-09-08 12:17:00,315648.0,6.36,1
M2818,2025-09-08 12:18:00,296722.0,1.84,1
M2819,2025-09-08 12:19:00,224191.0,6.55,1
M2820,2025-09-08 12:20:00,1026146.0,4.1,1
M2821,2025-09-08 12:21:00,183634.0,11.74,1
M2822,2025-09-08 12:22:00,225150.0,13.82,1
M2823,2025-09-08 12:23:00,303649.0,20.33,1
M2824,2025-09-08 12:24:00,433869.0,5.84,1
M2825,2025-09-08 12:25:00,1015622.0,11.41,1
M2826,2025-09-08 12:26:00,405738.0,14.3,1
M2827,2025-09-08 12:27:00,500809.0,8.35,1
M2828,2025-09-08 12:28:00,184743.0,31.97,1
M2829,2025-09-08 12:29:00,211637.0,1.0,1
M2830,2025-09-08 12:30:00,168906.0,2.49,1
M2831,2025-09-08 12:31:00,805324.0,2.09,1
M2832,2025-09-08 12:32:00,355095.0,10.31,1
M2833,2025-09-08 12:33:00,783679.0,11.74,1
M2834,2025-09-08 12:34:00,539212.0,4.54,1
M2835,2025-09-08 12:35:00,102141.0,3.73,1
M2836,2025-09-08 12:36:00,423499.0,6.08,1
M2837,2025-09-08 12:37:00,250447.0,1.69,1
M2838,2025-09-08 12:38:00,104454.0,1.2,1
M2839,2025-09-08 12:39:00,1068879.0,2.59,1
M2840,2025-09-08 12:40:00,1005643.0,0.73,1
M2841,2025-09-08 12:41:00,688454.0,19.59,1
M2842,2025-09-08 12:42:00,578904.0,16.04,1
M2843,2025-09-08 12:43:00,692745.0,15.07,1
M2844,2025-09-08 12:44:00,254051.0,5.43,1
M2845,2025-09-08 12:45:00,382862.0,6.71,1
M2846,2025-09-08 12:46:00,475213.0,7.97,1
M2847,2025-09-08 12:47:00,125917.0,4.79,1
M2848,2025-09-08 12:48:00,219063.0,13.76,1
M2849,2025-09-08 12:49:00,352864.0,8.6,1
M2850,2025-09-08 12:50:00,1520117.0,2.64,1
M2851,2025-09-08 12:51:00,289871.0,36.32,1
M2852,2025-09-08 12:52:00,544759.0,6.72,1
M2853,2025-09-08 12:53:00,315291.0,3.76,1
M2854,2025-09-08 12:54:00,836453.0,15.84,1
M2855,2025-09-08 12:55:00,305905.0,1.23,1
M2856,2025-09-08 12:56:00,658743.0,9.66,1
M2857,2025-09-08 12:57:00,642260.0,7.3,1
M2858,2025-09-08 12:58:00,292442.0,16.51,1
M2859,2025-09-08 12:59:00,210169.0,6.05,1
M2860,2025-09-08 13:00:00,569118.0,17.23,1
M2861,2025-09-08 13:01:00,368568.0,5.01,1
M2862,2025-09-08 13:02:00,422401.0,2.25,1
M2863,2025-09-08 13:03:00,73776.0,0.95,1
M2864,2025-09-08 13:04:00,463318.0,13.4,1
M2865,2025-09-08 13:05:00,950116.0,3.36,1
M2866,2025-09-08 13:06:00,606914.0,5.21,1
M2867,2025-09-08 13:07:00,174975.0,10.54,1
M2868,2025-09-08 13:08:00,77805.0,3.67,1
M2869,2025-09-08 13:09:00,2036239.0,33.4,1
M2870,2025-09-08 13:10:00,413226.0,1.52,1
M2871,2025-09-08 13:11:00,787428.0,7.16,1
M2872,2025-09-08 13:12:00,895918.0,9.05,1
M2873,2025-09-08 13:13:00,1581546.0,7.07,1
M2874,2025-09-08 13:14:00,116617.0,1.22,1
M2875,2025-09-08 13:15:00,464053.0,3.15,1
M2876,2025-09-08 13:16:00,845914.0,15.89,1
M2877,2025-09-08 13:17:00,410022.0,14.89,1
M2878,2025-09-08 13:18:00,595492.0,6.35,1
M2879,2025-09-08 13:19:00,239892.0,0.84,1
M2880,2025-09-08 13:20:00,1268412.0,4.79,1
M2881,2025-09-08 13:21:00,5924271.0,40.07,1
M2882,2025-09-08 13:22:00,443849.0,7.63,1
M2883,2025-09-08 13:23:00,397817.0,21.32,1
M2884,2025-09-08 13:24:00,902505.0,3.35,1
M2885,2025-09-08 13:25:00,644065.0,4.08,1
M2886,2025-09-08 13:26:00,812769.0,8.95,1
M2887,2025-09-08 13:27:00,191361.0,6.08,1
M2888,2025-09-08 13:28:00,567975.0,2.17,1
M2889,2025-09-08 13:29:00,414479.0,8.18,1
M2890,2025-09-08 13:30:00,814803.0,8.26,1
M2891,2025-09-08 13:31:00,598038.0,11.73,1
M2892,2025-09-08 13:32:00,139883.0,10.08,1
M2893,2025-09-08 13:33:00,654720.0,93.67,1
M2894,2025-09-08 13:34:00,1671787.0,5.81,1
M2895,2025-09-08 13:35:00,497854.0,21.09,1
M2896,2025-09-08 13:36:00,551847.0,8.14,1
M2897,2025-09-08 13:37:00,1867988.0,0.58,1
M2898,2025-09-08 13:38:00,1520344.0,14.54,1
M2899,2025-09-08 13:39:00,386517.0,10.5,1
M2900,2025-09-08 13:40:00,219189.0,3.14,1
M2901,2025-09-08 13:41:00,2743481.0,1.08,1
M2902,2025-09-08 13:42:00,1261926.0,6.2,1
M2903,2025-09-08 13:43:00,70986.0,2.63,1
M2904,2025-09-08 13:44:00,280197.0,19.69,1
M2905,2025-09-08 13:45:00,492604.0,9.23,1
M2906,2025-09-08 13:46:00,2177353.0,0.41,1
M2907,2025-09-08 13:47:00,559306.0,8.95,1
M2908,2025-09-08 13:48:00,54158.0,2.11,1
M2909,2025-09-08 13:49:00,708311.0,1.21,1
M2910,2025-09-08 13:50:00,1040196.0,2.3,1
M2911,2025-09-08 13:51:00,53632.0,12.92,1
M2912,2025-09-08 13:52:00,2803074.0,0.94,1
M2913,2025-09-08 13:53:00,2425744.0,6.39,1
M2914,2025-09-08 13:54:00,200301.0,4.15,1
M2915,2025-09-08 13:55:00,283945.0,15.74,1
M2916,2025-09-08 13:56:00,238837.0,0.5,1
M2917,2025-09-08 13:57:00,609624.0,16.76,1
M2918,2025-09-08 13:58:00,221944.0,5.47,1
M2919,2025-09-08 13:59:00,134792.0,39.08,1
M2920,2025-09-08 14:00:00,41786.0,6.26,1
M2921,2025-09-08 14:01:00,426898.0,21.52,1
M2922,2025-09-08 14:02:00,896076.0,1.56,1
M2923,2025-09-08 14:03:00,280587.0,5.13,1
M2924,2025-09-08 14:04:00,201154.0,0.92,1
M2925,2025-09-08 14:05:00,334152.0,9.4,1
M2926,2025-09-08 14:06:00,337645.0,4.57,1
M2927,2025-09-08 14:07:00,55239.0,3.71,1
M2928,2025-09-08 14:08:00,636750.0,30.81,1
M2929,2025-09-08 14:09:00,174065.0,6.8,1
M2930,2025-09-08 14:10:00,283453.0,1.25,1
M2931,2025-09-08 14:11:00,1735504.0,27.36,1
M2932,2025-09-08 14:12:00,652993.0,8.38,1
M2933,2025-09-08 14:13:00,1794384.0,5.12,1
M2934,2025-09-08 14:14:00,331350.0,5.26,1
M2935,2025-09-08 14:15:00,801241.0,8.26,1
M2936,2025-09-08 14:16:00,618142.0,4.25,1
M2937,2025-09-08 14:17:00,1224182.0,2.19,1
M2938,2025-09-08 14:18:00,444305.0,1.85,1
M2939,2025-09-08 14:19:00,483162.0,20.29,1
M2940,2025-09-08 14:20:00,220546.0,28.27,1
M2941,2025-09-08 14:21:00,694968.0,4.1,1
M2942,2025-09-08 14:22:00,260223.0,0.75,1
M2943,2025-09-08 14:23:00,257900.0,13.99,1
M2944,2025-09-08 14:24:00,273238.0,2.24,1
M2945,2025-09-08 14:25:00,1461350.0,3.87,1
M2946,2025-09-08 14:26:00,565588.0,21.92,1
M2947,2025-09-08 14:27:00,268989.0,12.78,1
M2948,2025-09-08 14:28:00,421546.0,0.45,1
M2949,2025-09-08 14:29:00,203610.0,13.36,1
M2950,2025-09-08 14:30:00,186205.0,0.95,1
M2951,2025-09-08 14:31:00,548966.0,2.66,1
M2952,2025-09-08 14:32:00,549977.0,1.28,1
M2953,2025-09-08 14:33:00,215337.0,19.49,1
M2954,2025-09-08 14:34:00,900624.0,18.79,1
M2955,2025-09-08 14:35:00,23667.0,14.98,1
M2956,2025-09-08 14:36:00,1095195.0,39.78,1
M2957,2025-09-08 14:37:00,393614.0,1.7,1
M2958,2025-09-08 14:38:00,135876.0,4.35,1
M2959,2025-09-08 14:39:00,2609468.0,1.96,1
M2960,2025-09-08 14:40:00,149798.0,9.66,1
M2961,2025-09-08 14:41:00,1026308.0,4.95,1
M2962,2025-09-08 14:42:00,826596.0,3.21,1
M2963,2025-09-08 14:43:00,426616.0,57.21,1
M2964,2025-09-08 14:44:00,1487080.0,10.77,1
M2965,2025-09-08 14:45:00,244092.0,13.85,1
M2966,2025-09-08 14:46:00,1642358.0,16.86,1
M2967,2025-09-08 14:47:00,129258.0,3.43,1
M2968,2025-09-08 14:48:00,282212.0,56.08,1
M2969,2025-09-08 14:49:00,740380.0,2.31,1
M2970,2025-09-08 14:50:00,2627444.0,9.29,1
M2971,2025-09-08 14:51:00,916887.0,12.68,1
M2972,2025-09-08 14:52:00,910233.0,30.42,1
M2973,2025-09-08 14:53:00,726463.0,7.73,1
M2974,2025-09-08 14:54:00,182529.0,110.35,1
M2975,2025-09-08 14:55:00,533139.0,18.56,1
M2976,2025-09-08 14:56:00,970471.0,4.09,1
M2977,2025-09-08 14:57:00,601391.0,34.91,1
M2978,2025-09-08 14:58:00,545897.0,8.06,1
M2979,2025-09-08 14:59:00,231051.0,6.46,1
M2980,2025-09-08 15:00:00,277951.0,1.91,1
M2981,2025-09-08 15:01:00,803011.0,56.46,1
M2982,2025-09-08 15:02:00,931257.0,24.33,1
M2983,2025-09-08 15:03:00,159467.0,10.84,1
M2984,2025-09-08 15:04:00,688539.0,12.73,1
M2985,2025-09-08 15:05:00,1131028.0,11.45,1
M2986,2025-09-08 15:06:00,529309.0,16.89,1
M2987,2025-09-08 15:07:00,239591.0,3.1,1
M2988,2025-09-08 15:08:00,456378.0,0.44,1
M2989,2025-09-08 15:09:00,144562.0,16.71,1
M2990,2025-09-08 15:10:00,1012984.0,7.81,1
M2991,2025-09-08 15:11:00,676242.0,8.29,1
M2992,2025-09-08 15:12:00,716904.0,3.67,1
M2993,2025-09-08 15:13:00,202466.0,2.41,1
M2994,2025-09-08 15:14:00,1079667.0,40.55,1
M2995,2025-09-08 15:15:00,535352.0,13.13,1
M2996,2025-09-08 15:16:00,463031.0,4.72,1
M2997,2025-09-08 15:17:00,908815.0,15.48,1
M2998,2025-09-08 15:18:00,289446.0,6.01,1
M2999,2025-09-08 15:19:00,3160828.0,7.03,1
M3000,2025-09-08 15:20:00,166784.0,14.15,1
M3001,2025-09-08 15:21:00,320065.0,16.32,1
M3002,2025-09-08 15:22:00,1519716.0,10.73,1
M3003,2025-09-08 15:23:00,980979.0,14.52,1
M3004,2025-09-08 15:24:00,122147.0,2.14,1
M3005,2025-09-08 15:25:00,369498.0,5.19,1
M3006,2025-09-08 15:26:00,126217.0,3.6,1
M3007,2025-09-08 15:27:00,582342.0,3.6,1
M3008,2025-09-08 15:28:00,727947.0,3.03,1
M3009,2025-09-08 15:29:00,475232.0,12.19,1
M3010,2025-09-08 15:30:00,730550.0,8.18,1
M3011,2025-09-08 15:31:00,545432.0,9.51,1
M3012,2025-09-08 15:32:00,1604741.0,7.89,1
M3013,2025-09-08 15:33:00,269467.0,1.62,1
M3014,2025-09-08 15:34:00,1000044.0,8.67,1
M3015,2025-09-08 15:35:00,485247.0,10.32,1
M3016,2025-09-08 15:36:00,60159.0,16.31,1
M3017,2025-09-08 15:37:00,1176122.0,33.87,1
M3018,2025-09-08 15:38:00,499093.0,0.47,1
M3019,2025-09-08 15:39:00,1166007.0,11.19,1
M3020,2025-09-08 15:40:00,138482.0,5.4,1
M3021,2025-09-08 15:41:00,845935.0,2.15,1
M3022,2025-09-08 15:42:00,874485.0,64.74,1
M3023,2025-09-08 15:43:00,555526.0,37.48,1
M3024,2025-09-08 15:44:00,149648.0,0.95,1
M3025,2025-09-08 15:45:00,549656.0,3.45,1
M3026,2025-09-08 15:46:00,169534.0,8.34,1
M3027,2025-09-08 15:47:00,517301.0,9.2,1
M3028,2025-09-08 15:48:00,445729.0,5.38,1
M3029,2025-09-08 15:49:00,289699.0,8.14,1
M3030,2025-09-08 15:50:00,109152.0,13.41,1
M3031,2025-09-08 15:51:00,317748.0,7.4,1
M3032,2025-09-08 15:52:00,2198130.0,8.36,1
M3033,2025-09-08 15:53:00,734581.0,7.93,1
M3034,2025-09-08 15:54:00,512345.0,10.34,1
M3035,2025-09-08 15:55:00,525605.0,21.86,1
M3036,2025-09-08 15:56:00,217728.0,8.62,1
M3037,2025-09-08 15:57:00,672832.0,5.97,1
M3038,2025-09-08 15:58:00,87032.0,2.53,1
M3039,2025-09-08 15:59:00,1526542.0,3.14,1
M3040,2025-09-08 16:00:00,1387269.0,29.0,1
M3041,2025-09-08 16:01:00,185328.0,5.85,1
M3042,2025-09-08 16:02:00,204153.0,13.39,1
M3043,2025-09-08 16:03:00,895858.0,2.56,1
M3044,2025-09-08 16:04:00,291543.0,5.23,1
M3045,2025-09-08 16:05:00,914349.0,7.37,1
M3046,2025-09-08 16:06:00,397797.0,2.19,1
M3047,2025-09-08 16:07:00,138841.0,18.52,1
M3048,2025-09-08 16:08:00,391898.0,3.01,1
M3049,2025-09-08 16:09:00,490797.0,5.91,1
M3050,2025-09-08 16:10:00,136536.0,1.8,1
M3051,2025-09-08 16:11:00,464977.0,12.18,1
M3052,2025-09-08 16:12:00,564743.0,2.89,1
M3053,2025-09-08 16:13:00,386606.0,3.71,1
M3054,2025-09-08 16:14:00,1191245.0,4.44,1
M3055,2025-09-08 16:15:00,1155544.0,2.16,1
M3056,2025-09-08 16:16:00,118132.0,16.06,1
M3057,2025-09-08 16:17:00,159497.0,16.92,1
M3058,2025-09-08 16:18:00,729814.0,16.31,1
M3059,2025-09-08 16:19:00,1969037.0,13.98,1
M3060,2025-09-08 16:20:00,214620.0,0.46,1
M3061,2025-09-08 16:21:00,444471.0,3.88,1
M3062,2025-09-08 16:22:00,566862.0,10.69,1
M3063,2025-09-08 16:23:00,877400.0,3.16,1
M3064,2025-09-08 16:24:00,2201655.0,7.82,1
M3065,2025-09-08 16:25:00,994969.0,8.81,1
M3066,2025-09-08 16:26:00,573536.0,2.77,1
M3067,2025-09-08 16:27:00,1180482.0,6.09,1
M3068,2025-09-08 16:28:00,122527.0,10.83,1
M3069,2025-09-08 16:29:00,652102.0,11.71,1
M3070,2025-09-08 16:30:00,707894.0,5.38,1
M3071,2025-09-08 16:31:00,251920.0,5.45,1
M3072,2025-09-08 16:32:00,137730.0,10.91,1
M3073,2025-09-08 16:33:00,706636.0,20.57,1
M3074,2025-09-08 16:34:00,410406.0,7.0,1
M3075,2025-09-08 16:35:00,380669.0,16.52,1
M3076,2025-09-08 16:36:00,906911.0,4.34,1
M3077,2025-09-08 16:37:00,234704.0,3.01,1
M3078,2025-09-08 16:38:00,515588.0,4.89,1
M3079,2025-09-08 16:39:00,1453114.0,21.79,1
M3080,2025-09-08 16:40:00,436149.0,20.21,1
M3081,2025-09-08 16:41:00,443418.0,0.42,1
M3082,2025-09-08 16:42:00,1543952.0,5.37,1
M3083,2025-09-08 16:43:00,274368.0,3.05,1
M3084,2025-09-08 16:44:00,318816.0,8.0,1
M3085,2025-09-08 16:45:00,776893.0,13.01,1
M3086,2025-09-08 16:46:00,1429490.0,1.97,1
M3087,2025-09-08 16:47:00,430106.0,3.28,1
M3088,2025-09-08 16:48:00,2066223.0,107.84,1
M3089,2025-09-08 16:49:00,259813.0,12.19,1
M3090,2025-09-08 16:50:00,847476.0,3.77,1
M3091,2025-09-08 16:51:00,880349.0,10.62,1
M3092,2025-09-08 16:52:00,756031.0,4.34,1
M3093,2025-09-08 16:53:00,323671.0,12.56,1
M3094,2025-09-08 16:54:00,1645268.0,3.04,1
M3095,2025-09-08 16:55:00,293490.0,10.49,1
M3096,2025-09-08 16:56:00,99867.0,20.35,1
M3097,2025-09-08 16:57:00,274236.0,2.79,1
M3098,2025-09-08 16:58:00,208955.0,19.28,1
M3099,2025-09-08 16:59:00,560153.0,73.62,1
M3100,2025-09-08 17:00:00,578387.0,8.08,1
M3101,2025-09-08 17:01:00,339976.0,9.15,1
M3102,2025-09-08 17:02:00,309518.0,17.48,1
M3103,2025-09-08 17:03:00,633208.0,2.58,1
M3104,2025-09-08 17:04:00,592711.0,20.32,1
M3105,2025-09-08 17:05:00,268652.0,17.23,1
M3106,2025-09-08 17:06:00,524810.0,9.71,1
M3107,2025-09-08 17:07:00,305862.0,23.1,1
M3108,2025-09-08 17:08:00,393549.0,1.64,1
M3109,2025-09-08 17:09:00,673071.0,12.79,1
M3110,2025-09-08 17:10:00,241220.0,6.32,1
M3111,2025-09-08 17:11:00,507200.0,6.3,1
M3112,2025-09-08 17:12:00,700495.0,13.04,1
M3113,2025-09-08 17:13:00,169612.0,11.85,1
M3114,2025-09-08 17:14:00,7571105.0,6.24,1
M3115,2025-09-08 17:15:00,1287443.0,17.8,1
M3116,2025-09-08 17:16:00,203540.0,1.66,1
M3117,2025-09-08 17:17:00,484007.0,10.29,1
M3118,2025-09-08 17:18:00,567183.0,120.4,1
M3119,2025-09-08 17:19:00,216384.0,15.98,1
M3120,2025-09-08 17:20:00,1102055.0,47.99,1
M3121,2025-09-08 17:21:00,135570.0,5.06,1
M3122,2025-09-08 17:22:00,505061.0,122.42,1
M3123,2025-09-08 17:23:00,370897.0,0.86,1
M3124,2025-09-08 17:24:00,290163.0,0.64,1
M3125,2025-09-08 17:25:00,253602.0,2.69,1
M3126,2025-09-08 17:26:00,178040.0,15.53,1
M3127,2025-09-08 17:27:00,944026.0,1.3,1
M3128,2025-09-08 17:28:00,485586.0,7.0,1
M3129,2025-09-08 17:29:00,1616571.0,22.79,1
M3130,2025-09-08 17:30:00,210957.0,36.15,1
M3131,2025-09-08 17:31:00,193766.0,1.04,1
M3132,2025-09-08 17:32:00,793180.0,7.6,1
M3133,2025-09-08 17:33:00,1127527.0,36.9,1
M3134,2025-09-08 17:34:00,720161.0,9.2,1
M3135,2025-09-08 17:35:00,151483.0,31.21,1
M3136,2025-09-08 17:36:00,291310.0,3.23,1
M3137,2025-09-08 17:37:00,1027348.0,6.02,1
M3138,2025-09-08 17:38:00,390135.0,2.04,1
M3139,2025-09-08 17:39:00,1241473.0,3.21,1
M3140,2025-09-08 17:40:00,1761541.0,1.54,1
M3141,2025-09-08 17:41:00,383265.0,18.14,1
M3142,2025-09-08 17:42:00,424837.0,13.7,1
M3143,2025-09-08 17:43:00,1672262.0,1.85,1
M3144,2025-09-08 17:44:00,150613.0,1.21,1
M3145,2025-09-08 17:45:00,392190.0,9.44,1
M3146,2025-09-08 17:46:00,1037528.0,2.52,1
M3147,2025-09-08 17:47:00,132329.0,13.29,1
M3148,2025-09-08 17:48:00,187626.0,8.55,1
M3149,2025-09-08 17:49:00,229891.0,15.34,1
M3150,2025-09-08 17:50:00,2169307.0,1.68,1
M3151,2025-09-08 17:51:00,187329.0,3.04,1
M3152,2025-09-08 17:52:00,717033.0,6.29,1
M3153,2025-09-08 17:53:00,295947.0,6.96,1
M3154,2025-09-08 17:54:00,162778.0,29.24,1
M3155,2025-09-08 17:55:00,53243.0,5.12,1
M3156,2025-09-08 17:56:00,55585.0,22.41,1
M3157,2025-09-08 17:57:00,100732.0,1.43,1
M3158,2025-09-08 17:58:00,214914.0,8.53,1
M3159,2025-09-08 17:59:00,493134.0,32.06,1
M3160,2025-09-08 18:00:00,139420.0,6.97,1
M3161,2025-09-08 18:01:00,323448.0,2.37,1
M3162,2025-09-08 18:02:00,147633.0,3.61,1
M3163,2025-09-08 18:03:00,158140.0,20.43,1
M3164,2025-09-08 18:04:00,131801.0,8.66,1
M3165,2025-09-08 18:05:00,450966.0,7.88,1
M3166,2025-09-08 18:06:00,1839441.0,2.26,1
M3167,2025-09-08 18:07:00,343641.0,6.83,1
M3168,2025-09-08 18:08:00,1494898.0,18.24,1
M3169,2025-09-08 18:09:00,245438.0,22.12,1
M3170,2025-09-08 18:10:00,745342.0,7.88,1
M3171,2025-09-08 18:11:00,1450411.0,6.03,1
M3172,2025-09-08 18:12:00,243556.0,4.5,1
M3173,2025-09-08 18:13:00,100912.0,6.83,1
M3174,2025-09-08 18:14:00,253863.0,13.73,1
M3175,2025-09-08 18:15:00,1715535.0,23.02,1
M3176,2025-09-08 18:16:00,204116.0,23.4,1
M3177,2025-09-08 18:17:00,789332.0,9.66,1
M3178,2025-09-08 18:18:00,172236.0,13.38,1
M3179,2025-09-08 18:19:00,633422.0,3.05,1
M3180,2025-09-08 18:20:00,968466.0,7.46,1
M3181,2025-09-08 18:21:00,703072.0,9.14,1
M3182,2025-09-08 18:22:00,305779.0,8.13,1
M3183,2025-09-08 18:23:00,1036353.0,1.5,1
M3184,2025-09-08 18:24:00,445161.0,1.11,1
M3185,2025-09-08 18:25:00,335658.0,13.02,1
M3186,2025-09-08 18:26:00,254893.0,4.96,1
M3187,2025-09-08 18:27:00,1093105.0,9.46,1
M3188,2025-09-08 18:28:00,2458544.0,84.36,1
M3189,2025-09-08 18:29:00,269887.0,10.95,1
M3190,2025-09-08 18:30:00,488299.0,4.2,1
M3191,2025-09-08 18:31:00,410269.0,13.3,1
M3192,2025-09-08 18:32:00,194505.0,4.15,1
M3193,2025-09-08 18:33:00,813051.0,2.15,1
M3194,2025-09-08 18:34:00,324642.0,6.47,1
M3195,2025-09-08 18:35:00,348112.0,2.49,1
M3196,2025-09-08 18:36:00,2329985.0,11.41,1
M3197,2025-09-08 18:37:00,268347.0,6.66,1
M3198,2025-09-08 18:38:00,233896.0,20.5,1
M3199,2025-09-08 18:39:00,2489247.0,2.43,1
M3200,2025-09-08 18:40:00,2361591.0,10.3,1
M3201,2025-09-08 18:41:00,145806.0,2.67,1
M3202,2025-09-08 18:42:00,758834.0,1.57,1
M3203,2025-09-08 18:43:00,994232.0,2.71,1
M3204,2025-09-08 18:44:00,1265270.0,8.77,1
M3205,2025-09-08 18:45:00,101466.0,7.95,1
M3206,2025-09-08 18:46:00,95307.0,3.9,1
M3207,2025-09-08 18:47:00,1621120.0,18.69,1
M3208,2025-09-08 18:48:00,920751.0,35.65,1
M3209,2025-09-08 18:49:00,103149.0,15.65,1
M3210,2025-09-08 18:50:00,675732.0,4.7,1
M3211,2025-09-08 18:51:00,119851.0,3.24,1
M3212,2025-09-08 18:52:00,666484.0,20.41,1
M3213,2025-09-08 18:53:00,455246.0,10.62,1
M3214,2025-09-08 18:54:00,157234.0,93.46,1
M3215,2025-09-08 18:55:00,678804.0,11.6,1
M3216,2025-09-08 18:56:00,1116589.0,16.23,1
M3217,2025-09-08 18:57:00,601724.0,9.76,1
M3218,2025-09-08 18:58:00,998909.0,4.75,1
M3219,2025-09-08 18:59:00,100922.0,14.91,1
M3220,2025-09-08 19:00:00,591196.0,11.53,1
M3221,2025-09-08 19:01:00,251297.0,2.0,1
M3222,2025-09-08 19:02:00,467676.0,6.24,1
M3223,2025-09-08 19:03:00,457138.0,12.59,1
M3224,2025-09-08 19:04:00,838465.0,3.72,1
M3225,2025-09-08 19:05:00,714766.0,7.09,1
M3226,2025-09-08 19:06:00,723017.0,6.95,1
M3227,2025-09-08 19:07:00,508290.0,8.53,1
M3228,2025-09-08 19:08:00,1943561.0,2.11,1
M3229,2025-09-08 19:09:00,420078.0,12.67,1
M3230,2025-09-08 19:10:00,113653.0,46.31,1
M3231,2025-09-08 19:11:00,142191.0,7.44,1
M3232,2025-09-08 19:12:00,1421645.0,25.16,1
M3233,2025-09-08 19:13:00,340258.0,8.39,1
M3234,2025-09-08 19:14:00,145325.0,6.85,1
M3235,2025-09-08 19:15:00,839134.0,15.34,1
M3236,2025-09-08 19:16:00,740088.0,9.0,1
M3237,2025-09-08 19:17:00,62895.0,4.03,1
M3238,2025-09-08 19:18:00,617117.0,0.67,1
M3239,2025-09-08 19:19:00,309013.0,4.71,1
M3240,2025-09-08 19:20:00,2086421.0,47.33,1
M3241,2025-09-08 19:21:00,458771.0,2.09,1
M3242,2025-09-08 19:22:00,417908.0,9.18,1
M3243,2025-09-08 19:23:00,1468947.0,4.15,1
M3244,2025-09-08 19:24:00,211528.0,0.74,1
M3245,2025-09-08 19:25:00,323433.0,1.07,1
M3246,2025-09-08 19:26:00,1419994.0,2.9,1
M3247,2025-09-08 19:27:00,306320.0,1.8,1
M3248,2025-09-08 19:28:00,471790.0,1.54,1
M3249,2025-09-08 19:29:00,1424503.0,11.94,1
M3250,2025-09-08 19:30:00,124902.0,5.19,1
M3251,2025-09-08 19:31:00,530066.0,27.37,1
M3252,2025-09-08 19:32:00,263303.0,8.25,1
M3253,2025-09-08 19:33:00,2228409.0,9.25,1
M3254,2025-09-08 19:34:00,510346.0,7.09,1
M3255,2025-09-08 19:35:00,375361.0,8.16,1
M3256,2025-09-08 19:36:00,280193.0,2.62,1
M3257,2025-09-08 19:37:00,257658.0,4.18,1
M3258,2025-09-08 19:38:00,498722.0,2.65,1
M3259,2025-09-08 19:39:00,424819.0,12.36,1
M3260,2025-09-08 19:40:00,172421.0,7.72,1
M3261,2025-09-08 19:41:00,275587.0,2.13,1
M3262,2025-09-08 19:42:00,975614.0,15.54,1
M3263,2025-09-08 19:43:00,6515525.0,5.93,1
M3264,2025-09-08 19:44:00,344373.0,19.72,1
M3265,2025-09-08 19:45:00,319100.0,21.27,1
M3266,2025-09-08 19:46:00,476546.0,1.37,1
M3267,2025-09-08 19:47:00,119197.0,21.87,1
M3268,2025-09-08 19:48:00,72576.0,5.91,1
M3269,2025-09-08 19:49:00,1097113.0,8.57,1
M3270,2025-09-08 19:50:00,487033.0,1.83,1
M3271,2025-09-08 19:51:00,170317.0,15.55,1
M3272,2025-09-08 19:52:00,292313.0,3.08,1
M3273,2025-09-08 19:53:00,805501.0,0.86,1
M3274,2025-09-08 19:54:00,717529.0,14.78,1
M3275,2025-09-08 19:55:00,1293479.0,1.79,1
M3276,2025-09-08 19:56:00,133293.0,5.33,1
M3277,2025-09-08 19:57:00,343697.0,2.05,1
M3278,2025-09-08 19:58:00,639967.0,6.05,1
M3279,2025-09-08 19:59:00,328481.0,46.91,1
M3280,2025-09-08 20:00:00,344095.0,13.11,1
M3281,2025-09-08 20:01:00,279436.0,3.85,1
M3282,2025-09-08 20:02:00,207975.0,3.3,1
M3283,2025-09-08 20:03:00,662957.0,6.94,1
M3284,2025-09-08 20:04:00,2004234.0,5.46,1
M3285,2025-09-08 20:05:00,675726.0,2.75,1
M3286,2025-09-08 20:06:00,310415.0,4.35,1
M3287,2025-09-08 20:07:00,195379.0,5.1,1
M3288,2025-09-08 20:08:00,132731.0,2.94,1
M3289,2025-09-08 20:09:00,730716.0,4.94,1
M3290,2025-09-08 20:10:00,289026.0,5.66,1
M3291,2025-09-08 20:11:00,1177246.0,3.48,1
M3292,2025-09-08 20:12:00,256934.0,4.54,1
M3293,2025-09-08 20:13:00,1467162.0,0.79,1
M3294,2025-09-08 20:14:00,694924.0,2.54,1
M3295,2025-09-08 20:15:00,652206.0,8.94,1
M3296,2025-09-08 20:16:00,54333.0,11.74,1
M3297,2025-09-08 20:17:00,1194638.0,15.76,1
M3298,2025-09-08 20:18:00,478543.0,5.71,1
M3299,2025-09-08 20:19:00,908452.0,4.6,1
M3300,2025-09-08 20:20:00,134604.0,5.25,1
M3301,2025-09-08 20:21:00,975124.0,1.42,1
M3302,2025-09-08 20:22:00,1311656.0,1.11,1
M3303,2025-09-08 20:23:00,2812403.0,11.24,1
M3304,2025-09-08 20:24:00,218240.0,5.92,1
M3305,2025-09-08 20:25:00,228016.0,16.7,1
M3306,2025-09-08 20:26:00,166636.0,3.29,1
M3307,2025-09-08 20:27:00,793407.0,12.79,1
M3308,2025-09-08 20:28:00,438636.0,13.96,1
M3309,2025-09-08 20:29:00,415687.0,5.81,1
M3310,2025-09-08 20:30:00,319137.0,38.91,1
M3311,2025-09-08 20:31:00,1089352.0,13.32,1
M3312,2025-09-08 20:32:00,1603012.0,1.02,1
M3313,2025-09-08 20:33:00,316738.0,8.87,1
M3314,2025-09-08 20:34:00,403009.0,10.03,1
M3315,2025-09-08 20:35:00,488524.0,2.75,1
M3316,2025-09-08 20:36:00,746248.0,1.21,1
M3317,2025-09-08 20:37:00,541959.0,4.08,1
M3318,2025-09-08 20:38:00,202333.0,10.73,1
M3319,2025-09-08 20:39:00,555308.0,2.9,1
M3320,2025-09-08 20:40:00,295184.0,33.14,1
M3321,2025-09-08 20:41:00,755439.0,9.3,1
M3322,2025-09-08 20:42:00,134053.0,3.37,1
M3323,2025-09-08 20:43:00,99351.0,3.25,1
M3324,2025-09-08 20:44:00,470423.0,5.51,1
M3325,2025-09-08 20:45:00,243778.0,15.65,1
M3326,2025-09-08 20:46:00,358527.0,8.1,1
M3327,2025-09-08 20:47:00,120091.0,18.04,1
M3328,2025-09-08 20:48:00,392943.0,4.82,1
M3329,2025-09-08 20:49:00,51100.0,6.57,1
M3330,2025-09-08 20:50:00,338367.0,8.09,1
M3331,2025-09-08 20:51:00,998038.0,14.15,1
M3332,2025-09-08 20:52:00,889378.0,1.18,1
M3333,2025-09-08 20:53:00,262078.0,14.36,1
M3334,2025-09-08 20:54:00,704716.0,4.49,1
M3335,2025-09-08 20:55:00,179555.0,6.52,1
M3336,2025-09-08 20:56:00,278495.0,7.76,1
M3337,2025-09-08 20:57:00,158227.0,9.05,1
M3338,2025-09-08 20:58:00,368915.0,64.47,1
M3339,2025-09-08 20:59:00,1864633.0,27.78,1
M3340,2025-09-08 21:00:00,746167.0,9.48,1
M3341,2025-09-08 21:01:00,216262.0,6.48,1
M3342,2025-09-08 21:02:00,1772375.0,2.29,1
M3343,2025-09-08 21:03:00,380883.0,33.08,1
M3344,2025-09-08 21:04:00,711179.0,4.86,1
M3345,2025-09-08 21:05:00,83976.0,11.61,1
M3346,2025-09-08 21:06:00,3340390.0,83.93,1
M3347,2025-09-08 21:07:00,972877.0,3.87,1
M3348,2025-09-08 21:08:00,502276.0,39.55,1
M3349,2025-09-08 21:09:00,612568.0,2.59,1
M3350,2025-09-08 21:10:00,277965.0,2.91,1
M3351,2025-09-08 21:11:00,694767.0,29.83,1
M3352,2025-09-08 21:12:00,785547.0,4.24,1
M3353,2025-09-08 21:13:00,1457468.0,50.03,1
M3354,2025-09-08 21:14:00,368724.0,2.88,1
M3355,2025-09-08 21:15:00,426067.0,13.99,1
M3356,2025-09-08 21:16:00,211771.0,0.98,1
M3357,2025-09-08 21:17:00,1506274.0,9.58,1
M3358,2025-09-08 21:18:00,352690.0,0.92,1
M3359,2025-09-08 21:19:00,748993.0,6.66,1
M3360,2025-09-08 21:20:00,379759.0,19.2,1
M3361,2025-09-08 21:21:00,3096391.0,23.07,1
M3362,2025-09-08 21:22:00,191130.0,17.49,1
M3363,2025-09-08 21:23:00,93871.0,13.05,1
M3364,2025-09-08 21:24:00,898064.0,7.03,1
M3365,2025-09-08 21:25:00,444151.0,19.84,1
M3366,2025-09-08 21:26:00,2096110.0,4.78,1
M3367,2025-09-08 21:27:00,425625.0,4.71,1
M3368,2025-09-08 21:28:00,317621.0,1.58,1
M3369,2025-09-08 21:29:00,634402.0,2.85,1
M3370,2025-09-08 21:30:00,201914.0,1.45,1
M3371,2025-09-08 21:31:00,3259200.0,44.81,1
M3372,2025-09-08 21:32:00,310942.0,6.23,1
M3373,2025-09-08 21:33:00,667615.0,7.51,1
M3374,2025-09-08 21:34:00,95972.0,19.15,1
M3375,2025-09-08 21:35:00,412999.0,4.68,1
M3376,2025-09-08 21:36:00,500318.0,3.36,1
M3377,2025-09-08 21:37:00,245821.0,30.04,1
M3378,2025-09-08 21:38:00,318873.0,7.1,1
M3379,2025-09-08 21:39:00,592766.0,12.1,1
M3380,2025-09-08 21:40:00,1285380.0,1.86,1
M3381,2025-09-08 21:41:00,971910.0,24.84,1
M3382,2025-09-08 21:42:00,189374.0,2.19,1
M3383,2025-09-08 21:43:00,670929.0,1.94,1
M3384,2025-09-08 21:44:00,255236.0,13.32,1
M3385,2025-09-08 21:45:00,330949.0,15.32,1
M3386,2025-09-08 21:46:00,139592.0,10.92,1
M3387,2025-09-08 21:47:00,1780725.0,2.06,1
M3388,2025-09-08 21:48:00,533668.0,7.13,1
M3389,2025-09-08 21:49:00,599191.0,84.92,1
M3390,2025-09-08 21:50:00,1759250.0,5.31,1
M3391,2025-09-08 21:51:00,311791.0,6.67,1
M3392,2025-09-08 21:52:00,440387.0,4.91,1
M3393,2025-09-08 21:53:00,525350.0,23.75,1
M3394,2025-09-08 21:54:00,1899572.0,3.18,1
M3395,2025-09-08 21:55:00,4263906.0,1.75,1
M3396,2025-09-08 21:56:00,1195576.0,2.05,1
M3397,2025-09-08 21:57:00,486210.0,2.17,1
M3398,2025-09-08 21:58:00,394336.0,8.25,1
M3399,2025-09-08 21:59:00,1269089.0,3.93,1
M3400,2025-09-08 22:00:00,144690.0,0.58,1
M3401,2025-09-08 22:01:00,963875.0,4.38,1
M3402,2025-09-08 22:02:00,1056053.0,5.48,1
M3403,2025-09-08 22:03:00,811368.0,5.14,1
M3404,2025-09-08 22:04:00,584515.0,31.22,1
M3405,2025-09-08 22:05:00,215696.0,28.86,1
M3406,2025-09-08 22:06:00,651457.0,3.6,1
M3407,2025-09-08 22:07:00,821689.0,1.86,1
M3408,2025-09-08 22:08:00,160008.0,19.67,1
M3409,2025-09-08 22:09:00,379906.0,7.44,1
M3410,2025-09-08 22:10:00,130201.0,4.64,1
M3411,2025-09-08 22:11:00,504597.0,19.0,1
M3412,2025-09-08 22:12:00,860443.0,4.04,1
M3413,2025-09-08 22:13:00,133879.0,9.94,1
M3414,2025-09-08 22:14:00,106344.0,45.12,1
M3415,2025-09-08 22:15:00,58030.0,1.78,1
M3416,2025-09-08 22:16:00,996959.0,9.35,1
M3417,2025-09-08 22:17:00,874816.0,5.68,1
M3418,2025-09-08 22:18:00,2032786.0,9.38,1
M3419,2025-09-08 22:19:00,3422339.0,14.78,1
M3420,2025-09-08 22:20:00,90906.0,9.98,1
M3421,2025-09-08 22:21:00,154540.0,9.78,1
M3422,2025-09-08 22:22:00,252341.0,8.45,1
M3423,2025-09-08 22:23:00,112643.0,3.44,1
M3424,2025-09-08 22:24:00,628498.0,4.59,1
M3425,2025-09-08 22:25:00,155080.0,9.84,1
M3426,2025-09-08 22:26:00,519477.0,4.53,1
M3427,2025-09-08 22:27:00,290826.0,4.31,1
M3428,2025-09-08 22:28:00,394493.0,8.09,1
M3429,2025-09-08 22:29:00,703579.0,37.02,1
M3430,2025-09-08 22:30:00,1175266.0,4.23,1
M3431,2025-09-08 22:31:00,543586.0,3.26,1
M3432,2025-09-08 22:32:00,261590.0,5.83,1
M3433,2025-09-08 22:33:00,88706.0,25.26,1
M3434,2025-09-08 22:34:00,738819.0,24.15,1
M3435,2025-09-08 22:35:00,230932.0,4.9,1
M3436,2025-09-08 22:36:00,552577.0,50.18,1
M3437,2025-09-08 22:37:00,356765.0,10.54,1
M3438,2025-09-08 22:38:00,86958.0,6.47,1
M3439,2025-09-08 22:39:00,1011859.0,14.63,1
M3440,2025-09-08 22:40:00,311938.0,6.58,1
M3441,2025-09-08 22:41:00,409325.0,8.64,1
M3442,2025-09-08 22:42:00,319688.0,1.89,1
M3443,2025-09-08 22:43:00,824708.0,8.8,1
M3444,2025-09-08 22:44:00,76400.0,31.4,1
M3445,2025-09-08 22:45:00,206529.0,14.45,1
M3446,2025-09-08 22:46:00,107101.0,13.11,1
M3447,2025-09-08 22:47:00,780520.0,42.81,1
M3448,2025-09-08 22:48:00,94474.0,3.55,1
M3449,2025-09-08 22:49:00,1628374.0,2.91,1
M3450,2025-09-08 22:50:00,610201.0,11.08,1
M3451,2025-09-08 22:51:00,314538.0,15.24,1
M3452,2025-09-08 22:52:00,118673.0,1.67,1
M3453,2025-09-08 22:53:00,340699.0,4.56,1
M3454,2025-09-08 22:54:00,222401.0,1.32,1
M3455,2025-09-08 22:55:00,2316193.0,1.81,1
M3456,2025-09-08 22:56:00,581739.0,2.37,1
M3457,2025-09-08 22:57:00,107069.0,4.97,1
M3458,2025-09-08 22:58:00,345079.0,1.22,1
M3459,2025-09-08 22:59:00,124567.0,0.54,1
M3460,2025-09-08 23:00:00,521348.0,38.87,1
M3461,2025-09-08 23:01:00,895059.0,12.17,1
M3462,2025-09-08 23:02:00,418976.0,8.87,1
M3463,2025-09-08 23:03:00,400365.0,17.15,1
M3464,2025-09-08 23:04:00,1269754.0,2.02,1
M3465,2025-09-08 23:05:00,1414183.0,3.67,1
M3466,2025-09-08 23:06:00,141027.0,4.56,1
M3467,2025-09-08 23:07:00,2127130.0,2.67,1
M3468,2025-09-08 23:08:00,446062.0,14.77,1
M3469,2025-09-08 23:09:00,212496.0,0.92,1
M3470,2025-09-08 23:10:00,522197.0,13.09,1
M3471,2025-09-08 23:11:00,471913.0,1.99,1
M3472,2025-09-08 23:12:00,137408.0,23.84,1
M3473,2025-09-08 23:13:00,742932.0,4.21,1
M3474,2025-09-08 23:14:00,466307.0,10.95,1
M3475,2025-09-08 23:15:00,209294.0,75.26,1
M3476,2025-09-08 23:16:00,2372102.0,16.34,1
M3477,2025-09-08 23:17:00,117266.0,4.79,1
M3478,2025-09-08 23:18:00,491001.0,4.86,1
M3479,2025-09-08 23:19:00,1133743.0,1.94,1
M3480,2025-09-08 23:20:00,610468.0,11.97,1
M3481,2025-09-08 23:21:00,311072.0,46.09,1
M3482,2025-09-08 23:22:00,132923.0,4.86,1
M3483,2025-09-08 23:23:00,55805.0,19.09,1
M3484,2025-09-08 23:24:00,1097530.0,6.33,1
M3485,2025-09-08 23:25:00,155776.0,10.6,1
M3486,2025-09-08 23:26:00,4637207.0,6.3,1
M3487,2025-09-08 23:27:00,2004129.0,20.5,1
M3488,2025-09-08 23:28:00,244383.0,10.39,1
M3489,2025-09-08 23:29:00,3494203.0,13.24,1
M3490,2025-09-08 23:30:00,42347.0,2.16,1
M3491,2025-09-08 23:31:00,730662.0,1.31,1
M3492,2025-09-08 23:32:00,809172.0,5.42,1
M3493,2025-09-08 23:33:00,123475.0,3.01,1
M3494,2025-09-08 23:34:00,1373092.0,18.45,1
M3495,2025-09-08 23:35:00,1175600.0,3.29,1
M3496,2025-09-08 23:36:00,300870.0,2.11,1
M3497,2025-09-08 23:37:00,1002649.0,6.83,1
M3498,2025-09-08 23:38:00,397339.0,28.31,1
M3499,2025-09-08 23:39:00,75419.0,4.12,1
M3500,2025-09-08 23:40:00,658516.0,9.03,1
M3501,2025-09-08 23:41:00,876811.0,6.51,1
M3502,2025-09-08 23:42:00,2452118.0,15.68,1
M3503,2025-09-08 23:43:00,226466.0,6.91,1
M3504,2025-09-08 23:44:00,1079331.0,1.85,1
M3505,2025-09-08 23:45:00,522929.0,1.04,1
M3506,2025-09-08 23:46:00,1012859.0,24.65,1
M3507,2025-09-08 23:47:00,400373.0,20.46,1
M3508,2025-09-08 23:48:00,755606.0,17.07,1
M3509,2025-09-08 23:49:00,771666.0,0.86,1
M3510,2025-09-08 23:50:00,2034072.0,9.96,1
M3511,2025-09-08 23:51:00,475998.0,9.71,1
M3512,2025-09-08 23:52:00,357007.0,31.02,1
M3513,2025-09-08 23:53:00,539182.0,1.97,1
M3514,2025-09-08 23:54:00,2027036.0,6.07,1
M3515,2025-09-08 23:55:00,337808.0,5.19,1
M3516,2025-09-08 23:56:00,658574.0,8.92,1
M3517,2025-09-08 23:57:00,1378310.0,7.17,1
M3518,2025-09-08 23:58:00,400463.0,4.3,1
M3519,2025-09-08 23:59:00,158685.0,4.42,1
M3520,2025-09-09 00:00:00,451212.0,7.35,1
M3521,2025-09-09 00:01:00,383193.0,1.5,1
M3522,2025-09-09 00:02:00,340685.0,3.65,1
M3523,2025-09-09 00:03:00,533456.0,82.65,1
M3524,2025-09-09 00:04:00,283140.0,3.93,1
M3525,2025-09-09 00:05:00,457925.0,2.06,1
M3526,2025-09-09 00:06:00,274480.0,2.42,1
M3527,2025-09-09 00:07:00,315970.0,25.02,1
M3528,2025-09-09 00:08:00,401809.0,4.38,1
M3529,2025-09-09 00:09:00,724939.0,15.12,1
M3530,2025-09-09 00:10:00,813840.0,14.17,1
M3531,2025-09-09 00:11:00,309210.0,2.51,1
M3532,2025-09-09 00:12:00,1064896.0,11.09,1
M3533,2025-09-09 00:13:00,171385.0,4.94,1
M3534,2025-09-09 00:14:00,764708.0,10.11,1
M3535,2025-09-09 00:15:00,1137562.0,32.46,1
M3536,2025-09-09 00:16:00,244817.0,5.47,1
M3537,2025-09-09 00:17:00,86403.0,4.9,1
M3538,2025-09-09 00:18:00,168718.0,3.9,1
M3539,2025-09-09 00:19:00,367195.0,4.09,1
M3540,2025-09-09 00:20:00,138640.0,48.04,1
M3541,2025-09-09 00:21:00,156160.0,46.51,1
M3542,2025-09-09 00:22:00,953841.0,5.42,1
M3543,2025-09-09 00:23:00,777128.0,12.99,1
M3544,2025-09-09 00:24:00,724133.0,2.33,1
M3545,2025-09-09 00:25:00,110111.0,3.06,1
M3546,2025-09-09 00:26:00,344057.0,21.2,1
M3547,2025-09-09 00:27:00,1189984.0,1.79,1
M3548,2025-09-09 00:28:00,1244861.0,23.18,1
M3549,2025-09-09 00:29:00,148731.0,8.67,1
M3550,2025-09-09 00:30:00,1090684.0,19.14,1
M3551,2025-09-09 00:31:00,1884820.0,24.15,1
M3552,2025-09-09 00:32:00,173411.0,14.76,1
M3553,2025-09-09 00:33:00,896114.0,0.55,1
M3554,2025-09-09 00:34:00,1201480.0,4.07,1
M3555,2025-09-09 00:35:00,712946.0,3.04,1
M3556,2025-09-09 00:36:00,577643.0,13.73,1
M3557,2025-09-09 00:37:00,445118.0,3.62,1
M3558,2025-09-09 00:38:00,291135.0,10.39,1
M3559,2025-09-09 00:39:00,1380042.0,27.92,1
M3560,2025-09-09 00:40:00,630770.0,26.91,1
M3561,2025-09-09 00:41:00,511899.0,2.42,1
M3562,2025-09-09 00:42:00,887552.0,3.18,1
M3563,2025-09-09 00:43:00,1077593.0,6.81,1
M3564,2025-09-09 00:44:00,273720.0,9.58,1
M3565,2025-09-09 00:45:00,88248.0,10.05,1
M3566,2025-09-09 00:46:00,580713.0,6.75,1
M3567,2025-09-09 00:47:00,707113.0,4.36,1
M3568,2025-09-09 00:48:00,329485.0,2.93,1
M3569,2025-09-09 00:49:00,684615.0,3.85,1
M3570,2025-09-09 00:50:00,85175.0,5.94,1
M3571,2025-09-09 00:51:00,404718.0,5.44,1
M3572,2025-09-09 00:52:00,1115632.0,4.15,1
M3573,2025-09-09 00:53:00,558786.0,16.81,1
M3574,2025-09-09 00:54:00,1231652.0,39.0,1
M3575,2025-09-09 00:55:00,105288.0,4.7,1
M3576,2025-09-09 00:56:00,1228286.0,4.2,1
M3577,2025-09-09 00:57:00,699895.0,15.28,1
M3578,2025-09-09 00:58:00,2066423.0,1.76,1
M3579,2025-09-09 00:59:00,658237.0,1.29,1
M3580,2025-09-09 01:00:00,248106.0,1.87,1
M3581,2025-09-09 01:01:00,440253.0,5.52,1
M3582,2025-09-09 01:02:00,359686.0,1.22,1
M3583,2025-09-09 01:03:00,719778.0,17.89,1
M3584,2025-09-09 01:04:00,388702.0,5.97,1
M3585,2025-09-09 01:05:00,120307.0,7.25,1
M3586,2025-09-09 01:06:00,413650.0,20.5,1
M3587,2025-09-09 01:07:00,1028019.0,5.21,1
M3588,2025-09-09 01:08:00,2289596.0,99.74,1
M3589,2025-09-09 01:09:00,131468.0,5.28,1
M3590,2025-09-09 01:10:00,560229.0,4.87,1
M3591,2025-09-09 01:11:00,298507.0,10.56,1
M3592,2025-09-09 01:12:00,64559.0,3.85,1
M3593,2025-09-09 01:13:00,248150.0,7.9,1
M3594,2025-09-09 01:14:00,1339604.0,15.56,1
M3595,2025-09-09 01:15:00,450690.0,9.71,1
M3596,2025-09-09 01:16:00,687690.0,6.38,1
M3597,2025-09-09 01:17:00,669361.0,4.69,1
M3598,2025-09-09 01:18:00,173231.0,4.39,1
M3599,2025-09-09 01:19:00,1316221.0,1.67,1
M3600,2025-09-09 01:20:00,141483.0,8.29,1
M3601,2025-09-09 01:21:00,262685.0,14.78,1
M3602,2025-09-09 01:22:00,1245982.0,0.87,1
M3603,2025-09-09 01:23:00,781929.0,3.21,1
M3604,2025-09-09 01:24:00,1905066.0,5.61,1
M3605,2025-09-09 01:25:00,345476.0,23.14,1
M3606,2025-09-09 01:26:00,297726.0,4.22,1
M3607,2025-09-09 01:27:00,1455511.0,41.67,1
M3608,2025-09-09 01:28:00,260090.0,1.71,1
M3609,2025-09-09 01:29:00,240953.0,14.61,1
M3610,2025-09-09 01:30:00,357453.0,18.97,1
M3611,2025-09-09 01:31:00,289150.0,13.03,1
M3612,2025-09-09 01:32:00,727630.0,2.6,1
M3613,2025-09-09 01:33:00,572975.0,47.12,1
M3614,2025-09-09 01:34:00,682979.0,6.39,1
M3615,2025-09-09 01:35:00,862914.0,4.15,1
M3616,2025-09-09 01:36:00,452412.0,8.12,1
M3617,2025-09-09 01:37:00,264560.0,0.65,1
M3618,2025-09-09 01:38:00,654231.0,9.19,1
M3619,2025-09-09 01:39:00,814178.0,24.53,1
M3620,2025-09-09 01:40:00,1055197.0,4.31,1
M3621,2025-09-09 01:41:00,85534.0,3.51,1
M3622,2025-09-09 01:42:00,212079.0,59.12,1
M3623,2025-09-09 01:43:00,5467533.0,4.79,1
M3624,2025-09-09 01:44:00,257972.0,3.4,1
M3625,2025-09-09 01:45:00,1188392.0,4.73,1
M3626,2025-09-09 01:46:00,686530.0,6.9,1
M3627,2025-09-09 01:47:00,539062.0,5.54,1
M3628,2025-09-09 01:48:00,181951.0,16.94,1
M3629,2025-09-09 01:49:00,381513.0,7.13,1
M3630,2025-09-09 01:50:00,157032.0,41.11,1
M3631,2025-09-09 01:51:00,464074.0,5.14,1
M3632,2025-09-09 01:52:00,498043.0,11.78,1
M3633,2025-09-09 01:53:00,866076.0,2.89,1
M3634,2025-09-09 01:54:00,364516.0,5.52,1
M3635,2025-09-09 01:55:00,203726.0,3.17,1
M3636,2025-09-09 01:56:00,529804.0,4.46,1
M3637,2025-09-09 01:57:00,158996.0,24.41,1
M3638,2025-09-09 01:58:00,1713856.0,13.9,1
M3639,2025-09-09 01:59:00,94209.0,29.04,1
M3640,2025-09-09 02:00:00,147958.0,0.77,1
M3641,2025-09-09 02:01:00,844997.0,14.44,1
M3642,2025-09-09 02:02:00,509633.0,4.57,1
M3643,2025-09-09 02:03:00,1244991.0,10.39,1
M3644,2025-09-09 02:04:00,2411688.0,1.45,1
M3645,2025-09-09 02:05:00,387002.0,27.45,1
M3646,2025-09-09 02:06:00,496264.0,55.99,1
M3647,2025-09-09 02:07:00,9350133.0,4.01,1
M3648,2025-09-09 02:08:00,3064337.0,8.32,1
M3649,2025-09-09 02:09:00,285696.0,1.88,1
M3650,2025-09-09 02:10:00,121809.0,28.54,1
M3651,2025-09-09 02:11:00,1596946.0,14.35,1
M3652,2025-09-09 02:12:00,514076.0,7.52,1
M3653,2025-09-09 02:13:00,751280.0,10.4,1
M3654,2025-09-09 02:14:00,380143.0,13.02,1
M3655,2025-09-09 02:15:00,138681.0,3.04,1
M3656,2025-09-09 02:16:00,204629.0,8.38,1
M3657,2025-09-09 02:17:00,181655.0,0.41,1
M3658,2025-09-09 02:18:00,78839.0,10.75,1
M3659,2025-09-09 02:19:00,285457.0,3.41,1
M3660,2025-09-09 02:20:00,1569702.0,12.74,1
M3661,2025-09-09 02:21:00,728260.0,12.9,1
M3662,2025-09-09 02:22:00,535069.0,9.55,1
M3663,2025-09-09 02:23:00,103319.0,8.52,1
M3664,2025-09-09 02:24:00,918664.0,3.38,1
M3665,2025-09-09 02:25:00,189093.0,12.01,1
M3666,2025-09-09 02:26:00,599726.0,46.77,1
M3667,2025-09-09 02:27:00,175761.0,5.54,1
M3668,2025-09-09 02:28:00,545463.0,6.68,1
M3669,2025-09-09 02:29:00,641602.0,1.83,1
M3670,2025-09-09 02:30:00,332416.0,11.99,1
M3671,2025-09-09 02:31:00,259445.0,9.86,1
M3672,2025-09-09 02:32:00,731758.0,10.78,1
M3673,2025-09-09 02:33:00,175658.0,10.21,1
M3674,2025-09-09 02:34:00,151271.0,4.64,1
M3675,2025-09-09 02:35:00,2558821.0,9.21,1
M3676,2025-09-09 02:36:00,459287.0,6.33,1
M3677,2025-09-09 02:37:00,162433.0,8.13,1
M3678,2025-09-09 02:38:00,1536489.0,5.69,1
M3679,2025-09-09 02:39:00,257621.0,14.3,1
M3680,2025-09-09 02:40:00,379423.0,6.85,1
M3681,2025-09-09 02:41:00,97095.0,11.42,1
M3682,2025-09-09 02:42:00,335410.0,33.85,1
M3683,2025-09-09 02:43:00,440252.0,5.53,1
M3684,2025-09-09 02:44:00,87641.0,42.84,1
M3685,2025-09-09 02:45:00,471989.0,3.99,1
M3686,2025-09-09 02:46:00,506794.0,1.6,1
M3687,2025-09-09 02:47:00,360001.0,3.91,1
M3688,2025-09-09 02:48:00,104828.0,3.39,1
M3689,2025-09-09 02:49:00,803243.0,22.09,1
M3690,2025-09-09 02:50:00,168072.0,2.47,1
M3691,2025-09-09 02:51:00,216853.0,7.0,1
M3692,2025-09-09 02:52:00,594923.0,3.41,1
M3693,2025-09-09 02:53:00,1258185.0,14.02,1
M3694,2025-09-09 02:54:00,2981038.0,5.61,1
M3695,2025-09-09 02:55:00,278820.0,4.78,1
M3696,2025-09-09 02:56:00,489645.0,6.71,1
M3697,2025-09-09 02:57:00,154331.0,12.58,1
M3698,2025-09-09 02:58:00,270176.0,2.72,1
M3699,2025-09-09 02:59:00,1018585.0,1.36,1
M3700,2025-09-09 03:00:00,395711.0,6.08,1
M3701,2025-09-09 03:01:00,157458.0,26.31,1
M3702,2025-09-09 03:02:00,486816.0,5.4,1
M3703,2025-09-09 03:03:00,1667359.0,4.22,1
M3704,2025-09-09 03:04:00,836112.0,0.63,1
M3705,2025-09-09 03:05:00,2363953.0,16.39,1
M3706,2025-09-09 03:06:00,1834341.0,4.47,1
M3707,2025-09-09 03:07:00,177326.0,1.81,1
M3708,2025-09-09 03:08:00,727213.0,27.17,1
M3709,2025-09-09 03:09:00,362993.0,45.73,1
M3710,2025-09-09 03:10:00,372857.0,15.97,1
M3711,2025-09-09 03:11:00,971115.0,8.66,1
M3712,2025-09-09 03:12:00,167715.0,7.7,1
M3713,2025-09-09 03:13:00,430041.0,3.25,1
M3714,2025-09-09 03:14:00,277114.0,8.52,1
M3715,2025-09-09 03:15:00,1429284.0,3.32,1
M3716,2025-09-09 03:16:00,281840.0,8.21,1
M3717,2025-09-09 03:17:00,622913.0,16.16,1
M3718,2025-09-09 03:18:00,249383.0,13.93,1
M3719,2025-09-09 03:19:00,456598.0,1.26,1
M3720,2025-09-09 03:20:00,448538.0,18.89,1
M3721,2025-09-09 03:21:00,805896.0,7.04,1
M3722,2025-09-09 03:22:00,1923663.0,3.1,1
M3723,2025-09-09 03:23:00,794874.0,3.02,1
M3724,2025-09-09 03:24:00,266461.0,5.6,1
M3725,2025-09-09 03:25:00,264491.0,14.35,1
M3726,2025-09-09 03:26:00,1764486.0,9.81,1
M3727,2025-09-09 03:27:00,947689.0,13.04,1
M3728,2025-09-09 03:28:00,349898.0,7.46,1
M3729,2025-09-09 03:29:00,715827.0,8.63,1
M3730,2025-09-09 03:30:00,374813.0,4.57,1
M3731,2025-09-09 03:31:00,189862.0,5.91,1
M3732,2025-09-09 03:32:00,200518.0,7.92,1
M3733,2025-09-09 03:33:00,367444.0,2.97,1
M3734,2025-09-09 03:34:00,618433.0,2.39,1
M3735,2025-09-09 03:35:00,446439.0,22.82,1
M3736,2025-09-09 03:36:00,1285732.0,5.36,1
M3737,2025-09-09 03:37:00,490046.0,5.87,1
M3738,2025-09-09 03:38:00,2719834.0,4.21,1
M3739,2025-09-09 03:39:00,2178048.0,37.17,1
M3740,2025-09-09 03:40:00,311651.0,7.63,1
M3741,2025-09-09 03:41:00,1093304.0,13.81,1
M3742,2025-09-09 03:42:00,516104.0,5.14,1
M3743,2025-09-09 03:43:00,70550.0,3.23,1
M3744,2025-09-09 03:44:00,2379862.0,1.65,1
M3745,2025-09-09 03:45:00,258343.0,4.02,1
M3746,2025-09-09 03:46:00,713457.0,4.75,1
M3747,2025-09-09 03:47:00,523454.0,6.23,1
M3748,2025-09-09 03:48:00,410636.0,1.92,1
M3749,2025-09-09 03:49:00,493775.0,0.73,1
M3750,2025-09-09 03:50:00,436426.0,5.19,1
M3751,2025-09-09 03:51:00,338429.0,4.45,1
M3752,2025-09-09 03:52:00,837360.0,6.69,1
M3753,2025-09-09 03:53:00,491426.0,5.88,1
M3754,2025-09-09 03:54:00,1140895.0,8.01,1
M3755,2025-09-09 03:55:00,1092841.0,46.2,1
M3756,2025-09-09 03:56:00,370103.0,3.02,1
M3757,2025-09-09 03:57:00,619396.0,90.4,1
M3758,2025-09-09 03:58:00,983965.0,8.43,1
M3759,2025-09-09 03:59:00,445038.0,1.73,1
M3760,2025-09-09 04:00:00,1958721.0,23.75,1
M3761,2025-09-09 04:01:00,824778.0,12.38,1
M3762,2025-09-09 04:02:00,1713966.0,34.12,1
M3763,2025-09-09 04:03:00,240935.0,24.25,1
M3764,2025-09-09 04:04:00,480839.0,7.38,1
M3765,2025-09-09 04:05:00,357596.0,31.69,1
M3766,2025-09-09 04:06:00,822597.0,6.82,1
M3767,2025-09-09 04:07:00,291086.0,11.41,1
M3768,2025-09-09 04:08:00,2107118.0,6.06,1
M3769,2025-09-09 04:09:00,105904.0,9.0,1
M3770,2025-09-09 04:10:00,300936.0,14.24,1
M3771,2025-09-09 04:11:00,254785.0,6.55,1
M3772,2025-09-09 04:12:00,127783.0,3.81,1
M3773,2025-09-09 04:13:00,513469.0,2.16,1
M3774,2025-09-09 04:14:00,332454.0,2.25,1
M3775,2025-09-09 04:15:00,767632.0,16.28,1
M3776,2025-09-09 04:16:00,287380.0,9.61,1
M3777,2025-09-09 04:17:00,532941.0,24.14,1
M3778,2025-09-09 04:18:00,1224144.0,2.33,1
M3779,2025-09-09 04:19:00,248265.0,7.22,1
M3780,2025-09-09 04:20:00,485199.0,61.73,1
M3781,2025-09-09 04:21:00,130507.0,2.17,1
M3782,2025-09-09 04:22:00,188596.0,0.58,1
M3783,2025-09-09 04:23:00,1279249.0,8.42,1
M3784,2025-09-09 04:24:00,2241656.0,9.64,1
M3785,2025-09-09 04:25:00,451588.0,2.09,1
M3786,2025-09-09 04:26:00,372821.0,7.1,1
M3787,2025-09-09 04:27:00,23482.0,41.42,1
M3788,2025-09-09 04:28:00,2906529.0,16.69,1
M3789,2025-09-09 04:29:00,628730.0,6.02,1
M3790,2025-09-09 04:30:00,550606.0,4.02,1
M3791,2025-09-09 04:31:00,518187.0,2.33,1
M3792,2025-09-09 04:32:00,798715.0,6.19,1
M3793,2025-09-09 04:33:00,421637.0,8.78,1
M3794,2025-09-09 04:34:00,179476.0,7.61,1
M3795,2025-09-09 04:35:00,3245580.0,6.02,1
M3796,2025-09-09 04:36:00,1011859.0,1.72,1
M3797,2025-09-09 04:37:00,2310538.0,3.19,1
M3798,2025-09-09 04:38:00,309451.0,2.16,1
M3799,2025-09-09 04:39:00,371942.0,12.45,1
M3800,2025-09-09 04:40:00,2909384.0,1.15,1
M3801,2025-09-09 04:41:00,586590.0,1.59,1
M3802,2025-09-09 04:42:00,76398.0,6.8,1
M3803,2025-09-09 04:43:00,183114.0,15.08,1
M3804,2025-09-09 04:44:00,214266.0,11.68,1
M3805,2025-09-09 04:45:00,510118.0,5.59,1
M3806,2025-09-09 04:46:00,499112.0,2.46,1
M3807,2025-09-09 04:47:00,733694.0,12.89,1
M3808,2025-09-09 04:48:00,1258117.0,4.21,1
M3809,2025-09-09 04:49:00,236815.0,20.04,1
M3810,2025-09-09 04:50:00,1630197.0,19.78,1
M3811,2025-09-09 04:51:00,440418.0,1.94,1
M3812,2025-09-09 04:52:00,178623.0,3.86,1
M3813,2025-09-09 04:53:00,6077376.0,5.68,1
M3814,2025-09-09 04:54:00,1169150.0,1.56,1
M3815,2025-09-09 04:55:00,2027389.0,2.53,1
M3816,2025-09-09 04:56:00,387373.0,37.22,1
M3817,2025-09-09 04:57:00,61187.0,4.82,1
M3818,2025-09-09 04:58:00,1072382.0,14.23,1
M3819,2025-09-09 04:59:00,301820.0,7.08,1
M3820,2025-09-09 05:00:00,102316.0,8.39,1
M3821,2025-09-09 05:01:00,102808.0,40.54,1
M3822,2025-09-09 05:02:00,97900.0,6.9,1
M3823,2025-09-09 05:03:00,2581370.0,2.33,1
M3824,2025-09-09 05:04:00,156452.0,7.87,1
M3825,2025-09-09 05:05:00,101571.0,4.7,1
M3826,2025-09-09 05:06:00,4160276.0,5.76,1
M3827,2025-09-09 05:07:00,234250.0,4.67,1
M3828,2025-09-09 05:08:00,379250.0,6.33,1
M3829,2025-09-09 05:09:00,1112152.0,47.97,1
M3830,2025-09-09 05:10:00,892617.0,8.17,1
M3831,2025-09-09 05:11:00,804611.0,7.02,1
M3832,2025-09-09 05:12:00,604771.0,6.26,1
M3833,2025-09-09 05:13:00,1318858.0,2.39,1
M3834,2025-09-09 05:14:00,374137.0,10.07,1
M3835,2025-09-09 05:15:00,440693.0,17.75,1
M3836,2025-09-09 05:16:00,1123801.0,19.24,1
M3837,2025-09-09 05:17:00,189434.0,5.17,1
M3838,2025-09-09 05:18:00,383908.0,23.96,1
M3839,2025-09-09 05:19:00,213355.0,14.52,1
M3840,2025-09-09 05:20:00,140758.0,59.4,1
M3841,2025-09-09 05:21:00,173572.0,16.48,1
M3842,2025-09-09 05:22:00,904119.0,36.63,1
M3843,2025-09-09 05:23:00,124907.0,31.61,1
M3844,2025-09-09 05:24:00,894284.0,2.28,1
M3845,2025-09-09 05:25:00,2707763.0,4.03,1
M3846,2025-09-09 05:26:00,373704.0,1.65,1
M3847,2025-09-09 05:27:00,540094.0,8.64,1
M3848,2025-09-09 05:28:00,2497943.0,14.57,1
M3849,2025-09-09 05:29:00,275311.0,7.68,1
M3850,2025-09-09 05:30:00,342427.0,7.52,1
M3851,2025-09-09 05:31:00,192185.0,4.36,1
M3852,2025-09-09 05:32:00,695709.0,14.19,1
M3853,2025-09-09 05:33:00,556661.0,3.17,1
M3854,2025-09-09 05:34:00,2531296.0,57.64,1
M3855,2025-09-09 05:35:00,333996.0,22.97,1
M3856,2025-09-09 05:36:00,418834.0,14.44,1
M3857,2025-09-09 05:37:00,323782.0,4.35,1
M3858,2025-09-09 05:38:00,581500.0,10.61,1
M3859,2025-09-09 05:39:00,707431.0,5.42,1
M3860,2025-09-09 05:40:00,521779.0,4.36,1
M3861,2025-09-09 05:41:00,1258881.0,8.22,1
M3862,2025-09-09 05:42:00,752391.0,4.05,1
M3863,2025-09-09 05:43:00,645333.0,8.15,1
M3864,2025-09-09 05:44:00,177846.0,18.07,1
M3865,2025-09-09 05:45:00,1922237.0,14.05,1
M3866,2025-09-09 05:46:00,1218290.0,12.35,1
M3867,2025-09-09 05:47:00,273627.0,2.57,1
M3868,2025-09-09 05:48:00,3051692.0,25.65,1
M3869,2025-09-09 05:49:00,525315.0,1.96,1
M3870,2025-09-09 05:50:00,331669.0,1.99,1
M3871,2025-09-09 05:51:00,1324059.0,18.16,1
M3872,2025-09-09 05:52:00,232575.0,20.27,1
M3873,2025-09-09 05:53:00,559130.0,2.63,1
M3874,2025-09-09 05:54:00,1014661.0,5.83,1
M3875,2025-09-09 05:55:00,2696534.0,12.7,1
M3876,2025-09-09 05:56:00,166145.0,13.0,1
M3877,2025-09-09 05:57:00,509732.0,2.71,1
M3878,2025-09-09 05:58:00,854602.0,4.95,1
M3879,2025-09-09 05:59:00,272358.0,2.18,1
M3880,2025-09-09 06:00:00,2321120.0,12.04,1
M3881,2025-09-09 06:01:00,1036633.0,10.45,1
M3882,2025-09-09 06:02:00,600287.0,23.93,1
M3883,2025-09-09 06:03:00,110719.0,1.95,1
M3884,2025-09-09 06:04:00,282343.0,12.94,1
M3885,2025-09-09 06:05:00,95634.0,1.22,1
M3886,2025-09-09 06:06:00,426288.0,6.77,1
M3887,2025-09-09 06:07:00,112730.0,30.39,1
M3888,2025-09-09 06:08:00,157256.0,20.74,1
M3889,2025-09-09 06:09:00,786343.0,9.29,1
M3890,2025-09-09 06:10:00,1356158.0,9.39,1
M3891,2025-09-09 06:11:00,127371.0,26.35,1
M3892,2025-09-09 06:12:00,308790.0,2.66,1
M3893,2025-09-09 06:13:00,268425.0,1.94,1
M3894,2025-09-09 06:14:00,411087.0,20.99,1
M3895,2025-09-09 06:15:00,736727.0,1.65,1
M3896,2025-09-09 06:16:00,163430.0,50.23,1
M3897,2025-09-09 06:17:00,585840.0,30.91,1
M3898,2025-09-09 06:18:00,194192.0,10.47,1
M3899,2025-09-09 06:19:00,449828.0,4.79,1
M3900,2025-09-09 06:20:00,481183.0,3.98,1
M3901,2025-09-09 06:21:00,192206.0,2.12,1
M3902,2025-09-09 06:22:00,1802207.0,16.73,1
M3903,2025-09-09 06:23:00,636139.0,4.58,1
M3904,2025-09-09 06:24:00,754333.0,1.57,1
M3905,2025-09-09 06:25:00,128483.0,4.04,1
M3906,2025-09-09 06:26:00,233437.0,14.89,1
M3907,2025-09-09 06:27:00,146324.0,37.14,1
M3908,2025-09-09 06:28:00,1192433.0,19.39,1
M3909,2025-09-09 06:29:00,431997.0,160.25,1
M3910,2025-09-09 06:30:00,1450698.0,13.92,1
M3911,2025-09-09 06:31:00,531422.0,1.89,1
M3912,2025-09-09 06:32:00,217586.0,20.09,1
M3913,2025-09-09 06:33:00,880440.0,7.52,1
M3914,2025-09-09 06:34:00,178973.0,7.51,1
M3915,2025-09-09 06:35:00,318550.0,12.17,1
M3916,2025-09-09 06:36:00,4190089.0,3.88,1
M3917,2025-09-09 06:37:00,50661.0,13.0,1
M3918,2025-09-09 06:38:00,448778.0,20.8,1
M3919,2025-09-09 06:39:00,118889.0,32.34,1
M3920,2025-09-09 06:40:00,240000.0,5.34,1
M3921,2025-09-09 06:41:00,303589.0,37.39,1
M3922,2025-09-09 06:42:00,273880.0,4.7,1
M3923,2025-09-09 06:43:00,267032.0,5.7,1
M3924,2025-09-09 06:44:00,314722.0,4.99,1
M3925,2025-09-09 06:45:00,176968.0,17.75,1
M3926,2025-09-09 06:46:00,357768.0,26.79,1
M3927,2025-09-09 06:47:00,225203.0,24.35,1
M3928,2025-09-09 06:48:00,191490.0,8.78,1
M3929,2025-09-09 06:49:00,620888.0,7.09,1
M3930,2025-09-09 06:50:00,515253.0,6.69,1
M3931,2025-09-09 06:51:00,134385.0,10.91,1
M3932,2025-09-09 06:52:00,1025289.0,6.26,1
M3933,2025-09-09 06:53:00,136878.0,6.49,1
M3934,2025-09-09 06:54:00,225414.0,2.22,1
M3935,2025-09-09 06:55:00,82192.0,26.57,1
M3936,2025-09-09 06:56:00,406404.0,2.03,1
M3937,2025-09-09 06:57:00,284354.0,11.84,1
M3938,2025-09-09 06:58:00,33321.0,7.25,1
M3939,2025-09-09 06:59:00,1596129.0,30.4,1
M3940,2025-09-09 07:00:00,5215798.0,5.85,1
M3941,2025-09-09 07:01:00,403847.0,7.18,1
M3942,2025-09-09 07:02:00,568897.0,2.51,1
M3943,2025-09-09 07:03:00,1979503.0,18.19,1
M3944,2025-09-09 07:04:00,654537.0,4.49,1
M3945,2025-09-09 07:05:00,212190.0,13.71,1
M3946,2025-09-09 07:06:00,212053.0,59.77,1
M3947,2025-09-09 07:07:00,909022.0,2.65,1
M3948,2025-09-09 07:08:00,98739.0,5.32,1
M3949,2025-09-09 07:09:00,6220476.0,15.45,1
M3950,2025-09-09 07:10:00,447107.0,1.64,1
M3951,2025-09-09 07:11:00,88146.0,2.05,1
M3952,2025-09-09 07:12:00,356503.0,7.57,1
M3953,2025-09-09 07:13:00,184796.0,17.69,1
M3954,2025-09-09 07:14:00,213809.0,5.45,1
M3955,2025-09-09 07:15:00,671227.0,10.52,1
M3956,2025-09-09 07:16:00,362070.0,26.94,1
M3957,2025-09-09 07:17:00,635660.0,2.3,1
M3958,2025-09-09 07:18:00,714743.0,11.75,1
M3959,2025-09-09 07:19:00,1558799.0,4.59,1
M3960,2025-09-09 07:20:00,388632.0,32.19,1
M3961,2025-09-09 07:21:00,646678.0,10.29,1
M3962,2025-09-09 07:22:00,2203755.0,2.3,1
M3963,2025-09-09 07:23:00,85180.0,15.13,1
M3964,2025-09-09 07:24:00,150744.0,4.08,1
M3965,2025-09-09 07:25:00,819388.0,19.63,1
M3966,2025-09-09 07:26:00,260530.0,5.0,1
M3967,2025-09-09 07:27:00,975831.0,2.3,1
M3968,2025-09-09 07:28:00,3069467.0,24.54,1
M3969,2025-09-09 07:29:00,324452.0,7.28,1
M3970,2025-09-09 07:30:00,684819.0,17.63,1
M3971,2025-09-09 07:31:00,431320.0,13.29,1
M3972,2025-09-09 07:32:00,651859.0,6.68,1
M3973,2025-09-09 07:33:00,287613.0,13.23,1
M3974,2025-09-09 07:34:00,1322492.0,19.31,1
M3975,2025-09-09 07:35:00,396480.0,5.08,1
M3976,2025-09-09 07:36:00,727122.0,9.2,1
M3977,2025-09-09 07:37:00,751847.0,15.17,1
M3978,2025-09-09 07:38:00,302645.0,8.34,1
M3979,2025-09-09 07:39:00,796576.0,25.44,1
M3980,2025-09-09 07:40:00,863497.0,32.12,1
M3981,2025-09-09 07:41:00,204177.0,7.64,1
M3982,2025-09-09 07:42:00,313829.0,7.21,1
M3983,2025-09-09 07:43:00,815551.0,10.46,1
M3984,2025-09-09 07:44:00,1043758.0,10.23,1
M3985,2025-09-09 07:45:00,53561.0,3.08,1
M3986,2025-09-09 07:46:00,185923.0,8.71,1
M3987,2025-09-09 07:47:00,469995.0,0.64,1
M3988,2025-09-09 07:48:00,390653.0,20.44,1
M3989,2025-09-09 07:49:00,321480.0,2.34,1
M3990,2025-09-09 07:50:00,2446889.0,6.26,1
M3991,2025-09-09 07:51:00,1076568.0,90.32,1
M3992,2025-09-09 07:52:00,403176.0,16.2,1
M3993,2025-09-09 07:53:00,203710.0,13.86,1
M3994,2025-09-09 07:54:00,97355.0,3.08,1
M3995,2025-09-09 07:55:00,111801.0,10.42,1
M3996,2025-09-09 07:56:00,659735.0,7.08,1
M3997,2025-09-09 07:57:00,851753.0,2.97,1
M3998,2025-09-09 07:58:00,153480.0,16.58,1
M3999,2025-09-09 07:59:00,180928.0,2.37,1
