cif,tran_datetime,tran_amount_equal,gap_minutes,target
N0,2025-09-01 00:00:00,117840.0,5.46,0
N1,2025-09-01 00:01:00,268649.0,66.47,0
N2,2025-09-01 00:02:00,186453.0,28.21,0
N3,2025-09-01 00:03:00,242078.0,3.3,0
N4,2025-09-01 00:04:00,124619.0,10.03,0
N5,2025-09-01 00:05:00,434971.0,145.73,0
N6,2025-09-01 00:06:00,927483.0,1.09,0
N7,2025-09-01 00:07:00,34056.0,12.0,0
N8,2025-09-01 00:08:00,123038.0,91.76,0
N9,2025-09-01 00:09:00,342134.0,7.1,0
N10,2025-09-01 00:10:00,585542.0,8.89,0
N11,2025-09-01 00:11:00,77003.0,17.93,0
N12,2025-09-01 00:12:00,193781.0,120.26,0
N13,2025-09-01 00:13:00,15609.0,9.33,0
N14,2025-09-01 00:14:00,102124.0,11.79,0
N15,2025-09-01 00:15:00,1239074.0,11.93,0
N16,2025-09-01 00:16:00,161466.0,283.47,0
N17,2025-09-01 00:17:00,23067.0,277.03,0
N18,2025-09-01 00:18:00,401471.0,67.01,0
N19,2025-09-01 00:19:00,148022.0,31.93,0
N20,2025-09-01 00:20:00,280916.0,48.66,0
N21,2025-09-01 00:21:00,241356.0,120.17,0
N22,2025-09-01 00:22:00,204173.0,6.53,0
N23,2025-09-01 00:23:00,72335.0,82.35,0
N24,2025-09-01 00:24:00,32136.0,4.46,0
N25,2025-09-01 00:25:00,177803.0,9.34,0
N26,2025-09-01 00:26:00,402969.0,59.65,0
N27,2025-09-01 00:27:00,71861.0,3.62,0
N28,2025-09-01 00:28:00,75321.0,16.98,0
N29,2025-09-01 00:29:00,262507.0,7.14,0
N30,2025-09-01 00:30:00,1084946.0,14.78,0
N31,2025-09-01 00:31:00,928622.0,0.7,0
N32,2025-09-01 00:32:00,56429.0,2.4,0
N33,2025-09-01 00:33:00,305447.0,8.67,0
N34,2025-09-01 00:34:00,194604.0,61.13,0
N35,2025-09-01 00:35:00,253903.0,16.31,0
N36,2025-09-01 00:36:00,149259.0,20.15,0
N37,2025-09-01 00:37:00,99148.0,45.87,0
N38,2025-09-01 00:38:00,522274.0,6.99,0
N39,2025-09-01 00:39:00,64382.0,28.23,0
N40,2025-09-01 00:40:00,221394.0,7.64,0
N41,2025-09-01 00:41:00,866262.0,2.53,0
N42,2025-09-01 00:42:00,161840.0,12.57,0
N43,2025-09-01 00:43:00,297538.0,39.99,0
N44,2025-09-01 00:44:00,562701.0,30.15,0
N45,2025-09-01 00:45:00,69819.0,19.8,0
N46,2025-09-01 00:46:00,57040.0,354.55,0
N47,2025-09-01 00:47:00,66702.0,32.97,0
N48,2025-09-01 00:48:00,1263729.0,65.01,0
N49,2025-09-01 00:49:00,111246.0,294.65,0
N50,2025-09-01 00:50:00,176707.0,4.25,0
N51,2025-09-01 00:51:00,89553.0,5.77,0
N52,2025-09-01 00:52:00,74262.0,162.79,0
N53,2025-09-01 00:53:00,107284.0,7.71,0
N54,2025-09-01 00:54:00,523697.0,20.81,0
N55,2025-09-01 00:55:00,224742.0,72.47,0
N56,2025-09-01 00:56:00,273782.0,58.49,0
N57,2025-09-01 00:57:00,106704.0,164.99,0
N58,2025-09-01 00:58:00,339082.0,120.88,0
N59,2025-09-01 00:59:00,241116.0,72.48,0
N60,2025-09-01 01:00:00,42690.0,7.95,0
N61,2025-09-01 01:01:00,259909.0,52.13,0
N62,2025-09-01 01:02:00,57700.0,29.29,0
N63,2025-09-01 01:03:00,419639.0,4.09,0
N64,2025-09-01 01:04:00,161482.0,110.03,0
N65,2025-09-01 01:05:00,65894.0,52.91,0
N66,2025-09-01 01:06:00,269707.0,21.21,0
N67,2025-09-01 01:07:00,63445.0,15.18,0
N68,2025-09-01 01:08:00,236860.0,4.77,0
N69,2025-09-01 01:09:00,34777.0,25.52,0
N70,2025-09-01 01:10:00,211456.0,35.24,0
N71,2025-09-01 01:11:00,258102.0,7.41,0
N72,2025-09-01 01:12:00,61086.0,81.02,0
N73,2025-09-01 01:13:00,60301.0,5.38,0
N74,2025-09-01 01:14:00,66365.0,1.57,0
N75,2025-09-01 01:15:00,50452.0,69.94,0
N76,2025-09-01 01:16:00,178799.0,12.38,0
N77,2025-09-01 01:17:00,95520.0,17.27,0
N78,2025-09-01 01:18:00,67191.0,7.35,0
N79,2025-09-01 01:19:00,192438.0,2.92,0
N80,2025-09-01 01:20:00,40752.0,90.58,0
N81,2025-09-01 01:21:00,211413.0,8.79,0
N82,2025-09-01 01:22:00,582651.0,147.4,0
N83,2025-09-01 01:23:00,1657725.0,52.92,0
N84,2025-09-01 01:24:00,67739.0,13.77,0
N85,2025-09-01 01:25:00,67314.0,5.46,0
N86,2025-09-01 01:26:00,42455.0,8.34,0
N87,2025-09-01 01:27:00,873068.0,4.69,0
N88,2025-09-01 01:28:00,989718.0,245.8,0
N89,2025-09-01 01:29:00,862872.0,24.47,0
N90,2025-09-01 01:30:00,85551.0,79.86,0
N91,2025-09-01 01:31:00,920626.0,4.39,0
N92,2025-09-01 01:32:00,127556.0,24.96,0
N93,2025-09-01 01:33:00,27837.0,82.55,0
N94,2025-09-01 01:34:00,27086.0,13.44,0
N95,2025-09-01 01:35:00,272481.0,69.22,0
N96,2025-09-01 01:36:00,37597.0,5.47,0
N97,2025-09-01 01:37:00,382889.0,3.91,0
N98,2025-09-01 01:38:00,455052.0,31.67,0
N99,2025-09-01 01:39:00,998956.0,12.74,0
N100,2025-09-01 01:40:00,102690.0,43.4,0
N101,2025-09-01 01:41:00,65495.0,1.87,0
N102,2025-09-01 01:42:00,74534.0,47.22,0
N103,2025-09-01 01:43:00,146222.0,453.94,0
N104,2025-09-01 01:44:00,84298.0,19.5,0
N105,2025-09-01 01:45:00,138066.0,20.93,0
N106,2025-09-01 01:46:00,507853.0,24.91,0
N107,2025-09-01 01:47:00,134315.0,2.15,0
N108,2025-09-01 01:48:00,67230.0,33.49,0
N109,2025-09-01 01:49:00,168366.0,2.93,0
N110,2025-09-01 01:50:00,48831.0,12.02,0
N111,2025-09-01 01:51:00,158305.0,89.25,0
N112,2025-09-01 01:52:00,601998.0,8.31,0
N113,2025-09-01 01:53:00,81032.0,36.65,0
N114,2025-09-01 01:54:00,69327.0,67.71,0
N115,2025-09-01 01:55:00,135486.0,28.06,0
N116,2025-09-01 01:56:00,1356703.0,3.88,0
N117,2025-09-01 01:57:00,157555.0,13.48,0
N118,2025-09-01 01:58:00,46989.0,210.88,0
N119,2025-09-01 01:59:00,293599.0,1.77,0
N120,2025-09-01 02:00:00,297708.0,14.43,0
N121,2025-09-01 02:01:00,700603.0,10.36,0
N122,2025-09-01 02:02:00,220752.0,23.22,0
N123,2025-09-01 02:03:00,48053.0,49.3,0
N124,2025-09-01 02:04:00,42927.0,138.44,0
N125,2025-09-01 02:05:00,114262.0,14.52,0
N126,2025-09-01 02:06:00,577365.0,53.24,0
N127,2025-09-01 02:07:00,69287.0,36.59,0
N128,2025-09-01 02:08:00,242324.0,35.49,0
N129,2025-09-01 02:09:00,90916.0,10.21,0
N130,2025-09-01 02:10:00,245779.0,6.07,0
N131,2025-09-01 02:11:00,704042.0,5.37,0
N132,2025-09-01 02:12:00,206735.0,8.1,0
N133,2025-09-01 02:13:00,87243.0,29.55,0
N134,2025-09-01 02:14:00,253378.0,50.06,0
N135,2025-09-01 02:15:00,1483480.0,29.61,0
N136,2025-09-01 02:16:00,108251.0,10.39,0
N137,2025-09-01 02:17:00,234997.0,175.42,0
N138,2025-09-01 02:18:00,428794.0,124.29,0
N139,2025-09-01 02:19:00,440709.0,13.13,0
N140,2025-09-01 02:20:00,348776.0,7.48,0
N141,2025-09-01 02:21:00,237779.0,23.48,0
N142,2025-09-01 02:22:00,712855.0,91.91,0
N143,2025-09-01 02:23:00,533820.0,29.94,0
N144,2025-09-01 02:24:00,103501.0,39.17,0
N145,2025-09-01 02:25:00,255744.0,15.57,0
N146,2025-09-01 02:26:00,231503.0,34.73,0
N147,2025-09-01 02:27:00,110200.0,128.18,0
N148,2025-09-01 02:28:00,22373.0,15.07,0
N149,2025-09-01 02:29:00,394700.0,23.85,0
N150,2025-09-01 02:30:00,100510.0,27.24,0
N151,2025-09-01 02:31:00,119638.0,28.23,0
N152,2025-09-01 02:32:00,225774.0,3.69,0
N153,2025-09-01 02:33:00,65989.0,2.11,0
N154,2025-09-01 02:34:00,256506.0,5.91,0
N155,2025-09-01 02:35:00,653379.0,24.57,0
N156,2025-09-01 02:36:00,203276.0,39.04,0
N157,2025-09-01 02:37:00,541294.0,10.62,0
N158,2025-09-01 02:38:00,83909.0,104.87,0
N159,2025-09-01 02:39:00,278949.0,16.91,0
N160,2025-09-01 02:40:00,153196.0,20.58,0
N161,2025-09-01 02:41:00,20471.0,15.91,0
N162,2025-09-01 02:42:00,513626.0,23.59,0
N163,2025-09-01 02:43:00,156189.0,46.78,0
N164,2025-09-01 02:44:00,253550.0,44.65,0
N165,2025-09-01 02:45:00,132696.0,6.83,0
N166,2025-09-01 02:46:00,126380.0,125.01,0
N167,2025-09-01 02:47:00,122899.0,5.4,0
N168,2025-09-01 02:48:00,104608.0,22.09,0
N169,2025-09-01 02:49:00,120831.0,14.45,0
N170,2025-09-01 02:50:00,90391.0,5.7,0
N171,2025-09-01 02:51:00,85363.0,18.35,0
N172,2025-09-01 02:52:00,50523.0,8.26,0
N173,2025-09-01 02:53:00,2478369.0,21.92,0
N174,2025-09-01 02:54:00,84514.0,32.58,0
N175,2025-09-01 02:55:00,212577.0,117.49,0
N176,2025-09-01 02:56:00,47056.0,29.05,0
N177,2025-09-01 02:57:00,148330.0,9.65,0
N178,2025-09-01 02:58:00,63657.0,12.55,0
N179,2025-09-01 02:59:00,80990.0,23.76,0
N180,2025-09-01 03:00:00,80970.0,22.47,0
N181,2025-09-01 03:01:00,206856.0,115.76,0
N182,2025-09-01 03:02:00,81545.0,107.17,0
N183,2025-09-01 03:03:00,791937.0,13.06,0
N184,2025-09-01 03:04:00,184851.0,10.4,0
N185,2025-09-01 03:05:00,24557.0,0.93,0
N186,2025-09-01 03:06:00,236782.0,10.39,0
N187,2025-09-01 03:07:00,1058540.0,6.21,0
N188,2025-09-01 03:08:00,218036.0,13.12,0
N189,2025-09-01 03:09:00,268312.0,32.13,0
N190,2025-09-01 03:10:00,121446.0,24.84,0
N191,2025-09-01 03:11:00,302086.0,19.38,0
N192,2025-09-01 03:12:00,431143.0,25.52,0
N193,2025-09-01 03:13:00,206691.0,17.26,0
N194,2025-09-01 03:14:00,615598.0,25.44,0
N195,2025-09-01 03:15:00,600645.0,0.42,0
N196,2025-09-01 03:16:00,254999.0,14.54,0
N197,2025-09-01 03:17:00,70784.0,17.58,0
N198,2025-09-01 03:18:00,98212.0,13.34,0
N199,2025-09-01 03:19:00,214846.0,15.46,0
N200,2025-09-01 03:20:00,143652.0,46.71,0
N201,2025-09-01 03:21:00,70443.0,9.8,0
N202,2025-09-01 03:22:00,385140.0,281.7,0
N203,2025-09-01 03:23:00,103052.0,45.88,0
N204,2025-09-01 03:24:00,57860.0,19.93,0
N205,2025-09-01 03:25:00,269403.0,15.67,0
N206,2025-09-01 03:26:00,87215.0,18.1,0
N207,2025-09-01 03:27:00,62651.0,6.7,0
N208,2025-09-01 03:28:00,179085.0,17.92,0
N209,2025-09-01 03:29:00,2711686.0,28.06,0
N210,2025-09-01 03:30:00,98365.0,40.26,0
N211,2025-09-01 03:31:00,159065.0,40.27,0
N212,2025-09-01 03:32:00,111113.0,14.44,0
N213,2025-09-01 03:33:00,168251.0,3.67,0
N214,2025-09-01 03:34:00,39611.0,9.0,0
N215,2025-09-01 03:35:00,123954.0,139.02,0
N216,2025-09-01 03:36:00,457012.0,58.87,0
N217,2025-09-01 03:37:00,43437.0,31.3,0
N218,2025-09-01 03:38:00,725269.0,8.06,0
N219,2025-09-01 03:39:00,29463.0,20.17,0
N220,2025-09-01 03:40:00,399230.0,4.45,0
N221,2025-09-01 03:41:00,431631.0,10.36,0
N222,2025-09-01 03:42:00,483160.0,14.97,0
N223,2025-09-01 03:43:00,183230.0,13.01,0
N224,2025-09-01 03:44:00,224617.0,63.3,0
N225,2025-09-01 03:45:00,340109.0,3.66,0
N226,2025-09-01 03:46:00,41521.0,7.11,0
N227,2025-09-01 03:47:00,286895.0,3.86,0
N228,2025-09-01 03:48:00,71670.0,4.55,0
N229,2025-09-01 03:49:00,163908.0,23.31,0
N230,2025-09-01 03:50:00,661626.0,2.94,0
N231,2025-09-01 03:51:00,288136.0,49.63,0
N232,2025-09-01 03:52:00,70923.0,14.94,0
N233,2025-09-01 03:53:00,792843.0,21.81,0
N234,2025-09-01 03:54:00,45402.0,29.58,0
N235,2025-09-01 03:55:00,70027.0,11.93,0
N236,2025-09-01 03:56:00,432127.0,69.34,0
N237,2025-09-01 03:57:00,78769.0,15.91,0
N238,2025-09-01 03:58:00,331225.0,40.97,0
N239,2025-09-01 03:59:00,317744.0,15.82,0
N240,2025-09-01 04:00:00,183725.0,28.48,0
N241,2025-09-01 04:01:00,313800.0,28.1,0
N242,2025-09-01 04:02:00,100099.0,27.11,0
N243,2025-09-01 04:03:00,81150.0,6.24,0
N244,2025-09-01 04:04:00,142782.0,33.89,0
N245,2025-09-01 04:05:00,160224.0,13.7,0
N246,2025-09-01 04:06:00,64678.0,42.8,0
N247,2025-09-01 04:07:00,23365.0,1.52,0
N248,2025-09-01 04:08:00,519124.0,3.46,0
N249,2025-09-01 04:09:00,408252.0,31.07,0
N250,2025-09-01 04:10:00,181146.0,187.83,0
N251,2025-09-01 04:11:00,72525.0,54.71,0
N252,2025-09-01 04:12:00,2426587.0,8.86,0
N253,2025-09-01 04:13:00,478171.0,2.64,0
N254,2025-09-01 04:14:00,37115.0,48.97,0
N255,2025-09-01 04:15:00,294756.0,18.23,0
N256,2025-09-01 04:16:00,122714.0,40.81,0
N257,2025-09-01 04:17:00,881878.0,23.07,0
N258,2025-09-01 04:18:00,286155.0,20.81,0
N259,2025-09-01 04:19:00,52693.0,699.49,0
N260,2025-09-01 04:20:00,48518.0,19.94,0
N261,2025-09-01 04:21:00,42780.0,16.59,0
N262,2025-09-01 04:22:00,194042.0,17.36,0
N263,2025-09-01 04:23:00,31046.0,9.97,0
N264,2025-09-01 04:24:00,10683.0,65.9,0
N265,2025-09-01 04:25:00,100254.0,13.14,0
N266,2025-09-01 04:26:00,48208.0,43.08,0
N267,2025-09-01 04:27:00,112461.0,28.26,0
N268,2025-09-01 04:28:00,18943.0,86.73,0
N269,2025-09-01 04:29:00,144640.0,33.26,0
N270,2025-09-01 04:30:00,164701.0,4.68,0
N271,2025-09-01 04:31:00,51601.0,4.09,0
N272,2025-09-01 04:32:00,23948.0,108.86,0
N273,2025-09-01 04:33:00,150302.0,9.68,0
N274,2025-09-01 04:34:00,513269.0,4.12,0
N275,2025-09-01 04:35:00,13553.0,8.99,0
N276,2025-09-01 04:36:00,162427.0,91.61,0
N277,2025-09-01 04:37:00,11932.0,3.65,0
N278,2025-09-01 04:38:00,300646.0,7.1,0
N279,2025-09-01 04:39:00,86421.0,9.02,0
N280,2025-09-01 04:40:00,156257.0,4.48,0
N281,2025-09-01 04:41:00,41128.0,4.85,0
N282,2025-09-01 04:42:00,526185.0,3.25,0
N283,2025-09-01 04:43:00,379419.0,11.55,0
N284,2025-09-01 04:44:00,739335.0,13.12,0
N285,2025-09-01 04:45:00,55710.0,8.85,0
N286,2025-09-01 04:46:00,355522.0,2.76,0
N287,2025-09-01 04:47:00,9512306.0,90.38,0
N288,2025-09-01 04:48:00,37164.0,4.08,0
N289,2025-09-01 04:49:00,143139.0,28.04,0
N290,2025-09-01 04:50:00,90177.0,5.53,0
N291,2025-09-01 04:51:00,51247.0,44.79,0
N292,2025-09-01 04:52:00,301833.0,63.24,0
N293,2025-09-01 04:53:00,247924.0,7.01,0
N294,2025-09-01 04:54:00,28311.0,2.0,0
N295,2025-09-01 04:55:00,118848.0,46.29,0
N296,2025-09-01 04:56:00,26939.0,190.75,0
N297,2025-09-01 04:57:00,14873.0,33.08,0
N298,2025-09-01 04:58:00,299282.0,24.35,0
N299,2025-09-01 04:59:00,376712.0,53.72,0
N300,2025-09-01 05:00:00,84037.0,50.3,0
N301,2025-09-01 05:01:00,59827.0,7.43,0
N302,2025-09-01 05:02:00,175015.0,9.11,0
N303,2025-09-01 05:03:00,297406.0,41.82,0
N304,2025-09-01 05:04:00,2121220.0,16.9,0
N305,2025-09-01 05:05:00,237539.0,97.51,0
N306,2025-09-01 05:06:00,1011729.0,8.63,0
N307,2025-09-01 05:07:00,673545.0,49.44,0
N308,2025-09-01 05:08:00,35699.0,30.3,0
N309,2025-09-01 05:09:00,33764.0,17.26,0
N310,2025-09-01 05:10:00,199528.0,82.36,0
N311,2025-09-01 05:11:00,226664.0,45.43,0
N312,2025-09-01 05:12:00,43316.0,6.01,0
N313,2025-09-01 05:13:00,79178.0,43.3,0
N314,2025-09-01 05:14:00,106708.0,104.58,0
N315,2025-09-01 05:15:00,91026.0,17.18,0
N316,2025-09-01 05:16:00,386511.0,14.9,0
N317,2025-09-01 05:17:00,213158.0,8.99,0
N318,2025-09-01 05:18:00,495951.0,19.76,0
N319,2025-09-01 05:19:00,116161.0,45.76,0
N320,2025-09-01 05:20:00,66510.0,7.53,0
N321,2025-09-01 05:21:00,218530.0,3.99,0
N322,2025-09-01 05:22:00,1123194.0,12.8,0
N323,2025-09-01 05:23:00,743927.0,3.84,0
N324,2025-09-01 05:24:00,284378.0,37.63,0
N325,2025-09-01 05:25:00,29037.0,12.04,0
N326,2025-09-01 05:26:00,75139.0,2.44,0
N327,2025-09-01 05:27:00,88734.0,13.22,0
N328,2025-09-01 05:28:00,436869.0,15.94,0
N329,2025-09-01 05:29:00,2659243.0,34.43,0
N330,2025-09-01 05:30:00,74180.0,16.87,0
N331,2025-09-01 05:31:00,102988.0,189.14,0
N332,2025-09-01 05:32:00,334492.0,10.78,0
N333,2025-09-01 05:33:00,305571.0,18.64,0
N334,2025-09-01 05:34:00,77987.0,17.75,0
N335,2025-09-01 05:35:00,260104.0,14.31,0
N336,2025-09-01 05:36:00,1059024.0,23.83,0
N337,2025-09-01 05:37:00,37204.0,38.45,0
N338,2025-09-01 05:38:00,129566.0,100.3,0
N339,2025-09-01 05:39:00,149834.0,3.06,0
N340,2025-09-01 05:40:00,908421.0,10.89,0
N341,2025-09-01 05:41:00,249607.0,11.74,0
N342,2025-09-01 05:42:00,105970.0,61.89,0
N343,2025-09-01 05:43:00,32331.0,13.09,0
N344,2025-09-01 05:44:00,81726.0,2.07,0
N345,2025-09-01 05:45:00,74768.0,22.32,0
N346,2025-09-01 05:46:00,49204.0,19.29,0
N347,2025-09-01 05:47:00,62834.0,24.92,0
N348,2025-09-01 05:48:00,251571.0,5.76,0
N349,2025-09-01 05:49:00,151922.0,158.04,0
N350,2025-09-01 05:50:00,63209.0,13.62,0
N351,2025-09-01 05:51:00,130961.0,16.02,0
N352,2025-09-01 05:52:00,211463.0,6.82,0
N353,2025-09-01 05:53:00,66382.0,6.57,0
N354,2025-09-01 05:54:00,70185.0,4.63,0
N355,2025-09-01 05:55:00,227260.0,12.53,0
N356,2025-09-01 05:56:00,250187.0,6.37,0
N357,2025-09-01 05:57:00,77888.0,236.93,0
N358,2025-09-01 05:58:00,151754.0,2.08,0
N359,2025-09-01 05:59:00,328011.0,5.19,0
N360,2025-09-01 06:00:00,262055.0,12.41,0
N361,2025-09-01 06:01:00,43257.0,45.07,0
N362,2025-09-01 06:02:00,130217.0,12.23,0
N363,2025-09-01 06:03:00,89448.0,45.2,0
N364,2025-09-01 06:04:00,80337.0,6.15,0
N365,2025-09-01 06:05:00,72661.0,21.57,0
N366,2025-09-01 06:06:00,34029.0,162.85,0
N367,2025-09-01 06:07:00,1519733.0,6.29,0
N368,2025-09-01 06:08:00,154206.0,33.23,0
N369,2025-09-01 06:09:00,597959.0,25.75,0
N370,2025-09-01 06:10:00,192019.0,1.35,0
N371,2025-09-01 06:11:00,11574.0,9.91,0
N372,2025-09-01 06:12:00,242395.0,78.05,0
N373,2025-09-01 06:13:00,1271024.0,23.62,0
N374,2025-09-01 06:14:00,161265.0,4.69,0
N375,2025-09-01 06:15:00,98028.0,46.01,0
N376,2025-09-01 06:16:00,103009.0,11.3,0
N377,2025-09-01 06:17:00,127140.0,30.94,0
N378,2025-09-01 06:18:00,672055.0,31.57,0
N379,2025-09-01 06:19:00,97458.0,5.25,0
N380,2025-09-01 06:20:00,47838.0,51.82,0
N381,2025-09-01 06:21:00,269524.0,6.0,0
N382,2025-09-01 06:22:00,793764.0,4.19,0
N383,2025-09-01 06:23:00,46756.0,6.96,0
N384,2025-09-01 06:24:00,1786088.0,13.26,0
N385,2025-09-01 06:25:00,105465.0,22.9,0
N386,2025-09-01 06:26:00,716755.0,7.95,0
N387,2025-09-01 06:27:00,214299.0,49.1,0
N388,2025-09-01 06:28:00,391134.0,27.16,0
N389,2025-09-01 06:29:00,238255.0,8.73,0
N390,2025-09-01 06:30:00,143765.0,58.37,0
N391,2025-09-01 06:31:00,17772.0,80.91,0
N392,2025-09-01 06:32:00,8886.0,17.84,0
N393,2025-09-01 06:33:00,195377.0,15.52,0
N394,2025-09-01 06:34:00,130012.0,2.39,0
N395,2025-09-01 06:35:00,299498.0,12.32,0
N396,2025-09-01 06:36:00,28554.0,14.16,0
N397,2025-09-01 06:37:00,79975.0,26.96,0
N398,2025-09-01 06:38:00,132088.0,16.41,0
N399,2025-09-01 06:39:00,503608.0,26.92,0
N400,2025-09-01 06:40:00,421859.0,126.58,0
N401,2025-09-01 06:41:00,38533.0,10.63,0
N402,2025-09-01 06:42:00,61945.0,11.14,0
N403,2025-09-01 06:43:00,247241.0,4.17,0
N404,2025-09-01 06:44:00,214602.0,19.88,0
N405,2025-09-01 06:45:00,212979.0,64.86,0
N406,2025-09-01 06:46:00,715699.0,2.46,0
N407,2025-09-01 06:47:00,260853.0,9.03,0
N408,2025-09-01 06:48:00,357503.0,20.97,0
N409,2025-09-01 06:49:00,397087.0,55.71,0
N410,2025-09-01 06:50:00,108024.0,31.8,0
N411,2025-09-01 06:51:00,40686.0,29.68,0
N412,2025-09-01 06:52:00,1187335.0,15.35,0
N413,2025-09-01 06:53:00,203411.0,35.81,0
N414,2025-09-01 06:54:00,76287.0,67.84,0
N415,2025-09-01 06:55:00,69087.0,2.58,0
N416,2025-09-01 06:56:00,348932.0,48.15,0
N417,2025-09-01 06:57:00,32316.0,17.84,0
N418,2025-09-01 06:58:00,22178.0,10.63,0
N419,2025-09-01 06:59:00,58632.0,1.07,0
N420,2025-09-01 07:00:00,1573864.0,3.83,0
N421,2025-09-01 07:01:00,402894.0,154.11,0
N422,2025-09-01 07:02:00,478453.0,8.79,0
N423,2025-09-01 07:03:00,121183.0,5.46,0
N424,2025-09-01 07:04:00,253137.0,11.61,0
N425,2025-09-01 07:05:00,221141.0,8.21,0
N426,2025-09-01 07:06:00,139092.0,23.32,0
N427,2025-09-01 07:07:00,154665.0,124.01,0
N428,2025-09-01 07:08:00,135336.0,9.93,0
N429,2025-09-01 07:09:00,103127.0,24.17,0
N430,2025-09-01 07:10:00,165231.0,5.07,0
N431,2025-09-01 07:11:00,92945.0,124.49,0
N432,2025-09-01 07:12:00,127213.0,25.2,0
N433,2025-09-01 07:13:00,96910.0,5.48,0
N434,2025-09-01 07:14:00,112989.0,59.45,0
N435,2025-09-01 07:15:00,282622.0,84.77,0
N436,2025-09-01 07:16:00,436001.0,24.38,0
N437,2025-09-01 07:17:00,125515.0,2.81,0
N438,2025-09-01 07:18:00,255544.0,171.09,0
N439,2025-09-01 07:19:00,211977.0,29.14,0
N440,2025-09-01 07:20:00,260725.0,81.82,0
N441,2025-09-01 07:21:00,165886.0,10.37,0
N442,2025-09-01 07:22:00,127701.0,12.45,0
N443,2025-09-01 07:23:00,112060.0,22.93,0
N444,2025-09-01 07:24:00,145373.0,76.41,0
N445,2025-09-01 07:25:00,162496.0,23.85,0
N446,2025-09-01 07:26:00,46266.0,4.45,0
N447,2025-09-01 07:27:00,77858.0,27.51,0
N448,2025-09-01 07:28:00,33447.0,141.95,0
N449,2025-09-01 07:29:00,66219.0,21.74,0
N450,2025-09-01 07:30:00,181133.0,23.46,0
N451,2025-09-01 07:31:00,254648.0,4.41,0
N452,2025-09-01 07:32:00,26013.0,3.73,0
N453,2025-09-01 07:33:00,365917.0,9.34,0
N454,2025-09-01 07:34:00,277950.0,13.57,0
N455,2025-09-01 07:35:00,2176704.0,22.76,0
N456,2025-09-01 07:36:00,591268.0,24.51,0
N457,2025-09-01 07:37:00,35839.0,137.32,0
N458,2025-09-01 07:38:00,95850.0,21.55,0
N459,2025-09-01 07:39:00,1886686.0,72.05,0
N460,2025-09-01 07:40:00,15403.0,19.16,0
N461,2025-09-01 07:41:00,286071.0,114.28,0
N462,2025-09-01 07:42:00,804102.0,2.13,0
N463,2025-09-01 07:43:00,387189.0,9.79,0
N464,2025-09-01 07:44:00,132286.0,65.34,0
N465,2025-09-01 07:45:00,375378.0,16.35,0
N466,2025-09-01 07:46:00,274793.0,61.43,0
N467,2025-09-01 07:47:00,126716.0,31.88,0
N468,2025-09-01 07:48:00,299694.0,62.49,0
N469,2025-09-01 07:49:00,126644.0,41.92,0
N470,2025-09-01 07:50:00,548080.0,45.08,0
N471,2025-09-01 07:51:00,269141.0,120.42,0
N472,2025-09-01 07:52:00,96223.0,65.61,0
N473,2025-09-01 07:53:00,379258.0,66.19,0
N474,2025-09-01 07:54:00,34951.0,20.58,0
N475,2025-09-01 07:55:00,111900.0,9.99,0
N476,2025-09-01 07:56:00,1686572.0,9.1,0
N477,2025-09-01 07:57:00,192476.0,49.46,0
N478,2025-09-01 07:58:00,277172.0,1.08,0
N479,2025-09-01 07:59:00,222145.0,4.18,0
N480,2025-09-01 08:00:00,119601.0,6.32,0
N481,2025-09-01 08:01:00,104140.0,14.92,0
N482,2025-09-01 08:02:00,82668.0,0.85,0
N483,2025-09-01 08:03:00,347144.0,90.96,0
N484,2025-09-01 08:04:00,105080.0,41.27,0
N485,2025-09-01 08:05:00,325147.0,217.35,0
N486,2025-09-01 08:06:00,729549.0,71.86,0
N487,2025-09-01 08:07:00,183252.0,69.16,0
N488,2025-09-01 08:08:00,145128.0,299.11,0
N489,2025-09-01 08:09:00,143324.0,10.12,0
N490,2025-09-01 08:10:00,101572.0,3.31,0
N491,2025-09-01 08:11:00,106722.0,15.2,0
N492,2025-09-01 08:12:00,304772.0,7.46,0
N493,2025-09-01 08:13:00,59556.0,14.76,0
N494,2025-09-01 08:14:00,288205.0,5.7,0
N495,2025-09-01 08:15:00,67478.0,39.7,0
N496,2025-09-01 08:16:00,174978.0,37.17,0
N497,2025-09-01 08:17:00,18428.0,19.45,0
N498,2025-09-01 08:18:00,366789.0,29.19,0
N499,2025-09-01 08:19:00,959996.0,16.94,0
N500,2025-09-01 08:20:00,91618.0,49.52,0
N501,2025-09-01 08:21:00,120972.0,21.84,0
N502,2025-09-01 08:22:00,255703.0,14.61,0
N503,2025-09-01 08:23:00,824325.0,61.28,0
N504,2025-09-01 08:24:00,357376.0,91.19,0
N505,2025-09-01 08:25:00,39706.0,99.98,0
N506,2025-09-01 08:26:00,160400.0,6.12,0
N507,2025-09-01 08:27:00,595765.0,10.58,0
N508,2025-09-01 08:28:00,817798.0,2.61,0
N509,2025-09-01 08:29:00,209508.0,15.09,0
N510,2025-09-01 08:30:00,143609.0,33.09,0
N511,2025-09-01 08:31:00,174600.0,17.13,0
N512,2025-09-01 08:32:00,205507.0,203.78,0
N513,2025-09-01 08:33:00,210336.0,12.34,0
N514,2025-09-01 08:34:00,86063.0,5.44,0
N515,2025-09-01 08:35:00,86397.0,39.73,0
N516,2025-09-01 08:36:00,765290.0,24.04,0
N517,2025-09-01 08:37:00,49397.0,38.84,0
N518,2025-09-01 08:38:00,80813.0,28.92,0
N519,2025-09-01 08:39:00,521140.0,26.91,0
N520,2025-09-01 08:40:00,65381.0,1.57,0
N521,2025-09-01 08:41:00,94237.0,8.4,0
N522,2025-09-01 08:42:00,165738.0,9.89,0
N523,2025-09-01 08:43:00,39588.0,13.23,0
N524,2025-09-01 08:44:00,5717152.0,11.73,0
N525,2025-09-01 08:45:00,30630.0,32.96,0
N526,2025-09-01 08:46:00,468121.0,41.31,0
N527,2025-09-01 08:47:00,777371.0,5.17,0
N528,2025-09-01 08:48:00,89555.0,45.79,0
N529,2025-09-01 08:49:00,125511.0,40.57,0
N530,2025-09-01 08:50:00,72274.0,35.13,0
N531,2025-09-01 08:51:00,69405.0,3.66,0
N532,2025-09-01 08:52:00,385762.0,34.08,0
N533,2025-09-01 08:53:00,80805.0,22.18,0
N534,2025-09-01 08:54:00,28249.0,63.63,0
N535,2025-09-01 08:55:00,188452.0,170.93,0
N536,2025-09-01 08:56:00,195818.0,135.05,0
N537,2025-09-01 08:57:00,230420.0,22.99,0
N538,2025-09-01 08:58:00,23996.0,20.04,0
N539,2025-09-01 08:59:00,1862127.0,42.88,0
N540,2025-09-01 09:00:00,388395.0,5.27,0
N541,2025-09-01 09:01:00,62046.0,3.52,0
N542,2025-09-01 09:02:00,52045.0,11.39,0
N543,2025-09-01 09:03:00,120652.0,86.89,0
N544,2025-09-01 09:04:00,592433.0,13.5,0
N545,2025-09-01 09:05:00,367582.0,121.89,0
N546,2025-09-01 09:06:00,81955.0,0.71,0
N547,2025-09-01 09:07:00,200670.0,2.99,0
N548,2025-09-01 09:08:00,749268.0,17.32,0
N549,2025-09-01 09:09:00,173527.0,58.31,0
N550,2025-09-01 09:10:00,34974.0,18.48,0
N551,2025-09-01 09:11:00,86394.0,17.91,0
N552,2025-09-01 09:12:00,56798.0,17.36,0
N553,2025-09-01 09:13:00,76901.0,2.42,0
N554,2025-09-01 09:14:00,215303.0,80.61,0
N555,2025-09-01 09:15:00,475363.0,8.85,0
N556,2025-09-01 09:16:00,92111.0,74.25,0
N557,2025-09-01 09:17:00,254948.0,18.46,0
N558,2025-09-01 09:18:00,442350.0,72.37,0
N559,2025-09-01 09:19:00,140763.0,30.32,0
N560,2025-09-01 09:20:00,27844.0,17.67,0
N561,2025-09-01 09:21:00,52165.0,26.35,0
N562,2025-09-01 09:22:00,224273.0,3.43,0
N563,2025-09-01 09:23:00,62967.0,20.23,0
N564,2025-09-01 09:24:00,34760.0,157.47,0
N565,2025-09-01 09:25:00,21402.0,96.53,0
N566,2025-09-01 09:26:00,1303245.0,6.16,0
N567,2025-09-01 09:27:00,31519.0,36.85,0
N568,2025-09-01 09:28:00,278822.0,27.05,0
N569,2025-09-01 09:29:00,827975.0,53.55,0
N570,2025-09-01 09:30:00,332011.0,22.49,0
N571,2025-09-01 09:31:00,313213.0,15.18,0
N572,2025-09-01 09:32:00,78562.0,99.16,0
N573,2025-09-01 09:33:00,50717.0,26.04,0
N574,2025-09-01 09:34:00,450241.0,90.61,0
N575,2025-09-01 09:35:00,180777.0,64.67,0
N576,2025-09-01 09:36:00,246525.0,13.61,0
N577,2025-09-01 09:37:00,115228.0,16.44,0
N578,2025-09-01 09:38:00,182119.0,203.53,0
N579,2025-09-01 09:39:00,818152.0,25.27,0
N580,2025-09-01 09:40:00,30807.0,8.08,0
N581,2025-09-01 09:41:00,566895.0,4.76,0
N582,2025-09-01 09:42:00,170465.0,64.65,0
N583,2025-09-01 09:43:00,753651.0,24.35,0
N584,2025-09-01 09:44:00,380823.0,7.76,0
N585,2025-09-01 09:45:00,93974.0,45.13,0
N586,2025-09-01 09:46:00,642528.0,24.33,0
N587,2025-09-01 09:47:00,486492.0,2.74,0
N588,2025-09-01 09:48:00,132414.0,40.71,0
N589,2025-09-01 09:49:00,48941.0,99.47,0
N590,2025-09-01 09:50:00,94434.0,433.47,0
N591,2025-09-01 09:51:00,190453.0,20.94,0
N592,2025-09-01 09:52:00,97093.0,26.55,0
N593,2025-09-01 09:53:00,558285.0,138.09,0
N594,2025-09-01 09:54:00,120966.0,24.59,0
N595,2025-09-01 09:55:00,1264806.0,27.95,0
N596,2025-09-01 09:56:00,720357.0,9.42,0
N597,2025-09-01 09:57:00,725398.0,3.77,0
N598,2025-09-01 09:58:00,250226.0,60.05,0
N599,2025-09-01 09:59:00,370883.0,4.36,0
N600,2025-09-01 10:00:00,332690.0,78.95,0
N601,2025-09-01 10:01:00,81305.0,7.8,0
N602,2025-09-01 10:02:00,509264.0,27.61,0
N603,2025-09-01 10:03:00,498116.0,12.85,0
N604,2025-09-01 10:04:00,1655672.0,82.23,0
N605,2025-09-01 10:05:00,270434.0,28.82,0
N606,2025-09-01 10:06:00,269702.0,210.8,0
N607,2025-09-01 10:07:00,352045.0,5.47,0
N608,2025-09-01 10:08:00,22111.0,33.0,0
N609,2025-09-01 10:09:00,263046.0,21.26,0
N610,2025-09-01 10:10:00,234539.0,28.1,0
N611,2025-09-01 10:11:00,99965.0,136.33,0
N612,2025-09-01 10:12:00,125234.0,40.54,0
N613,2025-09-01 10:13:00,33243.0,5.07,0
N614,2025-09-01 10:14:00,21135.0,38.1,0
N615,2025-09-01 10:15:00,141925.0,12.2,0
N616,2025-09-01 10:16:00,732348.0,11.38,0
N617,2025-09-01 10:17:00,60091.0,70.46,0
N618,2025-09-01 10:18:00,421773.0,9.75,0
N619,2025-09-01 10:19:00,135177.0,12.73,0
N620,2025-09-01 10:20:00,168452.0,20.88,0
N621,2025-09-01 10:21:00,351083.0,62.52,0
N622,2025-09-01 10:22:00,116750.0,40.36,0
N623,2025-09-01 10:23:00,131957.0,15.16,0
N624,2025-09-01 10:24:00,59481.0,14.49,0
N625,2025-09-01 10:25:00,387164.0,4.99,0
N626,2025-09-01 10:26:00,236062.0,8.07,0
N627,2025-09-01 10:27:00,839434.0,9.16,0
N628,2025-09-01 10:28:00,113119.0,16.79,0
N629,2025-09-01 10:29:00,524504.0,217.92,0
N630,2025-09-01 10:30:00,79718.0,8.93,0
N631,2025-09-01 10:31:00,1297022.0,14.08,0
N632,2025-09-01 10:32:00,144878.0,1.71,0
N633,2025-09-01 10:33:00,149928.0,41.29,0
N634,2025-09-01 10:34:00,233892.0,3.03,0
N635,2025-09-01 10:35:00,1126318.0,6.77,0
N636,2025-09-01 10:36:00,427886.0,70.16,0
N637,2025-09-01 10:37:00,624042.0,1.61,0
N638,2025-09-01 10:38:00,434818.0,22.54,0
N639,2025-09-01 10:39:00,387133.0,52.52,0
N640,2025-09-01 10:40:00,192905.0,125.28,0
N641,2025-09-01 10:41:00,85989.0,6.66,0
N642,2025-09-01 10:42:00,662402.0,9.5,0
N643,2025-09-01 10:43:00,350137.0,175.09,0
N644,2025-09-01 10:44:00,138528.0,19.49,0
N645,2025-09-01 10:45:00,67729.0,8.3,0
N646,2025-09-01 10:46:00,25868.0,8.49,0
N647,2025-09-01 10:47:00,56745.0,6.25,0
N648,2025-09-01 10:48:00,65171.0,11.85,0
N649,2025-09-01 10:49:00,171607.0,74.13,0
N650,2025-09-01 10:50:00,44671.0,58.28,0
N651,2025-09-01 10:51:00,61559.0,4.91,0
N652,2025-09-01 10:52:00,182931.0,25.98,0
N653,2025-09-01 10:53:00,329147.0,12.4,0
N654,2025-09-01 10:54:00,19843.0,51.36,0
N655,2025-09-01 10:55:00,76871.0,16.65,0
N656,2025-09-01 10:56:00,64841.0,31.37,0
N657,2025-09-01 10:57:00,159709.0,16.6,0
N658,2025-09-01 10:58:00,614524.0,1.46,0
N659,2025-09-01 10:59:00,142243.0,21.25,0
N660,2025-09-01 11:00:00,47802.0,4.37,0
N661,2025-09-01 11:01:00,148925.0,49.23,0
N662,2025-09-01 11:02:00,83510.0,8.88,0
N663,2025-09-01 11:03:00,737216.0,9.72,0
N664,2025-09-01 11:04:00,115650.0,19.87,0
N665,2025-09-01 11:05:00,220121.0,40.18,0
N666,2025-09-01 11:06:00,42867.0,16.38,0
N667,2025-09-01 11:07:00,32063.0,144.12,0
N668,2025-09-01 11:08:00,24993.0,145.27,0
N669,2025-09-01 11:09:00,141750.0,157.36,0
N670,2025-09-01 11:10:00,55282.0,15.16,0
N671,2025-09-01 11:11:00,1021764.0,3.39,0
N672,2025-09-01 11:12:00,95211.0,86.84,0
N673,2025-09-01 11:13:00,252904.0,12.19,0
N674,2025-09-01 11:14:00,101661.0,21.03,0
N675,2025-09-01 11:15:00,257060.0,42.69,0
N676,2025-09-01 11:16:00,131641.0,2.93,0
N677,2025-09-01 11:17:00,46818.0,141.87,0
N678,2025-09-01 11:18:00,67981.0,57.39,0
N679,2025-09-01 11:19:00,147912.0,30.65,0
N680,2025-09-01 11:20:00,50963.0,58.5,0
N681,2025-09-01 11:21:00,97490.0,39.19,0
N682,2025-09-01 11:22:00,374677.0,23.11,0
N683,2025-09-01 11:23:00,110154.0,13.88,0
N684,2025-09-01 11:24:00,174580.0,8.27,0
N685,2025-09-01 11:25:00,127989.0,28.35,0
N686,2025-09-01 11:26:00,55234.0,30.98,0
N687,2025-09-01 11:27:00,41781.0,73.69,0
N688,2025-09-01 11:28:00,378274.0,25.55,0
N689,2025-09-01 11:29:00,436550.0,7.21,0
N690,2025-09-01 11:30:00,47257.0,3.03,0
N691,2025-09-01 11:31:00,391634.0,17.23,0
N692,2025-09-01 11:32:00,175208.0,19.43,0
N693,2025-09-01 11:33:00,261295.0,17.86,0
N694,2025-09-01 11:34:00,1240781.0,3.2,0
N695,2025-09-01 11:35:00,20502.0,72.92,0
N696,2025-09-01 11:36:00,102105.0,72.76,0
N697,2025-09-01 11:37:00,219583.0,7.48,0
N698,2025-09-01 11:38:00,381200.0,52.84,0
N699,2025-09-01 11:39:00,54992.0,63.02,0
N700,2025-09-01 11:40:00,314130.0,21.03,0
N701,2025-09-01 11:41:00,191654.0,6.44,0
N702,2025-09-01 11:42:00,732878.0,139.22,0
N703,2025-09-01 11:43:00,93271.0,31.73,0
N704,2025-09-01 11:44:00,323929.0,14.86,0
N705,2025-09-01 11:45:00,158866.0,50.78,0
N706,2025-09-01 11:46:00,68570.0,140.7,0
N707,2025-09-01 11:47:00,82429.0,11.06,0
N708,2025-09-01 11:48:00,82154.0,46.05,0
N709,2025-09-01 11:49:00,144193.0,206.81,0
N710,2025-09-01 11:50:00,198113.0,5.26,0
N711,2025-09-01 11:51:00,93382.0,10.39,0
N712,2025-09-01 11:52:00,398980.0,9.8,0
N713,2025-09-01 11:53:00,119312.0,16.61,0
N714,2025-09-01 11:54:00,548927.0,15.61,0
N715,2025-09-01 11:55:00,203303.0,28.82,0
N716,2025-09-01 11:56:00,188377.0,7.5,0
N717,2025-09-01 11:57:00,108415.0,9.51,0
N718,2025-09-01 11:58:00,411137.0,28.83,0
N719,2025-09-01 11:59:00,24301.0,24.19,0
N720,2025-09-01 12:00:00,273277.0,57.33,0
N721,2025-09-01 12:01:00,338750.0,32.83,0
N722,2025-09-01 12:02:00,386968.0,50.71,0
N723,2025-09-01 12:03:00,196104.0,5.1,0
N724,2025-09-01 12:04:00,3305079.0,12.68,0
N725,2025-09-01 12:05:00,191685.0,184.58,0
N726,2025-09-01 12:06:00,22836.0,32.15,0
N727,2025-09-01 12:07:00,162919.0,49.25,0
N728,2025-09-01 12:08:00,200730.0,27.86,0
N729,2025-09-01 12:09:00,73617.0,33.46,0
N730,2025-09-01 12:10:00,830521.0,15.22,0
N731,2025-09-01 12:11:00,124058.0,1459.57,0
N732,2025-09-01 12:12:00,57719.0,12.49,0
N733,2025-09-01 12:13:00,193592.0,19.18,0
N734,2025-09-01 12:14:00,190763.0,1.09,0
N735,2025-09-01 12:15:00,264152.0,75.76,0
N736,2025-09-01 12:16:00,11611.0,10.35,0
N737,2025-09-01 12:17:00,71517.0,18.67,0
N738,2025-09-01 12:18:00,239670.0,10.66,0
N739,2025-09-01 12:19:00,520502.0,17.01,0
N740,2025-09-01 12:20:00,219228.0,14.28,0
N741,2025-09-01 12:21:00,73087.0,19.07,0
N742,2025-09-01 12:22:00,140822.0,18.85,0
N743,2025-09-01 12:23:00,425579.0,16.69,0
N744,2025-09-01 12:24:00,350751.0,16.42,0
N745,2025-09-01 12:25:00,339803.0,96.57,0
N746,2025-09-01 12:26:00,612914.0,57.84,0
N747,2025-09-01 12:27:00,761474.0,58.26,0
N748,2025-09-01 12:28:00,52408.0,8.34,0
N749,2025-09-01 12:29:00,83778.0,90.76,0
N750,2025-09-01 12:30:00,585965.0,78.1,0
N751,2025-09-01 12:31:00,34635.0,10.34,0
N752,2025-09-01 12:32:00,437638.0,125.04,0
N753,2025-09-01 12:33:00,36491.0,8.85,0
N754,2025-09-01 12:34:00,505731.0,2.2,0
N755,2025-09-01 12:35:00,183428.0,75.33,0
N756,2025-09-01 12:36:00,191966.0,17.4,0
N757,2025-09-01 12:37:00,237822.0,64.86,0
N758,2025-09-01 12:38:00,64374.0,8.13,0
N759,2025-09-01 12:39:00,616411.0,4.42,0
N760,2025-09-01 12:40:00,535574.0,88.08,0
N761,2025-09-01 12:41:00,22408.0,3.71,0
N762,2025-09-01 12:42:00,1081262.0,3.09,0
N763,2025-09-01 12:43:00,64390.0,1.99,0
N764,2025-09-01 12:44:00,41170.0,0.7,0
N765,2025-09-01 12:45:00,47055.0,5.77,0
N766,2025-09-01 12:46:00,329142.0,1.49,0
N767,2025-09-01 12:47:00,5908.0,19.25,0
N768,2025-09-01 12:48:00,96158.0,1.37,0
N769,2025-09-01 12:49:00,90139.0,5.4,0
N770,2025-09-01 12:50:00,105550.0,329.8,0
N771,2025-09-01 12:51:00,37971.0,30.39,0
N772,2025-09-01 12:52:00,156485.0,21.4,0
N773,2025-09-01 12:53:00,174542.0,2.87,0
N774,2025-09-01 12:54:00,100325.0,14.96,0
N775,2025-09-01 12:55:00,487663.0,21.28,0
N776,2025-09-01 12:56:00,60315.0,2.93,0
N777,2025-09-01 12:57:00,129047.0,23.37,0
N778,2025-09-01 12:58:00,239299.0,83.89,0
N779,2025-09-01 12:59:00,32748.0,13.22,0
N780,2025-09-01 13:00:00,19050.0,15.85,0
N781,2025-09-01 13:01:00,199899.0,1.73,0
N782,2025-09-01 13:02:00,389570.0,3.75,0
N783,2025-09-01 13:03:00,967820.0,71.47,0
N784,2025-09-01 13:04:00,150442.0,9.08,0
N785,2025-09-01 13:05:00,168652.0,6.58,0
N786,2025-09-01 13:06:00,79128.0,8.75,0
N787,2025-09-01 13:07:00,229967.0,18.75,0
N788,2025-09-01 13:08:00,45973.0,5.0,0
N789,2025-09-01 13:09:00,288956.0,23.38,0
N790,2025-09-01 13:10:00,144868.0,3.93,0
N791,2025-09-01 13:11:00,71297.0,50.85,0
N792,2025-09-01 13:12:00,259494.0,5.65,0
N793,2025-09-01 13:13:00,323672.0,97.94,0
N794,2025-09-01 13:14:00,1560169.0,19.85,0
N795,2025-09-01 13:15:00,192419.0,7.28,0
N796,2025-09-01 13:16:00,125902.0,59.96,0
N797,2025-09-01 13:17:00,221191.0,3.86,0
N798,2025-09-01 13:18:00,223661.0,10.42,0
N799,2025-09-01 13:19:00,169208.0,20.08,0
N800,2025-09-01 13:20:00,2022430.0,17.37,0
N801,2025-09-01 13:21:00,613913.0,1.8,0
N802,2025-09-01 13:22:00,433394.0,6.65,0
N803,2025-09-01 13:23:00,194256.0,24.58,0
N804,2025-09-01 13:24:00,194169.0,4.12,0
N805,2025-09-01 13:25:00,97837.0,91.81,0
N806,2025-09-01 13:26:00,33958.0,36.39,0
N807,2025-09-01 13:27:00,154884.0,10.84,0
N808,2025-09-01 13:28:00,163017.0,15.42,0
N809,2025-09-01 13:29:00,107276.0,187.52,0
N810,2025-09-01 13:30:00,490713.0,61.76,0
N811,2025-09-01 13:31:00,241325.0,31.7,0
N812,2025-09-01 13:32:00,195865.0,3.67,0
N813,2025-09-01 13:33:00,259077.0,141.96,0
N814,2025-09-01 13:34:00,49120.0,71.01,0
N815,2025-09-01 13:35:00,121235.0,16.81,0
N816,2025-09-01 13:36:00,59347.0,10.38,0
N817,2025-09-01 13:37:00,442773.0,16.03,0
N818,2025-09-01 13:38:00,86242.0,4.75,0
N819,2025-09-01 13:39:00,43811.0,11.42,0
N820,2025-09-01 13:40:00,218621.0,50.19,0
N821,2025-09-01 13:41:00,565869.0,2.3,0
N822,2025-09-01 13:42:00,42963.0,13.78,0
N823,2025-09-01 13:43:00,471816.0,23.02,0
N824,2025-09-01 13:44:00,136583.0,22.74,0
N825,2025-09-01 13:45:00,82944.0,4.88,0
N826,2025-09-01 13:46:00,702955.0,4.86,0
N827,2025-09-01 13:47:00,544001.0,74.22,0
N828,2025-09-01 13:48:00,49622.0,4.62,0
N829,2025-09-01 13:49:00,549527.0,67.38,0
N830,2025-09-01 13:50:00,212010.0,11.26,0
N831,2025-09-01 13:51:00,221548.0,73.39,0
N832,2025-09-01 13:52:00,72689.0,12.12,0
N833,2025-09-01 13:53:00,111754.0,4.95,0
N834,2025-09-01 13:54:00,814444.0,56.14,0
N835,2025-09-01 13:55:00,85480.0,19.67,0
N836,2025-09-01 13:56:00,682578.0,114.24,0
N837,2025-09-01 13:57:00,2600144.0,58.59,0
N838,2025-09-01 13:58:00,80603.0,15.25,0
N839,2025-09-01 13:59:00,287161.0,11.71,0
N840,2025-09-01 14:00:00,475810.0,20.66,0
N841,2025-09-01 14:01:00,195359.0,25.24,0
N842,2025-09-01 14:02:00,32509.0,6.97,0
N843,2025-09-01 14:03:00,183280.0,55.16,0
N844,2025-09-01 14:04:00,321836.0,12.47,0
N845,2025-09-01 14:05:00,399039.0,12.09,0
N846,2025-09-01 14:06:00,61061.0,10.5,0
N847,2025-09-01 14:07:00,241193.0,26.5,0
N848,2025-09-01 14:08:00,237092.0,8.75,0
N849,2025-09-01 14:09:00,834838.0,23.62,0
N850,2025-09-01 14:10:00,494318.0,555.53,0
N851,2025-09-01 14:11:00,241970.0,18.83,0
N852,2025-09-01 14:12:00,758410.0,11.93,0
N853,2025-09-01 14:13:00,331761.0,2.71,0
N854,2025-09-01 14:14:00,104472.0,21.33,0
N855,2025-09-01 14:15:00,270653.0,5.31,0
N856,2025-09-01 14:16:00,169233.0,12.8,0
N857,2025-09-01 14:17:00,284913.0,24.09,0
N858,2025-09-01 14:18:00,1414634.0,2.52,0
N859,2025-09-01 14:19:00,98409.0,24.26,0
N860,2025-09-01 14:20:00,362223.0,28.95,0
N861,2025-09-01 14:21:00,791677.0,4.24,0
N862,2025-09-01 14:22:00,1595844.0,12.54,0
N863,2025-09-01 14:23:00,484784.0,2.23,0
N864,2025-09-01 14:24:00,118573.0,133.03,0
N865,2025-09-01 14:25:00,65112.0,29.86,0
N866,2025-09-01 14:26:00,69264.0,16.19,0
N867,2025-09-01 14:27:00,14579.0,16.51,0
N868,2025-09-01 14:28:00,249844.0,78.08,0
N869,2025-09-01 14:29:00,127733.0,17.94,0
N870,2025-09-01 14:30:00,151560.0,29.87,0
N871,2025-09-01 14:31:00,110926.0,124.26,0
N872,2025-09-01 14:32:00,172834.0,13.26,0
N873,2025-09-01 14:33:00,104704.0,5.41,0
N874,2025-09-01 14:34:00,150513.0,7.47,0
N875,2025-09-01 14:35:00,138413.0,111.54,0
N876,2025-09-01 14:36:00,227198.0,22.41,0
N877,2025-09-01 14:37:00,812717.0,10.99,0
N878,2025-09-01 14:38:00,298143.0,64.61,0
N879,2025-09-01 14:39:00,199863.0,66.52,0
N880,2025-09-01 14:40:00,49909.0,11.35,0
N881,2025-09-01 14:41:00,138133.0,6.26,0
N882,2025-09-01 14:42:00,684114.0,3.05,0
N883,2025-09-01 14:43:00,141561.0,2.33,0
N884,2025-09-01 14:44:00,1165697.0,14.61,0
N885,2025-09-01 14:45:00,466945.0,6.88,0
N886,2025-09-01 14:46:00,53682.0,186.82,0
N887,2025-09-01 14:47:00,127955.0,21.55,0
N888,2025-09-01 14:48:00,280199.0,1.95,0
N889,2025-09-01 14:49:00,435426.0,110.22,0
N890,2025-09-01 14:50:00,134326.0,24.39,0
N891,2025-09-01 14:51:00,103486.0,46.8,0
N892,2025-09-01 14:52:00,533020.0,45.53,0
N893,2025-09-01 14:53:00,359873.0,28.67,0
N894,2025-09-01 14:54:00,886532.0,37.64,0
N895,2025-09-01 14:55:00,96896.0,26.75,0
N896,2025-09-01 14:56:00,42874.0,5.32,0
N897,2025-09-01 14:57:00,507632.0,31.19,0
N898,2025-09-01 14:58:00,303062.0,68.63,0
N899,2025-09-01 14:59:00,127658.0,15.61,0
N900,2025-09-01 15:00:00,60263.0,38.92,0
N901,2025-09-01 15:01:00,68837.0,33.23,0
N902,2025-09-01 15:02:00,92725.0,177.47,0
N903,2025-09-01 15:03:00,25365.0,14.83,0
N904,2025-09-01 15:04:00,489529.0,14.15,0
N905,2025-09-01 15:05:00,333520.0,17.46,0
N906,2025-09-01 15:06:00,97010.0,17.76,0
N907,2025-09-01 15:07:00,71565.0,1.31,0
N908,2025-09-01 15:08:00,155760.0,9.29,0
N909,2025-09-01 15:09:00,2408879.0,28.79,0
N910,2025-09-01 15:10:00,235414.0,19.89,0
N911,2025-09-01 15:11:00,207696.0,7.7,0
N912,2025-09-01 15:12:00,64432.0,9.05,0
N913,2025-09-01 15:13:00,69353.0,13.11,0
N914,2025-09-01 15:14:00,819410.0,7.68,0
N915,2025-09-01 15:15:00,101770.0,10.85,0
N916,2025-09-01 15:16:00,233914.0,10.51,0
N917,2025-09-01 15:17:00,142720.0,58.82,0
N918,2025-09-01 15:18:00,123074.0,68.01,0
N919,2025-09-01 15:19:00,102965.0,61.58,0
N920,2025-09-01 15:20:00,340327.0,33.52,0
N921,2025-09-01 15:21:00,49635.0,8.58,0
N922,2025-09-01 15:22:00,436721.0,63.55,0
N923,2025-09-01 15:23:00,163307.0,13.78,0
N924,2025-09-01 15:24:00,37283.0,20.65,0
N925,2025-09-01 15:25:00,64656.0,100.07,0
N926,2025-09-01 15:26:00,104723.0,22.22,0
N927,2025-09-01 15:27:00,61897.0,27.02,0
N928,2025-09-01 15:28:00,48657.0,3.69,0
N929,2025-09-01 15:29:00,240128.0,36.03,0
N930,2025-09-01 15:30:00,880682.0,6.2,0
N931,2025-09-01 15:31:00,195688.0,67.65,0
N932,2025-09-01 15:32:00,84239.0,16.09,0
N933,2025-09-01 15:33:00,110302.0,1.37,0
N934,2025-09-01 15:34:00,136767.0,13.07,0
N935,2025-09-01 15:35:00,216716.0,15.28,0
N936,2025-09-01 15:36:00,1148326.0,35.97,0
N937,2025-09-01 15:37:00,242994.0,44.91,0
N938,2025-09-01 15:38:00,523692.0,13.55,0
N939,2025-09-01 15:39:00,228020.0,67.72,0
N940,2025-09-01 15:40:00,197902.0,0.45,0
N941,2025-09-01 15:41:00,105504.0,8.53,0
N942,2025-09-01 15:42:00,114448.0,5.29,0
N943,2025-09-01 15:43:00,533489.0,4.46,0
N944,2025-09-01 15:44:00,398351.0,63.54,0
N945,2025-09-01 15:45:00,519295.0,54.33,0
N946,2025-09-01 15:46:00,201692.0,7.92,0
N947,2025-09-01 15:47:00,106828.0,82.57,0
N948,2025-09-01 15:48:00,607799.0,22.69,0
N949,2025-09-01 15:49:00,62305.0,12.11,0
N950,2025-09-01 15:50:00,80278.0,8.75,0
N951,2025-09-01 15:51:00,202491.0,7.89,0
N952,2025-09-01 15:52:00,208186.0,35.42,0
N953,2025-09-01 15:53:00,56239.0,43.82,0
N954,2025-09-01 15:54:00,131088.0,26.74,0
N955,2025-09-01 15:55:00,73442.0,1.72,0
N956,2025-09-01 15:56:00,2721021.0,28.66,0
N957,2025-09-01 15:57:00,166741.0,39.59,0
N958,2025-09-01 15:58:00,718362.0,9.0,0
N959,2025-09-01 15:59:00,197591.0,21.16,0
N960,2025-09-01 16:00:00,285296.0,2.15,0
N961,2025-09-01 16:01:00,109060.0,4.59,0
N962,2025-09-01 16:02:00,386499.0,13.61,0
N963,2025-09-01 16:03:00,1044888.0,13.85,0
N964,2025-09-01 16:04:00,348027.0,30.63,0
N965,2025-09-01 16:05:00,109235.0,4.83,0
N966,2025-09-01 16:06:00,78332.0,13.34,0
N967,2025-09-01 16:07:00,522927.0,11.16,0
N968,2025-09-01 16:08:00,62322.0,37.85,0
N969,2025-09-01 16:09:00,91637.0,110.53,0
N970,2025-09-01 16:10:00,365384.0,158.4,0
N971,2025-09-01 16:11:00,272294.0,3.06,0
N972,2025-09-01 16:12:00,45983.0,18.96,0
N973,2025-09-01 16:13:00,137325.0,5.29,0
N974,2025-09-01 16:14:00,185220.0,18.58,0
N975,2025-09-01 16:15:00,452884.0,33.36,0
N976,2025-09-01 16:16:00,156515.0,22.15,0
N977,2025-09-01 16:17:00,52505.0,18.94,0
N978,2025-09-01 16:18:00,1161628.0,119.06,0
N979,2025-09-01 16:19:00,564795.0,47.71,0
N980,2025-09-01 16:20:00,79647.0,14.48,0
N981,2025-09-01 16:21:00,209133.0,20.68,0
N982,2025-09-01 16:22:00,554695.0,57.12,0
N983,2025-09-01 16:23:00,39675.0,41.75,0
N984,2025-09-01 16:24:00,279223.0,12.06,0
N985,2025-09-01 16:25:00,93768.0,2.39,0
N986,2025-09-01 16:26:00,72045.0,4.85,0
N987,2025-09-01 16:27:00,132937.0,23.93,0
N988,2025-09-01 16:28:00,135660.0,2.35,0
N989,2025-09-01 16:29:00,100515.0,16.73,0
N990,2025-09-01 16:30:00,32859.0,11.65,0
N991,2025-09-01 16:31:00,88760.0,66.63,0
N992,2025-09-01 16:32:00,125130.0,4.13,0
N993,2025-09-01 16:33:00,78608.0,1.98,0
N994,2025-09-01 16:34:00,120770.0,12.14,0
N995,2025-09-01 16:35:00,270019.0,43.02,0
N996,2025-09-01 16:36:00,506095.0,72.52,0
N997,2025-09-01 16:37:00,84628.0,6.75,0
N998,2025-09-01 16:38:00,165363.0,35.32,0
N999,2025-09-01 16:39:00,145777.0,5.29,0
N1000,2025-09-01 16:40:00,504609.0,8.18,0
N1001,2025-09-01 16:41:00,118006.0,39.69,0
N1002,2025-09-01 16:42:00,240903.0,47.55,0
N1003,2025-09-01 16:43:00,94656.0,6.05,0
N1004,2025-09-01 16:44:00,35833.0,35.51,0
N1005,2025-09-01 16:45:00,211536.0,2.13,0
N1006,2025-09-01 16:46:00,31502.0,15.75,0
N1007,2025-09-01 16:47:00,365877.0,5.15,0
N1008,2025-09-01 16:48:00,151793.0,7.62,0
N1009,2025-09-01 16:49:00,66072.0,4.34,0
N1010,2025-09-01 16:50:00,117726.0,39.03,0
N1011,2025-09-01 16:51:00,39258.0,39.04,0
N1012,2025-09-01 16:52:00,54151.0,8.76,0
N1013,2025-09-01 16:53:00,150554.0,31.52,0
N1014,2025-09-01 16:54:00,1487856.0,27.48,0
N1015,2025-09-01 16:55:00,85072.0,17.22,0
N1016,2025-09-01 16:56:00,394014.0,267.68,0
N1017,2025-09-01 16:57:00,29720.0,7.32,0
N1018,2025-09-01 16:58:00,247915.0,20.43,0
N1019,2025-09-01 16:59:00,58242.0,12.69,0
N1020,2025-09-01 17:00:00,531166.0,12.86,0
N1021,2025-09-01 17:01:00,37522.0,24.32,0
N1022,2025-09-01 17:02:00,657161.0,14.11,0
N1023,2025-09-01 17:03:00,295956.0,7.15,0
N1024,2025-09-01 17:04:00,13691.0,23.31,0
N1025,2025-09-01 17:05:00,76600.0,83.0,0
N1026,2025-09-01 17:06:00,97285.0,62.26,0
N1027,2025-09-01 17:07:00,50299.0,25.63,0
N1028,2025-09-01 17:08:00,328533.0,8.31,0
N1029,2025-09-01 17:09:00,956201.0,25.12,0
N1030,2025-09-01 17:10:00,730205.0,73.82,0
N1031,2025-09-01 17:11:00,2192512.0,83.88,0
N1032,2025-09-01 17:12:00,21450.0,30.93,0
N1033,2025-09-01 17:13:00,31969.0,12.97,0
N1034,2025-09-01 17:14:00,138459.0,15.75,0
N1035,2025-09-01 17:15:00,471882.0,50.73,0
N1036,2025-09-01 17:16:00,371066.0,45.77,0
N1037,2025-09-01 17:17:00,155853.0,2.44,0
N1038,2025-09-01 17:18:00,212713.0,44.27,0
N1039,2025-09-01 17:19:00,226465.0,47.16,0
N1040,2025-09-01 17:20:00,2428443.0,6.93,0
N1041,2025-09-01 17:21:00,751836.0,8.02,0
N1042,2025-09-01 17:22:00,188621.0,8.1,0
N1043,2025-09-01 17:23:00,69320.0,8.88,0
N1044,2025-09-01 17:24:00,19550.0,3.67,0
N1045,2025-09-01 17:25:00,339085.0,29.25,0
N1046,2025-09-01 17:26:00,148339.0,7.82,0
N1047,2025-09-01 17:27:00,588734.0,18.46,0
N1048,2025-09-01 17:28:00,407064.0,11.06,0
N1049,2025-09-01 17:29:00,103960.0,27.28,0
N1050,2025-09-01 17:30:00,671258.0,5.97,0
N1051,2025-09-01 17:31:00,2466787.0,26.96,0
N1052,2025-09-01 17:32:00,43148.0,32.06,0
N1053,2025-09-01 17:33:00,179584.0,54.22,0
N1054,2025-09-01 17:34:00,187826.0,213.01,0
N1055,2025-09-01 17:35:00,358698.0,1.63,0
N1056,2025-09-01 17:36:00,1098254.0,29.5,0
N1057,2025-09-01 17:37:00,86158.0,8.58,0
N1058,2025-09-01 17:38:00,265501.0,1.99,0
N1059,2025-09-01 17:39:00,13812.0,55.14,0
N1060,2025-09-01 17:40:00,274929.0,99.35,0
N1061,2025-09-01 17:41:00,221599.0,12.55,0
N1062,2025-09-01 17:42:00,292641.0,25.87,0
N1063,2025-09-01 17:43:00,102324.0,18.6,0
N1064,2025-09-01 17:44:00,737098.0,33.82,0
N1065,2025-09-01 17:45:00,189786.0,57.78,0
N1066,2025-09-01 17:46:00,39024.0,30.38,0
N1067,2025-09-01 17:47:00,86634.0,30.41,0
N1068,2025-09-01 17:48:00,327255.0,91.08,0
N1069,2025-09-01 17:49:00,374207.0,16.48,0
N1070,2025-09-01 17:50:00,99479.0,60.81,0
N1071,2025-09-01 17:51:00,151594.0,7.49,0
N1072,2025-09-01 17:52:00,103099.0,138.17,0
N1073,2025-09-01 17:53:00,23174.0,48.69,0
N1074,2025-09-01 17:54:00,158177.0,12.37,0
N1075,2025-09-01 17:55:00,59430.0,1.59,0
N1076,2025-09-01 17:56:00,67800.0,20.08,0
N1077,2025-09-01 17:57:00,109936.0,4.86,0
N1078,2025-09-01 17:58:00,65977.0,28.78,0
N1079,2025-09-01 17:59:00,56106.0,114.59,0
N1080,2025-09-01 18:00:00,369363.0,24.34,0
N1081,2025-09-01 18:01:00,35729.0,16.22,0
N1082,2025-09-01 18:02:00,71065.0,30.28,0
N1083,2025-09-01 18:03:00,75142.0,28.3,0
N1084,2025-09-01 18:04:00,371796.0,1.18,0
N1085,2025-09-01 18:05:00,372592.0,26.82,0
N1086,2025-09-01 18:06:00,1066088.0,42.28,0
N1087,2025-09-01 18:07:00,114504.0,14.71,0
N1088,2025-09-01 18:08:00,147099.0,64.99,0
N1089,2025-09-01 18:09:00,71680.0,17.23,0
N1090,2025-09-01 18:10:00,77679.0,50.42,0
N1091,2025-09-01 18:11:00,979746.0,307.27,0
N1092,2025-09-01 18:12:00,59702.0,17.89,0
N1093,2025-09-01 18:13:00,199759.0,1.95,0
N1094,2025-09-01 18:14:00,198628.0,13.41,0
N1095,2025-09-01 18:15:00,176353.0,2.53,0
N1096,2025-09-01 18:16:00,94620.0,41.82,0
N1097,2025-09-01 18:17:00,698389.0,96.66,0
N1098,2025-09-01 18:18:00,463636.0,46.3,0
N1099,2025-09-01 18:19:00,108102.0,29.5,0
N1100,2025-09-01 18:20:00,1162653.0,9.26,0
N1101,2025-09-01 18:21:00,416026.0,133.06,0
N1102,2025-09-01 18:22:00,191256.0,49.6,0
N1103,2025-09-01 18:23:00,35668.0,28.26,0
N1104,2025-09-01 18:24:00,279582.0,25.68,0
N1105,2025-09-01 18:25:00,324872.0,22.96,0
N1106,2025-09-01 18:26:00,203045.0,34.56,0
N1107,2025-09-01 18:27:00,148660.0,9.62,0
N1108,2025-09-01 18:28:00,169334.0,125.25,0
N1109,2025-09-01 18:29:00,220129.0,24.11,0
N1110,2025-09-01 18:30:00,221156.0,41.27,0
N1111,2025-09-01 18:31:00,335997.0,11.94,0
N1112,2025-09-01 18:32:00,50075.0,31.5,0
N1113,2025-09-01 18:33:00,187302.0,1.3,0
N1114,2025-09-01 18:34:00,110085.0,5.25,0
N1115,2025-09-01 18:35:00,273427.0,19.34,0
N1116,2025-09-01 18:36:00,27390.0,4.11,0
N1117,2025-09-01 18:37:00,221451.0,375.14,0
N1118,2025-09-01 18:38:00,202368.0,2.71,0
N1119,2025-09-01 18:39:00,286837.0,30.42,0
N1120,2025-09-01 18:40:00,1479681.0,146.49,0
N1121,2025-09-01 18:41:00,26763.0,35.79,0
N1122,2025-09-01 18:42:00,227409.0,13.84,0
N1123,2025-09-01 18:43:00,76768.0,10.35,0
N1124,2025-09-01 18:44:00,708241.0,45.06,0
N1125,2025-09-01 18:45:00,180469.0,7.69,0
N1126,2025-09-01 18:46:00,249259.0,17.4,0
N1127,2025-09-01 18:47:00,96442.0,46.04,0
N1128,2025-09-01 18:48:00,60779.0,13.88,0
N1129,2025-09-01 18:49:00,233967.0,22.31,0
N1130,2025-09-01 18:50:00,288667.0,13.94,0
N1131,2025-09-01 18:51:00,42370.0,6.27,0
N1132,2025-09-01 18:52:00,206865.0,83.68,0
N1133,2025-09-01 18:53:00,159660.0,106.88,0
N1134,2025-09-01 18:54:00,189204.0,13.74,0
N1135,2025-09-01 18:55:00,127823.0,14.6,0
N1136,2025-09-01 18:56:00,106765.0,16.22,0
N1137,2025-09-01 18:57:00,51266.0,38.34,0
N1138,2025-09-01 18:58:00,99725.0,6.78,0
N1139,2025-09-01 18:59:00,261881.0,18.06,0
N1140,2025-09-01 19:00:00,1124287.0,27.54,0
N1141,2025-09-01 19:01:00,268795.0,43.4,0
N1142,2025-09-01 19:02:00,26441.0,0.71,0
N1143,2025-09-01 19:03:00,496789.0,32.59,0
N1144,2025-09-01 19:04:00,234426.0,30.42,0
N1145,2025-09-01 19:05:00,584146.0,67.31,0
N1146,2025-09-01 19:06:00,1127393.0,10.68,0
N1147,2025-09-01 19:07:00,571068.0,10.78,0
N1148,2025-09-01 19:08:00,225650.0,85.03,0
N1149,2025-09-01 19:09:00,163468.0,3.08,0
N1150,2025-09-01 19:10:00,460005.0,141.87,0
N1151,2025-09-01 19:11:00,113763.0,431.42,0
N1152,2025-09-01 19:12:00,145633.0,35.62,0
N1153,2025-09-01 19:13:00,453518.0,53.35,0
N1154,2025-09-01 19:14:00,430581.0,3.36,0
N1155,2025-09-01 19:15:00,95559.0,8.73,0
N1156,2025-09-01 19:16:00,368759.0,71.48,0
N1157,2025-09-01 19:17:00,66488.0,31.01,0
N1158,2025-09-01 19:18:00,96601.0,16.16,0
N1159,2025-09-01 19:19:00,305075.0,26.56,0
N1160,2025-09-01 19:20:00,1451923.0,36.91,0
N1161,2025-09-01 19:21:00,500653.0,14.13,0
N1162,2025-09-01 19:22:00,208968.0,19.4,0
N1163,2025-09-01 19:23:00,31007.0,19.23,0
N1164,2025-09-01 19:24:00,101158.0,5.68,0
N1165,2025-09-01 19:25:00,195526.0,29.62,0
N1166,2025-09-01 19:26:00,242959.0,174.92,0
N1167,2025-09-01 19:27:00,126484.0,160.51,0
N1168,2025-09-01 19:28:00,29543.0,3.42,0
N1169,2025-09-01 19:29:00,90645.0,39.84,0
N1170,2025-09-01 19:30:00,142470.0,45.18,0
N1171,2025-09-01 19:31:00,73366.0,12.27,0
N1172,2025-09-01 19:32:00,275244.0,6.32,0
N1173,2025-09-01 19:33:00,59700.0,4.12,0
N1174,2025-09-01 19:34:00,133454.0,11.78,0
N1175,2025-09-01 19:35:00,104315.0,30.57,0
N1176,2025-09-01 19:36:00,22867.0,16.62,0
N1177,2025-09-01 19:37:00,107968.0,9.65,0
N1178,2025-09-01 19:38:00,147236.0,4.49,0
N1179,2025-09-01 19:39:00,454725.0,30.6,0
N1180,2025-09-01 19:40:00,303594.0,72.23,0
N1181,2025-09-01 19:41:00,185641.0,6.6,0
N1182,2025-09-01 19:42:00,121479.0,34.4,0
N1183,2025-09-01 19:43:00,253377.0,2.11,0
N1184,2025-09-01 19:44:00,216224.0,9.13,0
N1185,2025-09-01 19:45:00,24649.0,48.21,0
N1186,2025-09-01 19:46:00,42364.0,5.25,0
N1187,2025-09-01 19:47:00,17316.0,9.72,0
N1188,2025-09-01 19:48:00,465755.0,110.12,0
N1189,2025-09-01 19:49:00,10413.0,8.34,0
N1190,2025-09-01 19:50:00,1390468.0,7.21,0
N1191,2025-09-01 19:51:00,316053.0,40.09,0
N1192,2025-09-01 19:52:00,145185.0,209.7,0
N1193,2025-09-01 19:53:00,336788.0,15.07,0
N1194,2025-09-01 19:54:00,62388.0,50.53,0
N1195,2025-09-01 19:55:00,73194.0,100.98,0
N1196,2025-09-01 19:56:00,235993.0,29.69,0
N1197,2025-09-01 19:57:00,103101.0,14.53,0
N1198,2025-09-01 19:58:00,141555.0,7.02,0
N1199,2025-09-01 19:59:00,81429.0,3.63,0
N1200,2025-09-01 20:00:00,98555.0,76.25,0
N1201,2025-09-01 20:01:00,170752.0,24.96,0
N1202,2025-09-01 20:02:00,656912.0,99.42,0
N1203,2025-09-01 20:03:00,185465.0,65.81,0
N1204,2025-09-01 20:04:00,91234.0,9.58,0
N1205,2025-09-01 20:05:00,282423.0,4.83,0
N1206,2025-09-01 20:06:00,76085.0,32.96,0
N1207,2025-09-01 20:07:00,120216.0,9.4,0
N1208,2025-09-01 20:08:00,1632593.0,31.56,0
N1209,2025-09-01 20:09:00,66170.0,8.35,0
N1210,2025-09-01 20:10:00,237711.0,7.15,0
N1211,2025-09-01 20:11:00,117807.0,16.96,0
N1212,2025-09-01 20:12:00,92287.0,61.62,0
N1213,2025-09-01 20:13:00,118795.0,29.02,0
N1214,2025-09-01 20:14:00,21838.0,82.6,0
N1215,2025-09-01 20:15:00,54357.0,4.57,0
N1216,2025-09-01 20:16:00,325644.0,5.65,0
N1217,2025-09-01 20:17:00,125505.0,18.05,0
N1218,2025-09-01 20:18:00,43703.0,270.11,0
N1219,2025-09-01 20:19:00,26089.0,45.11,0
N1220,2025-09-01 20:20:00,98240.0,5.58,0
N1221,2025-09-01 20:21:00,120689.0,18.33,0
N1222,2025-09-01 20:22:00,147106.0,26.18,0
N1223,2025-09-01 20:23:00,576827.0,10.15,0
N1224,2025-09-01 20:24:00,81996.0,41.93,0
N1225,2025-09-01 20:25:00,150288.0,16.65,0
N1226,2025-09-01 20:26:00,187363.0,14.02,0
N1227,2025-09-01 20:27:00,24932.0,91.13,0
N1228,2025-09-01 20:28:00,347884.0,2.58,0
N1229,2025-09-01 20:29:00,94954.0,6.33,0
N1230,2025-09-01 20:30:00,211653.0,7.53,0
N1231,2025-09-01 20:31:00,120318.0,7.26,0
N1232,2025-09-01 20:32:00,427242.0,8.38,0
N1233,2025-09-01 20:33:00,183020.0,36.1,0
N1234,2025-09-01 20:34:00,325811.0,74.88,0
N1235,2025-09-01 20:35:00,253723.0,60.3,0
N1236,2025-09-01 20:36:00,114682.0,5.91,0
N1237,2025-09-01 20:37:00,58939.0,17.66,0
N1238,2025-09-01 20:38:00,38827.0,34.56,0
N1239,2025-09-01 20:39:00,11050.0,26.79,0
N1240,2025-09-01 20:40:00,241929.0,96.24,0
N1241,2025-09-01 20:41:00,64340.0,8.93,0
N1242,2025-09-01 20:42:00,576726.0,24.23,0
N1243,2025-09-01 20:43:00,184302.0,12.53,0
N1244,2025-09-01 20:44:00,562398.0,27.15,0
N1245,2025-09-01 20:45:00,371682.0,5.5,0
N1246,2025-09-01 20:46:00,172041.0,6.59,0
N1247,2025-09-01 20:47:00,101898.0,8.36,0
N1248,2025-09-01 20:48:00,264576.0,10.21,0
N1249,2025-09-01 20:49:00,125658.0,128.7,0
N1250,2025-09-01 20:50:00,40738.0,82.31,0
N1251,2025-09-01 20:51:00,78035.0,15.56,0
N1252,2025-09-01 20:52:00,148581.0,24.72,0
N1253,2025-09-01 20:53:00,224693.0,2.96,0
N1254,2025-09-01 20:54:00,47575.0,16.2,0
N1255,2025-09-01 20:55:00,77775.0,24.33,0
N1256,2025-09-01 20:56:00,448689.0,79.43,0
N1257,2025-09-01 20:57:00,63324.0,29.73,0
N1258,2025-09-01 20:58:00,59842.0,33.77,0
N1259,2025-09-01 20:59:00,632147.0,28.71,0
N1260,2025-09-01 21:00:00,219962.0,27.74,0
N1261,2025-09-01 21:01:00,54188.0,3.76,0
N1262,2025-09-01 21:02:00,293668.0,12.18,0
N1263,2025-09-01 21:03:00,121796.0,112.38,0
N1264,2025-09-01 21:04:00,153196.0,53.98,0
N1265,2025-09-01 21:05:00,91969.0,36.35,0
N1266,2025-09-01 21:06:00,112021.0,21.76,0
N1267,2025-09-01 21:07:00,483040.0,44.32,0
N1268,2025-09-01 21:08:00,523756.0,6.46,0
N1269,2025-09-01 21:09:00,2114070.0,3.02,0
N1270,2025-09-01 21:10:00,54128.0,12.7,0
N1271,2025-09-01 21:11:00,495405.0,38.3,0
N1272,2025-09-01 21:12:00,186299.0,22.86,0
N1273,2025-09-01 21:13:00,250766.0,67.81,0
N1274,2025-09-01 21:14:00,94679.0,30.62,0
N1275,2025-09-01 21:15:00,336427.0,21.2,0
N1276,2025-09-01 21:16:00,70835.0,98.79,0
N1277,2025-09-01 21:17:00,604690.0,78.17,0
N1278,2025-09-01 21:18:00,52687.0,17.86,0
N1279,2025-09-01 21:19:00,107006.0,5.35,0
N1280,2025-09-01 21:20:00,152553.0,6.76,0
N1281,2025-09-01 21:21:00,46929.0,16.55,0
N1282,2025-09-01 21:22:00,368724.0,12.93,0
N1283,2025-09-01 21:23:00,730431.0,146.84,0
N1284,2025-09-01 21:24:00,256752.0,2.67,0
N1285,2025-09-01 21:25:00,71200.0,18.59,0
N1286,2025-09-01 21:26:00,38556.0,5.59,0
N1287,2025-09-01 21:27:00,1800470.0,23.11,0
N1288,2025-09-01 21:28:00,3250687.0,31.78,0
N1289,2025-09-01 21:29:00,439240.0,12.36,0
N1290,2025-09-01 21:30:00,460044.0,37.96,0
N1291,2025-09-01 21:31:00,357430.0,15.83,0
N1292,2025-09-01 21:32:00,79778.0,16.2,0
N1293,2025-09-01 21:33:00,220743.0,12.16,0
N1294,2025-09-01 21:34:00,118033.0,43.86,0
N1295,2025-09-01 21:35:00,184590.0,23.72,0
N1296,2025-09-01 21:36:00,1411856.0,132.67,0
N1297,2025-09-01 21:37:00,99083.0,92.21,0
N1298,2025-09-01 21:38:00,85363.0,39.04,0
N1299,2025-09-01 21:39:00,45807.0,1.5,0
N1300,2025-09-01 21:40:00,196362.0,3.38,0
N1301,2025-09-01 21:41:00,85342.0,65.6,0
N1302,2025-09-01 21:42:00,30280.0,11.35,0
N1303,2025-09-01 21:43:00,103467.0,26.62,0
N1304,2025-09-01 21:44:00,153687.0,9.43,0
N1305,2025-09-01 21:45:00,172963.0,37.39,0
N1306,2025-09-01 21:46:00,137833.0,63.41,0
N1307,2025-09-01 21:47:00,76481.0,4.7,0
N1308,2025-09-01 21:48:00,181086.0,7.57,0
N1309,2025-09-01 21:49:00,178354.0,2.73,0
N1310,2025-09-01 21:50:00,61600.0,26.58,0
N1311,2025-09-01 21:51:00,178353.0,2.72,0
N1312,2025-09-01 21:52:00,345975.0,12.94,0
N1313,2025-09-01 21:53:00,83739.0,37.47,0
N1314,2025-09-01 21:54:00,87650.0,237.39,0
N1315,2025-09-01 21:55:00,89850.0,31.25,0
N1316,2025-09-01 21:56:00,343078.0,90.33,0
N1317,2025-09-01 21:57:00,30293.0,27.41,0
N1318,2025-09-01 21:58:00,148954.0,29.11,0
N1319,2025-09-01 21:59:00,36741.0,15.59,0
N1320,2025-09-01 22:00:00,261619.0,12.68,0
N1321,2025-09-01 22:01:00,143378.0,82.21,0
N1322,2025-09-01 22:02:00,461003.0,31.49,0
N1323,2025-09-01 22:03:00,76460.0,30.07,0
N1324,2025-09-01 22:04:00,395703.0,9.68,0
N1325,2025-09-01 22:05:00,85317.0,13.28,0
N1326,2025-09-01 22:06:00,87014.0,240.08,0
N1327,2025-09-01 22:07:00,73439.0,18.52,0
N1328,2025-09-01 22:08:00,114663.0,98.63,0
N1329,2025-09-01 22:09:00,149676.0,10.76,0
N1330,2025-09-01 22:10:00,59820.0,52.55,0
N1331,2025-09-01 22:11:00,99703.0,28.44,0
N1332,2025-09-01 22:12:00,406379.0,12.37,0
N1333,2025-09-01 22:13:00,171332.0,43.74,0
N1334,2025-09-01 22:14:00,633668.0,3.15,0
N1335,2025-09-01 22:15:00,285567.0,40.03,0
N1336,2025-09-01 22:16:00,224038.0,51.64,0
N1337,2025-09-01 22:17:00,170466.0,27.87,0
N1338,2025-09-01 22:18:00,324307.0,96.84,0
N1339,2025-09-01 22:19:00,170619.0,18.51,0
N1340,2025-09-01 22:20:00,250089.0,16.79,0
N1341,2025-09-01 22:21:00,314953.0,30.75,0
N1342,2025-09-01 22:22:00,79833.0,56.9,0
N1343,2025-09-01 22:23:00,1138263.0,39.8,0
N1344,2025-09-01 22:24:00,324299.0,15.3,0
N1345,2025-09-01 22:25:00,42484.0,6.08,0
N1346,2025-09-01 22:26:00,648423.0,44.53,0
N1347,2025-09-01 22:27:00,51478.0,7.79,0
N1348,2025-09-01 22:28:00,411386.0,7.52,0
N1349,2025-09-01 22:29:00,48327.0,9.16,0
N1350,2025-09-01 22:30:00,45197.0,21.53,0
N1351,2025-09-01 22:31:00,176907.0,7.72,0
N1352,2025-09-01 22:32:00,639586.0,5.14,0
N1353,2025-09-01 22:33:00,176096.0,9.11,0
N1354,2025-09-01 22:34:00,101106.0,16.12,0
N1355,2025-09-01 22:35:00,51811.0,34.64,0
N1356,2025-09-01 22:36:00,509437.0,21.77,0
N1357,2025-09-01 22:37:00,269173.0,5.49,0
N1358,2025-09-01 22:38:00,94723.0,26.43,0
N1359,2025-09-01 22:39:00,139330.0,29.59,0
N1360,2025-09-01 22:40:00,541683.0,11.64,0
N1361,2025-09-01 22:41:00,677380.0,7.73,0
N1362,2025-09-01 22:42:00,277499.0,7.72,0
N1363,2025-09-01 22:43:00,152201.0,10.61,0
N1364,2025-09-01 22:44:00,87962.0,286.31,0
N1365,2025-09-01 22:45:00,85578.0,6.91,0
N1366,2025-09-01 22:46:00,869181.0,27.64,0
N1367,2025-09-01 22:47:00,191416.0,8.53,0
N1368,2025-09-01 22:48:00,224674.0,10.94,0
N1369,2025-09-01 22:49:00,928826.0,8.61,0
N1370,2025-09-01 22:50:00,22548.0,52.53,0
N1371,2025-09-01 22:51:00,1114145.0,31.66,0
N1372,2025-09-01 22:52:00,63629.0,17.2,0
N1373,2025-09-01 22:53:00,39612.0,36.73,0
N1374,2025-09-01 22:54:00,47024.0,49.02,0
N1375,2025-09-01 22:55:00,36908.0,7.24,0
N1376,2025-09-01 22:56:00,379285.0,38.73,0
N1377,2025-09-01 22:57:00,296297.0,8.49,0
N1378,2025-09-01 22:58:00,454726.0,54.9,0
N1379,2025-09-01 22:59:00,57097.0,48.82,0
N1380,2025-09-01 23:00:00,288862.0,32.6,0
N1381,2025-09-01 23:01:00,232378.0,15.61,0
N1382,2025-09-01 23:02:00,131914.0,10.68,0
N1383,2025-09-01 23:03:00,488846.0,14.64,0
N1384,2025-09-01 23:04:00,78458.0,50.55,0
N1385,2025-09-01 23:05:00,16832.0,8.86,0
N1386,2025-09-01 23:06:00,467625.0,21.32,0
N1387,2025-09-01 23:07:00,346904.0,2.47,0
N1388,2025-09-01 23:08:00,100034.0,27.45,0
N1389,2025-09-01 23:09:00,164330.0,5.8,0
N1390,2025-09-01 23:10:00,152587.0,4.13,0
N1391,2025-09-01 23:11:00,113438.0,37.43,0
N1392,2025-09-01 23:12:00,232071.0,25.85,0
N1393,2025-09-01 23:13:00,180049.0,11.8,0
N1394,2025-09-01 23:14:00,121622.0,13.98,0
N1395,2025-09-01 23:15:00,147943.0,306.51,0
N1396,2025-09-01 23:16:00,38636.0,15.91,0
N1397,2025-09-01 23:17:00,81598.0,15.78,0
N1398,2025-09-01 23:18:00,84283.0,43.94,0
N1399,2025-09-01 23:19:00,145362.0,22.3,0
N1400,2025-09-01 23:20:00,179485.0,65.69,0
N1401,2025-09-01 23:21:00,339220.0,28.02,0
N1402,2025-09-01 23:22:00,135163.0,50.06,0
N1403,2025-09-01 23:23:00,85180.0,34.19,0
N1404,2025-09-01 23:24:00,411916.0,43.57,0
N1405,2025-09-01 23:25:00,316090.0,19.08,0
N1406,2025-09-01 23:26:00,146610.0,26.23,0
N1407,2025-09-01 23:27:00,64041.0,14.51,0
N1408,2025-09-01 23:28:00,610728.0,41.47,0
N1409,2025-09-01 23:29:00,89533.0,3.99,0
N1410,2025-09-01 23:30:00,254873.0,48.01,0
N1411,2025-09-01 23:31:00,67317.0,66.53,0
N1412,2025-09-01 23:32:00,294634.0,48.92,0
N1413,2025-09-01 23:33:00,117100.0,17.73,0
N1414,2025-09-01 23:34:00,294961.0,36.83,0
N1415,2025-09-01 23:35:00,110491.0,7.91,0
N1416,2025-09-01 23:36:00,880222.0,54.85,0
N1417,2025-09-01 23:37:00,157057.0,5.37,0
N1418,2025-09-01 23:38:00,198209.0,40.96,0
N1419,2025-09-01 23:39:00,292084.0,38.06,0
N1420,2025-09-01 23:40:00,826225.0,32.72,0
N1421,2025-09-01 23:41:00,130390.0,11.75,0
N1422,2025-09-01 23:42:00,69078.0,50.01,0
N1423,2025-09-01 23:43:00,157956.0,2.22,0
N1424,2025-09-01 23:44:00,31712.0,51.04,0
N1425,2025-09-01 23:45:00,40717.0,25.27,0
N1426,2025-09-01 23:46:00,1107483.0,70.89,0
N1427,2025-09-01 23:47:00,185216.0,25.54,0
N1428,2025-09-01 23:48:00,168154.0,182.33,0
N1429,2025-09-01 23:49:00,78260.0,6.49,0
N1430,2025-09-01 23:50:00,29580.0,41.73,0
N1431,2025-09-01 23:51:00,521755.0,6.94,0
N1432,2025-09-01 23:52:00,201515.0,17.26,0
N1433,2025-09-01 23:53:00,56216.0,48.95,0
N1434,2025-09-01 23:54:00,95214.0,42.54,0
N1435,2025-09-01 23:55:00,81899.0,243.58,0
N1436,2025-09-01 23:56:00,240810.0,13.17,0
N1437,2025-09-01 23:57:00,662055.0,93.99,0
N1438,2025-09-01 23:58:00,42499.0,14.8,0
N1439,2025-09-01 23:59:00,218464.0,8.66,0
N1440,2025-09-02 00:00:00,104233.0,2.86,0
N1441,2025-09-02 00:01:00,53278.0,24.42,0
N1442,2025-09-02 00:02:00,67112.0,10.74,0
N1443,2025-09-02 00:03:00,902418.0,55.54,0
N1444,2025-09-02 00:04:00,32881.0,10.65,0
N1445,2025-09-02 00:05:00,132964.0,11.34,0
N1446,2025-09-02 00:06:00,144848.0,30.74,0
N1447,2025-09-02 00:07:00,96642.0,158.45,0
N1448,2025-09-02 00:08:00,365984.0,5.44,0
N1449,2025-09-02 00:09:00,304881.0,68.11,0
N1450,2025-09-02 00:10:00,473315.0,57.34,0
N1451,2025-09-02 00:11:00,875966.0,15.41,0
N1452,2025-09-02 00:12:00,500107.0,45.17,0
N1453,2025-09-02 00:13:00,261751.0,14.28,0
N1454,2025-09-02 00:14:00,28847.0,345.73,0
N1455,2025-09-02 00:15:00,94459.0,17.56,0
N1456,2025-09-02 00:16:00,290795.0,22.12,0
N1457,2025-09-02 00:17:00,276343.0,13.59,0
N1458,2025-09-02 00:18:00,48295.0,2.63,0
N1459,2025-09-02 00:19:00,98053.0,14.65,0
N1460,2025-09-02 00:20:00,334627.0,26.53,0
N1461,2025-09-02 00:21:00,121204.0,121.65,0
N1462,2025-09-02 00:22:00,221676.0,36.25,0
N1463,2025-09-02 00:23:00,219504.0,16.0,0
N1464,2025-09-02 00:24:00,141488.0,21.58,0
N1465,2025-09-02 00:25:00,338186.0,29.75,0
N1466,2025-09-02 00:26:00,100003.0,12.75,0
N1467,2025-09-02 00:27:00,150906.0,45.54,0
N1468,2025-09-02 00:28:00,143462.0,141.19,0
N1469,2025-09-02 00:29:00,45744.0,12.99,0
N1470,2025-09-02 00:30:00,26608.0,85.54,0
N1471,2025-09-02 00:31:00,99455.0,57.49,0
N1472,2025-09-02 00:32:00,20976.0,38.27,0
N1473,2025-09-02 00:33:00,749608.0,22.97,0
N1474,2025-09-02 00:34:00,356806.0,30.12,0
N1475,2025-09-02 00:35:00,201155.0,15.47,0
N1476,2025-09-02 00:36:00,215584.0,182.04,0
N1477,2025-09-02 00:37:00,38889.0,8.48,0
N1478,2025-09-02 00:38:00,1991329.0,78.41,0
N1479,2025-09-02 00:39:00,439347.0,128.98,0
N1480,2025-09-02 00:40:00,151395.0,13.63,0
N1481,2025-09-02 00:41:00,278084.0,81.37,0
N1482,2025-09-02 00:42:00,45292.0,23.87,0
N1483,2025-09-02 00:43:00,104140.0,21.65,0
N1484,2025-09-02 00:44:00,198400.0,18.37,0
N1485,2025-09-02 00:45:00,46276.0,2.9,0
N1486,2025-09-02 00:46:00,50988.0,38.76,0
N1487,2025-09-02 00:47:00,68936.0,113.55,0
N1488,2025-09-02 00:48:00,112511.0,8.62,0
N1489,2025-09-02 00:49:00,609403.0,55.52,0
N1490,2025-09-02 00:50:00,242004.0,18.13,0
N1491,2025-09-02 00:51:00,239199.0,5.41,0
N1492,2025-09-02 00:52:00,32843.0,66.52,0
N1493,2025-09-02 00:53:00,99383.0,151.9,0
N1494,2025-09-02 00:54:00,41968.0,7.74,0
N1495,2025-09-02 00:55:00,215641.0,26.02,0
N1496,2025-09-02 00:56:00,103411.0,3.57,0
N1497,2025-09-02 00:57:00,552203.0,19.1,0
N1498,2025-09-02 00:58:00,140608.0,35.99,0
N1499,2025-09-02 00:59:00,74097.0,164.6,0
N1500,2025-09-02 01:00:00,528057.0,130.2,0
N1501,2025-09-02 01:01:00,157542.0,144.17,0
N1502,2025-09-02 01:02:00,52419.0,10.67,0
N1503,2025-09-02 01:03:00,30697.0,14.97,0
N1504,2025-09-02 01:04:00,143584.0,2.73,0
N1505,2025-09-02 01:05:00,255066.0,8.51,0
N1506,2025-09-02 01:06:00,183023.0,3.52,0
N1507,2025-09-02 01:07:00,82399.0,31.14,0
N1508,2025-09-02 01:08:00,160609.0,8.7,0
N1509,2025-09-02 01:09:00,61314.0,5.36,0
N1510,2025-09-02 01:10:00,67199.0,13.11,0
N1511,2025-09-02 01:11:00,24569.0,4.85,0
N1512,2025-09-02 01:12:00,119295.0,29.1,0
N1513,2025-09-02 01:13:00,308089.0,28.26,0
N1514,2025-09-02 01:14:00,139481.0,13.75,0
N1515,2025-09-02 01:15:00,148012.0,8.36,0
N1516,2025-09-02 01:16:00,848432.0,4.03,0
N1517,2025-09-02 01:17:00,972983.0,39.11,0
N1518,2025-09-02 01:18:00,89810.0,26.43,0
N1519,2025-09-02 01:19:00,190566.0,35.06,0
N1520,2025-09-02 01:20:00,1472438.0,13.91,0
N1521,2025-09-02 01:21:00,46962.0,15.46,0
N1522,2025-09-02 01:22:00,32016.0,113.34,0
N1523,2025-09-02 01:23:00,78158.0,9.77,0
N1524,2025-09-02 01:24:00,103529.0,13.8,0
N1525,2025-09-02 01:25:00,707708.0,49.04,0
N1526,2025-09-02 01:26:00,63833.0,28.89,0
N1527,2025-09-02 01:27:00,54972.0,1.72,0
N1528,2025-09-02 01:28:00,3746096.0,2.65,0
N1529,2025-09-02 01:29:00,100233.0,9.09,0
N1530,2025-09-02 01:30:00,233732.0,59.88,0
N1531,2025-09-02 01:31:00,229405.0,44.97,0
N1532,2025-09-02 01:32:00,390918.0,37.47,0
N1533,2025-09-02 01:33:00,183002.0,42.66,0
N1534,2025-09-02 01:34:00,67193.0,6.28,0
N1535,2025-09-02 01:35:00,190943.0,41.32,0
N1536,2025-09-02 01:36:00,274104.0,6.65,0
N1537,2025-09-02 01:37:00,149459.0,62.6,0
N1538,2025-09-02 01:38:00,134347.0,10.88,0
N1539,2025-09-02 01:39:00,510520.0,28.16,0
N1540,2025-09-02 01:40:00,56761.0,2.12,0
N1541,2025-09-02 01:41:00,348903.0,3.98,0
N1542,2025-09-02 01:42:00,217609.0,74.35,0
N1543,2025-09-02 01:43:00,342955.0,46.07,0
N1544,2025-09-02 01:44:00,109675.0,4.66,0
N1545,2025-09-02 01:45:00,348330.0,93.95,0
N1546,2025-09-02 01:46:00,233921.0,5.43,0
N1547,2025-09-02 01:47:00,95289.0,20.57,0
N1548,2025-09-02 01:48:00,33609.0,11.29,0
N1549,2025-09-02 01:49:00,18483.0,6.63,0
N1550,2025-09-02 01:50:00,142298.0,81.58,0
N1551,2025-09-02 01:51:00,70552.0,151.71,0
N1552,2025-09-02 01:52:00,101344.0,24.88,0
N1553,2025-09-02 01:53:00,74408.0,125.36,0
N1554,2025-09-02 01:54:00,138866.0,14.33,0
N1555,2025-09-02 01:55:00,146163.0,22.87,0
N1556,2025-09-02 01:56:00,418682.0,23.52,0
N1557,2025-09-02 01:57:00,66859.0,5.01,0
N1558,2025-09-02 01:58:00,262676.0,36.57,0
N1559,2025-09-02 01:59:00,52138.0,47.07,0
N1560,2025-09-02 02:00:00,10799.0,16.31,0
N1561,2025-09-02 02:01:00,248210.0,2.64,0
N1562,2025-09-02 02:02:00,58186.0,31.23,0
N1563,2025-09-02 02:03:00,531722.0,3.26,0
N1564,2025-09-02 02:04:00,79887.0,7.59,0
N1565,2025-09-02 02:05:00,111410.0,23.52,0
N1566,2025-09-02 02:06:00,36057.0,7.98,0
N1567,2025-09-02 02:07:00,312845.0,27.23,0
N1568,2025-09-02 02:08:00,302277.0,15.31,0
N1569,2025-09-02 02:09:00,226108.0,2.84,0
N1570,2025-09-02 02:10:00,310912.0,24.57,0
N1571,2025-09-02 02:11:00,44872.0,40.61,0
N1572,2025-09-02 02:12:00,195634.0,67.69,0
N1573,2025-09-02 02:13:00,69021.0,12.94,0
N1574,2025-09-02 02:14:00,586810.0,18.66,0
N1575,2025-09-02 02:15:00,99588.0,3.34,0
N1576,2025-09-02 02:16:00,330986.0,212.27,0
N1577,2025-09-02 02:17:00,292593.0,122.24,0
N1578,2025-09-02 02:18:00,42806.0,19.33,0
N1579,2025-09-02 02:19:00,54526.0,17.29,0
N1580,2025-09-02 02:20:00,162341.0,0.6,0
N1581,2025-09-02 02:21:00,517791.0,69.57,0
N1582,2025-09-02 02:22:00,169292.0,39.47,0
N1583,2025-09-02 02:23:00,416149.0,53.27,0
N1584,2025-09-02 02:24:00,124682.0,12.35,0
N1585,2025-09-02 02:25:00,110467.0,11.44,0
N1586,2025-09-02 02:26:00,404813.0,4.56,0
N1587,2025-09-02 02:27:00,339744.0,51.09,0
N1588,2025-09-02 02:28:00,60734.0,90.25,0
N1589,2025-09-02 02:29:00,393605.0,77.37,0
N1590,2025-09-02 02:30:00,397515.0,25.15,0
N1591,2025-09-02 02:31:00,41780.0,13.57,0
N1592,2025-09-02 02:32:00,311061.0,5.68,0
N1593,2025-09-02 02:33:00,150252.0,8.65,0
N1594,2025-09-02 02:34:00,583933.0,35.2,0
N1595,2025-09-02 02:35:00,1506785.0,14.28,0
N1596,2025-09-02 02:36:00,580608.0,143.98,0
N1597,2025-09-02 02:37:00,51118.0,80.06,0
N1598,2025-09-02 02:38:00,15679.0,9.76,0
N1599,2025-09-02 02:39:00,81111.0,4.67,0
N1600,2025-09-02 02:40:00,795201.0,10.4,0
N1601,2025-09-02 02:41:00,361752.0,72.13,0
N1602,2025-09-02 02:42:00,60888.0,10.71,0
N1603,2025-09-02 02:43:00,177338.0,38.67,0
N1604,2025-09-02 02:44:00,278383.0,10.19,0
N1605,2025-09-02 02:45:00,106688.0,30.32,0
N1606,2025-09-02 02:46:00,204634.0,37.86,0
N1607,2025-09-02 02:47:00,32257.0,65.56,0
N1608,2025-09-02 02:48:00,20343.0,112.16,0
N1609,2025-09-02 02:49:00,126937.0,96.76,0
N1610,2025-09-02 02:50:00,264292.0,10.63,0
N1611,2025-09-02 02:51:00,66001.0,16.84,0
N1612,2025-09-02 02:52:00,87764.0,4.91,0
N1613,2025-09-02 02:53:00,459773.0,15.14,0
N1614,2025-09-02 02:54:00,61275.0,20.68,0
N1615,2025-09-02 02:55:00,404300.0,12.37,0
N1616,2025-09-02 02:56:00,500695.0,10.98,0
N1617,2025-09-02 02:57:00,128472.0,69.3,0
N1618,2025-09-02 02:58:00,123152.0,59.68,0
N1619,2025-09-02 02:59:00,40339.0,32.43,0
N1620,2025-09-02 03:00:00,303684.0,4.34,0
N1621,2025-09-02 03:01:00,85282.0,25.56,0
N1622,2025-09-02 03:02:00,88082.0,12.67,0
N1623,2025-09-02 03:03:00,36570.0,97.4,0
N1624,2025-09-02 03:04:00,547173.0,2.31,0
N1625,2025-09-02 03:05:00,267393.0,10.27,0
N1626,2025-09-02 03:06:00,135570.0,9.93,0
N1627,2025-09-02 03:07:00,232764.0,11.47,0
N1628,2025-09-02 03:08:00,83398.0,63.38,0
N1629,2025-09-02 03:09:00,415151.0,1.19,0
N1630,2025-09-02 03:10:00,131805.0,15.65,0
N1631,2025-09-02 03:11:00,117436.0,55.75,0
N1632,2025-09-02 03:12:00,76446.0,65.11,0
N1633,2025-09-02 03:13:00,321757.0,10.39,0
N1634,2025-09-02 03:14:00,376484.0,8.88,0
N1635,2025-09-02 03:15:00,67596.0,30.43,0
N1636,2025-09-02 03:16:00,316603.0,24.08,0
N1637,2025-09-02 03:17:00,168137.0,21.83,0
N1638,2025-09-02 03:18:00,32414.0,0.21,0
N1639,2025-09-02 03:19:00,959163.0,5.19,0
N1640,2025-09-02 03:20:00,229643.0,7.13,0
N1641,2025-09-02 03:21:00,87867.0,43.45,0
N1642,2025-09-02 03:22:00,28838.0,3.56,0
N1643,2025-09-02 03:23:00,88198.0,5.72,0
N1644,2025-09-02 03:24:00,153536.0,16.69,0
N1645,2025-09-02 03:25:00,139170.0,4.28,0
N1646,2025-09-02 03:26:00,277667.0,43.44,0
N1647,2025-09-02 03:27:00,142311.0,12.56,0
N1648,2025-09-02 03:28:00,43514.0,181.18,0
N1649,2025-09-02 03:29:00,133939.0,9.43,0
N1650,2025-09-02 03:30:00,178758.0,10.06,0
N1651,2025-09-02 03:31:00,443024.0,52.74,0
N1652,2025-09-02 03:32:00,167661.0,9.15,0
N1653,2025-09-02 03:33:00,84901.0,123.21,0
N1654,2025-09-02 03:34:00,156842.0,35.86,0
N1655,2025-09-02 03:35:00,46547.0,13.95,0
N1656,2025-09-02 03:36:00,157340.0,16.56,0
N1657,2025-09-02 03:37:00,167421.0,614.52,0
N1658,2025-09-02 03:38:00,420810.0,36.1,0
N1659,2025-09-02 03:39:00,980354.0,24.06,0
N1660,2025-09-02 03:40:00,250471.0,17.13,0
N1661,2025-09-02 03:41:00,188907.0,69.73,0
N1662,2025-09-02 03:42:00,183150.0,3.25,0
N1663,2025-09-02 03:43:00,179629.0,16.16,0
N1664,2025-09-02 03:44:00,93174.0,0.67,0
N1665,2025-09-02 03:45:00,277875.0,10.59,0
N1666,2025-09-02 03:46:00,144804.0,55.56,0
N1667,2025-09-02 03:47:00,104352.0,105.5,0
N1668,2025-09-02 03:48:00,308405.0,41.56,0
N1669,2025-09-02 03:49:00,75542.0,43.29,0
N1670,2025-09-02 03:50:00,289878.0,2.56,0
N1671,2025-09-02 03:51:00,54609.0,8.9,0
N1672,2025-09-02 03:52:00,58571.0,117.84,0
N1673,2025-09-02 03:53:00,67912.0,10.71,0
N1674,2025-09-02 03:54:00,60060.0,17.06,0
N1675,2025-09-02 03:55:00,214436.0,7.64,0
N1676,2025-09-02 03:56:00,429467.0,6.55,0
N1677,2025-09-02 03:57:00,92554.0,11.42,0
N1678,2025-09-02 03:58:00,304128.0,9.09,0
N1679,2025-09-02 03:59:00,7228.0,63.37,0
N1680,2025-09-02 04:00:00,29973.0,26.01,0
N1681,2025-09-02 04:01:00,117005.0,68.21,0
N1682,2025-09-02 04:02:00,134464.0,3.8,0
N1683,2025-09-02 04:03:00,940897.0,87.4,0
N1684,2025-09-02 04:04:00,232568.0,20.61,0
N1685,2025-09-02 04:05:00,435023.0,182.59,0
N1686,2025-09-02 04:06:00,274211.0,18.85,0
N1687,2025-09-02 04:07:00,513281.0,3.35,0
N1688,2025-09-02 04:08:00,192607.0,93.79,0
N1689,2025-09-02 04:09:00,93298.0,17.05,0
N1690,2025-09-02 04:10:00,170241.0,1.52,0
N1691,2025-09-02 04:11:00,134658.0,23.91,0
N1692,2025-09-02 04:12:00,121655.0,26.51,0
N1693,2025-09-02 04:13:00,160368.0,73.06,0
N1694,2025-09-02 04:14:00,470030.0,0.27,0
N1695,2025-09-02 04:15:00,840523.0,79.73,0
N1696,2025-09-02 04:16:00,679346.0,11.36,0
N1697,2025-09-02 04:17:00,1550205.0,202.65,0
N1698,2025-09-02 04:18:00,189347.0,2.56,0
N1699,2025-09-02 04:19:00,203174.0,38.64,0
N1700,2025-09-02 04:20:00,309116.0,32.92,0
N1701,2025-09-02 04:21:00,75698.0,12.1,0
N1702,2025-09-02 04:22:00,39936.0,7.94,0
N1703,2025-09-02 04:23:00,68432.0,12.83,0
N1704,2025-09-02 04:24:00,30183.0,13.25,0
N1705,2025-09-02 04:25:00,203103.0,4.46,0
N1706,2025-09-02 04:26:00,100957.0,66.13,0
N1707,2025-09-02 04:27:00,310498.0,5.42,0
N1708,2025-09-02 04:28:00,547011.0,68.57,0
N1709,2025-09-02 04:29:00,62226.0,2.35,0
N1710,2025-09-02 04:30:00,235166.0,16.24,0
N1711,2025-09-02 04:31:00,141581.0,16.53,0
N1712,2025-09-02 04:32:00,116537.0,19.71,0
N1713,2025-09-02 04:33:00,70675.0,63.28,0
N1714,2025-09-02 04:34:00,297507.0,15.76,0
N1715,2025-09-02 04:35:00,119720.0,11.59,0
N1716,2025-09-02 04:36:00,231430.0,15.81,0
N1717,2025-09-02 04:37:00,185947.0,65.18,0
N1718,2025-09-02 04:38:00,118987.0,4.73,0
N1719,2025-09-02 04:39:00,827329.0,5.9,0
N1720,2025-09-02 04:40:00,375519.0,1.92,0
N1721,2025-09-02 04:41:00,31900.0,228.77,0
N1722,2025-09-02 04:42:00,334563.0,4.99,0
N1723,2025-09-02 04:43:00,47343.0,2.09,0
N1724,2025-09-02 04:44:00,300355.0,7.61,0
N1725,2025-09-02 04:45:00,288650.0,9.63,0
N1726,2025-09-02 04:46:00,112897.0,116.58,0
N1727,2025-09-02 04:47:00,173269.0,11.5,0
N1728,2025-09-02 04:48:00,576661.0,28.51,0
N1729,2025-09-02 04:49:00,176923.0,2.34,0
N1730,2025-09-02 04:50:00,267641.0,25.78,0
N1731,2025-09-02 04:51:00,813341.0,2.78,0
N1732,2025-09-02 04:52:00,65536.0,13.79,0
N1733,2025-09-02 04:53:00,62386.0,8.07,0
N1734,2025-09-02 04:54:00,382326.0,21.54,0
N1735,2025-09-02 04:55:00,59922.0,43.0,0
N1736,2025-09-02 04:56:00,191815.0,4.04,0
N1737,2025-09-02 04:57:00,285654.0,5.14,0
N1738,2025-09-02 04:58:00,353163.0,25.34,0
N1739,2025-09-02 04:59:00,309699.0,45.82,0
N1740,2025-09-02 05:00:00,32778.0,110.04,0
N1741,2025-09-02 05:01:00,207402.0,11.4,0
N1742,2025-09-02 05:02:00,50273.0,3.35,0
N1743,2025-09-02 05:03:00,40581.0,25.13,0
N1744,2025-09-02 05:04:00,387732.0,7.74,0
N1745,2025-09-02 05:05:00,295237.0,6.62,0
N1746,2025-09-02 05:06:00,911575.0,108.83,0
N1747,2025-09-02 05:07:00,45515.0,42.2,0
N1748,2025-09-02 05:08:00,112897.0,8.38,0
N1749,2025-09-02 05:09:00,159782.0,19.64,0
N1750,2025-09-02 05:10:00,29523.0,18.12,0
N1751,2025-09-02 05:11:00,18246.0,24.49,0
N1752,2025-09-02 05:12:00,71874.0,12.34,0
N1753,2025-09-02 05:13:00,538155.0,2.05,0
N1754,2025-09-02 05:14:00,98120.0,6.22,0
N1755,2025-09-02 05:15:00,140368.0,10.61,0
N1756,2025-09-02 05:16:00,106344.0,20.77,0
N1757,2025-09-02 05:17:00,113412.0,5.48,0
N1758,2025-09-02 05:18:00,84806.0,25.12,0
N1759,2025-09-02 05:19:00,92752.0,12.71,0
N1760,2025-09-02 05:20:00,40807.0,8.07,0
N1761,2025-09-02 05:21:00,81477.0,4.37,0
N1762,2025-09-02 05:22:00,1565690.0,34.32,0
N1763,2025-09-02 05:23:00,242464.0,33.42,0
N1764,2025-09-02 05:24:00,390928.0,52.47,0
N1765,2025-09-02 05:25:00,131401.0,38.83,0
N1766,2025-09-02 05:26:00,99541.0,42.48,0
N1767,2025-09-02 05:27:00,206831.0,31.77,0
N1768,2025-09-02 05:28:00,53238.0,2.43,0
N1769,2025-09-02 05:29:00,1357832.0,14.37,0
N1770,2025-09-02 05:30:00,79220.0,3.6,0
N1771,2025-09-02 05:31:00,425457.0,103.86,0
N1772,2025-09-02 05:32:00,68310.0,19.75,0
N1773,2025-09-02 05:33:00,302656.0,92.18,0
N1774,2025-09-02 05:34:00,223366.0,5.83,0
N1775,2025-09-02 05:35:00,96795.0,17.99,0
N1776,2025-09-02 05:36:00,404852.0,27.55,0
N1777,2025-09-02 05:37:00,83782.0,13.5,0
N1778,2025-09-02 05:38:00,23547.0,25.16,0
N1779,2025-09-02 05:39:00,327713.0,118.94,0
N1780,2025-09-02 05:40:00,137128.0,5.82,0
N1781,2025-09-02 05:41:00,120495.0,0.85,0
N1782,2025-09-02 05:42:00,186608.0,137.11,0
N1783,2025-09-02 05:43:00,107586.0,7.77,0
N1784,2025-09-02 05:44:00,82932.0,77.25,0
N1785,2025-09-02 05:45:00,94562.0,43.92,0
N1786,2025-09-02 05:46:00,157126.0,15.49,0
N1787,2025-09-02 05:47:00,18839.0,31.7,0
N1788,2025-09-02 05:48:00,212437.0,5.11,0
N1789,2025-09-02 05:49:00,313411.0,22.27,0
N1790,2025-09-02 05:50:00,91897.0,40.97,0
N1791,2025-09-02 05:51:00,396089.0,7.93,0
N1792,2025-09-02 05:52:00,318216.0,12.73,0
N1793,2025-09-02 05:53:00,72868.0,29.23,0
N1794,2025-09-02 05:54:00,977515.0,98.29,0
N1795,2025-09-02 05:55:00,91481.0,20.01,0
N1796,2025-09-02 05:56:00,189155.0,11.98,0
N1797,2025-09-02 05:57:00,28721.0,16.85,0
N1798,2025-09-02 05:58:00,107284.0,80.82,0
N1799,2025-09-02 05:59:00,221233.0,9.3,0
N1800,2025-09-02 06:00:00,214888.0,14.01,0
N1801,2025-09-02 06:01:00,196479.0,9.41,0
N1802,2025-09-02 06:02:00,4809552.0,15.72,0
N1803,2025-09-02 06:03:00,702839.0,25.96,0
N1804,2025-09-02 06:04:00,331376.0,69.45,0
N1805,2025-09-02 06:05:00,243478.0,1.57,0
N1806,2025-09-02 06:06:00,74775.0,39.12,0
N1807,2025-09-02 06:07:00,162993.0,6.89,0
N1808,2025-09-02 06:08:00,433495.0,40.92,0
N1809,2025-09-02 06:09:00,191843.0,88.9,0
N1810,2025-09-02 06:10:00,259969.0,66.33,0
N1811,2025-09-02 06:11:00,329451.0,24.28,0
N1812,2025-09-02 06:12:00,862547.0,54.67,0
N1813,2025-09-02 06:13:00,70579.0,6.47,0
N1814,2025-09-02 06:14:00,224288.0,18.52,0
N1815,2025-09-02 06:15:00,405977.0,124.38,0
N1816,2025-09-02 06:16:00,44307.0,7.79,0
N1817,2025-09-02 06:17:00,51613.0,25.45,0
N1818,2025-09-02 06:18:00,93703.0,12.9,0
N1819,2025-09-02 06:19:00,57435.0,15.89,0
N1820,2025-09-02 06:20:00,375626.0,32.7,0
N1821,2025-09-02 06:21:00,416046.0,14.54,0
N1822,2025-09-02 06:22:00,108599.0,20.0,0
N1823,2025-09-02 06:23:00,113074.0,10.96,0
N1824,2025-09-02 06:24:00,429595.0,2.25,0
N1825,2025-09-02 06:25:00,939504.0,25.32,0
N1826,2025-09-02 06:26:00,1043444.0,34.03,0
N1827,2025-09-02 06:27:00,314001.0,105.49,0
N1828,2025-09-02 06:28:00,686635.0,17.15,0
N1829,2025-09-02 06:29:00,383962.0,3.77,0
N1830,2025-09-02 06:30:00,289094.0,8.13,0
N1831,2025-09-02 06:31:00,386864.0,38.42,0
N1832,2025-09-02 06:32:00,848715.0,18.15,0
N1833,2025-09-02 06:33:00,727171.0,28.08,0
N1834,2025-09-02 06:34:00,717958.0,13.15,0
N1835,2025-09-02 06:35:00,391687.0,189.38,0
N1836,2025-09-02 06:36:00,23993.0,159.75,0
N1837,2025-09-02 06:37:00,113846.0,6.57,0
N1838,2025-09-02 06:38:00,69247.0,59.79,0
N1839,2025-09-02 06:39:00,41008.0,28.93,0
N1840,2025-09-02 06:40:00,165318.0,20.42,0
N1841,2025-09-02 06:41:00,118402.0,7.16,0
N1842,2025-09-02 06:42:00,54282.0,140.59,0
N1843,2025-09-02 06:43:00,382106.0,81.31,0
N1844,2025-09-02 06:44:00,91449.0,3.5,0
N1845,2025-09-02 06:45:00,176811.0,105.66,0
N1846,2025-09-02 06:46:00,1244683.0,19.18,0
N1847,2025-09-02 06:47:00,94436.0,9.8,0
N1848,2025-09-02 06:48:00,36583.0,6.22,0
N1849,2025-09-02 06:49:00,661465.0,62.41,0
N1850,2025-09-02 06:50:00,57330.0,32.46,0
N1851,2025-09-02 06:51:00,222956.0,7.04,0
N1852,2025-09-02 06:52:00,46287.0,7.59,0
N1853,2025-09-02 06:53:00,275485.0,12.62,0
N1854,2025-09-02 06:54:00,34606.0,10.86,0
N1855,2025-09-02 06:55:00,378085.0,37.84,0
N1856,2025-09-02 06:56:00,46324.0,31.64,0
N1857,2025-09-02 06:57:00,421210.0,9.37,0
N1858,2025-09-02 06:58:00,51706.0,2.75,0
N1859,2025-09-02 06:59:00,339973.0,4.05,0
N1860,2025-09-02 07:00:00,136692.0,57.06,0
N1861,2025-09-02 07:01:00,72868.0,6.09,0
N1862,2025-09-02 07:02:00,303067.0,22.95,0
N1863,2025-09-02 07:03:00,86938.0,2.42,0
N1864,2025-09-02 07:04:00,176855.0,32.35,0
N1865,2025-09-02 07:05:00,271812.0,201.03,0
N1866,2025-09-02 07:06:00,23890.0,4.08,0
N1867,2025-09-02 07:07:00,956768.0,38.85,0
N1868,2025-09-02 07:08:00,552157.0,27.85,0
N1869,2025-09-02 07:09:00,31940.0,60.43,0
N1870,2025-09-02 07:10:00,196979.0,17.16,0
N1871,2025-09-02 07:11:00,219269.0,27.87,0
N1872,2025-09-02 07:12:00,565377.0,24.99,0
N1873,2025-09-02 07:13:00,112611.0,39.94,0
N1874,2025-09-02 07:14:00,530087.0,7.34,0
N1875,2025-09-02 07:15:00,1725674.0,25.3,0
N1876,2025-09-02 07:16:00,136326.0,53.11,0
N1877,2025-09-02 07:17:00,136492.0,81.58,0
N1878,2025-09-02 07:18:00,144337.0,36.41,0
N1879,2025-09-02 07:19:00,74528.0,5.16,0
N1880,2025-09-02 07:20:00,31569.0,3.11,0
N1881,2025-09-02 07:21:00,170391.0,32.8,0
N1882,2025-09-02 07:22:00,478404.0,5.97,0
N1883,2025-09-02 07:23:00,815951.0,55.32,0
N1884,2025-09-02 07:24:00,471773.0,14.22,0
N1885,2025-09-02 07:25:00,145242.0,67.62,0
N1886,2025-09-02 07:26:00,70792.0,257.49,0
N1887,2025-09-02 07:27:00,555980.0,18.64,0
N1888,2025-09-02 07:28:00,362142.0,17.48,0
N1889,2025-09-02 07:29:00,86515.0,67.77,0
N1890,2025-09-02 07:30:00,236286.0,72.0,0
N1891,2025-09-02 07:31:00,93512.0,154.77,0
N1892,2025-09-02 07:32:00,81863.0,25.43,0
N1893,2025-09-02 07:33:00,71225.0,9.4,0
N1894,2025-09-02 07:34:00,243505.0,20.27,0
N1895,2025-09-02 07:35:00,350605.0,9.5,0
N1896,2025-09-02 07:36:00,110130.0,26.78,0
N1897,2025-09-02 07:37:00,158460.0,7.09,0
N1898,2025-09-02 07:38:00,104248.0,59.29,0
N1899,2025-09-02 07:39:00,71546.0,46.39,0
N1900,2025-09-02 07:40:00,83412.0,23.73,0
N1901,2025-09-02 07:41:00,18812.0,20.71,0
N1902,2025-09-02 07:42:00,67382.0,15.87,0
N1903,2025-09-02 07:43:00,549772.0,97.0,0
N1904,2025-09-02 07:44:00,103942.0,83.5,0
N1905,2025-09-02 07:45:00,921938.0,23.92,0
N1906,2025-09-02 07:46:00,179860.0,7.19,0
N1907,2025-09-02 07:47:00,125009.0,4.89,0
N1908,2025-09-02 07:48:00,152905.0,28.36,0
N1909,2025-09-02 07:49:00,61326.0,9.34,0
N1910,2025-09-02 07:50:00,249999.0,35.56,0
N1911,2025-09-02 07:51:00,14686.0,12.63,0
N1912,2025-09-02 07:52:00,1024945.0,50.83,0
N1913,2025-09-02 07:53:00,153907.0,25.76,0
N1914,2025-09-02 07:54:00,55205.0,66.53,0
N1915,2025-09-02 07:55:00,204214.0,1.38,0
N1916,2025-09-02 07:56:00,157361.0,15.3,0
N1917,2025-09-02 07:57:00,180981.0,287.19,0
N1918,2025-09-02 07:58:00,107596.0,1.0,0
N1919,2025-09-02 07:59:00,247216.0,55.21,0
N1920,2025-09-02 08:00:00,194186.0,33.17,0
N1921,2025-09-02 08:01:00,119632.0,93.96,0
N1922,2025-09-02 08:02:00,644293.0,16.31,0
N1923,2025-09-02 08:03:00,61648.0,83.8,0
N1924,2025-09-02 08:04:00,106488.0,86.51,0
N1925,2025-09-02 08:05:00,5776333.0,25.44,0
N1926,2025-09-02 08:06:00,675504.0,4.97,0
N1927,2025-09-02 08:07:00,95372.0,60.08,0
N1928,2025-09-02 08:08:00,59481.0,6.25,0
N1929,2025-09-02 08:09:00,136899.0,17.03,0
N1930,2025-09-02 08:10:00,158434.0,62.57,0
N1931,2025-09-02 08:11:00,374583.0,74.48,0
N1932,2025-09-02 08:12:00,78340.0,13.23,0
N1933,2025-09-02 08:13:00,77514.0,42.62,0
N1934,2025-09-02 08:14:00,59461.0,3.15,0
N1935,2025-09-02 08:15:00,48822.0,11.39,0
N1936,2025-09-02 08:16:00,241897.0,117.06,0
N1937,2025-09-02 08:17:00,37655.0,100.69,0
N1938,2025-09-02 08:18:00,146178.0,44.84,0
N1939,2025-09-02 08:19:00,33301.0,16.94,0
N1940,2025-09-02 08:20:00,469533.0,55.52,0
N1941,2025-09-02 08:21:00,16189.0,19.53,0
N1942,2025-09-02 08:22:00,140167.0,24.58,0
N1943,2025-09-02 08:23:00,107291.0,22.33,0
N1944,2025-09-02 08:24:00,59125.0,7.92,0
N1945,2025-09-02 08:25:00,636365.0,48.0,0
N1946,2025-09-02 08:26:00,44904.0,5.56,0
N1947,2025-09-02 08:27:00,176100.0,50.96,0
N1948,2025-09-02 08:28:00,93668.0,6.34,0
N1949,2025-09-02 08:29:00,779770.0,8.44,0
N1950,2025-09-02 08:30:00,102526.0,0.66,0
N1951,2025-09-02 08:31:00,232697.0,16.65,0
N1952,2025-09-02 08:32:00,267219.0,25.2,0
N1953,2025-09-02 08:33:00,589013.0,54.19,0
N1954,2025-09-02 08:34:00,81182.0,96.84,0
N1955,2025-09-02 08:35:00,152396.0,3.36,0
N1956,2025-09-02 08:36:00,217502.0,65.48,0
N1957,2025-09-02 08:37:00,76084.0,11.51,0
N1958,2025-09-02 08:38:00,685190.0,18.42,0
N1959,2025-09-02 08:39:00,116347.0,17.7,0
N1960,2025-09-02 08:40:00,361353.0,11.71,0
N1961,2025-09-02 08:41:00,114135.0,6.9,0
N1962,2025-09-02 08:42:00,44653.0,28.08,0
N1963,2025-09-02 08:43:00,147000.0,53.16,0
N1964,2025-09-02 08:44:00,89699.0,4.43,0
N1965,2025-09-02 08:45:00,183006.0,19.62,0
N1966,2025-09-02 08:46:00,145118.0,9.44,0
N1967,2025-09-02 08:47:00,342889.0,74.82,0
N1968,2025-09-02 08:48:00,86164.0,36.32,0
N1969,2025-09-02 08:49:00,380078.0,122.79,0
N1970,2025-09-02 08:50:00,90623.0,3.13,0
N1971,2025-09-02 08:51:00,177387.0,69.48,0
N1972,2025-09-02 08:52:00,147096.0,24.42,0
N1973,2025-09-02 08:53:00,107109.0,8.41,0
N1974,2025-09-02 08:54:00,265692.0,36.13,0
N1975,2025-09-02 08:55:00,328874.0,131.53,0
N1976,2025-09-02 08:56:00,658264.0,137.76,0
N1977,2025-09-02 08:57:00,39364.0,53.87,0
N1978,2025-09-02 08:58:00,2747489.0,6.11,0
N1979,2025-09-02 08:59:00,359839.0,29.13,0
N1980,2025-09-02 09:00:00,218266.0,30.29,0
N1981,2025-09-02 09:01:00,312484.0,89.16,0
N1982,2025-09-02 09:02:00,287176.0,16.48,0
N1983,2025-09-02 09:03:00,714194.0,20.46,0
N1984,2025-09-02 09:04:00,109090.0,9.17,0
N1985,2025-09-02 09:05:00,30713.0,44.78,0
N1986,2025-09-02 09:06:00,42160.0,15.51,0
N1987,2025-09-02 09:07:00,145419.0,25.11,0
N1988,2025-09-02 09:08:00,279033.0,11.43,0
N1989,2025-09-02 09:09:00,95063.0,21.26,0
N1990,2025-09-02 09:10:00,56346.0,5.49,0
N1991,2025-09-02 09:11:00,45023.0,24.36,0
N1992,2025-09-02 09:12:00,475088.0,9.75,0
N1993,2025-09-02 09:13:00,1100123.0,46.49,0
N1994,2025-09-02 09:14:00,311505.0,184.37,0
N1995,2025-09-02 09:15:00,89508.0,55.41,0
N1996,2025-09-02 09:16:00,40218.0,5.24,0
N1997,2025-09-02 09:17:00,101492.0,13.05,0
N1998,2025-09-02 09:18:00,291258.0,2.91,0
N1999,2025-09-02 09:19:00,429601.0,20.42,0
N2000,2025-09-02 09:20:00,47053.0,2.39,0
N2001,2025-09-02 09:21:00,119021.0,4.75,0
N2002,2025-09-02 09:22:00,69637.0,74.85,0
N2003,2025-09-02 09:23:00,1754953.0,56.44,0
N2004,2025-09-02 09:24:00,314111.0,3.24,0
N2005,2025-09-02 09:25:00,201408.0,11.74,0
N2006,2025-09-02 09:26:00,99611.0,35.03,0
N2007,2025-09-02 09:27:00,55187.0,32.17,0
N2008,2025-09-02 09:28:00,163538.0,2.85,0
N2009,2025-09-02 09:29:00,113460.0,27.44,0
N2010,2025-09-02 09:30:00,164723.0,9.68,0
N2011,2025-09-02 09:31:00,412416.0,84.64,0
N2012,2025-09-02 09:32:00,136346.0,15.8,0
N2013,2025-09-02 09:33:00,28885.0,30.91,0
N2014,2025-09-02 09:34:00,124844.0,17.62,0
N2015,2025-09-02 09:35:00,331932.0,44.69,0
N2016,2025-09-02 09:36:00,28509.0,7.99,0
N2017,2025-09-02 09:37:00,24393.0,44.79,0
N2018,2025-09-02 09:38:00,590911.0,85.69,0
N2019,2025-09-02 09:39:00,197216.0,181.76,0
N2020,2025-09-02 09:40:00,491512.0,134.36,0
N2021,2025-09-02 09:41:00,84855.0,10.56,0
N2022,2025-09-02 09:42:00,39584.0,40.15,0
N2023,2025-09-02 09:43:00,135606.0,52.93,0
N2024,2025-09-02 09:44:00,658168.0,40.77,0
N2025,2025-09-02 09:45:00,42205.0,49.61,0
N2026,2025-09-02 09:46:00,124860.0,33.41,0
N2027,2025-09-02 09:47:00,1114584.0,10.44,0
N2028,2025-09-02 09:48:00,117539.0,25.75,0
N2029,2025-09-02 09:49:00,89979.0,55.49,0
N2030,2025-09-02 09:50:00,198034.0,34.95,0
N2031,2025-09-02 09:51:00,268413.0,5.39,0
N2032,2025-09-02 09:52:00,1636602.0,7.01,0
N2033,2025-09-02 09:53:00,321321.0,12.29,0
N2034,2025-09-02 09:54:00,265978.0,15.71,0
N2035,2025-09-02 09:55:00,122383.0,24.26,0
N2036,2025-09-02 09:56:00,118390.0,6.22,0
N2037,2025-09-02 09:57:00,137016.0,52.14,0
N2038,2025-09-02 09:58:00,525722.0,2.16,0
N2039,2025-09-02 09:59:00,286503.0,37.88,0
N2040,2025-09-02 10:00:00,60026.0,36.89,0
N2041,2025-09-02 10:01:00,596715.0,43.51,0
N2042,2025-09-02 10:02:00,1224536.0,0.51,0
N2043,2025-09-02 10:03:00,714843.0,3.98,0
N2044,2025-09-02 10:04:00,295785.0,13.15,0
N2045,2025-09-02 10:05:00,95384.0,24.58,0
N2046,2025-09-02 10:06:00,768329.0,18.22,0
N2047,2025-09-02 10:07:00,46784.0,7.56,0
N2048,2025-09-02 10:08:00,292595.0,93.66,0
N2049,2025-09-02 10:09:00,112005.0,29.63,0
N2050,2025-09-02 10:10:00,26086.0,12.51,0
N2051,2025-09-02 10:11:00,224923.0,6.14,0
N2052,2025-09-02 10:12:00,688700.0,21.8,0
N2053,2025-09-02 10:13:00,171045.0,90.96,0
N2054,2025-09-02 10:14:00,266038.0,20.95,0
N2055,2025-09-02 10:15:00,54256.0,19.33,0
N2056,2025-09-02 10:16:00,125265.0,21.75,0
N2057,2025-09-02 10:17:00,31296.0,23.21,0
N2058,2025-09-02 10:18:00,193456.0,15.18,0
N2059,2025-09-02 10:19:00,235296.0,6.25,0
N2060,2025-09-02 10:20:00,53046.0,125.82,0
N2061,2025-09-02 10:21:00,117906.0,43.16,0
N2062,2025-09-02 10:22:00,412642.0,254.82,0
N2063,2025-09-02 10:23:00,741673.0,36.49,0
N2064,2025-09-02 10:24:00,49572.0,15.22,0
N2065,2025-09-02 10:25:00,810430.0,6.46,0
N2066,2025-09-02 10:26:00,257509.0,13.52,0
N2067,2025-09-02 10:27:00,664639.0,5.04,0
N2068,2025-09-02 10:28:00,72684.0,248.99,0
N2069,2025-09-02 10:29:00,43233.0,19.68,0
N2070,2025-09-02 10:30:00,326709.0,51.59,0
N2071,2025-09-02 10:31:00,182974.0,63.71,0
N2072,2025-09-02 10:32:00,54456.0,73.49,0
N2073,2025-09-02 10:33:00,396409.0,427.28,0
N2074,2025-09-02 10:34:00,197422.0,17.91,0
N2075,2025-09-02 10:35:00,128665.0,16.15,0
N2076,2025-09-02 10:36:00,28288.0,24.47,0
N2077,2025-09-02 10:37:00,276700.0,49.32,0
N2078,2025-09-02 10:38:00,284341.0,24.89,0
N2079,2025-09-02 10:39:00,120794.0,14.55,0
N2080,2025-09-02 10:40:00,66506.0,8.51,0
N2081,2025-09-02 10:41:00,178593.0,7.93,0
N2082,2025-09-02 10:42:00,1445955.0,27.75,0
N2083,2025-09-02 10:43:00,573229.0,6.06,0
N2084,2025-09-02 10:44:00,89920.0,2.28,0
N2085,2025-09-02 10:45:00,242789.0,23.06,0
N2086,2025-09-02 10:46:00,118269.0,81.06,0
N2087,2025-09-02 10:47:00,281972.0,44.44,0
N2088,2025-09-02 10:48:00,395980.0,19.66,0
N2089,2025-09-02 10:49:00,1140413.0,32.58,0
N2090,2025-09-02 10:50:00,208739.0,2.78,0
N2091,2025-09-02 10:51:00,21700.0,8.78,0
N2092,2025-09-02 10:52:00,159326.0,150.46,0
N2093,2025-09-02 10:53:00,54832.0,83.17,0
N2094,2025-09-02 10:54:00,152592.0,8.55,0
N2095,2025-09-02 10:55:00,241214.0,164.87,0
N2096,2025-09-02 10:56:00,481024.0,8.49,0
N2097,2025-09-02 10:57:00,799156.0,7.48,0
N2098,2025-09-02 10:58:00,585155.0,126.86,0
N2099,2025-09-02 10:59:00,96177.0,96.48,0
N2100,2025-09-02 11:00:00,71782.0,9.91,0
N2101,2025-09-02 11:01:00,180168.0,18.94,0
N2102,2025-09-02 11:02:00,290990.0,13.33,0
N2103,2025-09-02 11:03:00,569294.0,36.78,0
N2104,2025-09-02 11:04:00,106055.0,131.75,0
N2105,2025-09-02 11:05:00,146993.0,38.04,0
N2106,2025-09-02 11:06:00,109898.0,17.52,0
N2107,2025-09-02 11:07:00,60633.0,3.99,0
N2108,2025-09-02 11:08:00,321339.0,51.09,0
N2109,2025-09-02 11:09:00,222420.0,4.63,0
N2110,2025-09-02 11:10:00,355160.0,16.05,0
N2111,2025-09-02 11:11:00,196149.0,63.43,0
N2112,2025-09-02 11:12:00,193855.0,53.17,0
N2113,2025-09-02 11:13:00,444677.0,54.95,0
N2114,2025-09-02 11:14:00,25089.0,46.47,0
N2115,2025-09-02 11:15:00,69218.0,23.93,0
N2116,2025-09-02 11:16:00,261978.0,28.86,0
N2117,2025-09-02 11:17:00,244661.0,22.43,0
N2118,2025-09-02 11:18:00,107314.0,35.84,0
N2119,2025-09-02 11:19:00,65045.0,38.18,0
N2120,2025-09-02 11:20:00,670219.0,23.57,0
N2121,2025-09-02 11:21:00,64573.0,37.21,0
N2122,2025-09-02 11:22:00,305948.0,8.83,0
N2123,2025-09-02 11:23:00,28613.0,13.9,0
N2124,2025-09-02 11:24:00,104635.0,26.49,0
N2125,2025-09-02 11:25:00,295428.0,201.99,0
N2126,2025-09-02 11:26:00,29640.0,37.89,0
N2127,2025-09-02 11:27:00,228313.0,17.09,0
N2128,2025-09-02 11:28:00,469104.0,15.42,0
N2129,2025-09-02 11:29:00,322541.0,49.06,0
N2130,2025-09-02 11:30:00,65434.0,17.87,0
N2131,2025-09-02 11:31:00,81526.0,43.16,0
N2132,2025-09-02 11:32:00,339985.0,37.11,0
N2133,2025-09-02 11:33:00,227084.0,4.5,0
N2134,2025-09-02 11:34:00,567555.0,35.42,0
N2135,2025-09-02 11:35:00,41200.0,35.12,0
N2136,2025-09-02 11:36:00,41609.0,52.25,0
N2137,2025-09-02 11:37:00,84833.0,7.36,0
N2138,2025-09-02 11:38:00,60306.0,74.66,0
N2139,2025-09-02 11:39:00,111682.0,16.44,0
N2140,2025-09-02 11:40:00,161924.0,218.31,0
N2141,2025-09-02 11:41:00,36611.0,164.5,0
N2142,2025-09-02 11:42:00,113991.0,9.68,0
N2143,2025-09-02 11:43:00,198533.0,3.88,0
N2144,2025-09-02 11:44:00,78943.0,46.37,0
N2145,2025-09-02 11:45:00,131370.0,7.51,0
N2146,2025-09-02 11:46:00,244145.0,79.6,0
N2147,2025-09-02 11:47:00,219426.0,37.93,0
N2148,2025-09-02 11:48:00,354317.0,3.51,0
N2149,2025-09-02 11:49:00,454207.0,51.34,0
N2150,2025-09-02 11:50:00,227761.0,23.68,0
N2151,2025-09-02 11:51:00,113104.0,32.93,0
N2152,2025-09-02 11:52:00,188121.0,125.07,0
N2153,2025-09-02 11:53:00,280405.0,17.19,0
N2154,2025-09-02 11:54:00,476793.0,49.88,0
N2155,2025-09-02 11:55:00,1267002.0,9.8,0
N2156,2025-09-02 11:56:00,214421.0,10.09,0
N2157,2025-09-02 11:57:00,168567.0,15.46,0
N2158,2025-09-02 11:58:00,58609.0,9.54,0
N2159,2025-09-02 11:59:00,23202.0,39.7,0
N2160,2025-09-02 12:00:00,1112930.0,4.1,0
N2161,2025-09-02 12:01:00,1023154.0,54.35,0
N2162,2025-09-02 12:02:00,716652.0,8.05,0
N2163,2025-09-02 12:03:00,240688.0,31.6,0
N2164,2025-09-02 12:04:00,484238.0,4.83,0
N2165,2025-09-02 12:05:00,364383.0,35.63,0
N2166,2025-09-02 12:06:00,145868.0,73.76,0
N2167,2025-09-02 12:07:00,75383.0,20.32,0
N2168,2025-09-02 12:08:00,129257.0,128.82,0
N2169,2025-09-02 12:09:00,187011.0,16.98,0
N2170,2025-09-02 12:10:00,27280.0,32.91,0
N2171,2025-09-02 12:11:00,352243.0,6.62,0
N2172,2025-09-02 12:12:00,174813.0,33.99,0
N2173,2025-09-02 12:13:00,33277.0,10.16,0
N2174,2025-09-02 12:14:00,248098.0,8.46,0
N2175,2025-09-02 12:15:00,180452.0,133.77,0
N2176,2025-09-02 12:16:00,832865.0,4.37,0
N2177,2025-09-02 12:17:00,79928.0,17.5,0
N2178,2025-09-02 12:18:00,10408.0,47.25,0
N2179,2025-09-02 12:19:00,70651.0,26.6,0
N2180,2025-09-02 12:20:00,242731.0,2.19,0
N2181,2025-09-02 12:21:00,186672.0,41.46,0
N2182,2025-09-02 12:22:00,82820.0,3.84,0
N2183,2025-09-02 12:23:00,248438.0,11.8,0
N2184,2025-09-02 12:24:00,115106.0,14.98,0
N2185,2025-09-02 12:25:00,25009.0,0.6,0
N2186,2025-09-02 12:26:00,102788.0,17.69,0
N2187,2025-09-02 12:27:00,1198067.0,44.66,0
N2188,2025-09-02 12:28:00,279846.0,16.38,0
N2189,2025-09-02 12:29:00,122734.0,25.08,0
N2190,2025-09-02 12:30:00,71717.0,303.12,0
N2191,2025-09-02 12:31:00,151273.0,77.52,0
N2192,2025-09-02 12:32:00,250634.0,21.57,0
N2193,2025-09-02 12:33:00,286268.0,447.83,0
N2194,2025-09-02 12:34:00,143154.0,9.36,0
N2195,2025-09-02 12:35:00,475363.0,37.47,0
N2196,2025-09-02 12:36:00,53773.0,3.03,0
N2197,2025-09-02 12:37:00,70847.0,32.39,0
N2198,2025-09-02 12:38:00,219269.0,17.57,0
N2199,2025-09-02 12:39:00,33850.0,21.61,0
N2200,2025-09-02 12:40:00,41040.0,31.33,0
N2201,2025-09-02 12:41:00,393221.0,28.11,0
N2202,2025-09-02 12:42:00,207067.0,5.54,0
N2203,2025-09-02 12:43:00,106577.0,12.68,0
N2204,2025-09-02 12:44:00,86781.0,20.23,0
N2205,2025-09-02 12:45:00,62440.0,3.61,0
N2206,2025-09-02 12:46:00,54463.0,52.62,0
N2207,2025-09-02 12:47:00,31468.0,192.38,0
N2208,2025-09-02 12:48:00,79997.0,28.91,0
N2209,2025-09-02 12:49:00,569448.0,10.66,0
N2210,2025-09-02 12:50:00,186361.0,1.27,0
N2211,2025-09-02 12:51:00,73005.0,3.24,0
N2212,2025-09-02 12:52:00,94191.0,30.18,0
N2213,2025-09-02 12:53:00,213155.0,91.37,0
N2214,2025-09-02 12:54:00,153891.0,15.42,0
N2215,2025-09-02 12:55:00,172036.0,3.37,0
N2216,2025-09-02 12:56:00,11956.0,7.06,0
N2217,2025-09-02 12:57:00,516976.0,10.11,0
N2218,2025-09-02 12:58:00,199087.0,1.98,0
N2219,2025-09-02 12:59:00,176012.0,13.84,0
N2220,2025-09-02 13:00:00,546398.0,58.61,0
N2221,2025-09-02 13:01:00,47900.0,2.67,0
N2222,2025-09-02 13:02:00,66330.0,10.26,0
N2223,2025-09-02 13:03:00,645575.0,1.77,0
N2224,2025-09-02 13:04:00,101734.0,7.52,0
N2225,2025-09-02 13:05:00,84899.0,16.82,0
N2226,2025-09-02 13:06:00,72832.0,68.41,0
N2227,2025-09-02 13:07:00,62530.0,34.7,0
N2228,2025-09-02 13:08:00,198276.0,4.85,0
N2229,2025-09-02 13:09:00,546725.0,22.48,0
N2230,2025-09-02 13:10:00,102619.0,13.45,0
N2231,2025-09-02 13:11:00,226769.0,19.78,0
N2232,2025-09-02 13:12:00,216288.0,15.81,0
N2233,2025-09-02 13:13:00,171972.0,29.25,0
N2234,2025-09-02 13:14:00,368438.0,24.96,0
N2235,2025-09-02 13:15:00,434636.0,56.81,0
N2236,2025-09-02 13:16:00,600946.0,23.1,0
N2237,2025-09-02 13:17:00,385475.0,152.61,0
N2238,2025-09-02 13:18:00,988960.0,37.45,0
N2239,2025-09-02 13:19:00,38448.0,118.39,0
N2240,2025-09-02 13:20:00,128596.0,47.67,0
N2241,2025-09-02 13:21:00,82928.0,8.96,0
N2242,2025-09-02 13:22:00,71096.0,89.26,0
N2243,2025-09-02 13:23:00,245537.0,83.18,0
N2244,2025-09-02 13:24:00,169802.0,0.64,0
N2245,2025-09-02 13:25:00,2261513.0,10.4,0
N2246,2025-09-02 13:26:00,55013.0,113.44,0
N2247,2025-09-02 13:27:00,20712.0,71.18,0
N2248,2025-09-02 13:28:00,659720.0,3.48,0
N2249,2025-09-02 13:29:00,377093.0,56.29,0
N2250,2025-09-02 13:30:00,107755.0,159.6,0
N2251,2025-09-02 13:31:00,95640.0,41.6,0
N2252,2025-09-02 13:32:00,74599.0,3.42,0
N2253,2025-09-02 13:33:00,355890.0,7.84,0
N2254,2025-09-02 13:34:00,1720925.0,32.48,0
N2255,2025-09-02 13:35:00,157591.0,15.51,0
N2256,2025-09-02 13:36:00,40402.0,93.06,0
N2257,2025-09-02 13:37:00,80108.0,48.3,0
N2258,2025-09-02 13:38:00,44943.0,211.84,0
N2259,2025-09-02 13:39:00,111971.0,68.36,0
N2260,2025-09-02 13:40:00,47072.0,38.98,0
N2261,2025-09-02 13:41:00,204398.0,13.77,0
N2262,2025-09-02 13:42:00,532680.0,108.35,0
N2263,2025-09-02 13:43:00,105588.0,20.22,0
N2264,2025-09-02 13:44:00,78959.0,5.86,0
N2265,2025-09-02 13:45:00,300392.0,21.28,0
N2266,2025-09-02 13:46:00,64862.0,17.99,0
N2267,2025-09-02 13:47:00,52727.0,6.1,0
N2268,2025-09-02 13:48:00,105349.0,54.24,0
N2269,2025-09-02 13:49:00,181366.0,16.97,0
N2270,2025-09-02 13:50:00,248605.0,32.29,0
N2271,2025-09-02 13:51:00,344304.0,7.87,0
N2272,2025-09-02 13:52:00,305999.0,16.48,0
N2273,2025-09-02 13:53:00,731922.0,50.87,0
N2274,2025-09-02 13:54:00,599575.0,14.94,0
N2275,2025-09-02 13:55:00,358477.0,12.96,0
N2276,2025-09-02 13:56:00,702556.0,276.21,0
N2277,2025-09-02 13:57:00,11138.0,29.35,0
N2278,2025-09-02 13:58:00,137785.0,48.42,0
N2279,2025-09-02 13:59:00,165458.0,49.18,0
N2280,2025-09-02 14:00:00,129465.0,22.56,0
N2281,2025-09-02 14:01:00,143112.0,37.83,0
N2282,2025-09-02 14:02:00,181488.0,6.25,0
N2283,2025-09-02 14:03:00,392777.0,114.19,0
N2284,2025-09-02 14:04:00,373709.0,89.69,0
N2285,2025-09-02 14:05:00,420839.0,25.24,0
N2286,2025-09-02 14:06:00,743629.0,20.24,0
N2287,2025-09-02 14:07:00,502045.0,4.54,0
N2288,2025-09-02 14:08:00,78183.0,69.07,0
N2289,2025-09-02 14:09:00,88861.0,14.79,0
N2290,2025-09-02 14:10:00,71357.0,41.75,0
N2291,2025-09-02 14:11:00,117218.0,3.57,0
N2292,2025-09-02 14:12:00,513920.0,42.85,0
N2293,2025-09-02 14:13:00,93182.0,16.28,0
N2294,2025-09-02 14:14:00,276843.0,20.37,0
N2295,2025-09-02 14:15:00,56700.0,3.66,0
N2296,2025-09-02 14:16:00,128857.0,45.37,0
N2297,2025-09-02 14:17:00,154925.0,9.63,0
N2298,2025-09-02 14:18:00,1032580.0,18.98,0
N2299,2025-09-02 14:19:00,19423.0,52.72,0
N2300,2025-09-02 14:20:00,300765.0,18.12,0
N2301,2025-09-02 14:21:00,607357.0,217.78,0
N2302,2025-09-02 14:22:00,65553.0,6.83,0
N2303,2025-09-02 14:23:00,73492.0,26.8,0
N2304,2025-09-02 14:24:00,50255.0,32.98,0
N2305,2025-09-02 14:25:00,587902.0,5.91,0
N2306,2025-09-02 14:26:00,92933.0,22.31,0
N2307,2025-09-02 14:27:00,750623.0,15.9,0
N2308,2025-09-02 14:28:00,524755.0,26.34,0
N2309,2025-09-02 14:29:00,295538.0,34.62,0
N2310,2025-09-02 14:30:00,166553.0,107.54,0
N2311,2025-09-02 14:31:00,75924.0,28.38,0
N2312,2025-09-02 14:32:00,310773.0,38.72,0
N2313,2025-09-02 14:33:00,106275.0,121.41,0
N2314,2025-09-02 14:34:00,461366.0,3.0,0
N2315,2025-09-02 14:35:00,78225.0,14.68,0
N2316,2025-09-02 14:36:00,60122.0,21.03,0
N2317,2025-09-02 14:37:00,269894.0,3.11,0
N2318,2025-09-02 14:38:00,73159.0,22.02,0
N2319,2025-09-02 14:39:00,30137.0,1.19,0
N2320,2025-09-02 14:40:00,137026.0,46.84,0
N2321,2025-09-02 14:41:00,730736.0,3.41,0
N2322,2025-09-02 14:42:00,278918.0,4.48,0
N2323,2025-09-02 14:43:00,325047.0,37.68,0
N2324,2025-09-02 14:44:00,155177.0,2.72,0
N2325,2025-09-02 14:45:00,48863.0,236.17,0
N2326,2025-09-02 14:46:00,1446098.0,23.1,0
N2327,2025-09-02 14:47:00,566670.0,17.88,0
N2328,2025-09-02 14:48:00,90927.0,85.1,0
N2329,2025-09-02 14:49:00,853232.0,18.25,0
N2330,2025-09-02 14:50:00,209193.0,26.81,0
N2331,2025-09-02 14:51:00,222014.0,16.66,0
N2332,2025-09-02 14:52:00,170982.0,11.0,0
N2333,2025-09-02 14:53:00,96588.0,31.36,0
N2334,2025-09-02 14:54:00,196665.0,37.71,0
N2335,2025-09-02 14:55:00,76927.0,4.36,0
N2336,2025-09-02 14:56:00,22527.0,6.98,0
N2337,2025-09-02 14:57:00,171534.0,9.1,0
N2338,2025-09-02 14:58:00,98301.0,19.38,0
N2339,2025-09-02 14:59:00,248151.0,30.41,0
N2340,2025-09-02 15:00:00,105851.0,267.01,0
N2341,2025-09-02 15:01:00,145154.0,27.94,0
N2342,2025-09-02 15:02:00,2120655.0,16.29,0
N2343,2025-09-02 15:03:00,387940.0,8.52,0
N2344,2025-09-02 15:04:00,758846.0,65.52,0
N2345,2025-09-02 15:05:00,114127.0,19.8,0
N2346,2025-09-02 15:06:00,167388.0,30.27,0
N2347,2025-09-02 15:07:00,75140.0,20.07,0
N2348,2025-09-02 15:08:00,302562.0,38.89,0
N2349,2025-09-02 15:09:00,85727.0,35.67,0
N2350,2025-09-02 15:10:00,617211.0,31.46,0
N2351,2025-09-02 15:11:00,1959297.0,20.18,0
N2352,2025-09-02 15:12:00,99027.0,22.47,0
N2353,2025-09-02 15:13:00,182125.0,31.78,0
N2354,2025-09-02 15:14:00,144568.0,2.0,0
N2355,2025-09-02 15:15:00,449291.0,19.28,0
N2356,2025-09-02 15:16:00,182494.0,65.17,0
N2357,2025-09-02 15:17:00,1197726.0,11.29,0
N2358,2025-09-02 15:18:00,192403.0,1.64,0
N2359,2025-09-02 15:19:00,43569.0,3.81,0
N2360,2025-09-02 15:20:00,211227.0,21.98,0
N2361,2025-09-02 15:21:00,88944.0,8.46,0
N2362,2025-09-02 15:22:00,56715.0,23.59,0
N2363,2025-09-02 15:23:00,186307.0,19.65,0
N2364,2025-09-02 15:24:00,286956.0,11.44,0
N2365,2025-09-02 15:25:00,210171.0,6.7,0
N2366,2025-09-02 15:26:00,41223.0,25.4,0
N2367,2025-09-02 15:27:00,90222.0,21.82,0
N2368,2025-09-02 15:28:00,241668.0,17.31,0
N2369,2025-09-02 15:29:00,101573.0,57.22,0
N2370,2025-09-02 15:30:00,833400.0,25.57,0
N2371,2025-09-02 15:31:00,237725.0,9.82,0
N2372,2025-09-02 15:32:00,26349.0,13.06,0
N2373,2025-09-02 15:33:00,165473.0,18.65,0
N2374,2025-09-02 15:34:00,81496.0,23.29,0
N2375,2025-09-02 15:35:00,178967.0,99.85,0
N2376,2025-09-02 15:36:00,376410.0,152.28,0
N2377,2025-09-02 15:37:00,24643.0,11.44,0
N2378,2025-09-02 15:38:00,53253.0,5.91,0
N2379,2025-09-02 15:39:00,108103.0,10.47,0
N2380,2025-09-02 15:40:00,269500.0,33.25,0
N2381,2025-09-02 15:41:00,679680.0,54.56,0
N2382,2025-09-02 15:42:00,557998.0,12.31,0
N2383,2025-09-02 15:43:00,43146.0,6.71,0
N2384,2025-09-02 15:44:00,257513.0,31.78,0
N2385,2025-09-02 15:45:00,227857.0,42.45,0
N2386,2025-09-02 15:46:00,138663.0,69.52,0
N2387,2025-09-02 15:47:00,305075.0,9.34,0
N2388,2025-09-02 15:48:00,80072.0,29.8,0
N2389,2025-09-02 15:49:00,118739.0,2.83,0
N2390,2025-09-02 15:50:00,585564.0,17.69,0
N2391,2025-09-02 15:51:00,304792.0,47.57,0
N2392,2025-09-02 15:52:00,12534.0,119.16,0
N2393,2025-09-02 15:53:00,174941.0,28.86,0
N2394,2025-09-02 15:54:00,58131.0,15.03,0
N2395,2025-09-02 15:55:00,866525.0,3.72,0
N2396,2025-09-02 15:56:00,431469.0,26.42,0
N2397,2025-09-02 15:57:00,124171.0,42.87,0
N2398,2025-09-02 15:58:00,441285.0,67.79,0
N2399,2025-09-02 15:59:00,91293.0,26.89,0
N2400,2025-09-02 16:00:00,408378.0,6.38,0
N2401,2025-09-02 16:01:00,225584.0,39.03,0
N2402,2025-09-02 16:02:00,342545.0,152.61,0
N2403,2025-09-02 16:03:00,36943.0,14.66,0
N2404,2025-09-02 16:04:00,226812.0,7.67,0
N2405,2025-09-02 16:05:00,73755.0,13.52,0
N2406,2025-09-02 16:06:00,102680.0,19.77,0
N2407,2025-09-02 16:07:00,119630.0,10.72,0
N2408,2025-09-02 16:08:00,122229.0,46.88,0
N2409,2025-09-02 16:09:00,102207.0,33.68,0
N2410,2025-09-02 16:10:00,173834.0,13.45,0
N2411,2025-09-02 16:11:00,204358.0,19.61,0
N2412,2025-09-02 16:12:00,74371.0,3.17,0
N2413,2025-09-02 16:13:00,114370.0,29.53,0
N2414,2025-09-02 16:14:00,191434.0,3.77,0
N2415,2025-09-02 16:15:00,631501.0,14.4,0
N2416,2025-09-02 16:16:00,100066.0,11.55,0
N2417,2025-09-02 16:17:00,509275.0,35.16,0
N2418,2025-09-02 16:18:00,53497.0,11.79,0
N2419,2025-09-02 16:19:00,73094.0,18.99,0
N2420,2025-09-02 16:20:00,228958.0,120.81,0
N2421,2025-09-02 16:21:00,281777.0,3.05,0
N2422,2025-09-02 16:22:00,63800.0,23.01,0
N2423,2025-09-02 16:23:00,53711.0,56.66,0
N2424,2025-09-02 16:24:00,1110811.0,9.46,0
N2425,2025-09-02 16:25:00,191631.0,20.6,0
N2426,2025-09-02 16:26:00,74098.0,3.92,0
N2427,2025-09-02 16:27:00,282154.0,2.91,0
N2428,2025-09-02 16:28:00,637528.0,47.78,0
N2429,2025-09-02 16:29:00,561172.0,13.56,0
N2430,2025-09-02 16:30:00,43001.0,4.16,0
N2431,2025-09-02 16:31:00,82199.0,11.38,0
N2432,2025-09-02 16:32:00,74484.0,41.48,0
N2433,2025-09-02 16:33:00,216970.0,38.92,0
N2434,2025-09-02 16:34:00,155758.0,70.62,0
N2435,2025-09-02 16:35:00,50128.0,10.97,0
N2436,2025-09-02 16:36:00,82450.0,9.46,0
N2437,2025-09-02 16:37:00,87213.0,29.88,0
N2438,2025-09-02 16:38:00,41182.0,66.69,0
N2439,2025-09-02 16:39:00,583094.0,12.81,0
N2440,2025-09-02 16:40:00,135027.0,63.42,0
N2441,2025-09-02 16:41:00,106480.0,13.46,0
N2442,2025-09-02 16:42:00,653774.0,231.58,0
N2443,2025-09-02 16:43:00,40681.0,2.55,0
N2444,2025-09-02 16:44:00,281854.0,126.7,0
N2445,2025-09-02 16:45:00,706365.0,3.33,0
N2446,2025-09-02 16:46:00,342444.0,87.17,0
N2447,2025-09-02 16:47:00,1444112.0,22.26,0
N2448,2025-09-02 16:48:00,100343.0,11.66,0
N2449,2025-09-02 16:49:00,115811.0,6.75,0
N2450,2025-09-02 16:50:00,172849.0,6.59,0
N2451,2025-09-02 16:51:00,200925.0,45.52,0
N2452,2025-09-02 16:52:00,72858.0,34.9,0
N2453,2025-09-02 16:53:00,349294.0,16.02,0
N2454,2025-09-02 16:54:00,95590.0,19.45,0
N2455,2025-09-02 16:55:00,91809.0,7.06,0
N2456,2025-09-02 16:56:00,38344.0,17.13,0
N2457,2025-09-02 16:57:00,726518.0,58.15,0
N2458,2025-09-02 16:58:00,245349.0,6.76,0
N2459,2025-09-02 16:59:00,117582.0,37.54,0
N2460,2025-09-02 17:00:00,38801.0,11.55,0
N2461,2025-09-02 17:01:00,702312.0,3.21,0
N2462,2025-09-02 17:02:00,106156.0,71.81,0
N2463,2025-09-02 17:03:00,116733.0,3.86,0
N2464,2025-09-02 17:04:00,169726.0,11.5,0
N2465,2025-09-02 17:05:00,491265.0,72.47,0
N2466,2025-09-02 17:06:00,417842.0,7.81,0
N2467,2025-09-02 17:07:00,136118.0,62.24,0
N2468,2025-09-02 17:08:00,404691.0,11.73,0
N2469,2025-09-02 17:09:00,223774.0,17.95,0
N2470,2025-09-02 17:10:00,50286.0,192.76,0
N2471,2025-09-02 17:11:00,78522.0,78.49,0
N2472,2025-09-02 17:12:00,149083.0,22.27,0
N2473,2025-09-02 17:13:00,101675.0,9.16,0
N2474,2025-09-02 17:14:00,175568.0,20.74,0
N2475,2025-09-02 17:15:00,160563.0,145.41,0
N2476,2025-09-02 17:16:00,3309133.0,272.18,0
N2477,2025-09-02 17:17:00,115888.0,9.55,0
N2478,2025-09-02 17:18:00,393317.0,113.65,0
N2479,2025-09-02 17:19:00,78914.0,3.02,0
N2480,2025-09-02 17:20:00,219212.0,40.68,0
N2481,2025-09-02 17:21:00,55769.0,31.48,0
N2482,2025-09-02 17:22:00,321110.0,70.06,0
N2483,2025-09-02 17:23:00,100974.0,7.4,0
N2484,2025-09-02 17:24:00,100598.0,23.93,0
N2485,2025-09-02 17:25:00,135984.0,2.15,0
N2486,2025-09-02 17:26:00,71124.0,9.43,0
N2487,2025-09-02 17:27:00,1449139.0,19.68,0
N2488,2025-09-02 17:28:00,679768.0,25.37,0
N2489,2025-09-02 17:29:00,527447.0,572.7,0
N2490,2025-09-02 17:30:00,816491.0,10.9,0
N2491,2025-09-02 17:31:00,145063.0,20.59,0
N2492,2025-09-02 17:32:00,692422.0,5.04,0
N2493,2025-09-02 17:33:00,126903.0,2.09,0
N2494,2025-09-02 17:34:00,45762.0,59.03,0
N2495,2025-09-02 17:35:00,10708.0,59.53,0
N2496,2025-09-02 17:36:00,2440674.0,3.86,0
N2497,2025-09-02 17:37:00,112884.0,2.64,0
N2498,2025-09-02 17:38:00,97301.0,9.36,0
N2499,2025-09-02 17:39:00,39337.0,148.48,0
N2500,2025-09-02 17:40:00,728403.0,3.37,0
N2501,2025-09-02 17:41:00,136967.0,45.52,0
N2502,2025-09-02 17:42:00,284565.0,23.52,0
N2503,2025-09-02 17:43:00,188186.0,13.98,0
N2504,2025-09-02 17:44:00,240871.0,9.72,0
N2505,2025-09-02 17:45:00,304951.0,26.95,0
N2506,2025-09-02 17:46:00,207049.0,13.83,0
N2507,2025-09-02 17:47:00,198364.0,12.44,0
N2508,2025-09-02 17:48:00,134162.0,15.66,0
N2509,2025-09-02 17:49:00,183726.0,76.24,0
N2510,2025-09-02 17:50:00,238597.0,25.93,0
N2511,2025-09-02 17:51:00,179830.0,21.82,0
N2512,2025-09-02 17:52:00,47667.0,105.54,0
N2513,2025-09-02 17:53:00,187991.0,14.56,0
N2514,2025-09-02 17:54:00,423159.0,112.1,0
N2515,2025-09-02 17:55:00,81134.0,8.93,0
N2516,2025-09-02 17:56:00,50447.0,37.99,0
N2517,2025-09-02 17:57:00,459510.0,13.63,0
N2518,2025-09-02 17:58:00,111377.0,18.5,0
N2519,2025-09-02 17:59:00,42180.0,9.28,0
N2520,2025-09-02 18:00:00,107360.0,14.09,0
N2521,2025-09-02 18:01:00,123612.0,8.66,0
N2522,2025-09-02 18:02:00,155828.0,32.57,0
N2523,2025-09-02 18:03:00,67371.0,7.47,0
N2524,2025-09-02 18:04:00,350405.0,38.24,0
N2525,2025-09-02 18:05:00,118213.0,335.79,0
N2526,2025-09-02 18:06:00,83451.0,3.11,0
N2527,2025-09-02 18:07:00,271652.0,1.17,0
N2528,2025-09-02 18:08:00,44919.0,6.14,0
N2529,2025-09-02 18:09:00,566512.0,49.01,0
N2530,2025-09-02 18:10:00,78857.0,8.56,0
N2531,2025-09-02 18:11:00,197852.0,40.16,0
N2532,2025-09-02 18:12:00,382317.0,62.74,0
N2533,2025-09-02 18:13:00,425062.0,14.86,0
N2534,2025-09-02 18:14:00,103626.0,58.07,0
N2535,2025-09-02 18:15:00,269516.0,1.32,0
N2536,2025-09-02 18:16:00,202447.0,54.68,0
N2537,2025-09-02 18:17:00,155937.0,52.41,0
N2538,2025-09-02 18:18:00,332538.0,17.83,0
N2539,2025-09-02 18:19:00,904083.0,66.97,0
N2540,2025-09-02 18:20:00,60851.0,113.2,0
N2541,2025-09-02 18:21:00,57063.0,204.26,0
N2542,2025-09-02 18:22:00,196691.0,206.33,0
N2543,2025-09-02 18:23:00,349872.0,21.47,0
N2544,2025-09-02 18:24:00,798472.0,16.95,0
N2545,2025-09-02 18:25:00,782293.0,18.29,0
N2546,2025-09-02 18:26:00,173749.0,0.81,0
N2547,2025-09-02 18:27:00,282050.0,46.42,0
N2548,2025-09-02 18:28:00,257126.0,336.71,0
N2549,2025-09-02 18:29:00,43360.0,39.61,0
N2550,2025-09-02 18:30:00,2099140.0,3.65,0
N2551,2025-09-02 18:31:00,137974.0,6.09,0
N2552,2025-09-02 18:32:00,592213.0,6.51,0
N2553,2025-09-02 18:33:00,625088.0,146.71,0
N2554,2025-09-02 18:34:00,167889.0,36.7,0
N2555,2025-09-02 18:35:00,206041.0,43.2,0
N2556,2025-09-02 18:36:00,38687.0,30.7,0
N2557,2025-09-02 18:37:00,1544993.0,5.29,0
N2558,2025-09-02 18:38:00,107537.0,6.47,0
N2559,2025-09-02 18:39:00,635869.0,45.46,0
N2560,2025-09-02 18:40:00,34960.0,22.27,0
N2561,2025-09-02 18:41:00,152283.0,2.16,0
N2562,2025-09-02 18:42:00,191665.0,51.59,0
N2563,2025-09-02 18:43:00,25586.0,109.96,0
N2564,2025-09-02 18:44:00,66576.0,20.24,0
N2565,2025-09-02 18:45:00,15272.0,13.75,0
N2566,2025-09-02 18:46:00,150667.0,103.44,0
N2567,2025-09-02 18:47:00,215899.0,15.88,0
N2568,2025-09-02 18:48:00,65958.0,9.62,0
N2569,2025-09-02 18:49:00,125239.0,3.17,0
N2570,2025-09-02 18:50:00,155957.0,11.14,0
N2571,2025-09-02 18:51:00,394949.0,188.75,0
N2572,2025-09-02 18:52:00,236330.0,81.17,0
N2573,2025-09-02 18:53:00,541683.0,23.18,0
N2574,2025-09-02 18:54:00,171905.0,19.94,0
N2575,2025-09-02 18:55:00,122194.0,65.86,0
N2576,2025-09-02 18:56:00,527400.0,22.71,0
N2577,2025-09-02 18:57:00,381326.0,4.41,0
N2578,2025-09-02 18:58:00,31557.0,23.88,0
N2579,2025-09-02 18:59:00,78529.0,24.79,0
N2580,2025-09-02 19:00:00,31660.0,20.4,0
N2581,2025-09-02 19:01:00,257098.0,27.36,0
N2582,2025-09-02 19:02:00,105650.0,8.75,0
N2583,2025-09-02 19:03:00,1116266.0,24.19,0
N2584,2025-09-02 19:04:00,218825.0,2.93,0
N2585,2025-09-02 19:05:00,584045.0,6.65,0
N2586,2025-09-02 19:06:00,286949.0,14.99,0
N2587,2025-09-02 19:07:00,49076.0,41.39,0
N2588,2025-09-02 19:08:00,506689.0,14.06,0
N2589,2025-09-02 19:09:00,606128.0,34.06,0
N2590,2025-09-02 19:10:00,205083.0,68.53,0
N2591,2025-09-02 19:11:00,200912.0,366.6,0
N2592,2025-09-02 19:12:00,336625.0,14.13,0
N2593,2025-09-02 19:13:00,61325.0,9.28,0
N2594,2025-09-02 19:14:00,497042.0,21.04,0
N2595,2025-09-02 19:15:00,659611.0,25.49,0
N2596,2025-09-02 19:16:00,141831.0,38.68,0
N2597,2025-09-02 19:17:00,354058.0,53.25,0
N2598,2025-09-02 19:18:00,186250.0,14.31,0
N2599,2025-09-02 19:19:00,114419.0,48.05,0
N2600,2025-09-02 19:20:00,174270.0,22.16,0
N2601,2025-09-02 19:21:00,171220.0,87.61,0
N2602,2025-09-02 19:22:00,90646.0,14.37,0
N2603,2025-09-02 19:23:00,44814.0,23.77,0
N2604,2025-09-02 19:24:00,236710.0,27.78,0
N2605,2025-09-02 19:25:00,736947.0,78.18,0
N2606,2025-09-02 19:26:00,59198.0,19.99,0
N2607,2025-09-02 19:27:00,125997.0,5.79,0
N2608,2025-09-02 19:28:00,586703.0,2.63,0
N2609,2025-09-02 19:29:00,171727.0,69.46,0
N2610,2025-09-02 19:30:00,521004.0,43.31,0
N2611,2025-09-02 19:31:00,355870.0,147.58,0
N2612,2025-09-02 19:32:00,252572.0,22.44,0
N2613,2025-09-02 19:33:00,74590.0,22.29,0
N2614,2025-09-02 19:34:00,163857.0,24.91,0
N2615,2025-09-02 19:35:00,90278.0,10.56,0
N2616,2025-09-02 19:36:00,89750.0,8.63,0
N2617,2025-09-02 19:37:00,202718.0,33.99,0
N2618,2025-09-02 19:38:00,166994.0,82.85,0
N2619,2025-09-02 19:39:00,47538.0,41.45,0
N2620,2025-09-02 19:40:00,1671928.0,11.28,0
N2621,2025-09-02 19:41:00,143538.0,33.43,0
N2622,2025-09-02 19:42:00,96565.0,24.82,0
N2623,2025-09-02 19:43:00,73137.0,10.22,0
N2624,2025-09-02 19:44:00,441665.0,4.63,0
N2625,2025-09-02 19:45:00,200568.0,7.41,0
N2626,2025-09-02 19:46:00,1232509.0,84.32,0
N2627,2025-09-02 19:47:00,355894.0,27.23,0
N2628,2025-09-02 19:48:00,20327.0,9.67,0
N2629,2025-09-02 19:49:00,315992.0,22.02,0
N2630,2025-09-02 19:50:00,28044.0,41.81,0
N2631,2025-09-02 19:51:00,50686.0,10.5,0
N2632,2025-09-02 19:52:00,61625.0,8.02,0
N2633,2025-09-02 19:53:00,322448.0,2.38,0
N2634,2025-09-02 19:54:00,261706.0,74.16,0
N2635,2025-09-02 19:55:00,39790.0,40.67,0
N2636,2025-09-02 19:56:00,118549.0,44.85,0
N2637,2025-09-02 19:57:00,634852.0,39.42,0
N2638,2025-09-02 19:58:00,218408.0,1.76,0
N2639,2025-09-02 19:59:00,74065.0,22.91,0
N2640,2025-09-02 20:00:00,94588.0,34.47,0
N2641,2025-09-02 20:01:00,260152.0,21.86,0
N2642,2025-09-02 20:02:00,214052.0,1.2,0
N2643,2025-09-02 20:03:00,579584.0,17.29,0
N2644,2025-09-02 20:04:00,204754.0,14.75,0
N2645,2025-09-02 20:05:00,65481.0,69.76,0
N2646,2025-09-02 20:06:00,466313.0,17.73,0
N2647,2025-09-02 20:07:00,361367.0,10.76,0
N2648,2025-09-02 20:08:00,1141499.0,10.75,0
N2649,2025-09-02 20:09:00,472125.0,47.82,0
N2650,2025-09-02 20:10:00,145201.0,45.02,0
N2651,2025-09-02 20:11:00,377917.0,15.54,0
N2652,2025-09-02 20:12:00,66263.0,12.45,0
N2653,2025-09-02 20:13:00,133284.0,1.27,0
N2654,2025-09-02 20:14:00,382337.0,1.73,0
N2655,2025-09-02 20:15:00,129447.0,7.37,0
N2656,2025-09-02 20:16:00,128584.0,16.9,0
N2657,2025-09-02 20:17:00,94106.0,7.77,0
N2658,2025-09-02 20:18:00,96321.0,3.26,0
N2659,2025-09-02 20:19:00,349716.0,19.22,0
N2660,2025-09-02 20:20:00,64395.0,19.57,0
N2661,2025-09-02 20:21:00,54845.0,96.65,0
N2662,2025-09-02 20:22:00,61965.0,13.06,0
N2663,2025-09-02 20:23:00,651563.0,15.16,0
N2664,2025-09-02 20:24:00,105783.0,8.5,0
N2665,2025-09-02 20:25:00,236623.0,456.97,0
N2666,2025-09-02 20:26:00,410354.0,43.54,0
N2667,2025-09-02 20:27:00,112982.0,7.43,0
N2668,2025-09-02 20:28:00,716057.0,1.89,0
N2669,2025-09-02 20:29:00,91733.0,4.28,0
N2670,2025-09-02 20:30:00,243939.0,6.67,0
N2671,2025-09-02 20:31:00,520052.0,3.92,0
N2672,2025-09-02 20:32:00,1520423.0,17.42,0
N2673,2025-09-02 20:33:00,339795.0,5.93,0
N2674,2025-09-02 20:34:00,283054.0,2.93,0
N2675,2025-09-02 20:35:00,87684.0,43.17,0
N2676,2025-09-02 20:36:00,414794.0,3.16,0
N2677,2025-09-02 20:37:00,147269.0,0.94,0
N2678,2025-09-02 20:38:00,143567.0,61.83,0
N2679,2025-09-02 20:39:00,66084.0,172.17,0
N2680,2025-09-02 20:40:00,183417.0,21.08,0
N2681,2025-09-02 20:41:00,212737.0,45.78,0
N2682,2025-09-02 20:42:00,184314.0,44.95,0
N2683,2025-09-02 20:43:00,27250.0,339.1,0
N2684,2025-09-02 20:44:00,68052.0,6.12,0
N2685,2025-09-02 20:45:00,253999.0,11.65,0
N2686,2025-09-02 20:46:00,67714.0,11.86,0
N2687,2025-09-02 20:47:00,314955.0,21.43,0
N2688,2025-09-02 20:48:00,17856.0,15.66,0
N2689,2025-09-02 20:49:00,759392.0,18.2,0
N2690,2025-09-02 20:50:00,191276.0,23.84,0
N2691,2025-09-02 20:51:00,492582.0,215.64,0
N2692,2025-09-02 20:52:00,639557.0,27.91,0
N2693,2025-09-02 20:53:00,307898.0,54.34,0
N2694,2025-09-02 20:54:00,8555.0,44.77,0
N2695,2025-09-02 20:55:00,346478.0,30.81,0
N2696,2025-09-02 20:56:00,164703.0,14.59,0
N2697,2025-09-02 20:57:00,189132.0,52.76,0
N2698,2025-09-02 20:58:00,229864.0,2.46,0
N2699,2025-09-02 20:59:00,29598.0,127.47,0
N2700,2025-09-02 21:00:00,57833.0,44.75,0
N2701,2025-09-02 21:01:00,8269.0,22.66,0
N2702,2025-09-02 21:02:00,158698.0,19.78,0
N2703,2025-09-02 21:03:00,884238.0,26.15,0
N2704,2025-09-02 21:04:00,90279.0,53.32,0
N2705,2025-09-02 21:05:00,260357.0,35.01,0
N2706,2025-09-02 21:06:00,401338.0,103.38,0
N2707,2025-09-02 21:07:00,41847.0,157.27,0
N2708,2025-09-02 21:08:00,211866.0,74.65,0
N2709,2025-09-02 21:09:00,361340.0,3.35,0
N2710,2025-09-02 21:10:00,165273.0,10.75,0
N2711,2025-09-02 21:11:00,88423.0,64.89,0
N2712,2025-09-02 21:12:00,275892.0,258.89,0
N2713,2025-09-02 21:13:00,61953.0,9.93,0
N2714,2025-09-02 21:14:00,725492.0,41.27,0
N2715,2025-09-02 21:15:00,149868.0,87.66,0
N2716,2025-09-02 21:16:00,1175289.0,22.81,0
N2717,2025-09-02 21:17:00,385406.0,4.66,0
N2718,2025-09-02 21:18:00,72261.0,209.83,0
N2719,2025-09-02 21:19:00,341197.0,7.09,0
N2720,2025-09-02 21:20:00,106490.0,8.26,0
N2721,2025-09-02 21:21:00,81897.0,27.72,0
N2722,2025-09-02 21:22:00,112017.0,21.46,0
N2723,2025-09-02 21:23:00,217039.0,6.68,0
N2724,2025-09-02 21:24:00,27599.0,150.14,0
N2725,2025-09-02 21:25:00,285951.0,37.52,0
N2726,2025-09-02 21:26:00,80975.0,59.53,0
N2727,2025-09-02 21:27:00,860251.0,19.07,0
N2728,2025-09-02 21:28:00,924779.0,19.92,0
N2729,2025-09-02 21:29:00,689456.0,98.24,0
N2730,2025-09-02 21:30:00,556466.0,10.76,0
N2731,2025-09-02 21:31:00,22197.0,13.1,0
N2732,2025-09-02 21:32:00,1538504.0,35.15,0
N2733,2025-09-02 21:33:00,237169.0,59.45,0
N2734,2025-09-02 21:34:00,976174.0,59.66,0
N2735,2025-09-02 21:35:00,2228373.0,6.48,0
N2736,2025-09-02 21:36:00,223700.0,5.47,0
N2737,2025-09-02 21:37:00,32002.0,7.26,0
N2738,2025-09-02 21:38:00,149144.0,58.01,0
N2739,2025-09-02 21:39:00,384002.0,57.92,0
N2740,2025-09-02 21:40:00,137723.0,29.51,0
N2741,2025-09-02 21:41:00,70569.0,28.68,0
N2742,2025-09-02 21:42:00,657632.0,2.77,0
N2743,2025-09-02 21:43:00,195138.0,29.45,0
N2744,2025-09-02 21:44:00,131414.0,3.04,0
N2745,2025-09-02 21:45:00,175301.0,54.1,0
N2746,2025-09-02 21:46:00,167499.0,13.76,0
N2747,2025-09-02 21:47:00,423209.0,26.86,0
N2748,2025-09-02 21:48:00,578341.0,15.55,0
N2749,2025-09-02 21:49:00,437849.0,18.24,0
N2750,2025-09-02 21:50:00,105905.0,5.28,0
N2751,2025-09-02 21:51:00,493391.0,16.4,0
N2752,2025-09-02 21:52:00,121415.0,18.62,0
N2753,2025-09-02 21:53:00,266932.0,25.74,0
N2754,2025-09-02 21:54:00,218265.0,38.61,0
N2755,2025-09-02 21:55:00,61383.0,35.74,0
N2756,2025-09-02 21:56:00,222351.0,27.76,0
N2757,2025-09-02 21:57:00,220398.0,9.18,0
N2758,2025-09-02 21:58:00,474758.0,4.22,0
N2759,2025-09-02 21:59:00,1160548.0,6.03,0
N2760,2025-09-02 22:00:00,1820382.0,7.53,0
N2761,2025-09-02 22:01:00,134896.0,55.46,0
N2762,2025-09-02 22:02:00,50193.0,73.01,0
N2763,2025-09-02 22:03:00,244605.0,7.72,0
N2764,2025-09-02 22:04:00,140742.0,4.99,0
N2765,2025-09-02 22:05:00,142752.0,2.87,0
N2766,2025-09-02 22:06:00,190952.0,9.5,0
N2767,2025-09-02 22:07:00,167715.0,33.08,0
N2768,2025-09-02 22:08:00,65342.0,5.45,0
N2769,2025-09-02 22:09:00,92124.0,83.38,0
N2770,2025-09-02 22:10:00,864164.0,31.19,0
N2771,2025-09-02 22:11:00,134997.0,72.19,0
N2772,2025-09-02 22:12:00,143838.0,7.72,0
N2773,2025-09-02 22:13:00,1403315.0,47.21,0
N2774,2025-09-02 22:14:00,142284.0,5.31,0
N2775,2025-09-02 22:15:00,169854.0,46.07,0
N2776,2025-09-02 22:16:00,56331.0,113.17,0
N2777,2025-09-02 22:17:00,832147.0,111.21,0
N2778,2025-09-02 22:18:00,862951.0,10.62,0
N2779,2025-09-02 22:19:00,47781.0,6.97,0
N2780,2025-09-02 22:20:00,172792.0,16.46,0
N2781,2025-09-02 22:21:00,223843.0,132.33,0
N2782,2025-09-02 22:22:00,133993.0,3.92,0
N2783,2025-09-02 22:23:00,479360.0,3.27,0
N2784,2025-09-02 22:24:00,153974.0,1.73,0
N2785,2025-09-02 22:25:00,243726.0,22.49,0
N2786,2025-09-02 22:26:00,266669.0,2.61,0
N2787,2025-09-02 22:27:00,191818.0,83.85,0
N2788,2025-09-02 22:28:00,26586.0,143.88,0
N2789,2025-09-02 22:29:00,84666.0,17.04,0
N2790,2025-09-02 22:30:00,65000.0,354.85,0
N2791,2025-09-02 22:31:00,211944.0,26.58,0
N2792,2025-09-02 22:32:00,146932.0,10.96,0
N2793,2025-09-02 22:33:00,128159.0,10.74,0
N2794,2025-09-02 22:34:00,201760.0,112.12,0
N2795,2025-09-02 22:35:00,163408.0,52.01,0
N2796,2025-09-02 22:36:00,48844.0,1.76,0
N2797,2025-09-02 22:37:00,50480.0,2.1,0
N2798,2025-09-02 22:38:00,528598.0,3.44,0
N2799,2025-09-02 22:39:00,189567.0,9.86,0
N2800,2025-09-02 22:40:00,159029.0,4.23,0
N2801,2025-09-02 22:41:00,368486.0,8.02,0
N2802,2025-09-02 22:42:00,145120.0,7.48,0
N2803,2025-09-02 22:43:00,189302.0,5.24,0
N2804,2025-09-02 22:44:00,234283.0,255.55,0
N2805,2025-09-02 22:45:00,470734.0,110.29,0
N2806,2025-09-02 22:46:00,659448.0,170.03,0
N2807,2025-09-02 22:47:00,79662.0,150.52,0
N2808,2025-09-02 22:48:00,562364.0,18.45,0
N2809,2025-09-02 22:49:00,118330.0,22.94,0
N2810,2025-09-02 22:50:00,339741.0,6.6,0
N2811,2025-09-02 22:51:00,90948.0,24.0,0
N2812,2025-09-02 22:52:00,49324.0,6.05,0
N2813,2025-09-02 22:53:00,469797.0,2.94,0
N2814,2025-09-02 22:54:00,1084251.0,8.0,0
N2815,2025-09-02 22:55:00,129254.0,57.2,0
N2816,2025-09-02 22:56:00,588129.0,22.56,0
N2817,2025-09-02 22:57:00,104004.0,41.41,0
N2818,2025-09-02 22:58:00,241941.0,20.5,0
N2819,2025-09-02 22:59:00,179133.0,6.67,0
N2820,2025-09-02 23:00:00,149694.0,37.46,0
N2821,2025-09-02 23:01:00,147018.0,22.51,0
N2822,2025-09-02 23:02:00,58231.0,97.43,0
N2823,2025-09-02 23:03:00,585113.0,102.1,0
N2824,2025-09-02 23:04:00,86148.0,14.08,0
N2825,2025-09-02 23:05:00,618721.0,23.23,0
N2826,2025-09-02 23:06:00,93122.0,6.86,0
N2827,2025-09-02 23:07:00,100029.0,7.16,0
N2828,2025-09-02 23:08:00,342272.0,10.06,0
N2829,2025-09-02 23:09:00,499247.0,36.25,0
N2830,2025-09-02 23:10:00,695079.0,10.76,0
N2831,2025-09-02 23:11:00,40569.0,128.31,0
N2832,2025-09-02 23:12:00,82144.0,35.45,0
N2833,2025-09-02 23:13:00,854532.0,14.55,0
N2834,2025-09-02 23:14:00,62727.0,67.96,0
N2835,2025-09-02 23:15:00,204655.0,8.32,0
N2836,2025-09-02 23:16:00,94053.0,9.27,0
N2837,2025-09-02 23:17:00,90181.0,101.16,0
N2838,2025-09-02 23:18:00,13480.0,4.19,0
N2839,2025-09-02 23:19:00,371954.0,16.78,0
N2840,2025-09-02 23:20:00,37627.0,12.74,0
N2841,2025-09-02 23:21:00,175369.0,8.33,0
N2842,2025-09-02 23:22:00,53594.0,65.56,0
N2843,2025-09-02 23:23:00,275558.0,56.55,0
N2844,2025-09-02 23:24:00,182398.0,45.27,0
N2845,2025-09-02 23:25:00,24628.0,20.65,0
N2846,2025-09-02 23:26:00,62465.0,43.38,0
N2847,2025-09-02 23:27:00,53672.0,1.82,0
N2848,2025-09-02 23:28:00,196292.0,12.36,0
N2849,2025-09-02 23:29:00,41745.0,21.01,0
N2850,2025-09-02 23:30:00,165853.0,9.9,0
N2851,2025-09-02 23:31:00,265878.0,25.1,0
N2852,2025-09-02 23:32:00,137886.0,350.35,0
N2853,2025-09-02 23:33:00,366025.0,22.99,0
N2854,2025-09-02 23:34:00,20048.0,32.9,0
N2855,2025-09-02 23:35:00,59754.0,25.62,0
N2856,2025-09-02 23:36:00,352194.0,4.77,0
N2857,2025-09-02 23:37:00,697054.0,3.37,0
N2858,2025-09-02 23:38:00,53669.0,2.87,0
N2859,2025-09-02 23:39:00,1168696.0,28.14,0
N2860,2025-09-02 23:40:00,671627.0,1.74,0
N2861,2025-09-02 23:41:00,430866.0,43.44,0
N2862,2025-09-02 23:42:00,344212.0,15.76,0
N2863,2025-09-02 23:43:00,111359.0,34.55,0
N2864,2025-09-02 23:44:00,99888.0,4.09,0
N2865,2025-09-02 23:45:00,913989.0,129.44,0
N2866,2025-09-02 23:46:00,284847.0,18.71,0
N2867,2025-09-02 23:47:00,415825.0,2.07,0
N2868,2025-09-02 23:48:00,674411.0,88.25,0
N2869,2025-09-02 23:49:00,111643.0,4.36,0
N2870,2025-09-02 23:50:00,103071.0,4.64,0
N2871,2025-09-02 23:51:00,143512.0,4.77,0
N2872,2025-09-02 23:52:00,281650.0,13.84,0
N2873,2025-09-02 23:53:00,111175.0,40.64,0
N2874,2025-09-02 23:54:00,91886.0,39.24,0
N2875,2025-09-02 23:55:00,505544.0,413.91,0
N2876,2025-09-02 23:56:00,51090.0,9.06,0
N2877,2025-09-02 23:57:00,84041.0,11.61,0
N2878,2025-09-02 23:58:00,178360.0,3.91,0
N2879,2025-09-02 23:59:00,1619414.0,5.39,0
N2880,2025-09-03 00:00:00,187907.0,77.08,0
N2881,2025-09-03 00:01:00,63335.0,10.98,0
N2882,2025-09-03 00:02:00,26485.0,34.54,0
N2883,2025-09-03 00:03:00,29020.0,20.87,0
N2884,2025-09-03 00:04:00,278742.0,5.7,0
N2885,2025-09-03 00:05:00,98654.0,7.47,0
N2886,2025-09-03 00:06:00,67670.0,2.12,0
N2887,2025-09-03 00:07:00,107839.0,15.74,0
N2888,2025-09-03 00:08:00,85960.0,22.09,0
N2889,2025-09-03 00:09:00,30515.0,13.95,0
N2890,2025-09-03 00:10:00,282656.0,66.16,0
N2891,2025-09-03 00:11:00,200252.0,4.1,0
N2892,2025-09-03 00:12:00,637737.0,21.24,0
N2893,2025-09-03 00:13:00,318940.0,6.02,0
N2894,2025-09-03 00:14:00,40912.0,31.72,0
N2895,2025-09-03 00:15:00,58579.0,6.85,0
N2896,2025-09-03 00:16:00,460373.0,53.25,0
N2897,2025-09-03 00:17:00,226832.0,43.16,0
N2898,2025-09-03 00:18:00,210697.0,29.94,0
N2899,2025-09-03 00:19:00,22221.0,27.38,0
N2900,2025-09-03 00:20:00,134320.0,28.3,0
N2901,2025-09-03 00:21:00,448694.0,29.96,0
N2902,2025-09-03 00:22:00,36404.0,38.02,0
N2903,2025-09-03 00:23:00,380961.0,13.12,0
N2904,2025-09-03 00:24:00,207759.0,5.23,0
N2905,2025-09-03 00:25:00,26300.0,19.06,0
N2906,2025-09-03 00:26:00,191466.0,37.17,0
N2907,2025-09-03 00:27:00,75213.0,37.11,0
N2908,2025-09-03 00:28:00,93907.0,160.14,0
N2909,2025-09-03 00:29:00,240391.0,11.03,0
N2910,2025-09-03 00:30:00,55931.0,3.7,0
N2911,2025-09-03 00:31:00,198801.0,10.45,0
N2912,2025-09-03 00:32:00,112751.0,12.1,0
N2913,2025-09-03 00:33:00,54332.0,7.64,0
N2914,2025-09-03 00:34:00,45314.0,5.77,0
N2915,2025-09-03 00:35:00,302510.0,17.05,0
N2916,2025-09-03 00:36:00,150317.0,18.49,0
N2917,2025-09-03 00:37:00,259652.0,5.78,0
N2918,2025-09-03 00:38:00,711954.0,5.09,0
N2919,2025-09-03 00:39:00,274359.0,31.31,0
N2920,2025-09-03 00:40:00,443442.0,35.37,0
N2921,2025-09-03 00:41:00,247862.0,7.52,0
N2922,2025-09-03 00:42:00,44351.0,16.34,0
N2923,2025-09-03 00:43:00,134677.0,36.45,0
N2924,2025-09-03 00:44:00,29824.0,23.5,0
N2925,2025-09-03 00:45:00,73190.0,130.99,0
N2926,2025-09-03 00:46:00,448916.0,4.01,0
N2927,2025-09-03 00:47:00,280126.0,3.1,0
N2928,2025-09-03 00:48:00,166384.0,47.82,0
N2929,2025-09-03 00:49:00,496191.0,30.57,0
N2930,2025-09-03 00:50:00,413530.0,10.41,0
N2931,2025-09-03 00:51:00,83246.0,74.05,0
N2932,2025-09-03 00:52:00,330213.0,9.26,0
N2933,2025-09-03 00:53:00,27952.0,37.12,0
N2934,2025-09-03 00:54:00,101902.0,16.19,0
N2935,2025-09-03 00:55:00,222824.0,7.92,0
N2936,2025-09-03 00:56:00,111916.0,12.08,0
N2937,2025-09-03 00:57:00,339401.0,81.93,0
N2938,2025-09-03 00:58:00,246163.0,12.64,0
N2939,2025-09-03 00:59:00,214685.0,122.72,0
N2940,2025-09-03 01:00:00,425008.0,24.2,0
N2941,2025-09-03 01:01:00,143445.0,14.82,0
N2942,2025-09-03 01:02:00,750232.0,6.02,0
N2943,2025-09-03 01:03:00,395089.0,45.23,0
N2944,2025-09-03 01:04:00,617339.0,25.72,0
N2945,2025-09-03 01:05:00,348917.0,18.28,0
N2946,2025-09-03 01:06:00,25711.0,22.64,0
N2947,2025-09-03 01:07:00,260352.0,17.36,0
N2948,2025-09-03 01:08:00,210786.0,4.78,0
N2949,2025-09-03 01:09:00,197425.0,44.05,0
N2950,2025-09-03 01:10:00,104403.0,186.53,0
N2951,2025-09-03 01:11:00,1545917.0,154.1,0
N2952,2025-09-03 01:12:00,725235.0,22.8,0
N2953,2025-09-03 01:13:00,98057.0,14.82,0
N2954,2025-09-03 01:14:00,35809.0,22.23,0
N2955,2025-09-03 01:15:00,40230.0,9.53,0
N2956,2025-09-03 01:16:00,502683.0,28.14,0
N2957,2025-09-03 01:17:00,67413.0,31.48,0
N2958,2025-09-03 01:18:00,312875.0,4.74,0
N2959,2025-09-03 01:19:00,138897.0,13.54,0
N2960,2025-09-03 01:20:00,307320.0,57.34,0
N2961,2025-09-03 01:21:00,166020.0,59.18,0
N2962,2025-09-03 01:22:00,113934.0,4.44,0
N2963,2025-09-03 01:23:00,449991.0,74.82,0
N2964,2025-09-03 01:24:00,365278.0,14.26,0
N2965,2025-09-03 01:25:00,233920.0,19.45,0
N2966,2025-09-03 01:26:00,283284.0,16.52,0
N2967,2025-09-03 01:27:00,136611.0,1.59,0
N2968,2025-09-03 01:28:00,63550.0,33.29,0
N2969,2025-09-03 01:29:00,262018.0,2.91,0
N2970,2025-09-03 01:30:00,215018.0,54.39,0
N2971,2025-09-03 01:31:00,52256.0,4.21,0
N2972,2025-09-03 01:32:00,279340.0,71.68,0
N2973,2025-09-03 01:33:00,292686.0,26.5,0
N2974,2025-09-03 01:34:00,90867.0,41.68,0
N2975,2025-09-03 01:35:00,553629.0,8.5,0
N2976,2025-09-03 01:36:00,207179.0,2.29,0
N2977,2025-09-03 01:37:00,45456.0,6.19,0
N2978,2025-09-03 01:38:00,189095.0,29.52,0
N2979,2025-09-03 01:39:00,462583.0,34.75,0
N2980,2025-09-03 01:40:00,224591.0,7.15,0
N2981,2025-09-03 01:41:00,80193.0,98.54,0
N2982,2025-09-03 01:42:00,160455.0,19.63,0
N2983,2025-09-03 01:43:00,192190.0,2.81,0
N2984,2025-09-03 01:44:00,63753.0,27.75,0
N2985,2025-09-03 01:45:00,9396.0,7.95,0
N2986,2025-09-03 01:46:00,1943078.0,53.87,0
N2987,2025-09-03 01:47:00,187664.0,26.31,0
N2988,2025-09-03 01:48:00,234779.0,24.06,0
N2989,2025-09-03 01:49:00,97401.0,14.2,0
N2990,2025-09-03 01:50:00,163725.0,77.31,0
N2991,2025-09-03 01:51:00,624461.0,6.75,0
N2992,2025-09-03 01:52:00,264521.0,30.07,0
N2993,2025-09-03 01:53:00,44844.0,21.12,0
N2994,2025-09-03 01:54:00,1149392.0,5.81,0
N2995,2025-09-03 01:55:00,153672.0,18.35,0
N2996,2025-09-03 01:56:00,109674.0,6.45,0
N2997,2025-09-03 01:57:00,112412.0,232.41,0
N2998,2025-09-03 01:58:00,99564.0,67.97,0
N2999,2025-09-03 01:59:00,130419.0,2.83,0
N3000,2025-09-03 02:00:00,507621.0,11.7,0
N3001,2025-09-03 02:01:00,228013.0,41.74,0
N3002,2025-09-03 02:02:00,328279.0,82.15,0
N3003,2025-09-03 02:03:00,268922.0,57.18,0
N3004,2025-09-03 02:04:00,1276518.0,197.49,0
N3005,2025-09-03 02:05:00,59739.0,23.58,0
N3006,2025-09-03 02:06:00,237942.0,93.52,0
N3007,2025-09-03 02:07:00,466732.0,5.0,0
N3008,2025-09-03 02:08:00,190398.0,57.09,0
N3009,2025-09-03 02:09:00,72659.0,15.62,0
N3010,2025-09-03 02:10:00,92957.0,16.84,0
N3011,2025-09-03 02:11:00,75101.0,105.29,0
N3012,2025-09-03 02:12:00,263765.0,64.22,0
N3013,2025-09-03 02:13:00,35120.0,16.42,0
N3014,2025-09-03 02:14:00,535572.0,429.52,0
N3015,2025-09-03 02:15:00,358724.0,90.98,0
N3016,2025-09-03 02:16:00,37482.0,11.82,0
N3017,2025-09-03 02:17:00,34696.0,1.1,0
N3018,2025-09-03 02:18:00,1968584.0,28.03,0
N3019,2025-09-03 02:19:00,237856.0,12.56,0
N3020,2025-09-03 02:20:00,260588.0,9.47,0
N3021,2025-09-03 02:21:00,1734331.0,11.08,0
N3022,2025-09-03 02:22:00,49148.0,24.14,0
N3023,2025-09-03 02:23:00,55857.0,97.31,0
N3024,2025-09-03 02:24:00,112195.0,6.19,0
N3025,2025-09-03 02:25:00,114763.0,18.46,0
N3026,2025-09-03 02:26:00,287426.0,15.77,0
N3027,2025-09-03 02:27:00,400837.0,7.47,0
N3028,2025-09-03 02:28:00,1807888.0,28.15,0
N3029,2025-09-03 02:29:00,369383.0,168.43,0
N3030,2025-09-03 02:30:00,195416.0,42.07,0
N3031,2025-09-03 02:31:00,79539.0,21.87,0
N3032,2025-09-03 02:32:00,1783894.0,11.86,0
N3033,2025-09-03 02:33:00,337318.0,21.25,0
N3034,2025-09-03 02:34:00,33129.0,2.56,0
N3035,2025-09-03 02:35:00,135823.0,18.69,0
N3036,2025-09-03 02:36:00,418249.0,15.93,0
N3037,2025-09-03 02:37:00,81537.0,35.62,0
N3038,2025-09-03 02:38:00,932178.0,62.69,0
N3039,2025-09-03 02:39:00,113433.0,49.13,0
N3040,2025-09-03 02:40:00,84485.0,17.14,0
N3041,2025-09-03 02:41:00,227616.0,10.8,0
N3042,2025-09-03 02:42:00,47590.0,9.46,0
N3043,2025-09-03 02:43:00,474972.0,7.86,0
N3044,2025-09-03 02:44:00,213580.0,9.6,0
N3045,2025-09-03 02:45:00,360101.0,17.33,0
N3046,2025-09-03 02:46:00,243847.0,4.64,0
N3047,2025-09-03 02:47:00,185905.0,34.19,0
N3048,2025-09-03 02:48:00,740854.0,17.63,0
N3049,2025-09-03 02:49:00,122872.0,7.38,0
N3050,2025-09-03 02:50:00,401305.0,9.32,0
N3051,2025-09-03 02:51:00,242218.0,54.96,0
N3052,2025-09-03 02:52:00,209954.0,59.44,0
N3053,2025-09-03 02:53:00,140722.0,353.0,0
N3054,2025-09-03 02:54:00,62111.0,39.67,0
N3055,2025-09-03 02:55:00,238496.0,8.93,0
N3056,2025-09-03 02:56:00,53759.0,8.45,0
N3057,2025-09-03 02:57:00,27811.0,32.04,0
N3058,2025-09-03 02:58:00,239411.0,52.81,0
N3059,2025-09-03 02:59:00,37562.0,108.78,0
N3060,2025-09-03 03:00:00,736342.0,7.04,0
N3061,2025-09-03 03:01:00,88754.0,22.67,0
N3062,2025-09-03 03:02:00,186658.0,4.98,0
N3063,2025-09-03 03:03:00,91199.0,31.69,0
N3064,2025-09-03 03:04:00,199834.0,5.95,0
N3065,2025-09-03 03:05:00,358415.0,115.16,0
N3066,2025-09-03 03:06:00,442791.0,7.9,0
N3067,2025-09-03 03:07:00,99028.0,41.72,0
N3068,2025-09-03 03:08:00,88817.0,24.08,0
N3069,2025-09-03 03:09:00,9996.0,21.3,0
N3070,2025-09-03 03:10:00,713662.0,2.3,0
N3071,2025-09-03 03:11:00,99212.0,18.01,0
N3072,2025-09-03 03:12:00,201875.0,6.2,0
N3073,2025-09-03 03:13:00,441591.0,9.95,0
N3074,2025-09-03 03:14:00,1299095.0,36.11,0
N3075,2025-09-03 03:15:00,44542.0,523.7,0
N3076,2025-09-03 03:16:00,92318.0,195.95,0
N3077,2025-09-03 03:17:00,99269.0,37.34,0
N3078,2025-09-03 03:18:00,33882.0,31.9,0
N3079,2025-09-03 03:19:00,167336.0,13.18,0
N3080,2025-09-03 03:20:00,118979.0,6.04,0
N3081,2025-09-03 03:21:00,125735.0,34.18,0
N3082,2025-09-03 03:22:00,73362.0,11.78,0
N3083,2025-09-03 03:23:00,176686.0,165.25,0
N3084,2025-09-03 03:24:00,216001.0,263.92,0
N3085,2025-09-03 03:25:00,196927.0,262.04,0
N3086,2025-09-03 03:26:00,99649.0,9.37,0
N3087,2025-09-03 03:27:00,321921.0,10.93,0
N3088,2025-09-03 03:28:00,258794.0,4.7,0
N3089,2025-09-03 03:29:00,94151.0,43.73,0
N3090,2025-09-03 03:30:00,124458.0,7.2,0
N3091,2025-09-03 03:31:00,108210.0,9.73,0
N3092,2025-09-03 03:32:00,51500.0,6.92,0
N3093,2025-09-03 03:33:00,115086.0,10.3,0
N3094,2025-09-03 03:34:00,62552.0,146.13,0
N3095,2025-09-03 03:35:00,174472.0,1.04,0
N3096,2025-09-03 03:36:00,164687.0,37.75,0
N3097,2025-09-03 03:37:00,54820.0,7.63,0
N3098,2025-09-03 03:38:00,271609.0,334.64,0
N3099,2025-09-03 03:39:00,57459.0,54.25,0
N3100,2025-09-03 03:40:00,134854.0,5.92,0
N3101,2025-09-03 03:41:00,39527.0,9.65,0
N3102,2025-09-03 03:42:00,93910.0,10.14,0
N3103,2025-09-03 03:43:00,93459.0,79.9,0
N3104,2025-09-03 03:44:00,1483891.0,153.45,0
N3105,2025-09-03 03:45:00,41835.0,24.15,0
N3106,2025-09-03 03:46:00,144616.0,16.91,0
N3107,2025-09-03 03:47:00,52257.0,70.28,0
N3108,2025-09-03 03:48:00,611229.0,20.76,0
N3109,2025-09-03 03:49:00,1121688.0,35.22,0
N3110,2025-09-03 03:50:00,116086.0,26.19,0
N3111,2025-09-03 03:51:00,855953.0,7.8,0
N3112,2025-09-03 03:52:00,227404.0,103.12,0
N3113,2025-09-03 03:53:00,127965.0,9.87,0
N3114,2025-09-03 03:54:00,113250.0,205.48,0
N3115,2025-09-03 03:55:00,40851.0,82.78,0
N3116,2025-09-03 03:56:00,123575.0,25.34,0
N3117,2025-09-03 03:57:00,116260.0,4.52,0
N3118,2025-09-03 03:58:00,165855.0,150.05,0
N3119,2025-09-03 03:59:00,181393.0,29.33,0
N3120,2025-09-03 04:00:00,368531.0,58.69,0
N3121,2025-09-03 04:01:00,585800.0,118.19,0
N3122,2025-09-03 04:02:00,1147217.0,5.24,0
N3123,2025-09-03 04:03:00,305788.0,31.07,0
N3124,2025-09-03 04:04:00,70978.0,12.78,0
N3125,2025-09-03 04:05:00,46309.0,29.47,0
N3126,2025-09-03 04:06:00,134060.0,34.76,0
N3127,2025-09-03 04:07:00,261486.0,2.73,0
N3128,2025-09-03 04:08:00,67666.0,15.28,0
N3129,2025-09-03 04:09:00,114790.0,22.37,0
N3130,2025-09-03 04:10:00,166258.0,4.47,0
N3131,2025-09-03 04:11:00,68431.0,8.31,0
N3132,2025-09-03 04:12:00,506262.0,23.33,0
N3133,2025-09-03 04:13:00,20446.0,45.76,0
N3134,2025-09-03 04:14:00,468692.0,16.84,0
N3135,2025-09-03 04:15:00,1695821.0,8.68,0
N3136,2025-09-03 04:16:00,193192.0,6.02,0
N3137,2025-09-03 04:17:00,109306.0,13.08,0
N3138,2025-09-03 04:18:00,168932.0,7.7,0
N3139,2025-09-03 04:19:00,144154.0,41.03,0
N3140,2025-09-03 04:20:00,257482.0,27.21,0
N3141,2025-09-03 04:21:00,200986.0,9.2,0
N3142,2025-09-03 04:22:00,77646.0,26.41,0
N3143,2025-09-03 04:23:00,373913.0,329.16,0
N3144,2025-09-03 04:24:00,64359.0,49.54,0
N3145,2025-09-03 04:25:00,153527.0,27.26,0
N3146,2025-09-03 04:26:00,317333.0,47.49,0
N3147,2025-09-03 04:27:00,554990.0,91.57,0
N3148,2025-09-03 04:28:00,166146.0,3.24,0
N3149,2025-09-03 04:29:00,404131.0,12.05,0
N3150,2025-09-03 04:30:00,137297.0,9.58,0
N3151,2025-09-03 04:31:00,352042.0,9.26,0
N3152,2025-09-03 04:32:00,228905.0,253.95,0
N3153,2025-09-03 04:33:00,329058.0,37.05,0
N3154,2025-09-03 04:34:00,360413.0,76.63,0
N3155,2025-09-03 04:35:00,283820.0,28.75,0
N3156,2025-09-03 04:36:00,82932.0,546.45,0
N3157,2025-09-03 04:37:00,78243.0,1.8,0
N3158,2025-09-03 04:38:00,144627.0,11.23,0
N3159,2025-09-03 04:39:00,71394.0,11.84,0
N3160,2025-09-03 04:40:00,1202073.0,13.22,0
N3161,2025-09-03 04:41:00,90710.0,60.18,0
N3162,2025-09-03 04:42:00,124423.0,22.38,0
N3163,2025-09-03 04:43:00,221694.0,43.84,0
N3164,2025-09-03 04:44:00,85876.0,70.16,0
N3165,2025-09-03 04:45:00,56660.0,26.32,0
N3166,2025-09-03 04:46:00,243030.0,48.15,0
N3167,2025-09-03 04:47:00,169285.0,11.84,0
N3168,2025-09-03 04:48:00,325790.0,9.26,0
N3169,2025-09-03 04:49:00,260661.0,6.93,0
N3170,2025-09-03 04:50:00,1542718.0,22.23,0
N3171,2025-09-03 04:51:00,265646.0,6.39,0
N3172,2025-09-03 04:52:00,34985.0,5.56,0
N3173,2025-09-03 04:53:00,132395.0,43.89,0
N3174,2025-09-03 04:54:00,337499.0,6.58,0
N3175,2025-09-03 04:55:00,224711.0,39.68,0
N3176,2025-09-03 04:56:00,142494.0,13.65,0
N3177,2025-09-03 04:57:00,23406.0,10.03,0
N3178,2025-09-03 04:58:00,161985.0,59.76,0
N3179,2025-09-03 04:59:00,380229.0,66.07,0
N3180,2025-09-03 05:00:00,460136.0,25.97,0
N3181,2025-09-03 05:01:00,91256.0,109.07,0
N3182,2025-09-03 05:02:00,666774.0,2.67,0
N3183,2025-09-03 05:03:00,177741.0,73.48,0
N3184,2025-09-03 05:04:00,209465.0,7.66,0
N3185,2025-09-03 05:05:00,205475.0,15.23,0
N3186,2025-09-03 05:06:00,153247.0,30.88,0
N3187,2025-09-03 05:07:00,48178.0,8.74,0
N3188,2025-09-03 05:08:00,68861.0,19.08,0
N3189,2025-09-03 05:09:00,55610.0,12.04,0
N3190,2025-09-03 05:10:00,104927.0,15.28,0
N3191,2025-09-03 05:11:00,241165.0,250.99,0
N3192,2025-09-03 05:12:00,395776.0,2.16,0
N3193,2025-09-03 05:13:00,27521.0,15.52,0
N3194,2025-09-03 05:14:00,29814.0,32.18,0
N3195,2025-09-03 05:15:00,212925.0,5.17,0
N3196,2025-09-03 05:16:00,351618.0,16.41,0
N3197,2025-09-03 05:17:00,130815.0,28.89,0
N3198,2025-09-03 05:18:00,50215.0,30.91,0
N3199,2025-09-03 05:19:00,60345.0,53.93,0
N3200,2025-09-03 05:20:00,67183.0,74.91,0
N3201,2025-09-03 05:21:00,82473.0,13.51,0
N3202,2025-09-03 05:22:00,901091.0,22.31,0
N3203,2025-09-03 05:23:00,174533.0,3.66,0
N3204,2025-09-03 05:24:00,213602.0,18.86,0
N3205,2025-09-03 05:25:00,51329.0,3.52,0
N3206,2025-09-03 05:26:00,412427.0,20.35,0
N3207,2025-09-03 05:27:00,125687.0,53.95,0
N3208,2025-09-03 05:28:00,203474.0,32.98,0
N3209,2025-09-03 05:29:00,159283.0,22.41,0
N3210,2025-09-03 05:30:00,77550.0,52.9,0
N3211,2025-09-03 05:31:00,149271.0,72.63,0
N3212,2025-09-03 05:32:00,212273.0,7.43,0
N3213,2025-09-03 05:33:00,21845.0,83.37,0
N3214,2025-09-03 05:34:00,97920.0,8.1,0
N3215,2025-09-03 05:35:00,81028.0,11.77,0
N3216,2025-09-03 05:36:00,80648.0,47.99,0
N3217,2025-09-03 05:37:00,208979.0,24.86,0
N3218,2025-09-03 05:38:00,53060.0,19.54,0
N3219,2025-09-03 05:39:00,127354.0,24.71,0
N3220,2025-09-03 05:40:00,115421.0,97.13,0
N3221,2025-09-03 05:41:00,199608.0,21.79,0
N3222,2025-09-03 05:42:00,2026491.0,49.13,0
N3223,2025-09-03 05:43:00,187019.0,47.66,0
N3224,2025-09-03 05:44:00,477081.0,245.98,0
N3225,2025-09-03 05:45:00,892674.0,105.63,0
N3226,2025-09-03 05:46:00,34116.0,46.78,0
N3227,2025-09-03 05:47:00,197403.0,47.63,0
N3228,2025-09-03 05:48:00,153775.0,24.6,0
N3229,2025-09-03 05:49:00,46793.0,16.53,0
N3230,2025-09-03 05:50:00,235962.0,19.79,0
N3231,2025-09-03 05:51:00,149826.0,20.68,0
N3232,2025-09-03 05:52:00,25308.0,11.72,0
N3233,2025-09-03 05:53:00,690225.0,12.23,0
N3234,2025-09-03 05:54:00,263254.0,18.61,0
N3235,2025-09-03 05:55:00,240026.0,13.61,0
N3236,2025-09-03 05:56:00,275486.0,15.92,0
N3237,2025-09-03 05:57:00,73932.0,16.44,0
N3238,2025-09-03 05:58:00,619111.0,59.56,0
N3239,2025-09-03 05:59:00,122665.0,51.98,0
N3240,2025-09-03 06:00:00,357272.0,68.69,0
N3241,2025-09-03 06:01:00,48450.0,89.49,0
N3242,2025-09-03 06:02:00,546992.0,8.46,0
N3243,2025-09-03 06:03:00,78752.0,20.79,0
N3244,2025-09-03 06:04:00,166739.0,28.84,0
N3245,2025-09-03 06:05:00,179797.0,34.15,0
N3246,2025-09-03 06:06:00,1020560.0,37.16,0
N3247,2025-09-03 06:07:00,72220.0,110.42,0
N3248,2025-09-03 06:08:00,259299.0,10.39,0
N3249,2025-09-03 06:09:00,88756.0,26.49,0
N3250,2025-09-03 06:10:00,1614145.0,4.66,0
N3251,2025-09-03 06:11:00,197128.0,33.13,0
N3252,2025-09-03 06:12:00,918380.0,2.97,0
N3253,2025-09-03 06:13:00,1318695.0,30.96,0
N3254,2025-09-03 06:14:00,37443.0,89.03,0
N3255,2025-09-03 06:15:00,449897.0,42.36,0
N3256,2025-09-03 06:16:00,178821.0,5.6,0
N3257,2025-09-03 06:17:00,94382.0,7.93,0
N3258,2025-09-03 06:18:00,58680.0,42.12,0
N3259,2025-09-03 06:19:00,24398.0,17.55,0
N3260,2025-09-03 06:20:00,450874.0,1.47,0
N3261,2025-09-03 06:21:00,396237.0,109.98,0
N3262,2025-09-03 06:22:00,239112.0,25.1,0
N3263,2025-09-03 06:23:00,82271.0,3.61,0
N3264,2025-09-03 06:24:00,46648.0,26.61,0
N3265,2025-09-03 06:25:00,100443.0,286.4,0
N3266,2025-09-03 06:26:00,135826.0,16.85,0
N3267,2025-09-03 06:27:00,147441.0,16.55,0
N3268,2025-09-03 06:28:00,238352.0,9.3,0
N3269,2025-09-03 06:29:00,1341620.0,43.66,0
N3270,2025-09-03 06:30:00,231510.0,27.16,0
N3271,2025-09-03 06:31:00,144235.0,53.21,0
N3272,2025-09-03 06:32:00,254232.0,8.41,0
N3273,2025-09-03 06:33:00,405373.0,48.17,0
N3274,2025-09-03 06:34:00,560282.0,4.89,0
N3275,2025-09-03 06:35:00,129637.0,36.44,0
N3276,2025-09-03 06:36:00,31554.0,7.77,0
N3277,2025-09-03 06:37:00,141112.0,21.03,0
N3278,2025-09-03 06:38:00,25191.0,3.09,0
N3279,2025-09-03 06:39:00,37729.0,22.59,0
N3280,2025-09-03 06:40:00,91334.0,19.61,0
N3281,2025-09-03 06:41:00,207036.0,3.21,0
N3282,2025-09-03 06:42:00,168842.0,160.36,0
N3283,2025-09-03 06:43:00,81504.0,42.39,0
N3284,2025-09-03 06:44:00,149598.0,5.43,0
N3285,2025-09-03 06:45:00,245726.0,6.0,0
N3286,2025-09-03 06:46:00,266901.0,14.9,0
N3287,2025-09-03 06:47:00,107663.0,10.16,0
N3288,2025-09-03 06:48:00,44485.0,17.97,0
N3289,2025-09-03 06:49:00,53299.0,1.49,0
N3290,2025-09-03 06:50:00,12324.0,153.06,0
N3291,2025-09-03 06:51:00,2242029.0,8.49,0
N3292,2025-09-03 06:52:00,32462.0,86.01,0
N3293,2025-09-03 06:53:00,96409.0,16.42,0
N3294,2025-09-03 06:54:00,371000.0,378.94,0
N3295,2025-09-03 06:55:00,59201.0,56.3,0
N3296,2025-09-03 06:56:00,290022.0,71.87,0
N3297,2025-09-03 06:57:00,345750.0,84.34,0
N3298,2025-09-03 06:58:00,887058.0,22.2,0
N3299,2025-09-03 06:59:00,410523.0,24.07,0
N3300,2025-09-03 07:00:00,28121.0,17.28,0
N3301,2025-09-03 07:01:00,198288.0,31.0,0
N3302,2025-09-03 07:02:00,520665.0,22.0,0
N3303,2025-09-03 07:03:00,127199.0,31.02,0
N3304,2025-09-03 07:04:00,381210.0,7.75,0
N3305,2025-09-03 07:05:00,178665.0,12.18,0
N3306,2025-09-03 07:06:00,310039.0,39.07,0
N3307,2025-09-03 07:07:00,1072064.0,20.6,0
N3308,2025-09-03 07:08:00,222037.0,35.93,0
N3309,2025-09-03 07:09:00,519866.0,44.93,0
N3310,2025-09-03 07:10:00,254740.0,58.3,0
N3311,2025-09-03 07:11:00,197248.0,36.33,0
N3312,2025-09-03 07:12:00,101528.0,15.2,0
N3313,2025-09-03 07:13:00,37773.0,7.11,0
N3314,2025-09-03 07:14:00,1180160.0,80.59,0
N3315,2025-09-03 07:15:00,570637.0,8.75,0
N3316,2025-09-03 07:16:00,68992.0,20.09,0
N3317,2025-09-03 07:17:00,20396.0,139.95,0
N3318,2025-09-03 07:18:00,145403.0,7.76,0
N3319,2025-09-03 07:19:00,132574.0,14.48,0
N3320,2025-09-03 07:20:00,131979.0,23.15,0
N3321,2025-09-03 07:21:00,392454.0,2.35,0
N3322,2025-09-03 07:22:00,115474.0,5.57,0
N3323,2025-09-03 07:23:00,153527.0,90.16,0
N3324,2025-09-03 07:24:00,389259.0,34.55,0
N3325,2025-09-03 07:25:00,230118.0,54.09,0
N3326,2025-09-03 07:26:00,175488.0,27.3,0
N3327,2025-09-03 07:27:00,146415.0,1.93,0
N3328,2025-09-03 07:28:00,107706.0,5.92,0
N3329,2025-09-03 07:29:00,483776.0,1.39,0
N3330,2025-09-03 07:30:00,79257.0,43.38,0
N3331,2025-09-03 07:31:00,30403.0,519.21,0
N3332,2025-09-03 07:32:00,60271.0,3.06,0
N3333,2025-09-03 07:33:00,104541.0,72.63,0
N3334,2025-09-03 07:34:00,320095.0,74.25,0
N3335,2025-09-03 07:35:00,113384.0,25.13,0
N3336,2025-09-03 07:36:00,50034.0,3.88,0
N3337,2025-09-03 07:37:00,66328.0,7.1,0
N3338,2025-09-03 07:38:00,118215.0,1.78,0
N3339,2025-09-03 07:39:00,201310.0,17.28,0
N3340,2025-09-03 07:40:00,4808771.0,26.08,0
N3341,2025-09-03 07:41:00,703508.0,53.86,0
N3342,2025-09-03 07:42:00,390552.0,15.72,0
N3343,2025-09-03 07:43:00,127953.0,7.26,0
N3344,2025-09-03 07:44:00,452393.0,8.77,0
N3345,2025-09-03 07:45:00,645726.0,17.15,0
N3346,2025-09-03 07:46:00,246592.0,28.84,0
N3347,2025-09-03 07:47:00,151087.0,106.61,0
N3348,2025-09-03 07:48:00,31000.0,234.11,0
N3349,2025-09-03 07:49:00,102587.0,19.89,0
N3350,2025-09-03 07:50:00,81886.0,5.51,0
N3351,2025-09-03 07:51:00,118931.0,87.72,0
N3352,2025-09-03 07:52:00,336012.0,431.97,0
N3353,2025-09-03 07:53:00,227343.0,8.13,0
N3354,2025-09-03 07:54:00,61072.0,11.06,0
N3355,2025-09-03 07:55:00,4820.0,17.38,0
N3356,2025-09-03 07:56:00,673358.0,20.63,0
N3357,2025-09-03 07:57:00,410019.0,8.92,0
N3358,2025-09-03 07:58:00,266311.0,3.8,0
N3359,2025-09-03 07:59:00,654547.0,41.88,0
N3360,2025-09-03 08:00:00,113327.0,17.08,0
N3361,2025-09-03 08:01:00,222010.0,77.86,0
N3362,2025-09-03 08:02:00,80851.0,38.6,0
N3363,2025-09-03 08:03:00,307030.0,68.32,0
N3364,2025-09-03 08:04:00,93277.0,21.66,0
N3365,2025-09-03 08:05:00,183402.0,46.61,0
N3366,2025-09-03 08:06:00,296525.0,8.39,0
N3367,2025-09-03 08:07:00,120201.0,36.71,0
N3368,2025-09-03 08:08:00,95279.0,67.61,0
N3369,2025-09-03 08:09:00,59078.0,98.85,0
N3370,2025-09-03 08:10:00,79820.0,14.12,0
N3371,2025-09-03 08:11:00,763477.0,41.28,0
N3372,2025-09-03 08:12:00,64122.0,96.36,0
N3373,2025-09-03 08:13:00,115415.0,3.11,0
N3374,2025-09-03 08:14:00,269481.0,13.1,0
N3375,2025-09-03 08:15:00,205831.0,40.53,0
N3376,2025-09-03 08:16:00,45086.0,14.31,0
N3377,2025-09-03 08:17:00,105504.0,9.17,0
N3378,2025-09-03 08:18:00,263837.0,34.17,0
N3379,2025-09-03 08:19:00,59211.0,11.5,0
N3380,2025-09-03 08:20:00,317170.0,22.13,0
N3381,2025-09-03 08:21:00,65160.0,3.16,0
N3382,2025-09-03 08:22:00,1300288.0,11.58,0
N3383,2025-09-03 08:23:00,211453.0,28.5,0
N3384,2025-09-03 08:24:00,251359.0,18.05,0
N3385,2025-09-03 08:25:00,54156.0,19.3,0
N3386,2025-09-03 08:26:00,220187.0,29.81,0
N3387,2025-09-03 08:27:00,804907.0,75.72,0
N3388,2025-09-03 08:28:00,318968.0,15.2,0
N3389,2025-09-03 08:29:00,103536.0,19.81,0
N3390,2025-09-03 08:30:00,162130.0,22.27,0
N3391,2025-09-03 08:31:00,138160.0,11.47,0
N3392,2025-09-03 08:32:00,221315.0,7.93,0
N3393,2025-09-03 08:33:00,113003.0,56.08,0
N3394,2025-09-03 08:34:00,32132.0,5.05,0
N3395,2025-09-03 08:35:00,611993.0,41.54,0
N3396,2025-09-03 08:36:00,227393.0,15.82,0
N3397,2025-09-03 08:37:00,1128644.0,13.53,0
N3398,2025-09-03 08:38:00,288286.0,30.04,0
N3399,2025-09-03 08:39:00,800207.0,36.01,0
N3400,2025-09-03 08:40:00,195269.0,5.86,0
N3401,2025-09-03 08:41:00,163802.0,19.49,0
N3402,2025-09-03 08:42:00,300829.0,11.96,0
N3403,2025-09-03 08:43:00,357793.0,8.35,0
N3404,2025-09-03 08:44:00,362499.0,1.65,0
N3405,2025-09-03 08:45:00,531830.0,56.34,0
N3406,2025-09-03 08:46:00,513040.0,59.07,0
N3407,2025-09-03 08:47:00,31453.0,5.01,0
N3408,2025-09-03 08:48:00,68051.0,17.85,0
N3409,2025-09-03 08:49:00,140999.0,4.67,0
N3410,2025-09-03 08:50:00,318246.0,13.22,0
N3411,2025-09-03 08:51:00,330679.0,9.42,0
N3412,2025-09-03 08:52:00,52477.0,102.33,0
N3413,2025-09-03 08:53:00,1014091.0,3.91,0
N3414,2025-09-03 08:54:00,343530.0,2.37,0
N3415,2025-09-03 08:55:00,95881.0,13.24,0
N3416,2025-09-03 08:56:00,12939.0,14.23,0
N3417,2025-09-03 08:57:00,35928.0,213.06,0
N3418,2025-09-03 08:58:00,79207.0,8.1,0
N3419,2025-09-03 08:59:00,81535.0,118.32,0
N3420,2025-09-03 09:00:00,514865.0,36.92,0
N3421,2025-09-03 09:01:00,593043.0,146.4,0
N3422,2025-09-03 09:02:00,442551.0,28.11,0
N3423,2025-09-03 09:03:00,112524.0,2.91,0
N3424,2025-09-03 09:04:00,790742.0,6.62,0
N3425,2025-09-03 09:05:00,21020.0,38.79,0
N3426,2025-09-03 09:06:00,16316.0,6.96,0
N3427,2025-09-03 09:07:00,41095.0,355.06,0
N3428,2025-09-03 09:08:00,199907.0,2.24,0
N3429,2025-09-03 09:09:00,141710.0,9.47,0
N3430,2025-09-03 09:10:00,193324.0,35.42,0
N3431,2025-09-03 09:11:00,78174.0,20.63,0
N3432,2025-09-03 09:12:00,93438.0,11.43,0
N3433,2025-09-03 09:13:00,204117.0,114.44,0
N3434,2025-09-03 09:14:00,123427.0,22.04,0
N3435,2025-09-03 09:15:00,623633.0,73.28,0
N3436,2025-09-03 09:16:00,240595.0,12.16,0
N3437,2025-09-03 09:17:00,42052.0,70.23,0
N3438,2025-09-03 09:18:00,102441.0,26.61,0
N3439,2025-09-03 09:19:00,195375.0,2.88,0
N3440,2025-09-03 09:20:00,93993.0,4.7,0
N3441,2025-09-03 09:21:00,463415.0,77.93,0
N3442,2025-09-03 09:22:00,61192.0,20.15,0
N3443,2025-09-03 09:23:00,66538.0,79.43,0
N3444,2025-09-03 09:24:00,121114.0,48.14,0
N3445,2025-09-03 09:25:00,295927.0,5.25,0
N3446,2025-09-03 09:26:00,496431.0,4.82,0
N3447,2025-09-03 09:27:00,690665.0,17.78,0
N3448,2025-09-03 09:28:00,142268.0,24.62,0
N3449,2025-09-03 09:29:00,55377.0,8.72,0
N3450,2025-09-03 09:30:00,177565.0,37.09,0
N3451,2025-09-03 09:31:00,39433.0,15.53,0
N3452,2025-09-03 09:32:00,419012.0,8.1,0
N3453,2025-09-03 09:33:00,275336.0,27.28,0
N3454,2025-09-03 09:34:00,179494.0,9.28,0
N3455,2025-09-03 09:35:00,26160.0,3.52,0
N3456,2025-09-03 09:36:00,69693.0,132.51,0
N3457,2025-09-03 09:37:00,311522.0,1.89,0
N3458,2025-09-03 09:38:00,227094.0,2.75,0
N3459,2025-09-03 09:39:00,337516.0,54.34,0
N3460,2025-09-03 09:40:00,53413.0,27.55,0
N3461,2025-09-03 09:41:00,493279.0,10.17,0
N3462,2025-09-03 09:42:00,226604.0,206.22,0
N3463,2025-09-03 09:43:00,151110.0,12.51,0
N3464,2025-09-03 09:44:00,77267.0,17.55,0
N3465,2025-09-03 09:45:00,92140.0,20.46,0
N3466,2025-09-03 09:46:00,507653.0,41.88,0
N3467,2025-09-03 09:47:00,462522.0,46.0,0
N3468,2025-09-03 09:48:00,406971.0,103.01,0
N3469,2025-09-03 09:49:00,37802.0,11.46,0
N3470,2025-09-03 09:50:00,166385.0,19.01,0
N3471,2025-09-03 09:51:00,425602.0,14.02,0
N3472,2025-09-03 09:52:00,141293.0,4.08,0
N3473,2025-09-03 09:53:00,144772.0,13.53,0
N3474,2025-09-03 09:54:00,1156361.0,29.94,0
N3475,2025-09-03 09:55:00,981875.0,23.05,0
N3476,2025-09-03 09:56:00,89927.0,111.46,0
N3477,2025-09-03 09:57:00,216402.0,25.49,0
N3478,2025-09-03 09:58:00,122732.0,6.12,0
N3479,2025-09-03 09:59:00,252054.0,10.82,0
N3480,2025-09-03 10:00:00,43707.0,7.54,0
N3481,2025-09-03 10:01:00,2262457.0,9.77,0
N3482,2025-09-03 10:02:00,400114.0,18.06,0
N3483,2025-09-03 10:03:00,103267.0,50.14,0
N3484,2025-09-03 10:04:00,167892.0,56.64,0
N3485,2025-09-03 10:05:00,286483.0,6.72,0
N3486,2025-09-03 10:06:00,165344.0,33.27,0
N3487,2025-09-03 10:07:00,327909.0,18.51,0
N3488,2025-09-03 10:08:00,388588.0,13.18,0
N3489,2025-09-03 10:09:00,904274.0,9.01,0
N3490,2025-09-03 10:10:00,557810.0,8.31,0
N3491,2025-09-03 10:11:00,186353.0,10.61,0
N3492,2025-09-03 10:12:00,107965.0,70.26,0
N3493,2025-09-03 10:13:00,271491.0,62.09,0
N3494,2025-09-03 10:14:00,255081.0,54.37,0
N3495,2025-09-03 10:15:00,118288.0,1.31,0
N3496,2025-09-03 10:16:00,687628.0,89.33,0
N3497,2025-09-03 10:17:00,65602.0,28.92,0
N3498,2025-09-03 10:18:00,2290077.0,56.77,0
N3499,2025-09-03 10:19:00,81875.0,16.35,0
N3500,2025-09-03 10:20:00,140707.0,25.07,0
N3501,2025-09-03 10:21:00,556310.0,99.63,0
N3502,2025-09-03 10:22:00,160702.0,67.77,0
N3503,2025-09-03 10:23:00,69274.0,6.6,0
N3504,2025-09-03 10:24:00,581817.0,7.74,0
N3505,2025-09-03 10:25:00,179078.0,34.42,0
N3506,2025-09-03 10:26:00,150955.0,25.47,0
N3507,2025-09-03 10:27:00,217640.0,6.91,0
N3508,2025-09-03 10:28:00,158536.0,18.73,0
N3509,2025-09-03 10:29:00,137505.0,8.87,0
N3510,2025-09-03 10:30:00,124461.0,40.47,0
N3511,2025-09-03 10:31:00,279914.0,307.86,0
N3512,2025-09-03 10:32:00,123965.0,6.76,0
N3513,2025-09-03 10:33:00,155679.0,34.18,0
N3514,2025-09-03 10:34:00,358485.0,33.28,0
N3515,2025-09-03 10:35:00,73565.0,15.79,0
N3516,2025-09-03 10:36:00,141121.0,12.78,0
N3517,2025-09-03 10:37:00,221761.0,13.27,0
N3518,2025-09-03 10:38:00,236460.0,3.47,0
N3519,2025-09-03 10:39:00,38211.0,1.88,0
N3520,2025-09-03 10:40:00,171687.0,7.14,0
N3521,2025-09-03 10:41:00,81866.0,9.73,0
N3522,2025-09-03 10:42:00,115868.0,49.19,0
N3523,2025-09-03 10:43:00,110790.0,5.36,0
N3524,2025-09-03 10:44:00,127907.0,10.72,0
N3525,2025-09-03 10:45:00,79448.0,72.75,0
N3526,2025-09-03 10:46:00,167930.0,52.19,0
N3527,2025-09-03 10:47:00,200811.0,35.65,0
N3528,2025-09-03 10:48:00,715829.0,75.58,0
N3529,2025-09-03 10:49:00,44152.0,485.87,0
N3530,2025-09-03 10:50:00,212611.0,17.81,0
N3531,2025-09-03 10:51:00,36682.0,41.78,0
N3532,2025-09-03 10:52:00,80884.0,17.2,0
N3533,2025-09-03 10:53:00,35573.0,16.12,0
N3534,2025-09-03 10:54:00,278857.0,6.83,0
N3535,2025-09-03 10:55:00,99503.0,152.94,0
N3536,2025-09-03 10:56:00,118282.0,25.32,0
N3537,2025-09-03 10:57:00,122462.0,126.57,0
N3538,2025-09-03 10:58:00,50771.0,31.83,0
N3539,2025-09-03 10:59:00,244210.0,7.11,0
N3540,2025-09-03 11:00:00,210554.0,20.52,0
N3541,2025-09-03 11:01:00,75883.0,43.71,0
N3542,2025-09-03 11:02:00,265816.0,26.1,0
N3543,2025-09-03 11:03:00,433873.0,2.27,0
N3544,2025-09-03 11:04:00,190903.0,20.5,0
N3545,2025-09-03 11:05:00,188129.0,12.62,0
N3546,2025-09-03 11:06:00,56970.0,12.23,0
N3547,2025-09-03 11:07:00,328982.0,3.88,0
N3548,2025-09-03 11:08:00,107263.0,193.76,0
N3549,2025-09-03 11:09:00,53890.0,65.38,0
N3550,2025-09-03 11:10:00,130532.0,7.44,0
N3551,2025-09-03 11:11:00,153140.0,15.36,0
N3552,2025-09-03 11:12:00,472920.0,94.65,0
N3553,2025-09-03 11:13:00,262029.0,2.86,0
N3554,2025-09-03 11:14:00,39589.0,133.18,0
N3555,2025-09-03 11:15:00,158208.0,31.05,0
N3556,2025-09-03 11:16:00,977369.0,35.52,0
N3557,2025-09-03 11:17:00,301661.0,16.57,0
N3558,2025-09-03 11:18:00,202645.0,34.09,0
N3559,2025-09-03 11:19:00,209378.0,210.52,0
N3560,2025-09-03 11:20:00,94130.0,22.92,0
N3561,2025-09-03 11:21:00,968210.0,8.81,0
N3562,2025-09-03 11:22:00,268095.0,10.72,0
N3563,2025-09-03 11:23:00,235063.0,70.33,0
N3564,2025-09-03 11:24:00,183152.0,28.04,0
N3565,2025-09-03 11:25:00,279215.0,26.67,0
N3566,2025-09-03 11:26:00,76349.0,10.39,0
N3567,2025-09-03 11:27:00,222754.0,109.47,0
N3568,2025-09-03 11:28:00,125010.0,23.49,0
N3569,2025-09-03 11:29:00,19775.0,7.63,0
N3570,2025-09-03 11:30:00,114324.0,2.46,0
N3571,2025-09-03 11:31:00,62386.0,4.62,0
N3572,2025-09-03 11:32:00,94428.0,32.76,0
N3573,2025-09-03 11:33:00,279784.0,6.98,0
N3574,2025-09-03 11:34:00,86093.0,1.76,0
N3575,2025-09-03 11:35:00,172860.0,7.32,0
N3576,2025-09-03 11:36:00,45287.0,16.82,0
N3577,2025-09-03 11:37:00,447519.0,40.88,0
N3578,2025-09-03 11:38:00,866516.0,0.96,0
N3579,2025-09-03 11:39:00,396208.0,18.9,0
N3580,2025-09-03 11:40:00,735089.0,59.15,0
N3581,2025-09-03 11:41:00,132419.0,7.09,0
N3582,2025-09-03 11:42:00,575550.0,10.05,0
N3583,2025-09-03 11:43:00,807212.0,25.56,0
N3584,2025-09-03 11:44:00,170249.0,6.11,0
N3585,2025-09-03 11:45:00,101513.0,6.7,0
N3586,2025-09-03 11:46:00,77177.0,17.47,0
N3587,2025-09-03 11:47:00,192753.0,24.84,0
N3588,2025-09-03 11:48:00,14354.0,40.04,0
N3589,2025-09-03 11:49:00,965231.0,20.48,0
N3590,2025-09-03 11:50:00,352080.0,20.15,0
N3591,2025-09-03 11:51:00,258585.0,27.09,0
N3592,2025-09-03 11:52:00,907101.0,7.04,0
N3593,2025-09-03 11:53:00,419538.0,1.62,0
N3594,2025-09-03 11:54:00,53034.0,6.81,0
N3595,2025-09-03 11:55:00,95115.0,11.2,0
N3596,2025-09-03 11:56:00,264795.0,7.52,0
N3597,2025-09-03 11:57:00,445363.0,5.13,0
N3598,2025-09-03 11:58:00,225011.0,71.89,0
N3599,2025-09-03 11:59:00,132203.0,7.41,0
N3600,2025-09-03 12:00:00,44782.0,12.92,0
N3601,2025-09-03 12:01:00,42595.0,40.06,0
N3602,2025-09-03 12:02:00,75630.0,34.03,0
N3603,2025-09-03 12:03:00,119522.0,8.38,0
N3604,2025-09-03 12:04:00,149980.0,6.92,0
N3605,2025-09-03 12:05:00,24430.0,18.53,0
N3606,2025-09-03 12:06:00,301537.0,8.75,0
N3607,2025-09-03 12:07:00,1266155.0,17.17,0
N3608,2025-09-03 12:08:00,563843.0,7.14,0
N3609,2025-09-03 12:09:00,470898.0,33.08,0
N3610,2025-09-03 12:10:00,173555.0,3.68,0
N3611,2025-09-03 12:11:00,248080.0,15.55,0
N3612,2025-09-03 12:12:00,493596.0,28.49,0
N3613,2025-09-03 12:13:00,23873.0,28.54,0
N3614,2025-09-03 12:14:00,376597.0,365.55,0
N3615,2025-09-03 12:15:00,139538.0,15.25,0
N3616,2025-09-03 12:16:00,149799.0,23.88,0
N3617,2025-09-03 12:17:00,42757.0,17.96,0
N3618,2025-09-03 12:18:00,70905.0,197.6,0
N3619,2025-09-03 12:19:00,243636.0,67.28,0
N3620,2025-09-03 12:20:00,142074.0,203.93,0
N3621,2025-09-03 12:21:00,70529.0,10.07,0
N3622,2025-09-03 12:22:00,234085.0,24.49,0
N3623,2025-09-03 12:23:00,104268.0,21.36,0
N3624,2025-09-03 12:24:00,48111.0,5.04,0
N3625,2025-09-03 12:25:00,1595563.0,30.35,0
N3626,2025-09-03 12:26:00,90470.0,6.13,0
N3627,2025-09-03 12:27:00,583860.0,71.15,0
N3628,2025-09-03 12:28:00,48091.0,15.63,0
N3629,2025-09-03 12:29:00,230534.0,3.24,0
N3630,2025-09-03 12:30:00,256190.0,10.26,0
N3631,2025-09-03 12:31:00,564913.0,21.25,0
N3632,2025-09-03 12:32:00,121605.0,163.26,0
N3633,2025-09-03 12:33:00,185589.0,56.89,0
N3634,2025-09-03 12:34:00,106165.0,22.45,0
N3635,2025-09-03 12:35:00,475792.0,57.48,0
N3636,2025-09-03 12:36:00,35293.0,24.68,0
N3637,2025-09-03 12:37:00,135357.0,6.9,0
N3638,2025-09-03 12:38:00,206313.0,32.97,0
N3639,2025-09-03 12:39:00,549660.0,56.39,0
N3640,2025-09-03 12:40:00,34595.0,781.26,0
N3641,2025-09-03 12:41:00,62808.0,28.67,0
N3642,2025-09-03 12:42:00,287894.0,11.27,0
N3643,2025-09-03 12:43:00,99013.0,61.37,0
N3644,2025-09-03 12:44:00,1000613.0,45.96,0
N3645,2025-09-03 12:45:00,142133.0,133.96,0
N3646,2025-09-03 12:46:00,35298.0,49.42,0
N3647,2025-09-03 12:47:00,501032.0,2.58,0
N3648,2025-09-03 12:48:00,504352.0,18.67,0
N3649,2025-09-03 12:49:00,46766.0,94.28,0
N3650,2025-09-03 12:50:00,86858.0,156.3,0
N3651,2025-09-03 12:51:00,74141.0,7.41,0
N3652,2025-09-03 12:52:00,145038.0,15.5,0
N3653,2025-09-03 12:53:00,186655.0,44.09,0
N3654,2025-09-03 12:54:00,826343.0,12.3,0
N3655,2025-09-03 12:55:00,30281.0,14.75,0
N3656,2025-09-03 12:56:00,163895.0,59.87,0
N3657,2025-09-03 12:57:00,49334.0,67.83,0
N3658,2025-09-03 12:58:00,389608.0,79.09,0
N3659,2025-09-03 12:59:00,109543.0,36.81,0
N3660,2025-09-03 13:00:00,139261.0,5.98,0
N3661,2025-09-03 13:01:00,389287.0,17.04,0
N3662,2025-09-03 13:02:00,75328.0,6.16,0
N3663,2025-09-03 13:03:00,501989.0,10.92,0
N3664,2025-09-03 13:04:00,305594.0,40.06,0
N3665,2025-09-03 13:05:00,241573.0,24.51,0
N3666,2025-09-03 13:06:00,31091.0,284.87,0
N3667,2025-09-03 13:07:00,171485.0,27.56,0
N3668,2025-09-03 13:08:00,28888.0,32.82,0
N3669,2025-09-03 13:09:00,90565.0,19.43,0
N3670,2025-09-03 13:10:00,205411.0,50.68,0
N3671,2025-09-03 13:11:00,47794.0,148.35,0
N3672,2025-09-03 13:12:00,48614.0,24.62,0
N3673,2025-09-03 13:13:00,79150.0,125.08,0
N3674,2025-09-03 13:14:00,268672.0,17.85,0
N3675,2025-09-03 13:15:00,373816.0,73.12,0
N3676,2025-09-03 13:16:00,240440.0,18.28,0
N3677,2025-09-03 13:17:00,417455.0,17.75,0
N3678,2025-09-03 13:18:00,735926.0,1.77,0
N3679,2025-09-03 13:19:00,26487.0,2.31,0
N3680,2025-09-03 13:20:00,122329.0,17.37,0
N3681,2025-09-03 13:21:00,313319.0,49.61,0
N3682,2025-09-03 13:22:00,343973.0,19.08,0
N3683,2025-09-03 13:23:00,299302.0,7.3,0
N3684,2025-09-03 13:24:00,318335.0,6.35,0
N3685,2025-09-03 13:25:00,166073.0,49.57,0
N3686,2025-09-03 13:26:00,100996.0,5.89,0
N3687,2025-09-03 13:27:00,250550.0,54.73,0
N3688,2025-09-03 13:28:00,36683.0,46.33,0
N3689,2025-09-03 13:29:00,485492.0,121.18,0
N3690,2025-09-03 13:30:00,324111.0,385.12,0
N3691,2025-09-03 13:31:00,295232.0,14.86,0
N3692,2025-09-03 13:32:00,440576.0,17.51,0
N3693,2025-09-03 13:33:00,133284.0,113.82,0
N3694,2025-09-03 13:34:00,402142.0,19.01,0
N3695,2025-09-03 13:35:00,126013.0,3.08,0
N3696,2025-09-03 13:36:00,51980.0,7.99,0
N3697,2025-09-03 13:37:00,125688.0,31.97,0
N3698,2025-09-03 13:38:00,132818.0,4.69,0
N3699,2025-09-03 13:39:00,45895.0,226.43,0
N3700,2025-09-03 13:40:00,467504.0,95.69,0
N3701,2025-09-03 13:41:00,46692.0,6.57,0
N3702,2025-09-03 13:42:00,1072423.0,7.23,0
N3703,2025-09-03 13:43:00,124884.0,23.66,0
N3704,2025-09-03 13:44:00,128199.0,12.07,0
N3705,2025-09-03 13:45:00,105646.0,17.76,0
N3706,2025-09-03 13:46:00,455739.0,45.46,0
N3707,2025-09-03 13:47:00,446966.0,15.89,0
N3708,2025-09-03 13:48:00,1185118.0,111.36,0
N3709,2025-09-03 13:49:00,50110.0,56.84,0
N3710,2025-09-03 13:50:00,184931.0,68.48,0
N3711,2025-09-03 13:51:00,263323.0,5.03,0
N3712,2025-09-03 13:52:00,197880.0,3.6,0
N3713,2025-09-03 13:53:00,60306.0,19.64,0
N3714,2025-09-03 13:54:00,140135.0,172.26,0
N3715,2025-09-03 13:55:00,96211.0,86.39,0
N3716,2025-09-03 13:56:00,169399.0,49.1,0
N3717,2025-09-03 13:57:00,96052.0,89.64,0
N3718,2025-09-03 13:58:00,113032.0,5.31,0
N3719,2025-09-03 13:59:00,465296.0,3.57,0
N3720,2025-09-03 14:00:00,30025.0,95.62,0
N3721,2025-09-03 14:01:00,85541.0,9.69,0
N3722,2025-09-03 14:02:00,388517.0,7.68,0
N3723,2025-09-03 14:03:00,84884.0,41.7,0
N3724,2025-09-03 14:04:00,99618.0,14.92,0
N3725,2025-09-03 14:05:00,244418.0,17.35,0
N3726,2025-09-03 14:06:00,227993.0,30.27,0
N3727,2025-09-03 14:07:00,210543.0,24.77,0
N3728,2025-09-03 14:08:00,189410.0,2.85,0
N3729,2025-09-03 14:09:00,141838.0,11.44,0
N3730,2025-09-03 14:10:00,304429.0,47.91,0
N3731,2025-09-03 14:11:00,84168.0,8.81,0
N3732,2025-09-03 14:12:00,221802.0,13.65,0
N3733,2025-09-03 14:13:00,183949.0,14.18,0
N3734,2025-09-03 14:14:00,725268.0,0.94,0
N3735,2025-09-03 14:15:00,49895.0,22.69,0
N3736,2025-09-03 14:16:00,75795.0,9.65,0
N3737,2025-09-03 14:17:00,48133.0,40.56,0
N3738,2025-09-03 14:18:00,440610.0,27.43,0
N3739,2025-09-03 14:19:00,312975.0,7.74,0
N3740,2025-09-03 14:20:00,47133.0,35.18,0
N3741,2025-09-03 14:21:00,94693.0,11.22,0
N3742,2025-09-03 14:22:00,712053.0,8.8,0
N3743,2025-09-03 14:23:00,727386.0,3.48,0
N3744,2025-09-03 14:24:00,96407.0,34.01,0
N3745,2025-09-03 14:25:00,92537.0,16.75,0
N3746,2025-09-03 14:26:00,541385.0,10.82,0
N3747,2025-09-03 14:27:00,179454.0,3.07,0
N3748,2025-09-03 14:28:00,130122.0,75.13,0
N3749,2025-09-03 14:29:00,163548.0,14.31,0
N3750,2025-09-03 14:30:00,171685.0,30.22,0
N3751,2025-09-03 14:31:00,48462.0,28.98,0
N3752,2025-09-03 14:32:00,47536.0,3.87,0
N3753,2025-09-03 14:33:00,78404.0,45.83,0
N3754,2025-09-03 14:34:00,81045.0,14.79,0
N3755,2025-09-03 14:35:00,114248.0,15.75,0
N3756,2025-09-03 14:36:00,189777.0,1.96,0
N3757,2025-09-03 14:37:00,229022.0,87.54,0
N3758,2025-09-03 14:38:00,746549.0,22.73,0
N3759,2025-09-03 14:39:00,175184.0,15.5,0
N3760,2025-09-03 14:40:00,41783.0,8.73,0
N3761,2025-09-03 14:41:00,135839.0,18.73,0
N3762,2025-09-03 14:42:00,155530.0,43.21,0
N3763,2025-09-03 14:43:00,125923.0,18.2,0
N3764,2025-09-03 14:44:00,161722.0,35.37,0
N3765,2025-09-03 14:45:00,205355.0,5.4,0
N3766,2025-09-03 14:46:00,198865.0,2.23,0
N3767,2025-09-03 14:47:00,165903.0,7.88,0
N3768,2025-09-03 14:48:00,1004965.0,13.05,0
N3769,2025-09-03 14:49:00,58180.0,5.78,0
N3770,2025-09-03 14:50:00,124819.0,18.41,0
N3771,2025-09-03 14:51:00,79341.0,14.55,0
N3772,2025-09-03 14:52:00,281076.0,2.09,0
N3773,2025-09-03 14:53:00,38643.0,48.75,0
N3774,2025-09-03 14:54:00,224942.0,15.3,0
N3775,2025-09-03 14:55:00,47584.0,5.03,0
N3776,2025-09-03 14:56:00,110354.0,3.24,0
N3777,2025-09-03 14:57:00,485210.0,309.51,0
N3778,2025-09-03 14:58:00,185956.0,11.13,0
N3779,2025-09-03 14:59:00,379010.0,1.56,0
N3780,2025-09-03 15:00:00,144997.0,3.49,0
N3781,2025-09-03 15:01:00,412199.0,22.11,0
N3782,2025-09-03 15:02:00,1379007.0,8.27,0
N3783,2025-09-03 15:03:00,136143.0,14.93,0
N3784,2025-09-03 15:04:00,588753.0,19.04,0
N3785,2025-09-03 15:05:00,83451.0,19.29,0
N3786,2025-09-03 15:06:00,20939.0,19.16,0
N3787,2025-09-03 15:07:00,196350.0,16.22,0
N3788,2025-09-03 15:08:00,221779.0,139.36,0
N3789,2025-09-03 15:09:00,464799.0,13.07,0
N3790,2025-09-03 15:10:00,330798.0,75.78,0
N3791,2025-09-03 15:11:00,112028.0,25.75,0
N3792,2025-09-03 15:12:00,83097.0,63.13,0
N3793,2025-09-03 15:13:00,760595.0,39.28,0
N3794,2025-09-03 15:14:00,570246.0,78.7,0
N3795,2025-09-03 15:15:00,252770.0,423.53,0
N3796,2025-09-03 15:16:00,220601.0,18.19,0
N3797,2025-09-03 15:17:00,105715.0,34.25,0
N3798,2025-09-03 15:18:00,81257.0,195.52,0
N3799,2025-09-03 15:19:00,38593.0,26.71,0
N3800,2025-09-03 15:20:00,91141.0,0.84,0
N3801,2025-09-03 15:21:00,55662.0,11.72,0
N3802,2025-09-03 15:22:00,391216.0,13.06,0
N3803,2025-09-03 15:23:00,234592.0,23.57,0
N3804,2025-09-03 15:24:00,203197.0,9.27,0
N3805,2025-09-03 15:25:00,163558.0,324.03,0
N3806,2025-09-03 15:26:00,353830.0,276.02,0
N3807,2025-09-03 15:27:00,151993.0,2.84,0
N3808,2025-09-03 15:28:00,66829.0,6.62,0
N3809,2025-09-03 15:29:00,98796.0,71.5,0
N3810,2025-09-03 15:30:00,348158.0,7.56,0
N3811,2025-09-03 15:31:00,2144774.0,12.26,0
N3812,2025-09-03 15:32:00,226733.0,7.8,0
N3813,2025-09-03 15:33:00,354683.0,108.88,0
N3814,2025-09-03 15:34:00,98798.0,18.42,0
N3815,2025-09-03 15:35:00,43521.0,90.59,0
N3816,2025-09-03 15:36:00,83941.0,10.03,0
N3817,2025-09-03 15:37:00,476950.0,52.3,0
N3818,2025-09-03 15:38:00,392046.0,14.64,0
N3819,2025-09-03 15:39:00,136564.0,25.3,0
N3820,2025-09-03 15:40:00,127815.0,12.01,0
N3821,2025-09-03 15:41:00,46434.0,14.71,0
N3822,2025-09-03 15:42:00,120490.0,18.0,0
N3823,2025-09-03 15:43:00,58391.0,27.12,0
N3824,2025-09-03 15:44:00,64941.0,51.43,0
N3825,2025-09-03 15:45:00,211404.0,6.41,0
N3826,2025-09-03 15:46:00,367557.0,4.11,0
N3827,2025-09-03 15:47:00,196487.0,91.23,0
N3828,2025-09-03 15:48:00,267964.0,232.38,0
N3829,2025-09-03 15:49:00,704677.0,63.7,0
N3830,2025-09-03 15:50:00,295576.0,96.59,0
N3831,2025-09-03 15:51:00,321126.0,12.86,0
N3832,2025-09-03 15:52:00,150808.0,42.06,0
N3833,2025-09-03 15:53:00,41608.0,33.81,0
N3834,2025-09-03 15:54:00,27422.0,24.77,0
N3835,2025-09-03 15:55:00,785878.0,7.25,0
N3836,2025-09-03 15:56:00,472540.0,2.88,0
N3837,2025-09-03 15:57:00,272658.0,89.31,0
N3838,2025-09-03 15:58:00,623750.0,51.29,0
N3839,2025-09-03 15:59:00,256436.0,9.11,0
N3840,2025-09-03 16:00:00,274804.0,30.69,0
N3841,2025-09-03 16:01:00,30873.0,11.62,0
N3842,2025-09-03 16:02:00,49059.0,61.34,0
N3843,2025-09-03 16:03:00,80763.0,37.95,0
N3844,2025-09-03 16:04:00,229131.0,129.06,0
N3845,2025-09-03 16:05:00,92480.0,23.48,0
N3846,2025-09-03 16:06:00,135008.0,18.22,0
N3847,2025-09-03 16:07:00,569466.0,21.14,0
N3848,2025-09-03 16:08:00,274498.0,577.92,0
N3849,2025-09-03 16:09:00,210568.0,45.94,0
N3850,2025-09-03 16:10:00,42299.0,22.99,0
N3851,2025-09-03 16:11:00,818797.0,59.53,0
N3852,2025-09-03 16:12:00,69810.0,15.18,0
N3853,2025-09-03 16:13:00,409099.0,30.87,0
N3854,2025-09-03 16:14:00,655435.0,68.11,0
N3855,2025-09-03 16:15:00,48259.0,0.9,0
N3856,2025-09-03 16:16:00,114912.0,4.12,0
N3857,2025-09-03 16:17:00,206265.0,4.52,0
N3858,2025-09-03 16:18:00,90407.0,13.4,0
N3859,2025-09-03 16:19:00,263248.0,13.21,0
N3860,2025-09-03 16:20:00,54025.0,34.74,0
N3861,2025-09-03 16:21:00,351077.0,44.99,0
N3862,2025-09-03 16:22:00,45403.0,117.84,0
N3863,2025-09-03 16:23:00,63587.0,13.73,0
N3864,2025-09-03 16:24:00,78099.0,12.55,0
N3865,2025-09-03 16:25:00,36843.0,11.39,0
N3866,2025-09-03 16:26:00,61674.0,6.88,0
N3867,2025-09-03 16:27:00,294279.0,25.56,0
N3868,2025-09-03 16:28:00,155468.0,4.65,0
N3869,2025-09-03 16:29:00,201545.0,80.31,0
N3870,2025-09-03 16:30:00,47427.0,27.67,0
N3871,2025-09-03 16:31:00,488474.0,53.7,0
N3872,2025-09-03 16:32:00,904827.0,140.5,0
N3873,2025-09-03 16:33:00,58700.0,1.32,0
N3874,2025-09-03 16:34:00,86725.0,17.12,0
N3875,2025-09-03 16:35:00,320719.0,9.8,0
N3876,2025-09-03 16:36:00,169208.0,35.02,0
N3877,2025-09-03 16:37:00,101664.0,55.2,0
N3878,2025-09-03 16:38:00,347711.0,33.71,0
N3879,2025-09-03 16:39:00,38649.0,23.67,0
N3880,2025-09-03 16:40:00,413119.0,16.42,0
N3881,2025-09-03 16:41:00,28536.0,61.18,0
N3882,2025-09-03 16:42:00,333109.0,20.8,0
N3883,2025-09-03 16:43:00,377416.0,154.07,0
N3884,2025-09-03 16:44:00,91174.0,10.92,0
N3885,2025-09-03 16:45:00,155912.0,180.18,0
N3886,2025-09-03 16:46:00,43658.0,4.87,0
N3887,2025-09-03 16:47:00,1637705.0,27.91,0
N3888,2025-09-03 16:48:00,127092.0,22.12,0
N3889,2025-09-03 16:49:00,50660.0,8.65,0
N3890,2025-09-03 16:50:00,92470.0,3.96,0
N3891,2025-09-03 16:51:00,141276.0,61.41,0
N3892,2025-09-03 16:52:00,261076.0,20.11,0
N3893,2025-09-03 16:53:00,255345.0,63.26,0
N3894,2025-09-03 16:54:00,216950.0,171.06,0
N3895,2025-09-03 16:55:00,254166.0,45.27,0
N3896,2025-09-03 16:56:00,175197.0,63.82,0
N3897,2025-09-03 16:57:00,180933.0,12.75,0
N3898,2025-09-03 16:58:00,23731.0,111.66,0
N3899,2025-09-03 16:59:00,407045.0,126.31,0
N3900,2025-09-03 17:00:00,63584.0,39.9,0
N3901,2025-09-03 17:01:00,177964.0,15.48,0
N3902,2025-09-03 17:02:00,317050.0,21.44,0
N3903,2025-09-03 17:03:00,62948.0,24.22,0
N3904,2025-09-03 17:04:00,72291.0,35.21,0
N3905,2025-09-03 17:05:00,40507.0,19.95,0
N3906,2025-09-03 17:06:00,54089.0,14.24,0
N3907,2025-09-03 17:07:00,1634877.0,16.45,0
N3908,2025-09-03 17:08:00,838057.0,20.23,0
N3909,2025-09-03 17:09:00,783742.0,87.72,0
N3910,2025-09-03 17:10:00,107613.0,6.6,0
N3911,2025-09-03 17:11:00,336945.0,1.97,0
N3912,2025-09-03 17:12:00,131579.0,3.26,0
N3913,2025-09-03 17:13:00,207950.0,26.4,0
N3914,2025-09-03 17:14:00,147401.0,28.14,0
N3915,2025-09-03 17:15:00,110056.0,82.25,0
N3916,2025-09-03 17:16:00,109739.0,396.75,0
N3917,2025-09-03 17:17:00,1035474.0,16.57,0
N3918,2025-09-03 17:18:00,160051.0,71.9,0
N3919,2025-09-03 17:19:00,139120.0,10.05,0
N3920,2025-09-03 17:20:00,141899.0,75.72,0
N3921,2025-09-03 17:21:00,387216.0,28.37,0
N3922,2025-09-03 17:22:00,158394.0,4.81,0
N3923,2025-09-03 17:23:00,28670.0,29.84,0
N3924,2025-09-03 17:24:00,114862.0,37.76,0
N3925,2025-09-03 17:25:00,677700.0,32.09,0
N3926,2025-09-03 17:26:00,302133.0,14.5,0
N3927,2025-09-03 17:27:00,45037.0,118.45,0
N3928,2025-09-03 17:28:00,75186.0,79.39,0
N3929,2025-09-03 17:29:00,1088542.0,46.19,0
N3930,2025-09-03 17:30:00,108948.0,8.77,0
N3931,2025-09-03 17:31:00,76866.0,12.62,0
N3932,2025-09-03 17:32:00,174411.0,54.22,0
N3933,2025-09-03 17:33:00,563849.0,156.65,0
N3934,2025-09-03 17:34:00,77795.0,69.8,0
N3935,2025-09-03 17:35:00,243132.0,16.27,0
N3936,2025-09-03 17:36:00,224359.0,24.5,0
N3937,2025-09-03 17:37:00,76006.0,89.27,0
N3938,2025-09-03 17:38:00,232006.0,4.27,0
N3939,2025-09-03 17:39:00,311516.0,3.76,0
N3940,2025-09-03 17:40:00,28476.0,71.47,0
N3941,2025-09-03 17:41:00,135233.0,23.9,0
N3942,2025-09-03 17:42:00,149656.0,6.56,0
N3943,2025-09-03 17:43:00,117057.0,16.15,0
N3944,2025-09-03 17:44:00,153152.0,13.32,0
N3945,2025-09-03 17:45:00,56473.0,37.12,0
N3946,2025-09-03 17:46:00,226148.0,17.46,0
N3947,2025-09-03 17:47:00,172629.0,34.2,0
N3948,2025-09-03 17:48:00,252463.0,135.7,0
N3949,2025-09-03 17:49:00,47089.0,25.53,0
N3950,2025-09-03 17:50:00,89171.0,17.86,0
N3951,2025-09-03 17:51:00,120213.0,10.96,0
N3952,2025-09-03 17:52:00,45692.0,11.46,0
N3953,2025-09-03 17:53:00,229103.0,17.81,0
N3954,2025-09-03 17:54:00,59380.0,68.99,0
N3955,2025-09-03 17:55:00,21113.0,52.2,0
N3956,2025-09-03 17:56:00,81796.0,3.43,0
N3957,2025-09-03 17:57:00,60181.0,191.77,0
N3958,2025-09-03 17:58:00,1157808.0,10.46,0
N3959,2025-09-03 17:59:00,601424.0,10.5,0
N3960,2025-09-03 18:00:00,204736.0,16.45,0
N3961,2025-09-03 18:01:00,156205.0,238.53,0
N3962,2025-09-03 18:02:00,247231.0,43.46,0
N3963,2025-09-03 18:03:00,99053.0,26.59,0
N3964,2025-09-03 18:04:00,378288.0,10.02,0
N3965,2025-09-03 18:05:00,114388.0,25.0,0
N3966,2025-09-03 18:06:00,144076.0,310.45,0
N3967,2025-09-03 18:07:00,269062.0,57.35,0
N3968,2025-09-03 18:08:00,55836.0,11.83,0
N3969,2025-09-03 18:09:00,111943.0,13.33,0
N3970,2025-09-03 18:10:00,108578.0,41.61,0
N3971,2025-09-03 18:11:00,109465.0,63.92,0
N3972,2025-09-03 18:12:00,413445.0,5.07,0
N3973,2025-09-03 18:13:00,193504.0,32.12,0
N3974,2025-09-03 18:14:00,1300828.0,47.84,0
N3975,2025-09-03 18:15:00,3448270.0,91.22,0
N3976,2025-09-03 18:16:00,723318.0,4.73,0
N3977,2025-09-03 18:17:00,186957.0,320.06,0
N3978,2025-09-03 18:18:00,56067.0,12.35,0
N3979,2025-09-03 18:19:00,73686.0,11.87,0
N3980,2025-09-03 18:20:00,217317.0,11.02,0
N3981,2025-09-03 18:21:00,91197.0,40.66,0
N3982,2025-09-03 18:22:00,401802.0,6.61,0
N3983,2025-09-03 18:23:00,191592.0,161.48,0
N3984,2025-09-03 18:24:00,191238.0,11.57,0
N3985,2025-09-03 18:25:00,352446.0,23.36,0
N3986,2025-09-03 18:26:00,28128.0,5.24,0
N3987,2025-09-03 18:27:00,62046.0,10.74,0
N3988,2025-09-03 18:28:00,269345.0,1.79,0
N3989,2025-09-03 18:29:00,110598.0,19.41,0
N3990,2025-09-03 18:30:00,76414.0,17.75,0
N3991,2025-09-03 18:31:00,34269.0,2.43,0
N3992,2025-09-03 18:32:00,251189.0,16.08,0
N3993,2025-09-03 18:33:00,259541.0,36.78,0
N3994,2025-09-03 18:34:00,91983.0,102.05,0
N3995,2025-09-03 18:35:00,67586.0,6.76,0
N3996,2025-09-03 18:36:00,659439.0,2.27,0
N3997,2025-09-03 18:37:00,14946.0,17.33,0
N3998,2025-09-03 18:38:00,113455.0,173.02,0
N3999,2025-09-03 18:39:00,37300.0,13.67,0
N4000,2025-09-03 18:40:00,41612.0,11.41,0
N4001,2025-09-03 18:41:00,89791.0,73.77,0
N4002,2025-09-03 18:42:00,510829.0,12.74,0
N4003,2025-09-03 18:43:00,54310.0,13.0,0
N4004,2025-09-03 18:44:00,102529.0,8.87,0
N4005,2025-09-03 18:45:00,122855.0,23.06,0
N4006,2025-09-03 18:46:00,78617.0,19.67,0
N4007,2025-09-03 18:47:00,93807.0,24.41,0
N4008,2025-09-03 18:48:00,299497.0,22.72,0
N4009,2025-09-03 18:49:00,120732.0,3.1,0
N4010,2025-09-03 18:50:00,143746.0,43.76,0
N4011,2025-09-03 18:51:00,1062357.0,3.78,0
N4012,2025-09-03 18:52:00,1091082.0,14.0,0
N4013,2025-09-03 18:53:00,61403.0,90.17,0
N4014,2025-09-03 18:54:00,368349.0,41.04,0
N4015,2025-09-03 18:55:00,96299.0,126.29,0
N4016,2025-09-03 18:56:00,1311831.0,11.29,0
N4017,2025-09-03 18:57:00,781456.0,10.32,0
N4018,2025-09-03 18:58:00,30005.0,82.33,0
N4019,2025-09-03 18:59:00,488162.0,24.06,0
N4020,2025-09-03 19:00:00,109557.0,242.84,0
N4021,2025-09-03 19:01:00,866409.0,6.66,0
N4022,2025-09-03 19:02:00,363077.0,48.42,0
N4023,2025-09-03 19:03:00,977225.0,43.09,0
N4024,2025-09-03 19:04:00,118400.0,83.9,0
N4025,2025-09-03 19:05:00,161328.0,42.47,0
N4026,2025-09-03 19:06:00,316517.0,47.13,0
N4027,2025-09-03 19:07:00,45659.0,24.81,0
N4028,2025-09-03 19:08:00,245063.0,65.67,0
N4029,2025-09-03 19:09:00,288202.0,11.52,0
N4030,2025-09-03 19:10:00,81316.0,61.62,0
N4031,2025-09-03 19:11:00,10914.0,193.33,0
N4032,2025-09-03 19:12:00,200024.0,8.78,0
N4033,2025-09-03 19:13:00,481588.0,47.48,0
N4034,2025-09-03 19:14:00,226147.0,34.16,0
N4035,2025-09-03 19:15:00,164080.0,6.57,0
N4036,2025-09-03 19:16:00,177882.0,22.99,0
N4037,2025-09-03 19:17:00,309319.0,59.65,0
N4038,2025-09-03 19:18:00,78187.0,50.77,0
N4039,2025-09-03 19:19:00,69390.0,7.15,0
N4040,2025-09-03 19:20:00,173894.0,28.2,0
N4041,2025-09-03 19:21:00,733462.0,35.73,0
N4042,2025-09-03 19:22:00,87490.0,60.93,0
N4043,2025-09-03 19:23:00,73326.0,21.52,0
N4044,2025-09-03 19:24:00,944463.0,10.3,0
N4045,2025-09-03 19:25:00,260821.0,77.23,0
N4046,2025-09-03 19:26:00,33427.0,5.55,0
N4047,2025-09-03 19:27:00,482003.0,9.38,0
N4048,2025-09-03 19:28:00,194067.0,50.73,0
N4049,2025-09-03 19:29:00,385299.0,29.95,0
N4050,2025-09-03 19:30:00,45439.0,24.1,0
N4051,2025-09-03 19:31:00,101210.0,7.69,0
N4052,2025-09-03 19:32:00,919881.0,60.35,0
N4053,2025-09-03 19:33:00,214062.0,40.21,0
N4054,2025-09-03 19:34:00,87262.0,209.66,0
N4055,2025-09-03 19:35:00,761982.0,46.55,0
N4056,2025-09-03 19:36:00,229908.0,3.82,0
N4057,2025-09-03 19:37:00,14006.0,22.79,0
N4058,2025-09-03 19:38:00,241322.0,18.06,0
N4059,2025-09-03 19:39:00,114888.0,16.64,0
N4060,2025-09-03 19:40:00,495390.0,15.82,0
N4061,2025-09-03 19:41:00,509054.0,24.48,0
N4062,2025-09-03 19:42:00,577928.0,8.27,0
N4063,2025-09-03 19:43:00,485999.0,2.98,0
N4064,2025-09-03 19:44:00,333308.0,32.79,0
N4065,2025-09-03 19:45:00,337046.0,74.72,0
N4066,2025-09-03 19:46:00,71336.0,34.9,0
N4067,2025-09-03 19:47:00,244795.0,28.62,0
N4068,2025-09-03 19:48:00,90318.0,7.99,0
N4069,2025-09-03 19:49:00,1955642.0,56.54,0
N4070,2025-09-03 19:50:00,109268.0,1.89,0
N4071,2025-09-03 19:51:00,45553.0,231.13,0
N4072,2025-09-03 19:52:00,24121.0,10.33,0
N4073,2025-09-03 19:53:00,52578.0,47.29,0
N4074,2025-09-03 19:54:00,61636.0,11.6,0
N4075,2025-09-03 19:55:00,112652.0,22.86,0
N4076,2025-09-03 19:56:00,107179.0,13.32,0
N4077,2025-09-03 19:57:00,106358.0,1.82,0
N4078,2025-09-03 19:58:00,238927.0,42.69,0
N4079,2025-09-03 19:59:00,128544.0,5.57,0
N4080,2025-09-03 20:00:00,158059.0,5.05,0
N4081,2025-09-03 20:01:00,513810.0,11.21,0
N4082,2025-09-03 20:02:00,87957.0,14.26,0
N4083,2025-09-03 20:03:00,135914.0,30.63,0
N4084,2025-09-03 20:04:00,84554.0,10.88,0
N4085,2025-09-03 20:05:00,608883.0,502.37,0
N4086,2025-09-03 20:06:00,227159.0,3.17,0
N4087,2025-09-03 20:07:00,225593.0,13.58,0
N4088,2025-09-03 20:08:00,51158.0,35.97,0
N4089,2025-09-03 20:09:00,224734.0,74.13,0
N4090,2025-09-03 20:10:00,485333.0,42.72,0
N4091,2025-09-03 20:11:00,60548.0,55.48,0
N4092,2025-09-03 20:12:00,92932.0,8.74,0
N4093,2025-09-03 20:13:00,56019.0,41.03,0
N4094,2025-09-03 20:14:00,45820.0,95.91,0
N4095,2025-09-03 20:15:00,102079.0,36.27,0
N4096,2025-09-03 20:16:00,308336.0,355.53,0
N4097,2025-09-03 20:17:00,103871.0,18.7,0
N4098,2025-09-03 20:18:00,1342442.0,13.51,0
N4099,2025-09-03 20:19:00,94862.0,2.55,0
N4100,2025-09-03 20:20:00,219668.0,11.84,0
N4101,2025-09-03 20:21:00,115519.0,37.19,0
N4102,2025-09-03 20:22:00,102884.0,58.9,0
N4103,2025-09-03 20:23:00,33044.0,107.4,0
N4104,2025-09-03 20:24:00,162885.0,26.16,0
N4105,2025-09-03 20:25:00,349655.0,10.15,0
N4106,2025-09-03 20:26:00,302385.0,4.13,0
N4107,2025-09-03 20:27:00,221188.0,16.14,0
N4108,2025-09-03 20:28:00,440910.0,5.86,0
N4109,2025-09-03 20:29:00,134099.0,15.8,0
N4110,2025-09-03 20:30:00,246099.0,3.8,0
N4111,2025-09-03 20:31:00,99253.0,13.13,0
N4112,2025-09-03 20:32:00,254561.0,9.41,0
N4113,2025-09-03 20:33:00,322438.0,68.25,0
N4114,2025-09-03 20:34:00,230468.0,4.94,0
N4115,2025-09-03 20:35:00,628682.0,2.66,0
N4116,2025-09-03 20:36:00,851914.0,51.48,0
N4117,2025-09-03 20:37:00,56686.0,122.37,0
N4118,2025-09-03 20:38:00,398572.0,50.8,0
N4119,2025-09-03 20:39:00,85294.0,16.94,0
N4120,2025-09-03 20:40:00,103416.0,7.17,0
N4121,2025-09-03 20:41:00,41545.0,15.62,0
N4122,2025-09-03 20:42:00,176634.0,12.5,0
N4123,2025-09-03 20:43:00,42224.0,4.75,0
N4124,2025-09-03 20:44:00,830208.0,20.41,0
N4125,2025-09-03 20:45:00,304531.0,94.21,0
N4126,2025-09-03 20:46:00,256213.0,56.0,0
N4127,2025-09-03 20:47:00,90133.0,30.68,0
N4128,2025-09-03 20:48:00,822314.0,18.75,0
N4129,2025-09-03 20:49:00,60696.0,6.2,0
N4130,2025-09-03 20:50:00,93713.0,74.32,0
N4131,2025-09-03 20:51:00,69165.0,3.58,0
N4132,2025-09-03 20:52:00,103078.0,1.53,0
N4133,2025-09-03 20:53:00,65710.0,18.63,0
N4134,2025-09-03 20:54:00,124901.0,12.09,0
N4135,2025-09-03 20:55:00,128459.0,13.13,0
N4136,2025-09-03 20:56:00,354125.0,47.95,0
N4137,2025-09-03 20:57:00,729648.0,38.36,0
N4138,2025-09-03 20:58:00,140608.0,44.57,0
N4139,2025-09-03 20:59:00,821997.0,74.35,0
N4140,2025-09-03 21:00:00,350687.0,4.38,0
N4141,2025-09-03 21:01:00,241925.0,163.84,0
N4142,2025-09-03 21:02:00,419879.0,7.21,0
N4143,2025-09-03 21:03:00,842533.0,29.12,0
N4144,2025-09-03 21:04:00,73301.0,190.32,0
N4145,2025-09-03 21:05:00,628631.0,141.83,0
N4146,2025-09-03 21:06:00,313840.0,109.51,0
N4147,2025-09-03 21:07:00,296635.0,19.57,0
N4148,2025-09-03 21:08:00,269595.0,3.49,0
N4149,2025-09-03 21:09:00,240892.0,5.57,0
N4150,2025-09-03 21:10:00,387334.0,13.74,0
N4151,2025-09-03 21:11:00,359038.0,8.84,0
N4152,2025-09-03 21:12:00,939251.0,8.49,0
N4153,2025-09-03 21:13:00,87170.0,15.13,0
N4154,2025-09-03 21:14:00,47544.0,9.32,0
N4155,2025-09-03 21:15:00,33571.0,10.81,0
N4156,2025-09-03 21:16:00,67612.0,22.44,0
N4157,2025-09-03 21:17:00,189555.0,6.12,0
N4158,2025-09-03 21:18:00,128138.0,47.55,0
N4159,2025-09-03 21:19:00,86607.0,62.54,0
N4160,2025-09-03 21:20:00,445451.0,11.6,0
N4161,2025-09-03 21:21:00,25172.0,20.32,0
N4162,2025-09-03 21:22:00,15224.0,124.22,0
N4163,2025-09-03 21:23:00,267246.0,52.52,0
N4164,2025-09-03 21:24:00,631952.0,139.8,0
N4165,2025-09-03 21:25:00,302194.0,50.66,0
N4166,2025-09-03 21:26:00,144552.0,69.25,0
N4167,2025-09-03 21:27:00,227956.0,10.19,0
N4168,2025-09-03 21:28:00,328473.0,19.38,0
N4169,2025-09-03 21:29:00,184936.0,8.04,0
N4170,2025-09-03 21:30:00,75389.0,22.21,0
N4171,2025-09-03 21:31:00,399875.0,38.56,0
N4172,2025-09-03 21:32:00,29879.0,26.63,0
N4173,2025-09-03 21:33:00,224711.0,3.33,0
N4174,2025-09-03 21:34:00,216434.0,7.79,0
N4175,2025-09-03 21:35:00,108647.0,4.89,0
N4176,2025-09-03 21:36:00,373585.0,29.21,0
N4177,2025-09-03 21:37:00,249128.0,12.54,0
N4178,2025-09-03 21:38:00,67260.0,27.76,0
N4179,2025-09-03 21:39:00,22543.0,1.67,0
N4180,2025-09-03 21:40:00,99492.0,22.61,0
N4181,2025-09-03 21:41:00,194960.0,5.9,0
N4182,2025-09-03 21:42:00,132537.0,47.28,0
N4183,2025-09-03 21:43:00,319278.0,50.7,0
N4184,2025-09-03 21:44:00,447071.0,39.13,0
N4185,2025-09-03 21:45:00,384711.0,62.2,0
N4186,2025-09-03 21:46:00,76095.0,53.11,0
N4187,2025-09-03 21:47:00,103465.0,10.8,0
N4188,2025-09-03 21:48:00,560379.0,3.55,0
N4189,2025-09-03 21:49:00,570649.0,47.34,0
N4190,2025-09-03 21:50:00,307958.0,29.55,0
N4191,2025-09-03 21:51:00,492255.0,1.31,0
N4192,2025-09-03 21:52:00,278817.0,2.57,0
N4193,2025-09-03 21:53:00,1056994.0,4.25,0
N4194,2025-09-03 21:54:00,2699426.0,18.27,0
N4195,2025-09-03 21:55:00,113055.0,3.75,0
N4196,2025-09-03 21:56:00,369438.0,44.08,0
N4197,2025-09-03 21:57:00,14712.0,10.89,0
N4198,2025-09-03 21:58:00,150862.0,128.44,0
N4199,2025-09-03 21:59:00,301404.0,33.52,0
N4200,2025-09-03 22:00:00,25158.0,17.17,0
N4201,2025-09-03 22:01:00,907033.0,33.32,0
N4202,2025-09-03 22:02:00,135022.0,6.55,0
N4203,2025-09-03 22:03:00,439108.0,113.89,0
N4204,2025-09-03 22:04:00,13890.0,70.85,0
N4205,2025-09-03 22:05:00,55208.0,27.0,0
N4206,2025-09-03 22:06:00,538709.0,204.36,0
N4207,2025-09-03 22:07:00,165519.0,3.46,0
N4208,2025-09-03 22:08:00,303939.0,53.06,0
N4209,2025-09-03 22:09:00,264371.0,85.2,0
N4210,2025-09-03 22:10:00,183789.0,36.45,0
N4211,2025-09-03 22:11:00,1740736.0,16.66,0
N4212,2025-09-03 22:12:00,315469.0,1.7,0
N4213,2025-09-03 22:13:00,334264.0,73.87,0
N4214,2025-09-03 22:14:00,48198.0,12.04,0
N4215,2025-09-03 22:15:00,659341.0,18.44,0
N4216,2025-09-03 22:16:00,596472.0,65.61,0
N4217,2025-09-03 22:17:00,8410.0,65.82,0
N4218,2025-09-03 22:18:00,249928.0,5.02,0
N4219,2025-09-03 22:19:00,189435.0,6.14,0
N4220,2025-09-03 22:20:00,82332.0,8.59,0
N4221,2025-09-03 22:21:00,937121.0,45.91,0
N4222,2025-09-03 22:22:00,89283.0,73.36,0
N4223,2025-09-03 22:23:00,282156.0,36.7,0
N4224,2025-09-03 22:24:00,46569.0,11.84,0
N4225,2025-09-03 22:25:00,127964.0,16.9,0
N4226,2025-09-03 22:26:00,64874.0,106.01,0
N4227,2025-09-03 22:27:00,475368.0,5.21,0
N4228,2025-09-03 22:28:00,238561.0,51.2,0
N4229,2025-09-03 22:29:00,39679.0,17.66,0
N4230,2025-09-03 22:30:00,189440.0,36.15,0
N4231,2025-09-03 22:31:00,432056.0,20.7,0
N4232,2025-09-03 22:32:00,61383.0,69.26,0
N4233,2025-09-03 22:33:00,91404.0,37.97,0
N4234,2025-09-03 22:34:00,140180.0,21.86,0
N4235,2025-09-03 22:35:00,233182.0,304.22,0
N4236,2025-09-03 22:36:00,210772.0,90.11,0
N4237,2025-09-03 22:37:00,802061.0,27.82,0
N4238,2025-09-03 22:38:00,83551.0,50.94,0
N4239,2025-09-03 22:39:00,524270.0,23.12,0
N4240,2025-09-03 22:40:00,250666.0,8.76,0
N4241,2025-09-03 22:41:00,701715.0,2.54,0
N4242,2025-09-03 22:42:00,357998.0,239.27,0
N4243,2025-09-03 22:43:00,153685.0,11.86,0
N4244,2025-09-03 22:44:00,123440.0,40.73,0
N4245,2025-09-03 22:45:00,406162.0,91.63,0
N4246,2025-09-03 22:46:00,397334.0,11.86,0
N4247,2025-09-03 22:47:00,491948.0,14.39,0
N4248,2025-09-03 22:48:00,113123.0,37.45,0
N4249,2025-09-03 22:49:00,43316.0,37.85,0
N4250,2025-09-03 22:50:00,175582.0,20.9,0
N4251,2025-09-03 22:51:00,421883.0,5.66,0
N4252,2025-09-03 22:52:00,72806.0,94.34,0
N4253,2025-09-03 22:53:00,153362.0,50.16,0
N4254,2025-09-03 22:54:00,819183.0,24.99,0
N4255,2025-09-03 22:55:00,55680.0,52.76,0
N4256,2025-09-03 22:56:00,211524.0,0.41,0
N4257,2025-09-03 22:57:00,89003.0,21.67,0
N4258,2025-09-03 22:58:00,99229.0,12.09,0
N4259,2025-09-03 22:59:00,148056.0,1.91,0
N4260,2025-09-03 23:00:00,358305.0,38.62,0
N4261,2025-09-03 23:01:00,42668.0,6.17,0
N4262,2025-09-03 23:02:00,188349.0,109.89,0
N4263,2025-09-03 23:03:00,935278.0,16.94,0
N4264,2025-09-03 23:04:00,878618.0,44.7,0
N4265,2025-09-03 23:05:00,271500.0,10.03,0
N4266,2025-09-03 23:06:00,195629.0,53.89,0
N4267,2025-09-03 23:07:00,5497.0,110.02,0
N4268,2025-09-03 23:08:00,10305.0,3.04,0
N4269,2025-09-03 23:09:00,165986.0,42.17,0
N4270,2025-09-03 23:10:00,90266.0,2.78,0
N4271,2025-09-03 23:11:00,9237.0,17.51,0
N4272,2025-09-03 23:12:00,292966.0,27.43,0
N4273,2025-09-03 23:13:00,276362.0,5.42,0
N4274,2025-09-03 23:14:00,192534.0,13.5,0
N4275,2025-09-03 23:15:00,112715.0,121.05,0
N4276,2025-09-03 23:16:00,75196.0,58.82,0
N4277,2025-09-03 23:17:00,597059.0,69.5,0
N4278,2025-09-03 23:18:00,322152.0,142.09,0
N4279,2025-09-03 23:19:00,130413.0,13.75,0
N4280,2025-09-03 23:20:00,69936.0,66.83,0
N4281,2025-09-03 23:21:00,51677.0,9.75,0
N4282,2025-09-03 23:22:00,246642.0,89.83,0
N4283,2025-09-03 23:23:00,357507.0,5.19,0
N4284,2025-09-03 23:24:00,178249.0,7.42,0
N4285,2025-09-03 23:25:00,66490.0,163.64,0
N4286,2025-09-03 23:26:00,54713.0,41.71,0
N4287,2025-09-03 23:27:00,134972.0,29.82,0
N4288,2025-09-03 23:28:00,151459.0,16.18,0
N4289,2025-09-03 23:29:00,356821.0,12.72,0
N4290,2025-09-03 23:30:00,74816.0,18.36,0
N4291,2025-09-03 23:31:00,222486.0,18.06,0
N4292,2025-09-03 23:32:00,1872966.0,45.54,0
N4293,2025-09-03 23:33:00,307692.0,154.72,0
N4294,2025-09-03 23:34:00,69514.0,7.33,0
N4295,2025-09-03 23:35:00,75121.0,24.91,0
N4296,2025-09-03 23:36:00,73878.0,53.18,0
N4297,2025-09-03 23:37:00,82297.0,14.42,0
N4298,2025-09-03 23:38:00,232971.0,53.91,0
N4299,2025-09-03 23:39:00,337689.0,3.85,0
N4300,2025-09-03 23:40:00,71212.0,317.77,0
N4301,2025-09-03 23:41:00,859815.0,30.17,0
N4302,2025-09-03 23:42:00,140986.0,19.05,0
N4303,2025-09-03 23:43:00,1000007.0,8.53,0
N4304,2025-09-03 23:44:00,1436949.0,14.61,0
N4305,2025-09-03 23:45:00,43877.0,48.85,0
N4306,2025-09-03 23:46:00,998323.0,353.57,0
N4307,2025-09-03 23:47:00,65444.0,4.23,0
N4308,2025-09-03 23:48:00,159894.0,17.86,0
N4309,2025-09-03 23:49:00,66563.0,5.22,0
N4310,2025-09-03 23:50:00,365719.0,4.7,0
N4311,2025-09-03 23:51:00,84507.0,22.37,0
N4312,2025-09-03 23:52:00,198475.0,11.01,0
N4313,2025-09-03 23:53:00,130685.0,30.0,0
N4314,2025-09-03 23:54:00,72960.0,46.2,0
N4315,2025-09-03 23:55:00,89586.0,4.48,0
N4316,2025-09-03 23:56:00,1196329.0,10.62,0
N4317,2025-09-03 23:57:00,97089.0,14.42,0
N4318,2025-09-03 23:58:00,477387.0,1.49,0
N4319,2025-09-03 23:59:00,50690.0,14.74,0
N4320,2025-09-04 00:00:00,182490.0,4.35,0
N4321,2025-09-04 00:01:00,213744.0,15.39,0
N4322,2025-09-04 00:02:00,262192.0,19.0,0
N4323,2025-09-04 00:03:00,121094.0,2.11,0
N4324,2025-09-04 00:04:00,274496.0,5.28,0
N4325,2025-09-04 00:05:00,411025.0,32.25,0
N4326,2025-09-04 00:06:00,84818.0,58.43,0
N4327,2025-09-04 00:07:00,469051.0,195.37,0
N4328,2025-09-04 00:08:00,86998.0,30.6,0
N4329,2025-09-04 00:09:00,14297.0,9.14,0
N4330,2025-09-04 00:10:00,841406.0,6.66,0
N4331,2025-09-04 00:11:00,36177.0,4.35,0
N4332,2025-09-04 00:12:00,313637.0,68.92,0
N4333,2025-09-04 00:13:00,82699.0,3.92,0
N4334,2025-09-04 00:14:00,107522.0,7.91,0
N4335,2025-09-04 00:15:00,505478.0,17.23,0
N4336,2025-09-04 00:16:00,479941.0,92.79,0
N4337,2025-09-04 00:17:00,260395.0,41.79,0
N4338,2025-09-04 00:18:00,98821.0,17.04,0
N4339,2025-09-04 00:19:00,1465915.0,42.94,0
N4340,2025-09-04 00:20:00,868488.0,201.88,0
N4341,2025-09-04 00:21:00,32360.0,13.42,0
N4342,2025-09-04 00:22:00,652819.0,79.2,0
N4343,2025-09-04 00:23:00,16251.0,42.03,0
N4344,2025-09-04 00:24:00,215219.0,89.57,0
N4345,2025-09-04 00:25:00,407780.0,23.95,0
N4346,2025-09-04 00:26:00,40341.0,8.78,0
N4347,2025-09-04 00:27:00,96932.0,5.73,0
N4348,2025-09-04 00:28:00,26383.0,15.91,0
N4349,2025-09-04 00:29:00,129121.0,5.97,0
N4350,2025-09-04 00:30:00,963395.0,3.6,0
N4351,2025-09-04 00:31:00,176480.0,333.97,0
N4352,2025-09-04 00:32:00,112112.0,6.59,0
N4353,2025-09-04 00:33:00,23191.0,11.23,0
N4354,2025-09-04 00:34:00,401512.0,23.49,0
N4355,2025-09-04 00:35:00,251006.0,174.83,0
N4356,2025-09-04 00:36:00,16079.0,44.65,0
N4357,2025-09-04 00:37:00,319653.0,106.86,0
N4358,2025-09-04 00:38:00,253892.0,24.68,0
N4359,2025-09-04 00:39:00,46932.0,20.88,0
N4360,2025-09-04 00:40:00,62947.0,25.92,0
N4361,2025-09-04 00:41:00,29160.0,87.77,0
N4362,2025-09-04 00:42:00,69561.0,6.89,0
N4363,2025-09-04 00:43:00,155357.0,9.89,0
N4364,2025-09-04 00:44:00,412255.0,61.45,0
N4365,2025-09-04 00:45:00,99550.0,107.84,0
N4366,2025-09-04 00:46:00,66617.0,3.51,0
N4367,2025-09-04 00:47:00,558131.0,11.23,0
N4368,2025-09-04 00:48:00,96779.0,36.49,0
N4369,2025-09-04 00:49:00,46697.0,41.51,0
N4370,2025-09-04 00:50:00,313345.0,83.69,0
N4371,2025-09-04 00:51:00,501237.0,114.3,0
N4372,2025-09-04 00:52:00,375648.0,12.24,0
N4373,2025-09-04 00:53:00,444042.0,76.23,0
N4374,2025-09-04 00:54:00,702774.0,7.08,0
N4375,2025-09-04 00:55:00,97090.0,71.64,0
N4376,2025-09-04 00:56:00,266745.0,16.25,0
N4377,2025-09-04 00:57:00,138622.0,34.4,0
N4378,2025-09-04 00:58:00,200194.0,51.68,0
N4379,2025-09-04 00:59:00,532826.0,58.21,0
N4380,2025-09-04 01:00:00,140483.0,31.62,0
N4381,2025-09-04 01:01:00,366381.0,29.81,0
N4382,2025-09-04 01:02:00,396290.0,4.44,0
N4383,2025-09-04 01:03:00,316129.0,34.58,0
N4384,2025-09-04 01:04:00,432454.0,9.26,0
N4385,2025-09-04 01:05:00,282332.0,11.14,0
N4386,2025-09-04 01:06:00,88414.0,32.8,0
N4387,2025-09-04 01:07:00,93388.0,135.26,0
N4388,2025-09-04 01:08:00,163695.0,65.88,0
N4389,2025-09-04 01:09:00,241776.0,18.46,0
N4390,2025-09-04 01:10:00,838461.0,16.03,0
N4391,2025-09-04 01:11:00,113352.0,8.53,0
N4392,2025-09-04 01:12:00,166403.0,21.48,0
N4393,2025-09-04 01:13:00,81873.0,1.24,0
N4394,2025-09-04 01:14:00,119727.0,17.32,0
N4395,2025-09-04 01:15:00,497311.0,9.27,0
N4396,2025-09-04 01:16:00,133169.0,16.42,0
N4397,2025-09-04 01:17:00,163353.0,3.28,0
N4398,2025-09-04 01:18:00,941575.0,12.21,0
N4399,2025-09-04 01:19:00,47546.0,120.89,0
N4400,2025-09-04 01:20:00,390129.0,25.26,0
N4401,2025-09-04 01:21:00,295335.0,5.25,0
N4402,2025-09-04 01:22:00,452598.0,11.63,0
N4403,2025-09-04 01:23:00,103935.0,23.49,0
N4404,2025-09-04 01:24:00,43647.0,1.29,0
N4405,2025-09-04 01:25:00,869378.0,341.13,0
N4406,2025-09-04 01:26:00,22831.0,27.42,0
N4407,2025-09-04 01:27:00,143173.0,27.34,0
N4408,2025-09-04 01:28:00,101132.0,51.26,0
N4409,2025-09-04 01:29:00,275590.0,39.41,0
N4410,2025-09-04 01:30:00,29577.0,112.78,0
N4411,2025-09-04 01:31:00,46554.0,154.63,0
N4412,2025-09-04 01:32:00,46652.0,7.54,0
N4413,2025-09-04 01:33:00,236384.0,1.95,0
N4414,2025-09-04 01:34:00,33000.0,2.62,0
N4415,2025-09-04 01:35:00,29085.0,282.3,0
N4416,2025-09-04 01:36:00,552230.0,5.51,0
N4417,2025-09-04 01:37:00,383404.0,122.26,0
N4418,2025-09-04 01:38:00,272417.0,5.58,0
N4419,2025-09-04 01:39:00,15222.0,95.23,0
N4420,2025-09-04 01:40:00,26917.0,94.07,0
N4421,2025-09-04 01:41:00,50870.0,26.59,0
N4422,2025-09-04 01:42:00,40017.0,9.35,0
N4423,2025-09-04 01:43:00,241088.0,79.87,0
N4424,2025-09-04 01:44:00,108313.0,10.35,0
N4425,2025-09-04 01:45:00,232895.0,130.87,0
N4426,2025-09-04 01:46:00,76436.0,9.95,0
N4427,2025-09-04 01:47:00,17079.0,106.11,0
N4428,2025-09-04 01:48:00,40906.0,8.75,0
N4429,2025-09-04 01:49:00,199091.0,8.24,0
N4430,2025-09-04 01:50:00,662523.0,46.77,0
N4431,2025-09-04 01:51:00,321728.0,20.57,0
N4432,2025-09-04 01:52:00,117941.0,43.36,0
N4433,2025-09-04 01:53:00,236276.0,571.0,0
N4434,2025-09-04 01:54:00,197519.0,6.65,0
N4435,2025-09-04 01:55:00,172562.0,13.21,0
N4436,2025-09-04 01:56:00,76525.0,23.68,0
N4437,2025-09-04 01:57:00,128196.0,5.68,0
N4438,2025-09-04 01:58:00,106017.0,2.76,0
N4439,2025-09-04 01:59:00,126337.0,6.66,0
N4440,2025-09-04 02:00:00,36448.0,48.81,0
N4441,2025-09-04 02:01:00,149028.0,8.59,0
N4442,2025-09-04 02:02:00,60858.0,8.67,0
N4443,2025-09-04 02:03:00,71738.0,35.98,0
N4444,2025-09-04 02:04:00,102961.0,5.99,0
N4445,2025-09-04 02:05:00,741164.0,60.45,0
N4446,2025-09-04 02:06:00,1429313.0,203.81,0
N4447,2025-09-04 02:07:00,398172.0,28.28,0
N4448,2025-09-04 02:08:00,299866.0,34.3,0
N4449,2025-09-04 02:09:00,295403.0,8.56,0
N4450,2025-09-04 02:10:00,368116.0,28.26,0
N4451,2025-09-04 02:11:00,166535.0,35.84,0
N4452,2025-09-04 02:12:00,412139.0,4.39,0
N4453,2025-09-04 02:13:00,674606.0,6.36,0
N4454,2025-09-04 02:14:00,142272.0,7.62,0
N4455,2025-09-04 02:15:00,438187.0,25.9,0
N4456,2025-09-04 02:16:00,528091.0,10.67,0
N4457,2025-09-04 02:17:00,713718.0,25.33,0
N4458,2025-09-04 02:18:00,819633.0,11.18,0
N4459,2025-09-04 02:19:00,374953.0,74.96,0
N4460,2025-09-04 02:20:00,73933.0,16.19,0
N4461,2025-09-04 02:21:00,131696.0,5.96,0
N4462,2025-09-04 02:22:00,751125.0,142.17,0
N4463,2025-09-04 02:23:00,30943.0,240.5,0
N4464,2025-09-04 02:24:00,158185.0,50.69,0
N4465,2025-09-04 02:25:00,400418.0,35.03,0
N4466,2025-09-04 02:26:00,191781.0,19.48,0
N4467,2025-09-04 02:27:00,45473.0,34.25,0
N4468,2025-09-04 02:28:00,92976.0,5.55,0
N4469,2025-09-04 02:29:00,587417.0,5.04,0
N4470,2025-09-04 02:30:00,681995.0,40.49,0
N4471,2025-09-04 02:31:00,30526.0,4.83,0
N4472,2025-09-04 02:32:00,127415.0,178.5,0
N4473,2025-09-04 02:33:00,37210.0,7.83,0
N4474,2025-09-04 02:34:00,184874.0,38.75,0
N4475,2025-09-04 02:35:00,59871.0,4.54,0
N4476,2025-09-04 02:36:00,180755.0,19.64,0
N4477,2025-09-04 02:37:00,64053.0,33.16,0
N4478,2025-09-04 02:38:00,385255.0,12.01,0
N4479,2025-09-04 02:39:00,88403.0,9.42,0
N4480,2025-09-04 02:40:00,75277.0,14.53,0
N4481,2025-09-04 02:41:00,60852.0,96.21,0
N4482,2025-09-04 02:42:00,41012.0,67.64,0
N4483,2025-09-04 02:43:00,40599.0,75.74,0
N4484,2025-09-04 02:44:00,55894.0,69.87,0
N4485,2025-09-04 02:45:00,128198.0,124.43,0
N4486,2025-09-04 02:46:00,45232.0,53.21,0
N4487,2025-09-04 02:47:00,73349.0,1.3,0
N4488,2025-09-04 02:48:00,460719.0,43.45,0
N4489,2025-09-04 02:49:00,549168.0,34.5,0
N4490,2025-09-04 02:50:00,35416.0,15.4,0
N4491,2025-09-04 02:51:00,643972.0,3.43,0
N4492,2025-09-04 02:52:00,194418.0,8.87,0
N4493,2025-09-04 02:53:00,298964.0,13.47,0
N4494,2025-09-04 02:54:00,1133917.0,57.39,0
N4495,2025-09-04 02:55:00,247265.0,47.66,0
N4496,2025-09-04 02:56:00,13624.0,5.0,0
N4497,2025-09-04 02:57:00,133470.0,41.74,0
N4498,2025-09-04 02:58:00,266104.0,2.01,0
N4499,2025-09-04 02:59:00,192648.0,12.04,0
N4500,2025-09-04 03:00:00,147816.0,19.7,0
N4501,2025-09-04 03:01:00,32079.0,49.23,0
N4502,2025-09-04 03:02:00,722762.0,14.74,0
N4503,2025-09-04 03:03:00,64240.0,39.41,0
N4504,2025-09-04 03:04:00,87029.0,28.63,0
N4505,2025-09-04 03:05:00,139925.0,36.06,0
N4506,2025-09-04 03:06:00,135887.0,44.49,0
N4507,2025-09-04 03:07:00,164671.0,14.31,0
N4508,2025-09-04 03:08:00,40464.0,57.82,0
N4509,2025-09-04 03:09:00,92600.0,129.7,0
N4510,2025-09-04 03:10:00,101958.0,16.59,0
N4511,2025-09-04 03:11:00,99122.0,1.33,0
N4512,2025-09-04 03:12:00,228873.0,44.23,0
N4513,2025-09-04 03:13:00,159661.0,20.63,0
N4514,2025-09-04 03:14:00,353276.0,35.82,0
N4515,2025-09-04 03:15:00,362272.0,7.72,0
N4516,2025-09-04 03:16:00,87249.0,11.53,0
N4517,2025-09-04 03:17:00,146855.0,21.5,0
N4518,2025-09-04 03:18:00,50342.0,16.29,0
N4519,2025-09-04 03:19:00,204221.0,18.81,0
N4520,2025-09-04 03:20:00,75859.0,11.12,0
N4521,2025-09-04 03:21:00,297123.0,17.17,0
N4522,2025-09-04 03:22:00,28918.0,45.63,0
N4523,2025-09-04 03:23:00,33188.0,38.29,0
N4524,2025-09-04 03:24:00,148822.0,4.41,0
N4525,2025-09-04 03:25:00,304849.0,25.96,0
N4526,2025-09-04 03:26:00,608641.0,8.37,0
N4527,2025-09-04 03:27:00,111440.0,31.45,0
N4528,2025-09-04 03:28:00,69525.0,83.96,0
N4529,2025-09-04 03:29:00,138665.0,53.81,0
N4530,2025-09-04 03:30:00,108394.0,9.12,0
N4531,2025-09-04 03:31:00,60649.0,22.46,0
N4532,2025-09-04 03:32:00,120608.0,31.84,0
N4533,2025-09-04 03:33:00,166191.0,34.69,0
N4534,2025-09-04 03:34:00,29064.0,7.19,0
N4535,2025-09-04 03:35:00,739276.0,37.91,0
N4536,2025-09-04 03:36:00,142640.0,29.46,0
N4537,2025-09-04 03:37:00,155415.0,6.38,0
N4538,2025-09-04 03:38:00,88985.0,30.99,0
N4539,2025-09-04 03:39:00,129541.0,11.76,0
N4540,2025-09-04 03:40:00,48081.0,6.84,0
N4541,2025-09-04 03:41:00,143768.0,12.43,0
N4542,2025-09-04 03:42:00,271795.0,6.42,0
N4543,2025-09-04 03:43:00,90761.0,8.48,0
N4544,2025-09-04 03:44:00,162927.0,118.74,0
N4545,2025-09-04 03:45:00,99848.0,4.24,0
N4546,2025-09-04 03:46:00,44455.0,51.24,0
N4547,2025-09-04 03:47:00,210209.0,35.18,0
N4548,2025-09-04 03:48:00,807461.0,124.93,0
N4549,2025-09-04 03:49:00,112875.0,221.75,0
N4550,2025-09-04 03:50:00,284417.0,16.88,0
N4551,2025-09-04 03:51:00,123401.0,29.37,0
N4552,2025-09-04 03:52:00,374052.0,21.71,0
N4553,2025-09-04 03:53:00,88475.0,5.35,0
N4554,2025-09-04 03:54:00,202595.0,11.88,0
N4555,2025-09-04 03:55:00,725511.0,556.73,0
N4556,2025-09-04 03:56:00,235022.0,33.39,0
N4557,2025-09-04 03:57:00,53871.0,3.1,0
N4558,2025-09-04 03:58:00,205267.0,42.92,0
N4559,2025-09-04 03:59:00,118719.0,71.15,0
N4560,2025-09-04 04:00:00,171811.0,47.0,0
N4561,2025-09-04 04:01:00,300188.0,3.48,0
N4562,2025-09-04 04:02:00,231879.0,27.6,0
N4563,2025-09-04 04:03:00,176950.0,2.84,0
N4564,2025-09-04 04:04:00,95682.0,14.96,0
N4565,2025-09-04 04:05:00,365360.0,0.71,0
N4566,2025-09-04 04:06:00,162992.0,2.21,0
N4567,2025-09-04 04:07:00,188735.0,29.93,0
N4568,2025-09-04 04:08:00,138240.0,75.3,0
N4569,2025-09-04 04:09:00,168631.0,17.48,0
N4570,2025-09-04 04:10:00,100099.0,45.61,0
N4571,2025-09-04 04:11:00,17601.0,192.67,0
N4572,2025-09-04 04:12:00,268479.0,5.95,0
N4573,2025-09-04 04:13:00,617882.0,42.89,0
N4574,2025-09-04 04:14:00,387722.0,90.31,0
N4575,2025-09-04 04:15:00,189090.0,24.98,0
N4576,2025-09-04 04:16:00,252826.0,32.59,0
N4577,2025-09-04 04:17:00,250929.0,36.39,0
N4578,2025-09-04 04:18:00,582559.0,11.84,0
N4579,2025-09-04 04:19:00,62194.0,91.32,0
N4580,2025-09-04 04:20:00,414969.0,4.34,0
N4581,2025-09-04 04:21:00,393190.0,12.38,0
N4582,2025-09-04 04:22:00,80843.0,23.59,0
N4583,2025-09-04 04:23:00,124549.0,62.13,0
N4584,2025-09-04 04:24:00,10672.0,5.33,0
N4585,2025-09-04 04:25:00,35889.0,61.6,0
N4586,2025-09-04 04:26:00,89019.0,17.36,0
N4587,2025-09-04 04:27:00,95169.0,67.59,0
N4588,2025-09-04 04:28:00,114220.0,270.16,0
N4589,2025-09-04 04:29:00,328159.0,62.68,0
N4590,2025-09-04 04:30:00,252985.0,30.02,0
N4591,2025-09-04 04:31:00,38295.0,30.6,0
N4592,2025-09-04 04:32:00,192413.0,43.49,0
N4593,2025-09-04 04:33:00,101601.0,41.65,0
N4594,2025-09-04 04:34:00,185759.0,7.27,0
N4595,2025-09-04 04:35:00,214565.0,27.04,0
N4596,2025-09-04 04:36:00,267898.0,39.28,0
N4597,2025-09-04 04:37:00,291725.0,6.43,0
N4598,2025-09-04 04:38:00,252826.0,17.65,0
N4599,2025-09-04 04:39:00,421228.0,3.79,0
N4600,2025-09-04 04:40:00,306499.0,0.85,0
N4601,2025-09-04 04:41:00,89949.0,15.8,0
N4602,2025-09-04 04:42:00,504248.0,13.64,0
N4603,2025-09-04 04:43:00,196426.0,125.4,0
N4604,2025-09-04 04:44:00,416867.0,3.62,0
N4605,2025-09-04 04:45:00,227889.0,41.03,0
N4606,2025-09-04 04:46:00,253099.0,25.17,0
N4607,2025-09-04 04:47:00,251478.0,72.45,0
N4608,2025-09-04 04:48:00,51943.0,12.06,0
N4609,2025-09-04 04:49:00,97051.0,41.53,0
N4610,2025-09-04 04:50:00,103686.0,6.14,0
N4611,2025-09-04 04:51:00,641431.0,34.44,0
N4612,2025-09-04 04:52:00,2832624.0,23.84,0
N4613,2025-09-04 04:53:00,45155.0,11.12,0
N4614,2025-09-04 04:54:00,209764.0,79.09,0
N4615,2025-09-04 04:55:00,49051.0,23.63,0
N4616,2025-09-04 04:56:00,14571.0,46.69,0
N4617,2025-09-04 04:57:00,328458.0,130.55,0
N4618,2025-09-04 04:58:00,33456.0,97.63,0
N4619,2025-09-04 04:59:00,288263.0,73.0,0
N4620,2025-09-04 05:00:00,67174.0,15.73,0
N4621,2025-09-04 05:01:00,108918.0,30.55,0
N4622,2025-09-04 05:02:00,109295.0,39.07,0
N4623,2025-09-04 05:03:00,625270.0,55.91,0
N4624,2025-09-04 05:04:00,75034.0,40.24,0
N4625,2025-09-04 05:05:00,33160.0,10.38,0
N4626,2025-09-04 05:06:00,125983.0,15.07,0
N4627,2025-09-04 05:07:00,101239.0,15.89,0
N4628,2025-09-04 05:08:00,165059.0,12.81,0
N4629,2025-09-04 05:09:00,160109.0,50.55,0
N4630,2025-09-04 05:10:00,4274828.0,2.38,0
N4631,2025-09-04 05:11:00,52030.0,9.64,0
N4632,2025-09-04 05:12:00,66076.0,13.88,0
N4633,2025-09-04 05:13:00,137303.0,91.2,0
N4634,2025-09-04 05:14:00,873556.0,6.17,0
N4635,2025-09-04 05:15:00,2510774.0,37.54,0
N4636,2025-09-04 05:16:00,149234.0,23.16,0
N4637,2025-09-04 05:17:00,876620.0,9.11,0
N4638,2025-09-04 05:18:00,33156.0,242.46,0
N4639,2025-09-04 05:19:00,138430.0,47.24,0
N4640,2025-09-04 05:20:00,53319.0,11.05,0
N4641,2025-09-04 05:21:00,699307.0,82.85,0
N4642,2025-09-04 05:22:00,239376.0,21.11,0
N4643,2025-09-04 05:23:00,639191.0,4.85,0
N4644,2025-09-04 05:24:00,20243.0,0.58,0
N4645,2025-09-04 05:25:00,744835.0,43.93,0
N4646,2025-09-04 05:26:00,554850.0,33.02,0
N4647,2025-09-04 05:27:00,263997.0,6.99,0
N4648,2025-09-04 05:28:00,100185.0,3.38,0
N4649,2025-09-04 05:29:00,95510.0,8.21,0
N4650,2025-09-04 05:30:00,513225.0,10.81,0
N4651,2025-09-04 05:31:00,46195.0,34.88,0
N4652,2025-09-04 05:32:00,370133.0,28.03,0
N4653,2025-09-04 05:33:00,215232.0,12.27,0
N4654,2025-09-04 05:34:00,115615.0,2.48,0
N4655,2025-09-04 05:35:00,138290.0,4.58,0
N4656,2025-09-04 05:36:00,1293910.0,136.28,0
N4657,2025-09-04 05:37:00,54504.0,11.78,0
N4658,2025-09-04 05:38:00,300847.0,89.0,0
N4659,2025-09-04 05:39:00,67070.0,59.66,0
N4660,2025-09-04 05:40:00,215688.0,2.76,0
N4661,2025-09-04 05:41:00,173911.0,50.87,0
N4662,2025-09-04 05:42:00,72474.0,5.74,0
N4663,2025-09-04 05:43:00,105325.0,6.54,0
N4664,2025-09-04 05:44:00,210711.0,52.19,0
N4665,2025-09-04 05:45:00,205188.0,10.53,0
N4666,2025-09-04 05:46:00,92805.0,3.14,0
N4667,2025-09-04 05:47:00,75292.0,5.0,0
N4668,2025-09-04 05:48:00,80862.0,12.37,0
N4669,2025-09-04 05:49:00,218964.0,44.74,0
N4670,2025-09-04 05:50:00,90222.0,3.36,0
N4671,2025-09-04 05:51:00,208397.0,20.93,0
N4672,2025-09-04 05:52:00,114462.0,143.27,0
N4673,2025-09-04 05:53:00,958865.0,4.09,0
N4674,2025-09-04 05:54:00,253535.0,10.64,0
N4675,2025-09-04 05:55:00,245813.0,11.25,0
N4676,2025-09-04 05:56:00,424499.0,6.37,0
N4677,2025-09-04 05:57:00,159733.0,53.23,0
N4678,2025-09-04 05:58:00,178918.0,17.56,0
N4679,2025-09-04 05:59:00,155150.0,18.03,0
N4680,2025-09-04 06:00:00,66299.0,117.87,0
N4681,2025-09-04 06:01:00,213459.0,27.91,0
N4682,2025-09-04 06:02:00,151067.0,18.39,0
N4683,2025-09-04 06:03:00,352480.0,18.47,0
N4684,2025-09-04 06:04:00,439883.0,7.84,0
N4685,2025-09-04 06:05:00,746009.0,85.71,0
N4686,2025-09-04 06:06:00,158244.0,11.64,0
N4687,2025-09-04 06:07:00,660733.0,20.69,0
N4688,2025-09-04 06:08:00,73495.0,1.72,0
N4689,2025-09-04 06:09:00,314480.0,43.28,0
N4690,2025-09-04 06:10:00,214191.0,110.49,0
N4691,2025-09-04 06:11:00,30060.0,89.65,0
N4692,2025-09-04 06:12:00,2923448.0,5.74,0
N4693,2025-09-04 06:13:00,239618.0,41.19,0
N4694,2025-09-04 06:14:00,150629.0,21.37,0
N4695,2025-09-04 06:15:00,148985.0,9.55,0
N4696,2025-09-04 06:16:00,255752.0,37.69,0
N4697,2025-09-04 06:17:00,1226639.0,44.67,0
N4698,2025-09-04 06:18:00,234657.0,34.39,0
N4699,2025-09-04 06:19:00,549791.0,36.35,0
N4700,2025-09-04 06:20:00,153264.0,17.96,0
N4701,2025-09-04 06:21:00,1549170.0,145.59,0
N4702,2025-09-04 06:22:00,44258.0,7.29,0
N4703,2025-09-04 06:23:00,3139247.0,32.3,0
N4704,2025-09-04 06:24:00,204644.0,4.01,0
N4705,2025-09-04 06:25:00,93818.0,17.76,0
N4706,2025-09-04 06:26:00,124157.0,27.26,0
N4707,2025-09-04 06:27:00,254891.0,24.75,0
N4708,2025-09-04 06:28:00,467935.0,45.61,0
N4709,2025-09-04 06:29:00,152856.0,7.72,0
N4710,2025-09-04 06:30:00,154309.0,7.56,0
N4711,2025-09-04 06:31:00,557431.0,4.38,0
N4712,2025-09-04 06:32:00,128968.0,7.39,0
N4713,2025-09-04 06:33:00,887337.0,8.81,0
N4714,2025-09-04 06:34:00,91154.0,7.23,0
N4715,2025-09-04 06:35:00,486358.0,3.85,0
N4716,2025-09-04 06:36:00,236651.0,29.62,0
N4717,2025-09-04 06:37:00,334684.0,14.38,0
N4718,2025-09-04 06:38:00,2838094.0,24.03,0
N4719,2025-09-04 06:39:00,52038.0,12.47,0
N4720,2025-09-04 06:40:00,149224.0,266.94,0
N4721,2025-09-04 06:41:00,87432.0,1.87,0
N4722,2025-09-04 06:42:00,349714.0,9.82,0
N4723,2025-09-04 06:43:00,264274.0,3.24,0
N4724,2025-09-04 06:44:00,64620.0,46.56,0
N4725,2025-09-04 06:45:00,53198.0,9.38,0
N4726,2025-09-04 06:46:00,309082.0,27.66,0
N4727,2025-09-04 06:47:00,264432.0,4.53,0
N4728,2025-09-04 06:48:00,30783.0,20.81,0
N4729,2025-09-04 06:49:00,341336.0,16.68,0
N4730,2025-09-04 06:50:00,258630.0,10.41,0
N4731,2025-09-04 06:51:00,197191.0,769.28,0
N4732,2025-09-04 06:52:00,152821.0,28.16,0
N4733,2025-09-04 06:53:00,120382.0,2.11,0
N4734,2025-09-04 06:54:00,69072.0,273.67,0
N4735,2025-09-04 06:55:00,215158.0,16.33,0
N4736,2025-09-04 06:56:00,277935.0,5.15,0
N4737,2025-09-04 06:57:00,12820.0,8.49,0
N4738,2025-09-04 06:58:00,77882.0,62.05,0
N4739,2025-09-04 06:59:00,394052.0,72.97,0
N4740,2025-09-04 07:00:00,402183.0,35.61,0
N4741,2025-09-04 07:01:00,72073.0,8.31,0
N4742,2025-09-04 07:02:00,87201.0,45.93,0
N4743,2025-09-04 07:03:00,96102.0,27.74,0
N4744,2025-09-04 07:04:00,278953.0,24.82,0
N4745,2025-09-04 07:05:00,87607.0,22.17,0
N4746,2025-09-04 07:06:00,105879.0,14.88,0
N4747,2025-09-04 07:07:00,565951.0,24.08,0
N4748,2025-09-04 07:08:00,102342.0,10.69,0
N4749,2025-09-04 07:09:00,80176.0,44.34,0
N4750,2025-09-04 07:10:00,112158.0,26.68,0
N4751,2025-09-04 07:11:00,524018.0,205.86,0
N4752,2025-09-04 07:12:00,81686.0,4.79,0
N4753,2025-09-04 07:13:00,121791.0,89.86,0
N4754,2025-09-04 07:14:00,486420.0,6.8,0
N4755,2025-09-04 07:15:00,81918.0,10.04,0
N4756,2025-09-04 07:16:00,230430.0,17.8,0
N4757,2025-09-04 07:17:00,112530.0,130.83,0
N4758,2025-09-04 07:18:00,86950.0,7.02,0
N4759,2025-09-04 07:19:00,53447.0,70.37,0
N4760,2025-09-04 07:20:00,37844.0,66.15,0
N4761,2025-09-04 07:21:00,238144.0,86.91,0
N4762,2025-09-04 07:22:00,391045.0,9.59,0
N4763,2025-09-04 07:23:00,10865.0,54.64,0
N4764,2025-09-04 07:24:00,1105556.0,20.74,0
N4765,2025-09-04 07:25:00,132196.0,35.85,0
N4766,2025-09-04 07:26:00,262947.0,12.13,0
N4767,2025-09-04 07:27:00,147266.0,1.96,0
N4768,2025-09-04 07:28:00,285386.0,25.57,0
N4769,2025-09-04 07:29:00,45031.0,52.09,0
N4770,2025-09-04 07:30:00,91600.0,60.97,0
N4771,2025-09-04 07:31:00,78360.0,31.3,0
N4772,2025-09-04 07:32:00,71559.0,13.12,0
N4773,2025-09-04 07:33:00,150792.0,8.19,0
N4774,2025-09-04 07:34:00,571190.0,53.91,0
N4775,2025-09-04 07:35:00,565631.0,59.78,0
N4776,2025-09-04 07:36:00,171710.0,19.17,0
N4777,2025-09-04 07:37:00,75471.0,27.41,0
N4778,2025-09-04 07:38:00,213378.0,25.16,0
N4779,2025-09-04 07:39:00,170815.0,11.11,0
N4780,2025-09-04 07:40:00,82875.0,58.15,0
N4781,2025-09-04 07:41:00,123993.0,116.51,0
N4782,2025-09-04 07:42:00,177242.0,2.72,0
N4783,2025-09-04 07:43:00,256866.0,37.8,0
N4784,2025-09-04 07:44:00,38199.0,33.1,0
N4785,2025-09-04 07:45:00,96620.0,16.54,0
N4786,2025-09-04 07:46:00,2666935.0,6.21,0
N4787,2025-09-04 07:47:00,130531.0,163.22,0
N4788,2025-09-04 07:48:00,173785.0,16.24,0
N4789,2025-09-04 07:49:00,150091.0,162.69,0
N4790,2025-09-04 07:50:00,451430.0,57.93,0
N4791,2025-09-04 07:51:00,72348.0,21.56,0
N4792,2025-09-04 07:52:00,54597.0,16.35,0
N4793,2025-09-04 07:53:00,278344.0,25.12,0
N4794,2025-09-04 07:54:00,168876.0,37.95,0
N4795,2025-09-04 07:55:00,232936.0,25.01,0
N4796,2025-09-04 07:56:00,74634.0,12.34,0
N4797,2025-09-04 07:57:00,640576.0,75.17,0
N4798,2025-09-04 07:58:00,281343.0,147.95,0
N4799,2025-09-04 07:59:00,215049.0,19.58,0
N4800,2025-09-04 08:00:00,465886.0,24.27,0
N4801,2025-09-04 08:01:00,1309756.0,49.48,0
N4802,2025-09-04 08:02:00,1401722.0,13.38,0
N4803,2025-09-04 08:03:00,62406.0,1.63,0
N4804,2025-09-04 08:04:00,152328.0,24.18,0
N4805,2025-09-04 08:05:00,180023.0,73.22,0
N4806,2025-09-04 08:06:00,193274.0,4.24,0
N4807,2025-09-04 08:07:00,224972.0,1.5,0
N4808,2025-09-04 08:08:00,512587.0,41.07,0
N4809,2025-09-04 08:09:00,91102.0,6.01,0
N4810,2025-09-04 08:10:00,235795.0,3.73,0
N4811,2025-09-04 08:11:00,335253.0,4.87,0
N4812,2025-09-04 08:12:00,149248.0,29.84,0
N4813,2025-09-04 08:13:00,60096.0,96.26,0
N4814,2025-09-04 08:14:00,125755.0,3.89,0
N4815,2025-09-04 08:15:00,2440229.0,25.86,0
N4816,2025-09-04 08:16:00,1835947.0,28.64,0
N4817,2025-09-04 08:17:00,51351.0,25.84,0
N4818,2025-09-04 08:18:00,173234.0,42.8,0
N4819,2025-09-04 08:19:00,147719.0,19.5,0
N4820,2025-09-04 08:20:00,1070832.0,3.61,0
N4821,2025-09-04 08:21:00,117955.0,26.68,0
N4822,2025-09-04 08:22:00,241835.0,70.31,0
N4823,2025-09-04 08:23:00,74693.0,14.69,0
N4824,2025-09-04 08:24:00,231430.0,7.45,0
N4825,2025-09-04 08:25:00,173566.0,52.9,0
N4826,2025-09-04 08:26:00,588290.0,10.57,0
N4827,2025-09-04 08:27:00,111743.0,14.77,0
N4828,2025-09-04 08:28:00,392698.0,54.63,0
N4829,2025-09-04 08:29:00,49895.0,40.02,0
N4830,2025-09-04 08:30:00,80816.0,345.94,0
N4831,2025-09-04 08:31:00,322722.0,12.53,0
N4832,2025-09-04 08:32:00,600241.0,78.54,0
N4833,2025-09-04 08:33:00,340233.0,7.08,0
N4834,2025-09-04 08:34:00,121881.0,255.3,0
N4835,2025-09-04 08:35:00,649407.0,115.38,0
N4836,2025-09-04 08:36:00,372496.0,50.66,0
N4837,2025-09-04 08:37:00,206557.0,4.03,0
N4838,2025-09-04 08:38:00,2252914.0,38.54,0
N4839,2025-09-04 08:39:00,83244.0,8.79,0
N4840,2025-09-04 08:40:00,702076.0,48.67,0
N4841,2025-09-04 08:41:00,38695.0,24.71,0
N4842,2025-09-04 08:42:00,23044.0,16.39,0
N4843,2025-09-04 08:43:00,187421.0,210.85,0
N4844,2025-09-04 08:44:00,97984.0,7.45,0
N4845,2025-09-04 08:45:00,1370330.0,10.88,0
N4846,2025-09-04 08:46:00,176758.0,48.92,0
N4847,2025-09-04 08:47:00,58429.0,10.09,0
N4848,2025-09-04 08:48:00,68283.0,10.54,0
N4849,2025-09-04 08:49:00,604023.0,62.1,0
N4850,2025-09-04 08:50:00,1383470.0,61.02,0
N4851,2025-09-04 08:51:00,382710.0,211.07,0
N4852,2025-09-04 08:52:00,94617.0,42.92,0
N4853,2025-09-04 08:53:00,637704.0,74.65,0
N4854,2025-09-04 08:54:00,54098.0,21.38,0
N4855,2025-09-04 08:55:00,33357.0,15.45,0
N4856,2025-09-04 08:56:00,163222.0,25.35,0
N4857,2025-09-04 08:57:00,93217.0,10.61,0
N4858,2025-09-04 08:58:00,198130.0,81.41,0
N4859,2025-09-04 08:59:00,48197.0,7.81,0
N4860,2025-09-04 09:00:00,72335.0,52.88,0
N4861,2025-09-04 09:01:00,244435.0,244.19,0
N4862,2025-09-04 09:02:00,144287.0,18.59,0
N4863,2025-09-04 09:03:00,27763.0,94.94,0
N4864,2025-09-04 09:04:00,334087.0,31.95,0
N4865,2025-09-04 09:05:00,507370.0,22.66,0
N4866,2025-09-04 09:06:00,284304.0,56.12,0
N4867,2025-09-04 09:07:00,1637701.0,45.86,0
N4868,2025-09-04 09:08:00,1952852.0,37.72,0
N4869,2025-09-04 09:09:00,277018.0,21.17,0
N4870,2025-09-04 09:10:00,268609.0,9.01,0
N4871,2025-09-04 09:11:00,65087.0,152.28,0
N4872,2025-09-04 09:12:00,244920.0,29.08,0
N4873,2025-09-04 09:13:00,157087.0,56.5,0
N4874,2025-09-04 09:14:00,43309.0,265.66,0
N4875,2025-09-04 09:15:00,33359.0,68.4,0
N4876,2025-09-04 09:16:00,258242.0,5.89,0
N4877,2025-09-04 09:17:00,67845.0,5.45,0
N4878,2025-09-04 09:18:00,99782.0,230.94,0
N4879,2025-09-04 09:19:00,18100.0,2.78,0
N4880,2025-09-04 09:20:00,71823.0,8.59,0
N4881,2025-09-04 09:21:00,451663.0,46.34,0
N4882,2025-09-04 09:22:00,97591.0,29.43,0
N4883,2025-09-04 09:23:00,401104.0,3.52,0
N4884,2025-09-04 09:24:00,127274.0,23.37,0
N4885,2025-09-04 09:25:00,25289.0,229.01,0
N4886,2025-09-04 09:26:00,204591.0,7.09,0
N4887,2025-09-04 09:27:00,683374.0,3.13,0
N4888,2025-09-04 09:28:00,438972.0,9.29,0
N4889,2025-09-04 09:29:00,519471.0,23.4,0
N4890,2025-09-04 09:30:00,113465.0,12.4,0
N4891,2025-09-04 09:31:00,17657.0,69.2,0
N4892,2025-09-04 09:32:00,347908.0,82.25,0
N4893,2025-09-04 09:33:00,29521.0,104.89,0
N4894,2025-09-04 09:34:00,73903.0,63.61,0
N4895,2025-09-04 09:35:00,95923.0,15.24,0
N4896,2025-09-04 09:36:00,96023.0,10.59,0
N4897,2025-09-04 09:37:00,729765.0,21.61,0
N4898,2025-09-04 09:38:00,494814.0,70.08,0
N4899,2025-09-04 09:39:00,38911.0,7.13,0
N4900,2025-09-04 09:40:00,619956.0,29.79,0
N4901,2025-09-04 09:41:00,30132.0,69.82,0
N4902,2025-09-04 09:42:00,573022.0,79.56,0
N4903,2025-09-04 09:43:00,120267.0,43.2,0
N4904,2025-09-04 09:44:00,392863.0,5.52,0
N4905,2025-09-04 09:45:00,483888.0,15.27,0
N4906,2025-09-04 09:46:00,400090.0,18.2,0
N4907,2025-09-04 09:47:00,299927.0,2.1,0
N4908,2025-09-04 09:48:00,473652.0,6.93,0
N4909,2025-09-04 09:49:00,283681.0,111.29,0
N4910,2025-09-04 09:50:00,29580.0,11.81,0
N4911,2025-09-04 09:51:00,588829.0,3.4,0
N4912,2025-09-04 09:52:00,893351.0,36.18,0
N4913,2025-09-04 09:53:00,231815.0,83.33,0
N4914,2025-09-04 09:54:00,63949.0,2.44,0
N4915,2025-09-04 09:55:00,422663.0,16.21,0
N4916,2025-09-04 09:56:00,239156.0,7.02,0
N4917,2025-09-04 09:57:00,50835.0,7.62,0
N4918,2025-09-04 09:58:00,443419.0,6.23,0
N4919,2025-09-04 09:59:00,54246.0,26.86,0
N4920,2025-09-04 10:00:00,42136.0,18.03,0
N4921,2025-09-04 10:01:00,139562.0,106.51,0
N4922,2025-09-04 10:02:00,518282.0,5.72,0
N4923,2025-09-04 10:03:00,380413.0,122.58,0
N4924,2025-09-04 10:04:00,247621.0,20.81,0
N4925,2025-09-04 10:05:00,207378.0,22.89,0
N4926,2025-09-04 10:06:00,365378.0,7.55,0
N4927,2025-09-04 10:07:00,732282.0,33.51,0
N4928,2025-09-04 10:08:00,134797.0,105.88,0
N4929,2025-09-04 10:09:00,320573.0,6.95,0
N4930,2025-09-04 10:10:00,185555.0,77.78,0
N4931,2025-09-04 10:11:00,72901.0,8.8,0
N4932,2025-09-04 10:12:00,131859.0,11.59,0
N4933,2025-09-04 10:13:00,436014.0,27.54,0
N4934,2025-09-04 10:14:00,133662.0,19.2,0
N4935,2025-09-04 10:15:00,155217.0,17.77,0
N4936,2025-09-04 10:16:00,239728.0,19.75,0
N4937,2025-09-04 10:17:00,376091.0,228.73,0
N4938,2025-09-04 10:18:00,191485.0,24.29,0
N4939,2025-09-04 10:19:00,66652.0,5.43,0
N4940,2025-09-04 10:20:00,22934.0,4.65,0
N4941,2025-09-04 10:21:00,340758.0,14.14,0
N4942,2025-09-04 10:22:00,160698.0,195.63,0
N4943,2025-09-04 10:23:00,88726.0,439.45,0
N4944,2025-09-04 10:24:00,107522.0,62.89,0
N4945,2025-09-04 10:25:00,445325.0,4.63,0
N4946,2025-09-04 10:26:00,123466.0,6.62,0
N4947,2025-09-04 10:27:00,174437.0,4.83,0
N4948,2025-09-04 10:28:00,136491.0,6.72,0
N4949,2025-09-04 10:29:00,232005.0,1.14,0
N4950,2025-09-04 10:30:00,7474.0,39.66,0
N4951,2025-09-04 10:31:00,697898.0,9.57,0
N4952,2025-09-04 10:32:00,86244.0,187.86,0
N4953,2025-09-04 10:33:00,241319.0,32.94,0
N4954,2025-09-04 10:34:00,198366.0,48.03,0
N4955,2025-09-04 10:35:00,40525.0,2.3,0
N4956,2025-09-04 10:36:00,102901.0,11.01,0
N4957,2025-09-04 10:37:00,643597.0,4.66,0
N4958,2025-09-04 10:38:00,243646.0,2.8,0
N4959,2025-09-04 10:39:00,500943.0,40.31,0
N4960,2025-09-04 10:40:00,3917355.0,21.69,0
N4961,2025-09-04 10:41:00,235240.0,3.14,0
N4962,2025-09-04 10:42:00,113156.0,96.76,0
N4963,2025-09-04 10:43:00,84261.0,42.11,0
N4964,2025-09-04 10:44:00,176808.0,9.31,0
N4965,2025-09-04 10:45:00,257939.0,39.16,0
N4966,2025-09-04 10:46:00,88700.0,24.35,0
N4967,2025-09-04 10:47:00,1101427.0,9.64,0
N4968,2025-09-04 10:48:00,92211.0,8.38,0
N4969,2025-09-04 10:49:00,80826.0,46.92,0
N4970,2025-09-04 10:50:00,191855.0,29.61,0
N4971,2025-09-04 10:51:00,200517.0,3.31,0
N4972,2025-09-04 10:52:00,43273.0,50.26,0
N4973,2025-09-04 10:53:00,159482.0,4.43,0
N4974,2025-09-04 10:54:00,82987.0,10.53,0
N4975,2025-09-04 10:55:00,198815.0,55.22,0
N4976,2025-09-04 10:56:00,108985.0,16.61,0
N4977,2025-09-04 10:57:00,848829.0,58.78,0
N4978,2025-09-04 10:58:00,325061.0,199.37,0
N4979,2025-09-04 10:59:00,238168.0,8.43,0
N4980,2025-09-04 11:00:00,101231.0,42.04,0
N4981,2025-09-04 11:01:00,40675.0,57.35,0
N4982,2025-09-04 11:02:00,348942.0,90.06,0
N4983,2025-09-04 11:03:00,60318.0,23.6,0
N4984,2025-09-04 11:04:00,60613.0,6.85,0
N4985,2025-09-04 11:05:00,169731.0,3.19,0
N4986,2025-09-04 11:06:00,374838.0,48.69,0
N4987,2025-09-04 11:07:00,47707.0,68.32,0
N4988,2025-09-04 11:08:00,36853.0,65.99,0
N4989,2025-09-04 11:09:00,581245.0,44.47,0
N4990,2025-09-04 11:10:00,73564.0,5.76,0
N4991,2025-09-04 11:11:00,107917.0,63.09,0
N4992,2025-09-04 11:12:00,442064.0,2.03,0
N4993,2025-09-04 11:13:00,511496.0,51.12,0
N4994,2025-09-04 11:14:00,17131.0,5.64,0
N4995,2025-09-04 11:15:00,66341.0,5.22,0
N4996,2025-09-04 11:16:00,204788.0,3.66,0
N4997,2025-09-04 11:17:00,320689.0,2.16,0
N4998,2025-09-04 11:18:00,786880.0,60.13,0
N4999,2025-09-04 11:19:00,280142.0,3.96,0
N5000,2025-09-04 11:20:00,140387.0,29.44,0
N5001,2025-09-04 11:21:00,52276.0,123.14,0
N5002,2025-09-04 11:22:00,3381822.0,5.13,0
N5003,2025-09-04 11:23:00,299916.0,43.42,0
N5004,2025-09-04 11:24:00,438699.0,5.19,0
N5005,2025-09-04 11:25:00,728514.0,10.34,0
N5006,2025-09-04 11:26:00,159633.0,6.27,0
N5007,2025-09-04 11:27:00,86621.0,8.32,0
N5008,2025-09-04 11:28:00,56524.0,42.73,0
N5009,2025-09-04 11:29:00,161488.0,22.74,0
N5010,2025-09-04 11:30:00,1019004.0,3.8,0
N5011,2025-09-04 11:31:00,140163.0,4.23,0
N5012,2025-09-04 11:32:00,70750.0,102.46,0
N5013,2025-09-04 11:33:00,83770.0,2.96,0
N5014,2025-09-04 11:34:00,649706.0,118.64,0
N5015,2025-09-04 11:35:00,335764.0,7.79,0
N5016,2025-09-04 11:36:00,72910.0,21.34,0
N5017,2025-09-04 11:37:00,28416.0,26.21,0
N5018,2025-09-04 11:38:00,90909.0,11.27,0
N5019,2025-09-04 11:39:00,55428.0,39.59,0
N5020,2025-09-04 11:40:00,214437.0,15.02,0
N5021,2025-09-04 11:41:00,1360787.0,7.02,0
N5022,2025-09-04 11:42:00,402497.0,7.74,0
N5023,2025-09-04 11:43:00,30270.0,13.58,0
N5024,2025-09-04 11:44:00,81483.0,135.6,0
N5025,2025-09-04 11:45:00,185816.0,20.51,0
N5026,2025-09-04 11:46:00,552954.0,9.63,0
N5027,2025-09-04 11:47:00,457395.0,4.6,0
N5028,2025-09-04 11:48:00,1579019.0,19.11,0
N5029,2025-09-04 11:49:00,62273.0,10.49,0
N5030,2025-09-04 11:50:00,337930.0,1.43,0
N5031,2025-09-04 11:51:00,62835.0,37.31,0
N5032,2025-09-04 11:52:00,494455.0,50.99,0
N5033,2025-09-04 11:53:00,36386.0,38.08,0
N5034,2025-09-04 11:54:00,134238.0,181.08,0
N5035,2025-09-04 11:55:00,90381.0,32.92,0
N5036,2025-09-04 11:56:00,299829.0,13.95,0
N5037,2025-09-04 11:57:00,42844.0,39.2,0
N5038,2025-09-04 11:58:00,99633.0,54.69,0
N5039,2025-09-04 11:59:00,162607.0,18.14,0
N5040,2025-09-04 12:00:00,83170.0,27.9,0
N5041,2025-09-04 12:01:00,315440.0,17.67,0
N5042,2025-09-04 12:02:00,87626.0,105.74,0
N5043,2025-09-04 12:03:00,52287.0,93.97,0
N5044,2025-09-04 12:04:00,350937.0,15.42,0
N5045,2025-09-04 12:05:00,57190.0,7.93,0
N5046,2025-09-04 12:06:00,63455.0,18.09,0
N5047,2025-09-04 12:07:00,360519.0,2.78,0
N5048,2025-09-04 12:08:00,27360.0,51.32,0
N5049,2025-09-04 12:09:00,212012.0,58.99,0
N5050,2025-09-04 12:10:00,315257.0,5.92,0
N5051,2025-09-04 12:11:00,52462.0,56.24,0
N5052,2025-09-04 12:12:00,919018.0,15.56,0
N5053,2025-09-04 12:13:00,197599.0,195.08,0
N5054,2025-09-04 12:14:00,170147.0,342.9,0
N5055,2025-09-04 12:15:00,20664.0,15.54,0
N5056,2025-09-04 12:16:00,63759.0,3.27,0
N5057,2025-09-04 12:17:00,387358.0,94.07,0
N5058,2025-09-04 12:18:00,186867.0,170.57,0
N5059,2025-09-04 12:19:00,158501.0,51.77,0
N5060,2025-09-04 12:20:00,17688.0,21.1,0
N5061,2025-09-04 12:21:00,165109.0,78.03,0
N5062,2025-09-04 12:22:00,284583.0,5.17,0
N5063,2025-09-04 12:23:00,38809.0,75.64,0
N5064,2025-09-04 12:24:00,66302.0,8.62,0
N5065,2025-09-04 12:25:00,180108.0,16.03,0
N5066,2025-09-04 12:26:00,819217.0,95.76,0
N5067,2025-09-04 12:27:00,37128.0,92.12,0
N5068,2025-09-04 12:28:00,105837.0,16.86,0
N5069,2025-09-04 12:29:00,189528.0,9.34,0
N5070,2025-09-04 12:30:00,55225.0,23.77,0
N5071,2025-09-04 12:31:00,344053.0,6.93,0
N5072,2025-09-04 12:32:00,66422.0,86.08,0
N5073,2025-09-04 12:33:00,145471.0,8.99,0
N5074,2025-09-04 12:34:00,183638.0,5.98,0
N5075,2025-09-04 12:35:00,269086.0,57.52,0
N5076,2025-09-04 12:36:00,196454.0,30.87,0
N5077,2025-09-04 12:37:00,122109.0,9.73,0
N5078,2025-09-04 12:38:00,96613.0,10.53,0
N5079,2025-09-04 12:39:00,147259.0,15.5,0
N5080,2025-09-04 12:40:00,35927.0,6.79,0
N5081,2025-09-04 12:41:00,94644.0,24.81,0
N5082,2025-09-04 12:42:00,120709.0,15.77,0
N5083,2025-09-04 12:43:00,162041.0,2.81,0
N5084,2025-09-04 12:44:00,45107.0,12.19,0
N5085,2025-09-04 12:45:00,194151.0,111.41,0
N5086,2025-09-04 12:46:00,1364695.0,6.59,0
N5087,2025-09-04 12:47:00,28875.0,9.88,0
N5088,2025-09-04 12:48:00,102991.0,12.41,0
N5089,2025-09-04 12:49:00,110891.0,17.65,0
N5090,2025-09-04 12:50:00,637192.0,3.83,0
N5091,2025-09-04 12:51:00,245273.0,7.83,0
N5092,2025-09-04 12:52:00,397932.0,15.95,0
N5093,2025-09-04 12:53:00,178492.0,42.27,0
N5094,2025-09-04 12:54:00,575027.0,36.79,0
N5095,2025-09-04 12:55:00,374119.0,26.93,0
N5096,2025-09-04 12:56:00,116164.0,27.09,0
N5097,2025-09-04 12:57:00,347376.0,6.26,0
N5098,2025-09-04 12:58:00,58348.0,2.01,0
N5099,2025-09-04 12:59:00,527499.0,3.68,0
N5100,2025-09-04 13:00:00,87712.0,30.72,0
N5101,2025-09-04 13:01:00,83047.0,35.48,0
N5102,2025-09-04 13:02:00,192386.0,6.2,0
N5103,2025-09-04 13:03:00,1132930.0,149.52,0
N5104,2025-09-04 13:04:00,428221.0,143.55,0
N5105,2025-09-04 13:05:00,1088061.0,7.12,0
N5106,2025-09-04 13:06:00,111577.0,22.44,0
N5107,2025-09-04 13:07:00,222347.0,73.04,0
N5108,2025-09-04 13:08:00,53902.0,120.24,0
N5109,2025-09-04 13:09:00,65493.0,26.37,0
N5110,2025-09-04 13:10:00,95296.0,11.24,0
N5111,2025-09-04 13:11:00,22933.0,40.49,0
N5112,2025-09-04 13:12:00,837721.0,37.07,0
N5113,2025-09-04 13:13:00,56304.0,158.88,0
N5114,2025-09-04 13:14:00,176993.0,50.58,0
N5115,2025-09-04 13:15:00,394652.0,36.57,0
N5116,2025-09-04 13:16:00,331011.0,19.23,0
N5117,2025-09-04 13:17:00,233107.0,38.29,0
N5118,2025-09-04 13:18:00,117598.0,1.51,0
N5119,2025-09-04 13:19:00,225441.0,27.63,0
N5120,2025-09-04 13:20:00,112748.0,43.6,0
N5121,2025-09-04 13:21:00,135559.0,2.94,0
N5122,2025-09-04 13:22:00,139080.0,5.68,0
N5123,2025-09-04 13:23:00,215603.0,2.1,0
N5124,2025-09-04 13:24:00,238775.0,38.17,0
N5125,2025-09-04 13:25:00,140803.0,53.75,0
N5126,2025-09-04 13:26:00,188554.0,3.65,0
N5127,2025-09-04 13:27:00,39754.0,13.95,0
N5128,2025-09-04 13:28:00,16522.0,6.04,0
N5129,2025-09-04 13:29:00,438660.0,38.92,0
N5130,2025-09-04 13:30:00,95030.0,6.29,0
N5131,2025-09-04 13:31:00,40676.0,6.89,0
N5132,2025-09-04 13:32:00,122517.0,33.11,0
N5133,2025-09-04 13:33:00,145849.0,327.44,0
N5134,2025-09-04 13:34:00,54773.0,7.55,0
N5135,2025-09-04 13:35:00,81096.0,8.91,0
N5136,2025-09-04 13:36:00,114605.0,13.99,0
N5137,2025-09-04 13:37:00,2756142.0,40.56,0
N5138,2025-09-04 13:38:00,170799.0,25.15,0
N5139,2025-09-04 13:39:00,163245.0,9.26,0
N5140,2025-09-04 13:40:00,181738.0,11.6,0
N5141,2025-09-04 13:41:00,29894.0,10.35,0
N5142,2025-09-04 13:42:00,168918.0,5.37,0
N5143,2025-09-04 13:43:00,53722.0,66.56,0
N5144,2025-09-04 13:44:00,41336.0,12.88,0
N5145,2025-09-04 13:45:00,130785.0,37.25,0
N5146,2025-09-04 13:46:00,96575.0,9.54,0
N5147,2025-09-04 13:47:00,225585.0,22.83,0
N5148,2025-09-04 13:48:00,31490.0,72.56,0
N5149,2025-09-04 13:49:00,180210.0,118.85,0
N5150,2025-09-04 13:50:00,33886.0,64.05,0
N5151,2025-09-04 13:51:00,11929.0,6.78,0
N5152,2025-09-04 13:52:00,43279.0,3.47,0
N5153,2025-09-04 13:53:00,31312.0,19.44,0
N5154,2025-09-04 13:54:00,255016.0,36.59,0
N5155,2025-09-04 13:55:00,149690.0,157.01,0
N5156,2025-09-04 13:56:00,272132.0,18.18,0
N5157,2025-09-04 13:57:00,156832.0,52.4,0
N5158,2025-09-04 13:58:00,15712.0,28.26,0
N5159,2025-09-04 13:59:00,34001.0,4.66,0
N5160,2025-09-04 14:00:00,176399.0,43.68,0
N5161,2025-09-04 14:01:00,388419.0,17.21,0
N5162,2025-09-04 14:02:00,509123.0,56.95,0
N5163,2025-09-04 14:03:00,109251.0,3.89,0
N5164,2025-09-04 14:04:00,192397.0,53.77,0
N5165,2025-09-04 14:05:00,88221.0,17.38,0
N5166,2025-09-04 14:06:00,1142866.0,10.91,0
N5167,2025-09-04 14:07:00,103715.0,133.01,0
N5168,2025-09-04 14:08:00,125820.0,54.02,0
N5169,2025-09-04 14:09:00,232174.0,52.75,0
N5170,2025-09-04 14:10:00,210626.0,17.08,0
N5171,2025-09-04 14:11:00,1768861.0,4.99,0
N5172,2025-09-04 14:12:00,58016.0,4.3,0
N5173,2025-09-04 14:13:00,31078.0,13.57,0
N5174,2025-09-04 14:14:00,112169.0,3.78,0
N5175,2025-09-04 14:15:00,268684.0,11.39,0
N5176,2025-09-04 14:16:00,228367.0,19.05,0
N5177,2025-09-04 14:17:00,865337.0,13.2,0
N5178,2025-09-04 14:18:00,262638.0,25.46,0
N5179,2025-09-04 14:19:00,18036.0,1.28,0
N5180,2025-09-04 14:20:00,167556.0,51.96,0
N5181,2025-09-04 14:21:00,170479.0,17.41,0
N5182,2025-09-04 14:22:00,184025.0,39.93,0
N5183,2025-09-04 14:23:00,51769.0,12.89,0
N5184,2025-09-04 14:24:00,26895.0,16.93,0
N5185,2025-09-04 14:25:00,1096609.0,5.29,0
N5186,2025-09-04 14:26:00,114125.0,26.81,0
N5187,2025-09-04 14:27:00,137294.0,8.53,0
N5188,2025-09-04 14:28:00,117287.0,27.21,0
N5189,2025-09-04 14:29:00,243447.0,56.45,0
N5190,2025-09-04 14:30:00,117419.0,24.43,0
N5191,2025-09-04 14:31:00,533093.0,211.55,0
N5192,2025-09-04 14:32:00,1586991.0,33.29,0
N5193,2025-09-04 14:33:00,500273.0,18.88,0
N5194,2025-09-04 14:34:00,86443.0,25.59,0
N5195,2025-09-04 14:35:00,98342.0,24.75,0
N5196,2025-09-04 14:36:00,33873.0,43.19,0
N5197,2025-09-04 14:37:00,206865.0,9.93,0
N5198,2025-09-04 14:38:00,421961.0,30.52,0
N5199,2025-09-04 14:39:00,388038.0,6.61,0
N5200,2025-09-04 14:40:00,443545.0,23.91,0
N5201,2025-09-04 14:41:00,150879.0,44.4,0
N5202,2025-09-04 14:42:00,502682.0,57.77,0
N5203,2025-09-04 14:43:00,219106.0,12.92,0
N5204,2025-09-04 14:44:00,233964.0,85.56,0
N5205,2025-09-04 14:45:00,65243.0,15.53,0
N5206,2025-09-04 14:46:00,182106.0,4.78,0
N5207,2025-09-04 14:47:00,97575.0,23.16,0
N5208,2025-09-04 14:48:00,210599.0,48.41,0
N5209,2025-09-04 14:49:00,340473.0,8.69,0
N5210,2025-09-04 14:50:00,43127.0,3.91,0
N5211,2025-09-04 14:51:00,221522.0,20.11,0
N5212,2025-09-04 14:52:00,306969.0,17.75,0
N5213,2025-09-04 14:53:00,302192.0,7.81,0
N5214,2025-09-04 14:54:00,858884.0,99.52,0
N5215,2025-09-04 14:55:00,112653.0,53.56,0
N5216,2025-09-04 14:56:00,451262.0,67.24,0
N5217,2025-09-04 14:57:00,431437.0,4.28,0
N5218,2025-09-04 14:58:00,254313.0,14.3,0
N5219,2025-09-04 14:59:00,153567.0,11.25,0
N5220,2025-09-04 15:00:00,101442.0,12.8,0
N5221,2025-09-04 15:01:00,1048217.0,68.47,0
N5222,2025-09-04 15:02:00,54515.0,10.17,0
N5223,2025-09-04 15:03:00,169943.0,9.3,0
N5224,2025-09-04 15:04:00,271910.0,69.3,0
N5225,2025-09-04 15:05:00,669950.0,173.88,0
N5226,2025-09-04 15:06:00,153320.0,96.01,0
N5227,2025-09-04 15:07:00,376960.0,6.8,0
N5228,2025-09-04 15:08:00,402628.0,1.74,0
N5229,2025-09-04 15:09:00,9933.0,7.95,0
N5230,2025-09-04 15:10:00,124186.0,17.2,0
N5231,2025-09-04 15:11:00,343016.0,29.57,0
N5232,2025-09-04 15:12:00,251132.0,10.95,0
N5233,2025-09-04 15:13:00,271096.0,79.45,0
N5234,2025-09-04 15:14:00,143983.0,40.11,0
N5235,2025-09-04 15:15:00,287516.0,20.38,0
N5236,2025-09-04 15:16:00,207166.0,3.68,0
N5237,2025-09-04 15:17:00,410291.0,80.71,0
N5238,2025-09-04 15:18:00,146122.0,19.05,0
N5239,2025-09-04 15:19:00,92606.0,2.39,0
N5240,2025-09-04 15:20:00,516312.0,87.61,0
N5241,2025-09-04 15:21:00,424506.0,195.22,0
N5242,2025-09-04 15:22:00,498143.0,15.35,0
N5243,2025-09-04 15:23:00,3052569.0,5.9,0
N5244,2025-09-04 15:24:00,103732.0,76.42,0
N5245,2025-09-04 15:25:00,28676.0,111.89,0
N5246,2025-09-04 15:26:00,1029198.0,47.01,0
N5247,2025-09-04 15:27:00,458061.0,1.68,0
N5248,2025-09-04 15:28:00,213483.0,9.3,0
N5249,2025-09-04 15:29:00,76037.0,6.78,0
N5250,2025-09-04 15:30:00,264656.0,39.58,0
N5251,2025-09-04 15:31:00,169893.0,117.51,0
N5252,2025-09-04 15:32:00,846801.0,20.36,0
N5253,2025-09-04 15:33:00,44438.0,16.68,0
N5254,2025-09-04 15:34:00,3699124.0,3.4,0
N5255,2025-09-04 15:35:00,40175.0,4.07,0
N5256,2025-09-04 15:36:00,70501.0,20.19,0
N5257,2025-09-04 15:37:00,323990.0,112.06,0
N5258,2025-09-04 15:38:00,59096.0,11.12,0
N5259,2025-09-04 15:39:00,24583.0,10.0,0
N5260,2025-09-04 15:40:00,302484.0,5.42,0
N5261,2025-09-04 15:41:00,191056.0,4.36,0
N5262,2025-09-04 15:42:00,146246.0,63.19,0
N5263,2025-09-04 15:43:00,59696.0,14.83,0
N5264,2025-09-04 15:44:00,41544.0,53.81,0
N5265,2025-09-04 15:45:00,98770.0,2.2,0
N5266,2025-09-04 15:46:00,254244.0,13.06,0
N5267,2025-09-04 15:47:00,197804.0,122.11,0
N5268,2025-09-04 15:48:00,321788.0,4.98,0
N5269,2025-09-04 15:49:00,242924.0,5.87,0
N5270,2025-09-04 15:50:00,60936.0,17.25,0
N5271,2025-09-04 15:51:00,151510.0,19.88,0
N5272,2025-09-04 15:52:00,35275.0,28.38,0
N5273,2025-09-04 15:53:00,237918.0,17.41,0
N5274,2025-09-04 15:54:00,197383.0,21.53,0
N5275,2025-09-04 15:55:00,343668.0,20.28,0
N5276,2025-09-04 15:56:00,73104.0,6.67,0
N5277,2025-09-04 15:57:00,415792.0,11.77,0
N5278,2025-09-04 15:58:00,40260.0,4.02,0
N5279,2025-09-04 15:59:00,481897.0,25.14,0
N5280,2025-09-04 16:00:00,148179.0,6.94,0
N5281,2025-09-04 16:01:00,155169.0,38.35,0
N5282,2025-09-04 16:02:00,126008.0,37.65,0
N5283,2025-09-04 16:03:00,999087.0,1.61,0
N5284,2025-09-04 16:04:00,635958.0,54.68,0
N5285,2025-09-04 16:05:00,1330138.0,45.41,0
N5286,2025-09-04 16:06:00,268619.0,22.86,0
N5287,2025-09-04 16:07:00,658840.0,1.45,0
N5288,2025-09-04 16:08:00,147516.0,2.12,0
N5289,2025-09-04 16:09:00,310908.0,52.14,0
N5290,2025-09-04 16:10:00,407335.0,10.84,0
N5291,2025-09-04 16:11:00,105995.0,28.49,0
N5292,2025-09-04 16:12:00,738406.0,0.67,0
N5293,2025-09-04 16:13:00,89237.0,35.65,0
N5294,2025-09-04 16:14:00,422668.0,8.3,0
N5295,2025-09-04 16:15:00,32459.0,8.0,0
N5296,2025-09-04 16:16:00,201027.0,64.74,0
N5297,2025-09-04 16:17:00,148362.0,13.0,0
N5298,2025-09-04 16:18:00,317053.0,30.73,0
N5299,2025-09-04 16:19:00,207077.0,7.2,0
N5300,2025-09-04 16:20:00,201176.0,207.49,0
N5301,2025-09-04 16:21:00,44118.0,7.59,0
N5302,2025-09-04 16:22:00,132797.0,51.8,0
N5303,2025-09-04 16:23:00,166280.0,10.65,0
N5304,2025-09-04 16:24:00,26892.0,24.0,0
N5305,2025-09-04 16:25:00,160841.0,15.78,0
N5306,2025-09-04 16:26:00,353971.0,14.71,0
N5307,2025-09-04 16:27:00,211344.0,13.81,0
N5308,2025-09-04 16:28:00,77204.0,6.76,0
N5309,2025-09-04 16:29:00,473246.0,31.99,0
N5310,2025-09-04 16:30:00,5531367.0,26.24,0
N5311,2025-09-04 16:31:00,451603.0,18.59,0
N5312,2025-09-04 16:32:00,312264.0,97.57,0
N5313,2025-09-04 16:33:00,46752.0,54.33,0
N5314,2025-09-04 16:34:00,325880.0,8.64,0
N5315,2025-09-04 16:35:00,58002.0,23.31,0
N5316,2025-09-04 16:36:00,326568.0,70.91,0
N5317,2025-09-04 16:37:00,134441.0,17.23,0
N5318,2025-09-04 16:38:00,189839.0,20.46,0
N5319,2025-09-04 16:39:00,65629.0,12.4,0
N5320,2025-09-04 16:40:00,197974.0,11.33,0
N5321,2025-09-04 16:41:00,109469.0,56.95,0
N5322,2025-09-04 16:42:00,1141748.0,26.14,0
N5323,2025-09-04 16:43:00,99650.0,42.9,0
N5324,2025-09-04 16:44:00,1635151.0,24.36,0
N5325,2025-09-04 16:45:00,140780.0,11.5,0
N5326,2025-09-04 16:46:00,847311.0,5.65,0
N5327,2025-09-04 16:47:00,73368.0,13.29,0
N5328,2025-09-04 16:48:00,935870.0,39.2,0
N5329,2025-09-04 16:49:00,818224.0,34.0,0
N5330,2025-09-04 16:50:00,438226.0,2.94,0
N5331,2025-09-04 16:51:00,192651.0,175.06,0
N5332,2025-09-04 16:52:00,94855.0,9.33,0
N5333,2025-09-04 16:53:00,103467.0,18.02,0
N5334,2025-09-04 16:54:00,54838.0,25.9,0
N5335,2025-09-04 16:55:00,15529.0,148.56,0
N5336,2025-09-04 16:56:00,138550.0,7.35,0
N5337,2025-09-04 16:57:00,478660.0,7.57,0
N5338,2025-09-04 16:58:00,69189.0,6.15,0
N5339,2025-09-04 16:59:00,122735.0,26.27,0
N5340,2025-09-04 17:00:00,146792.0,39.34,0
N5341,2025-09-04 17:01:00,769663.0,24.71,0
N5342,2025-09-04 17:02:00,79320.0,184.47,0
N5343,2025-09-04 17:03:00,10060.0,13.38,0
N5344,2025-09-04 17:04:00,57861.0,25.91,0
N5345,2025-09-04 17:05:00,58767.0,2.37,0
N5346,2025-09-04 17:06:00,377622.0,1.16,0
N5347,2025-09-04 17:07:00,29906.0,37.53,0
N5348,2025-09-04 17:08:00,316297.0,37.65,0
N5349,2025-09-04 17:09:00,876910.0,5.01,0
N5350,2025-09-04 17:10:00,250742.0,18.59,0
N5351,2025-09-04 17:11:00,155671.0,41.43,0
N5352,2025-09-04 17:12:00,220775.0,13.85,0
N5353,2025-09-04 17:13:00,219033.0,7.51,0
N5354,2025-09-04 17:14:00,599118.0,18.4,0
N5355,2025-09-04 17:15:00,132203.0,219.77,0
N5356,2025-09-04 17:16:00,73058.0,53.04,0
N5357,2025-09-04 17:17:00,306088.0,11.86,0
N5358,2025-09-04 17:18:00,263388.0,58.79,0
N5359,2025-09-04 17:19:00,123473.0,27.79,0
N5360,2025-09-04 17:20:00,27393.0,22.02,0
N5361,2025-09-04 17:21:00,128768.0,30.1,0
N5362,2025-09-04 17:22:00,711714.0,30.27,0
N5363,2025-09-04 17:23:00,152820.0,4.15,0
N5364,2025-09-04 17:24:00,225110.0,27.43,0
N5365,2025-09-04 17:25:00,97484.0,13.21,0
N5366,2025-09-04 17:26:00,301684.0,18.96,0
N5367,2025-09-04 17:27:00,162286.0,6.58,0
N5368,2025-09-04 17:28:00,92190.0,32.06,0
N5369,2025-09-04 17:29:00,1205714.0,25.55,0
N5370,2025-09-04 17:30:00,275322.0,19.4,0
N5371,2025-09-04 17:31:00,244739.0,27.66,0
N5372,2025-09-04 17:32:00,687826.0,30.76,0
N5373,2025-09-04 17:33:00,246400.0,60.77,0
N5374,2025-09-04 17:34:00,231057.0,3.56,0
N5375,2025-09-04 17:35:00,85484.0,150.28,0
N5376,2025-09-04 17:36:00,15516.0,21.77,0
N5377,2025-09-04 17:37:00,502862.0,12.71,0
N5378,2025-09-04 17:38:00,285034.0,58.68,0
N5379,2025-09-04 17:39:00,112414.0,18.7,0
N5380,2025-09-04 17:40:00,480200.0,147.47,0
N5381,2025-09-04 17:41:00,149996.0,25.74,0
N5382,2025-09-04 17:42:00,318947.0,65.01,0
N5383,2025-09-04 17:43:00,232913.0,21.04,0
N5384,2025-09-04 17:44:00,319686.0,13.47,0
N5385,2025-09-04 17:45:00,145721.0,46.34,0
N5386,2025-09-04 17:46:00,128186.0,121.68,0
N5387,2025-09-04 17:47:00,90710.0,86.58,0
N5388,2025-09-04 17:48:00,84416.0,44.18,0
N5389,2025-09-04 17:49:00,282483.0,55.66,0
N5390,2025-09-04 17:50:00,141195.0,69.05,0
N5391,2025-09-04 17:51:00,264709.0,69.5,0
N5392,2025-09-04 17:52:00,43329.0,77.74,0
N5393,2025-09-04 17:53:00,255381.0,1.9,0
N5394,2025-09-04 17:54:00,208174.0,8.88,0
N5395,2025-09-04 17:55:00,194537.0,51.67,0
N5396,2025-09-04 17:56:00,487741.0,48.39,0
N5397,2025-09-04 17:57:00,144846.0,1.83,0
N5398,2025-09-04 17:58:00,125617.0,14.8,0
N5399,2025-09-04 17:59:00,177965.0,2.97,0
N5400,2025-09-04 18:00:00,335269.0,4.34,0
N5401,2025-09-04 18:01:00,90390.0,21.44,0
N5402,2025-09-04 18:02:00,110270.0,9.37,0
N5403,2025-09-04 18:03:00,346193.0,11.15,0
N5404,2025-09-04 18:04:00,304192.0,11.93,0
N5405,2025-09-04 18:05:00,177134.0,26.92,0
N5406,2025-09-04 18:06:00,25952.0,53.84,0
N5407,2025-09-04 18:07:00,108157.0,6.43,0
N5408,2025-09-04 18:08:00,166274.0,16.3,0
N5409,2025-09-04 18:09:00,128068.0,28.55,0
N5410,2025-09-04 18:10:00,43117.0,14.02,0
N5411,2025-09-04 18:11:00,72411.0,48.54,0
N5412,2025-09-04 18:12:00,53130.0,21.1,0
N5413,2025-09-04 18:13:00,545159.0,84.56,0
N5414,2025-09-04 18:14:00,400351.0,5.58,0
N5415,2025-09-04 18:15:00,290034.0,399.82,0
N5416,2025-09-04 18:16:00,250102.0,9.72,0
N5417,2025-09-04 18:17:00,97426.0,107.98,0
N5418,2025-09-04 18:18:00,17286.0,78.98,0
N5419,2025-09-04 18:19:00,209474.0,152.18,0
N5420,2025-09-04 18:20:00,243449.0,52.2,0
N5421,2025-09-04 18:21:00,84937.0,8.67,0
N5422,2025-09-04 18:22:00,15368.0,0.58,0
N5423,2025-09-04 18:23:00,51863.0,8.23,0
N5424,2025-09-04 18:24:00,36215.0,73.36,0
N5425,2025-09-04 18:25:00,260489.0,26.66,0
N5426,2025-09-04 18:26:00,1998104.0,5.87,0
N5427,2025-09-04 18:27:00,23418.0,4.67,0
N5428,2025-09-04 18:28:00,79598.0,4.96,0
N5429,2025-09-04 18:29:00,90160.0,11.32,0
N5430,2025-09-04 18:30:00,187001.0,16.74,0
N5431,2025-09-04 18:31:00,358718.0,126.04,0
N5432,2025-09-04 18:32:00,225588.0,28.3,0
N5433,2025-09-04 18:33:00,91567.0,9.89,0
N5434,2025-09-04 18:34:00,137228.0,31.62,0
N5435,2025-09-04 18:35:00,159830.0,7.73,0
N5436,2025-09-04 18:36:00,91692.0,121.68,0
N5437,2025-09-04 18:37:00,61089.0,3.3,0
N5438,2025-09-04 18:38:00,78377.0,40.71,0
N5439,2025-09-04 18:39:00,101226.0,3.98,0
N5440,2025-09-04 18:40:00,136378.0,12.11,0
N5441,2025-09-04 18:41:00,212567.0,43.52,0
N5442,2025-09-04 18:42:00,977822.0,34.26,0
N5443,2025-09-04 18:43:00,843352.0,15.57,0
N5444,2025-09-04 18:44:00,96074.0,22.59,0
N5445,2025-09-04 18:45:00,76277.0,3.12,0
N5446,2025-09-04 18:46:00,104053.0,3.29,0
N5447,2025-09-04 18:47:00,59833.0,38.65,0
N5448,2025-09-04 18:48:00,474153.0,170.25,0
N5449,2025-09-04 18:49:00,161314.0,54.53,0
N5450,2025-09-04 18:50:00,76515.0,27.21,0
N5451,2025-09-04 18:51:00,56737.0,66.6,0
N5452,2025-09-04 18:52:00,816076.0,23.84,0
N5453,2025-09-04 18:53:00,1211298.0,59.49,0
N5454,2025-09-04 18:54:00,313385.0,32.44,0
N5455,2025-09-04 18:55:00,39480.0,23.23,0
N5456,2025-09-04 18:56:00,87636.0,3.03,0
N5457,2025-09-04 18:57:00,230939.0,31.28,0
N5458,2025-09-04 18:58:00,151245.0,30.93,0
N5459,2025-09-04 18:59:00,308793.0,50.54,0
N5460,2025-09-04 19:00:00,89708.0,17.28,0
N5461,2025-09-04 19:01:00,170501.0,29.78,0
N5462,2025-09-04 19:02:00,233975.0,10.93,0
N5463,2025-09-04 19:03:00,30843.0,132.3,0
N5464,2025-09-04 19:04:00,248358.0,10.9,0
N5465,2025-09-04 19:05:00,477396.0,10.15,0
N5466,2025-09-04 19:06:00,330143.0,21.28,0
N5467,2025-09-04 19:07:00,175694.0,2.7,0
N5468,2025-09-04 19:08:00,58175.0,7.01,0
N5469,2025-09-04 19:09:00,138473.0,2.91,0
N5470,2025-09-04 19:10:00,28758.0,146.25,0
N5471,2025-09-04 19:11:00,330757.0,32.84,0
N5472,2025-09-04 19:12:00,921785.0,10.54,0
N5473,2025-09-04 19:13:00,45240.0,6.23,0
N5474,2025-09-04 19:14:00,83208.0,243.17,0
N5475,2025-09-04 19:15:00,113245.0,2.88,0
N5476,2025-09-04 19:16:00,743885.0,20.45,0
N5477,2025-09-04 19:17:00,240227.0,98.38,0
N5478,2025-09-04 19:18:00,617973.0,9.47,0
N5479,2025-09-04 19:19:00,128201.0,6.1,0
N5480,2025-09-04 19:20:00,419667.0,4.14,0
N5481,2025-09-04 19:21:00,249374.0,54.68,0
N5482,2025-09-04 19:22:00,204377.0,8.55,0
N5483,2025-09-04 19:23:00,129029.0,6.36,0
N5484,2025-09-04 19:24:00,89758.0,2.47,0
N5485,2025-09-04 19:25:00,50884.0,9.12,0
N5486,2025-09-04 19:26:00,456471.0,52.1,0
N5487,2025-09-04 19:27:00,62834.0,42.16,0
N5488,2025-09-04 19:28:00,43592.0,18.89,0
N5489,2025-09-04 19:29:00,297456.0,10.03,0
N5490,2025-09-04 19:30:00,136067.0,8.48,0
N5491,2025-09-04 19:31:00,13259.0,3.37,0
N5492,2025-09-04 19:32:00,367355.0,31.01,0
N5493,2025-09-04 19:33:00,64058.0,22.87,0
N5494,2025-09-04 19:34:00,98943.0,17.93,0
N5495,2025-09-04 19:35:00,410071.0,28.8,0
N5496,2025-09-04 19:36:00,47568.0,51.04,0
N5497,2025-09-04 19:37:00,103253.0,40.77,0
N5498,2025-09-04 19:38:00,57222.0,1.85,0
N5499,2025-09-04 19:39:00,1244976.0,13.36,0
N5500,2025-09-04 19:40:00,138404.0,28.83,0
N5501,2025-09-04 19:41:00,457060.0,18.58,0
N5502,2025-09-04 19:42:00,464020.0,9.7,0
N5503,2025-09-04 19:43:00,1307542.0,15.27,0
N5504,2025-09-04 19:44:00,34964.0,169.24,0
N5505,2025-09-04 19:45:00,309374.0,99.12,0
N5506,2025-09-04 19:46:00,197411.0,22.12,0
N5507,2025-09-04 19:47:00,1492489.0,12.52,0
N5508,2025-09-04 19:48:00,69302.0,37.43,0
N5509,2025-09-04 19:49:00,771332.0,61.85,0
N5510,2025-09-04 19:50:00,87964.0,30.68,0
N5511,2025-09-04 19:51:00,111420.0,5.6,0
N5512,2025-09-04 19:52:00,237949.0,21.4,0
N5513,2025-09-04 19:53:00,164043.0,24.36,0
N5514,2025-09-04 19:54:00,161685.0,5.4,0
N5515,2025-09-04 19:55:00,189492.0,24.08,0
N5516,2025-09-04 19:56:00,253724.0,42.22,0
N5517,2025-09-04 19:57:00,163147.0,39.26,0
N5518,2025-09-04 19:58:00,154356.0,100.06,0
N5519,2025-09-04 19:59:00,197248.0,4.02,0
N5520,2025-09-04 20:00:00,331354.0,27.12,0
N5521,2025-09-04 20:01:00,221252.0,11.08,0
N5522,2025-09-04 20:02:00,339150.0,56.56,0
N5523,2025-09-04 20:03:00,84450.0,68.34,0
N5524,2025-09-04 20:04:00,126820.0,4.04,0
N5525,2025-09-04 20:05:00,28116.0,13.07,0
N5526,2025-09-04 20:06:00,167406.0,6.24,0
N5527,2025-09-04 20:07:00,936108.0,17.88,0
N5528,2025-09-04 20:08:00,525349.0,18.83,0
N5529,2025-09-04 20:09:00,87655.0,96.28,0
N5530,2025-09-04 20:10:00,138806.0,36.36,0
N5531,2025-09-04 20:11:00,587384.0,71.16,0
N5532,2025-09-04 20:12:00,57599.0,63.51,0
N5533,2025-09-04 20:13:00,306335.0,5.67,0
N5534,2025-09-04 20:14:00,71884.0,21.36,0
N5535,2025-09-04 20:15:00,330141.0,62.91,0
N5536,2025-09-04 20:16:00,166151.0,106.24,0
N5537,2025-09-04 20:17:00,430834.0,49.51,0
N5538,2025-09-04 20:18:00,510003.0,2.57,0
N5539,2025-09-04 20:19:00,173671.0,34.27,0
N5540,2025-09-04 20:20:00,164451.0,18.59,0
N5541,2025-09-04 20:21:00,77973.0,46.85,0
N5542,2025-09-04 20:22:00,76016.0,8.65,0
N5543,2025-09-04 20:23:00,194922.0,22.35,0
N5544,2025-09-04 20:24:00,151451.0,13.76,0
N5545,2025-09-04 20:25:00,101255.0,92.96,0
N5546,2025-09-04 20:26:00,106677.0,42.05,0
N5547,2025-09-04 20:27:00,441159.0,14.9,0
N5548,2025-09-04 20:28:00,290970.0,9.52,0
N5549,2025-09-04 20:29:00,226954.0,12.07,0
N5550,2025-09-04 20:30:00,108879.0,150.32,0
N5551,2025-09-04 20:31:00,244547.0,15.87,0
N5552,2025-09-04 20:32:00,69230.0,228.64,0
N5553,2025-09-04 20:33:00,262435.0,24.97,0
N5554,2025-09-04 20:34:00,339249.0,5.04,0
N5555,2025-09-04 20:35:00,643651.0,78.04,0
N5556,2025-09-04 20:36:00,179551.0,1.71,0
N5557,2025-09-04 20:37:00,278485.0,22.79,0
N5558,2025-09-04 20:38:00,14683.0,330.23,0
N5559,2025-09-04 20:39:00,74662.0,152.37,0
N5560,2025-09-04 20:40:00,453971.0,111.18,0
N5561,2025-09-04 20:41:00,142019.0,63.61,0
N5562,2025-09-04 20:42:00,61537.0,85.6,0
N5563,2025-09-04 20:43:00,152897.0,7.42,0
N5564,2025-09-04 20:44:00,128941.0,52.83,0
N5565,2025-09-04 20:45:00,457916.0,31.8,0
N5566,2025-09-04 20:46:00,38115.0,104.07,0
N5567,2025-09-04 20:47:00,826290.0,147.91,0
N5568,2025-09-04 20:48:00,25838.0,11.69,0
N5569,2025-09-04 20:49:00,649210.0,3.53,0
N5570,2025-09-04 20:50:00,168793.0,21.17,0
N5571,2025-09-04 20:51:00,88045.0,122.56,0
N5572,2025-09-04 20:52:00,126632.0,3.61,0
N5573,2025-09-04 20:53:00,553877.0,15.39,0
N5574,2025-09-04 20:54:00,266732.0,1.93,0
N5575,2025-09-04 20:55:00,94926.0,9.03,0
N5576,2025-09-04 20:56:00,648995.0,31.35,0
N5577,2025-09-04 20:57:00,298994.0,19.21,0
N5578,2025-09-04 20:58:00,133093.0,7.32,0
N5579,2025-09-04 20:59:00,100419.0,119.96,0
N5580,2025-09-04 21:00:00,1042671.0,12.18,0
N5581,2025-09-04 21:01:00,1137272.0,2.04,0
N5582,2025-09-04 21:02:00,240204.0,207.65,0
N5583,2025-09-04 21:03:00,108194.0,72.41,0
N5584,2025-09-04 21:04:00,70251.0,29.23,0
N5585,2025-09-04 21:05:00,1167098.0,6.31,0
N5586,2025-09-04 21:06:00,44813.0,5.63,0
N5587,2025-09-04 21:07:00,202139.0,23.35,0
N5588,2025-09-04 21:08:00,124574.0,24.08,0
N5589,2025-09-04 21:09:00,328418.0,3.58,0
N5590,2025-09-04 21:10:00,416891.0,6.07,0
N5591,2025-09-04 21:11:00,107296.0,35.94,0
N5592,2025-09-04 21:12:00,140150.0,4.43,0
N5593,2025-09-04 21:13:00,539288.0,75.47,0
N5594,2025-09-04 21:14:00,110058.0,12.64,0
N5595,2025-09-04 21:15:00,138941.0,78.97,0
N5596,2025-09-04 21:16:00,286641.0,10.12,0
N5597,2025-09-04 21:17:00,693943.0,45.18,0
N5598,2025-09-04 21:18:00,68744.0,26.95,0
N5599,2025-09-04 21:19:00,205231.0,152.93,0
N5600,2025-09-04 21:20:00,172186.0,9.2,0
N5601,2025-09-04 21:21:00,73861.0,243.59,0
N5602,2025-09-04 21:22:00,206471.0,113.79,0
N5603,2025-09-04 21:23:00,286658.0,9.01,0
N5604,2025-09-04 21:24:00,151483.0,10.0,0
N5605,2025-09-04 21:25:00,292219.0,31.01,0
N5606,2025-09-04 21:26:00,130508.0,50.19,0
N5607,2025-09-04 21:27:00,62845.0,6.27,0
N5608,2025-09-04 21:28:00,299033.0,4.62,0
N5609,2025-09-04 21:29:00,209918.0,2.5,0
N5610,2025-09-04 21:30:00,49026.0,125.86,0
N5611,2025-09-04 21:31:00,231677.0,19.6,0
N5612,2025-09-04 21:32:00,342737.0,2.41,0
N5613,2025-09-04 21:33:00,331419.0,14.36,0
N5614,2025-09-04 21:34:00,798242.0,53.61,0
N5615,2025-09-04 21:35:00,697041.0,32.57,0
N5616,2025-09-04 21:36:00,67337.0,194.84,0
N5617,2025-09-04 21:37:00,650578.0,25.62,0
N5618,2025-09-04 21:38:00,119141.0,14.04,0
N5619,2025-09-04 21:39:00,386283.0,28.51,0
N5620,2025-09-04 21:40:00,155142.0,125.24,0
N5621,2025-09-04 21:41:00,173872.0,44.29,0
N5622,2025-09-04 21:42:00,566474.0,17.27,0
N5623,2025-09-04 21:43:00,219718.0,5.69,0
N5624,2025-09-04 21:44:00,116220.0,16.8,0
N5625,2025-09-04 21:45:00,339331.0,4.19,0
N5626,2025-09-04 21:46:00,128533.0,33.23,0
N5627,2025-09-04 21:47:00,115038.0,32.86,0
N5628,2025-09-04 21:48:00,1122674.0,6.11,0
N5629,2025-09-04 21:49:00,240190.0,7.74,0
N5630,2025-09-04 21:50:00,185174.0,54.58,0
N5631,2025-09-04 21:51:00,48438.0,19.09,0
N5632,2025-09-04 21:52:00,95751.0,38.6,0
N5633,2025-09-04 21:53:00,127173.0,9.85,0
N5634,2025-09-04 21:54:00,1923360.0,7.68,0
N5635,2025-09-04 21:55:00,284735.0,14.07,0
N5636,2025-09-04 21:56:00,51829.0,4.89,0
N5637,2025-09-04 21:57:00,730601.0,10.06,0
N5638,2025-09-04 21:58:00,440544.0,62.77,0
N5639,2025-09-04 21:59:00,226440.0,9.35,0
N5640,2025-09-04 22:00:00,30741.0,132.45,0
N5641,2025-09-04 22:01:00,373945.0,62.59,0
N5642,2025-09-04 22:02:00,29749.0,58.34,0
N5643,2025-09-04 22:03:00,76176.0,30.35,0
N5644,2025-09-04 22:04:00,175757.0,8.55,0
N5645,2025-09-04 22:05:00,178910.0,5.41,0
N5646,2025-09-04 22:06:00,256200.0,5.11,0
N5647,2025-09-04 22:07:00,58605.0,25.65,0
N5648,2025-09-04 22:08:00,75595.0,358.35,0
N5649,2025-09-04 22:09:00,245576.0,35.52,0
N5650,2025-09-04 22:10:00,26389.0,121.8,0
N5651,2025-09-04 22:11:00,198455.0,16.78,0
N5652,2025-09-04 22:12:00,70944.0,10.03,0
N5653,2025-09-04 22:13:00,219064.0,52.33,0
N5654,2025-09-04 22:14:00,87317.0,11.12,0
N5655,2025-09-04 22:15:00,626312.0,14.17,0
N5656,2025-09-04 22:16:00,107460.0,22.57,0
N5657,2025-09-04 22:17:00,135491.0,5.53,0
N5658,2025-09-04 22:18:00,69103.0,27.29,0
N5659,2025-09-04 22:19:00,115001.0,17.0,0
N5660,2025-09-04 22:20:00,823097.0,4.21,0
N5661,2025-09-04 22:21:00,95222.0,21.17,0
N5662,2025-09-04 22:22:00,950833.0,47.31,0
N5663,2025-09-04 22:23:00,664256.0,7.62,0
N5664,2025-09-04 22:24:00,252748.0,322.15,0
N5665,2025-09-04 22:25:00,521782.0,4.39,0
N5666,2025-09-04 22:26:00,169624.0,7.07,0
N5667,2025-09-04 22:27:00,139250.0,40.58,0
N5668,2025-09-04 22:28:00,152305.0,21.63,0
N5669,2025-09-04 22:29:00,170761.0,6.31,0
N5670,2025-09-04 22:30:00,244730.0,47.13,0
N5671,2025-09-04 22:31:00,233013.0,4.98,0
N5672,2025-09-04 22:32:00,1006312.0,49.79,0
N5673,2025-09-04 22:33:00,133342.0,87.51,0
N5674,2025-09-04 22:34:00,144149.0,43.87,0
N5675,2025-09-04 22:35:00,306544.0,25.32,0
N5676,2025-09-04 22:36:00,140076.0,9.15,0
N5677,2025-09-04 22:37:00,65110.0,6.52,0
N5678,2025-09-04 22:38:00,129496.0,49.66,0
N5679,2025-09-04 22:39:00,127747.0,50.62,0
N5680,2025-09-04 22:40:00,111072.0,10.04,0
N5681,2025-09-04 22:41:00,382670.0,25.55,0
N5682,2025-09-04 22:42:00,157933.0,234.83,0
N5683,2025-09-04 22:43:00,314229.0,12.48,0
N5684,2025-09-04 22:44:00,59545.0,33.68,0
N5685,2025-09-04 22:45:00,59870.0,31.71,0
N5686,2025-09-04 22:46:00,656179.0,45.13,0
N5687,2025-09-04 22:47:00,496656.0,163.73,0
N5688,2025-09-04 22:48:00,167959.0,90.24,0
N5689,2025-09-04 22:49:00,1021691.0,7.31,0
N5690,2025-09-04 22:50:00,277932.0,26.27,0
N5691,2025-09-04 22:51:00,89855.0,1.45,0
N5692,2025-09-04 22:52:00,522982.0,13.08,0
N5693,2025-09-04 22:53:00,56968.0,2.02,0
N5694,2025-09-04 22:54:00,61354.0,3.92,0
N5695,2025-09-04 22:55:00,217008.0,29.41,0
N5696,2025-09-04 22:56:00,230091.0,282.51,0
N5697,2025-09-04 22:57:00,31689.0,35.62,0
N5698,2025-09-04 22:58:00,84374.0,167.5,0
N5699,2025-09-04 22:59:00,50503.0,1.42,0
N5700,2025-09-04 23:00:00,121131.0,4.88,0
N5701,2025-09-04 23:01:00,66756.0,7.68,0
N5702,2025-09-04 23:02:00,362582.0,8.36,0
N5703,2025-09-04 23:03:00,508514.0,65.45,0
N5704,2025-09-04 23:04:00,304716.0,5.66,0
N5705,2025-09-04 23:05:00,262307.0,6.51,0
N5706,2025-09-04 23:06:00,118785.0,8.66,0
N5707,2025-09-04 23:07:00,623267.0,1.36,0
N5708,2025-09-04 23:08:00,53261.0,11.75,0
N5709,2025-09-04 23:09:00,194656.0,32.45,0
N5710,2025-09-04 23:10:00,1191221.0,14.66,0
N5711,2025-09-04 23:11:00,115572.0,20.51,0
N5712,2025-09-04 23:12:00,95611.0,24.96,0
N5713,2025-09-04 23:13:00,203904.0,10.81,0
N5714,2025-09-04 23:14:00,151052.0,11.96,0
N5715,2025-09-04 23:15:00,283946.0,15.03,0
N5716,2025-09-04 23:16:00,83627.0,22.83,0
N5717,2025-09-04 23:17:00,107907.0,10.63,0
N5718,2025-09-04 23:18:00,165665.0,4.65,0
N5719,2025-09-04 23:19:00,57968.0,29.69,0
N5720,2025-09-04 23:20:00,181871.0,2.86,0
N5721,2025-09-04 23:21:00,285699.0,8.5,0
N5722,2025-09-04 23:22:00,43297.0,11.3,0
N5723,2025-09-04 23:23:00,136060.0,6.32,0
N5724,2025-09-04 23:24:00,167010.0,7.38,0
N5725,2025-09-04 23:25:00,152521.0,39.18,0
N5726,2025-09-04 23:26:00,78702.0,160.55,0
N5727,2025-09-04 23:27:00,390841.0,3.02,0
N5728,2025-09-04 23:28:00,109210.0,11.95,0
N5729,2025-09-04 23:29:00,120175.0,22.1,0
N5730,2025-09-04 23:30:00,219921.0,22.55,0
N5731,2025-09-04 23:31:00,402431.0,2.73,0
N5732,2025-09-04 23:32:00,162800.0,22.52,0
N5733,2025-09-04 23:33:00,255241.0,20.1,0
N5734,2025-09-04 23:34:00,103202.0,36.81,0
N5735,2025-09-04 23:35:00,72828.0,4.93,0
N5736,2025-09-04 23:36:00,71375.0,18.81,0
N5737,2025-09-04 23:37:00,202485.0,7.01,0
N5738,2025-09-04 23:38:00,998760.0,28.15,0
N5739,2025-09-04 23:39:00,88442.0,150.11,0
N5740,2025-09-04 23:40:00,249767.0,52.89,0
N5741,2025-09-04 23:41:00,367230.0,11.4,0
N5742,2025-09-04 23:42:00,246780.0,27.35,0
N5743,2025-09-04 23:43:00,545582.0,25.04,0
N5744,2025-09-04 23:44:00,53173.0,4.13,0
N5745,2025-09-04 23:45:00,65864.0,262.62,0
N5746,2025-09-04 23:46:00,55200.0,40.42,0
N5747,2025-09-04 23:47:00,235106.0,65.48,0
N5748,2025-09-04 23:48:00,108630.0,7.75,0
N5749,2025-09-04 23:49:00,46009.0,4.56,0
N5750,2025-09-04 23:50:00,358939.0,10.78,0
N5751,2025-09-04 23:51:00,995575.0,22.6,0
N5752,2025-09-04 23:52:00,505354.0,16.28,0
N5753,2025-09-04 23:53:00,154823.0,5.8,0
N5754,2025-09-04 23:54:00,427123.0,49.27,0
N5755,2025-09-04 23:55:00,176476.0,9.87,0
N5756,2025-09-04 23:56:00,206357.0,109.78,0
N5757,2025-09-04 23:57:00,825897.0,15.92,0
N5758,2025-09-04 23:58:00,497468.0,13.07,0
N5759,2025-09-04 23:59:00,640691.0,16.29,0
N5760,2025-09-05 00:00:00,263322.0,17.72,0
N5761,2025-09-05 00:01:00,287125.0,28.45,0
N5762,2025-09-05 00:02:00,27656.0,5.02,0
N5763,2025-09-05 00:03:00,30606.0,187.2,0
N5764,2025-09-05 00:04:00,48472.0,50.55,0
N5765,2025-09-05 00:05:00,56338.0,99.51,0
N5766,2025-09-05 00:06:00,98576.0,4.68,0
N5767,2025-09-05 00:07:00,177785.0,32.73,0
N5768,2025-09-05 00:08:00,46280.0,62.39,0
N5769,2025-09-05 00:09:00,259292.0,118.99,0
N5770,2025-09-05 00:10:00,732502.0,2.47,0
N5771,2025-09-05 00:11:00,101718.0,6.89,0
N5772,2025-09-05 00:12:00,327356.0,13.23,0
N5773,2025-09-05 00:13:00,55930.0,30.89,0
N5774,2025-09-05 00:14:00,283553.0,5.16,0
N5775,2025-09-05 00:15:00,143271.0,87.43,0
N5776,2025-09-05 00:16:00,101316.0,6.0,0
N5777,2025-09-05 00:17:00,39883.0,1.92,0
N5778,2025-09-05 00:18:00,107213.0,24.16,0
N5779,2025-09-05 00:19:00,80091.0,11.71,0
N5780,2025-09-05 00:20:00,142056.0,21.61,0
N5781,2025-09-05 00:21:00,53868.0,16.92,0
N5782,2025-09-05 00:22:00,61586.0,107.14,0
N5783,2025-09-05 00:23:00,207047.0,44.7,0
N5784,2025-09-05 00:24:00,240302.0,17.79,0
N5785,2025-09-05 00:25:00,175798.0,3.99,0
N5786,2025-09-05 00:26:00,101338.0,11.65,0
N5787,2025-09-05 00:27:00,93277.0,11.47,0
N5788,2025-09-05 00:28:00,116045.0,3.22,0
N5789,2025-09-05 00:29:00,63614.0,51.3,0
N5790,2025-09-05 00:30:00,907555.0,3.8,0
N5791,2025-09-05 00:31:00,155630.0,3.77,0
N5792,2025-09-05 00:32:00,41920.0,8.19,0
N5793,2025-09-05 00:33:00,101681.0,5.05,0
N5794,2025-09-05 00:34:00,129373.0,12.43,0
N5795,2025-09-05 00:35:00,42889.0,3.6,0
N5796,2025-09-05 00:36:00,45380.0,12.88,0
N5797,2025-09-05 00:37:00,69700.0,14.28,0
N5798,2025-09-05 00:38:00,114651.0,31.46,0
N5799,2025-09-05 00:39:00,52874.0,27.54,0
N5800,2025-09-05 00:40:00,54860.0,15.35,0
N5801,2025-09-05 00:41:00,1364613.0,30.16,0
N5802,2025-09-05 00:42:00,897571.0,14.5,0
N5803,2025-09-05 00:43:00,1016138.0,103.4,0
N5804,2025-09-05 00:44:00,411718.0,8.29,0
N5805,2025-09-05 00:45:00,268356.0,10.17,0
N5806,2025-09-05 00:46:00,34523.0,20.1,0
N5807,2025-09-05 00:47:00,41188.0,8.04,0
N5808,2025-09-05 00:48:00,159430.0,93.9,0
N5809,2025-09-05 00:49:00,227106.0,42.54,0
N5810,2025-09-05 00:50:00,73029.0,46.14,0
N5811,2025-09-05 00:51:00,55814.0,37.86,0
N5812,2025-09-05 00:52:00,215256.0,47.62,0
N5813,2025-09-05 00:53:00,134368.0,8.61,0
N5814,2025-09-05 00:54:00,245142.0,36.63,0
N5815,2025-09-05 00:55:00,635057.0,5.52,0
N5816,2025-09-05 00:56:00,94840.0,6.48,0
N5817,2025-09-05 00:57:00,398894.0,31.58,0
N5818,2025-09-05 00:58:00,216775.0,18.96,0
N5819,2025-09-05 00:59:00,88843.0,27.22,0
N5820,2025-09-05 01:00:00,144960.0,10.1,0
N5821,2025-09-05 01:01:00,32448.0,8.23,0
N5822,2025-09-05 01:02:00,200019.0,13.07,0
N5823,2025-09-05 01:03:00,129571.0,21.59,0
N5824,2025-09-05 01:04:00,729198.0,13.37,0
N5825,2025-09-05 01:05:00,117397.0,54.3,0
N5826,2025-09-05 01:06:00,378283.0,13.69,0
N5827,2025-09-05 01:07:00,138533.0,2.94,0
N5828,2025-09-05 01:08:00,52977.0,33.63,0
N5829,2025-09-05 01:09:00,138073.0,81.12,0
N5830,2025-09-05 01:10:00,371820.0,34.84,0
N5831,2025-09-05 01:11:00,572481.0,55.81,0
N5832,2025-09-05 01:12:00,158345.0,7.31,0
N5833,2025-09-05 01:13:00,496866.0,29.93,0
N5834,2025-09-05 01:14:00,43163.0,40.3,0
N5835,2025-09-05 01:15:00,206494.0,18.91,0
N5836,2025-09-05 01:16:00,292988.0,4.5,0
N5837,2025-09-05 01:17:00,345769.0,22.94,0
N5838,2025-09-05 01:18:00,91105.0,104.04,0
N5839,2025-09-05 01:19:00,72624.0,11.09,0
N5840,2025-09-05 01:20:00,850732.0,261.03,0
N5841,2025-09-05 01:21:00,295901.0,16.17,0
N5842,2025-09-05 01:22:00,585323.0,31.23,0
N5843,2025-09-05 01:23:00,72743.0,5.95,0
N5844,2025-09-05 01:24:00,118889.0,1.49,0
N5845,2025-09-05 01:25:00,85184.0,59.85,0
N5846,2025-09-05 01:26:00,111915.0,41.61,0
N5847,2025-09-05 01:27:00,253745.0,0.64,0
N5848,2025-09-05 01:28:00,386301.0,15.28,0
N5849,2025-09-05 01:29:00,175118.0,12.27,0
N5850,2025-09-05 01:30:00,85052.0,58.22,0
N5851,2025-09-05 01:31:00,453008.0,46.6,0
N5852,2025-09-05 01:32:00,28637.0,6.31,0
N5853,2025-09-05 01:33:00,45091.0,64.58,0
N5854,2025-09-05 01:34:00,337605.0,19.19,0
N5855,2025-09-05 01:35:00,162977.0,22.74,0
N5856,2025-09-05 01:36:00,146710.0,34.75,0
N5857,2025-09-05 01:37:00,203758.0,56.44,0
N5858,2025-09-05 01:38:00,76296.0,2.43,0
N5859,2025-09-05 01:39:00,55035.0,6.76,0
N5860,2025-09-05 01:40:00,173026.0,3.88,0
N5861,2025-09-05 01:41:00,165354.0,38.87,0
N5862,2025-09-05 01:42:00,129009.0,299.46,0
N5863,2025-09-05 01:43:00,163055.0,5.31,0
N5864,2025-09-05 01:44:00,54688.0,7.4,0
N5865,2025-09-05 01:45:00,247764.0,47.82,0
N5866,2025-09-05 01:46:00,230770.0,81.02,0
N5867,2025-09-05 01:47:00,1484782.0,37.67,0
N5868,2025-09-05 01:48:00,241536.0,29.3,0
N5869,2025-09-05 01:49:00,70080.0,3.51,0
N5870,2025-09-05 01:50:00,162458.0,13.51,0
N5871,2025-09-05 01:51:00,170898.0,18.31,0
N5872,2025-09-05 01:52:00,318326.0,162.17,0
N5873,2025-09-05 01:53:00,287675.0,17.47,0
N5874,2025-09-05 01:54:00,3810977.0,17.6,0
N5875,2025-09-05 01:55:00,69028.0,15.49,0
N5876,2025-09-05 01:56:00,17806.0,5.56,0
N5877,2025-09-05 01:57:00,43620.0,228.83,0
N5878,2025-09-05 01:58:00,184734.0,7.39,0
N5879,2025-09-05 01:59:00,42641.0,6.55,0
N5880,2025-09-05 02:00:00,179420.0,29.87,0
N5881,2025-09-05 02:01:00,860152.0,6.85,0
N5882,2025-09-05 02:02:00,118611.0,32.99,0
N5883,2025-09-05 02:03:00,726093.0,110.56,0
N5884,2025-09-05 02:04:00,252795.0,4.76,0
N5885,2025-09-05 02:05:00,288465.0,13.05,0
N5886,2025-09-05 02:06:00,288527.0,11.02,0
N5887,2025-09-05 02:07:00,50740.0,28.24,0
N5888,2025-09-05 02:08:00,146853.0,51.49,0
N5889,2025-09-05 02:09:00,865000.0,5.94,0
N5890,2025-09-05 02:10:00,201415.0,21.11,0
N5891,2025-09-05 02:11:00,350743.0,10.28,0
N5892,2025-09-05 02:12:00,309999.0,29.57,0
N5893,2025-09-05 02:13:00,62983.0,6.2,0
N5894,2025-09-05 02:14:00,161588.0,17.19,0
N5895,2025-09-05 02:15:00,56877.0,47.7,0
N5896,2025-09-05 02:16:00,155701.0,18.89,0
N5897,2025-09-05 02:17:00,246528.0,47.07,0
N5898,2025-09-05 02:18:00,289575.0,16.14,0
N5899,2025-09-05 02:19:00,519090.0,54.96,0
N5900,2025-09-05 02:20:00,262534.0,5.38,0
N5901,2025-09-05 02:21:00,102068.0,6.49,0
N5902,2025-09-05 02:22:00,115287.0,149.18,0
N5903,2025-09-05 02:23:00,52981.0,21.79,0
N5904,2025-09-05 02:24:00,325066.0,142.16,0
N5905,2025-09-05 02:25:00,43455.0,105.64,0
N5906,2025-09-05 02:26:00,254698.0,28.27,0
N5907,2025-09-05 02:27:00,400964.0,5.53,0
N5908,2025-09-05 02:28:00,86440.0,44.41,0
N5909,2025-09-05 02:29:00,35111.0,9.15,0
N5910,2025-09-05 02:30:00,111936.0,9.75,0
N5911,2025-09-05 02:31:00,159212.0,6.59,0
N5912,2025-09-05 02:32:00,95352.0,14.59,0
N5913,2025-09-05 02:33:00,61140.0,16.27,0
N5914,2025-09-05 02:34:00,609130.0,9.08,0
N5915,2025-09-05 02:35:00,408086.0,3.42,0
N5916,2025-09-05 02:36:00,317365.0,17.31,0
N5917,2025-09-05 02:37:00,244378.0,3.95,0
N5918,2025-09-05 02:38:00,338712.0,37.42,0
N5919,2025-09-05 02:39:00,50906.0,8.22,0
N5920,2025-09-05 02:40:00,357335.0,2.24,0
N5921,2025-09-05 02:41:00,192520.0,4.45,0
N5922,2025-09-05 02:42:00,77785.0,20.44,0
N5923,2025-09-05 02:43:00,51401.0,31.61,0
N5924,2025-09-05 02:44:00,338163.0,28.33,0
N5925,2025-09-05 02:45:00,54929.0,4.7,0
N5926,2025-09-05 02:46:00,81118.0,60.41,0
N5927,2025-09-05 02:47:00,332820.0,71.93,0
N5928,2025-09-05 02:48:00,450098.0,56.13,0
N5929,2025-09-05 02:49:00,124189.0,52.54,0
N5930,2025-09-05 02:50:00,157799.0,23.5,0
N5931,2025-09-05 02:51:00,61230.0,42.9,0
N5932,2025-09-05 02:52:00,34999.0,110.07,0
N5933,2025-09-05 02:53:00,26553.0,24.3,0
N5934,2025-09-05 02:54:00,273132.0,15.31,0
N5935,2025-09-05 02:55:00,314885.0,8.62,0
N5936,2025-09-05 02:56:00,79401.0,4.16,0
N5937,2025-09-05 02:57:00,969808.0,163.77,0
N5938,2025-09-05 02:58:00,480135.0,29.82,0
N5939,2025-09-05 02:59:00,447606.0,157.89,0
N5940,2025-09-05 03:00:00,280237.0,54.42,0
N5941,2025-09-05 03:01:00,64843.0,46.6,0
N5942,2025-09-05 03:02:00,136478.0,157.38,0
N5943,2025-09-05 03:03:00,140978.0,21.43,0
N5944,2025-09-05 03:04:00,11966.0,12.04,0
N5945,2025-09-05 03:05:00,294808.0,5.36,0
N5946,2025-09-05 03:06:00,261055.0,7.59,0
N5947,2025-09-05 03:07:00,2285048.0,4.83,0
N5948,2025-09-05 03:08:00,140737.0,15.3,0
N5949,2025-09-05 03:09:00,34789.0,3.23,0
N5950,2025-09-05 03:10:00,843085.0,2.84,0
N5951,2025-09-05 03:11:00,417659.0,1.95,0
N5952,2025-09-05 03:12:00,124820.0,9.04,0
N5953,2025-09-05 03:13:00,108304.0,15.0,0
N5954,2025-09-05 03:14:00,247393.0,1.91,0
N5955,2025-09-05 03:15:00,94053.0,10.05,0
N5956,2025-09-05 03:16:00,169113.0,122.12,0
N5957,2025-09-05 03:17:00,135009.0,98.69,0
N5958,2025-09-05 03:18:00,160692.0,24.0,0
N5959,2025-09-05 03:19:00,758578.0,11.12,0
N5960,2025-09-05 03:20:00,156046.0,5.92,0
N5961,2025-09-05 03:21:00,213468.0,16.75,0
N5962,2025-09-05 03:22:00,323871.0,18.01,0
N5963,2025-09-05 03:23:00,20267.0,58.34,0
N5964,2025-09-05 03:24:00,274093.0,36.95,0
N5965,2025-09-05 03:25:00,18288.0,22.91,0
N5966,2025-09-05 03:26:00,69548.0,18.83,0
N5967,2025-09-05 03:27:00,944997.0,6.94,0
N5968,2025-09-05 03:28:00,342603.0,1.14,0
N5969,2025-09-05 03:29:00,53772.0,43.84,0
N5970,2025-09-05 03:30:00,87217.0,9.03,0
N5971,2025-09-05 03:31:00,303678.0,59.71,0
N5972,2025-09-05 03:32:00,712869.0,13.69,0
N5973,2025-09-05 03:33:00,393516.0,16.12,0
N5974,2025-09-05 03:34:00,119467.0,8.02,0
N5975,2025-09-05 03:35:00,22013.0,91.62,0
N5976,2025-09-05 03:36:00,103270.0,22.96,0
N5977,2025-09-05 03:37:00,100483.0,4.89,0
N5978,2025-09-05 03:38:00,578738.0,10.78,0
N5979,2025-09-05 03:39:00,91263.0,3.23,0
N5980,2025-09-05 03:40:00,60257.0,19.49,0
N5981,2025-09-05 03:41:00,616812.0,3.79,0
N5982,2025-09-05 03:42:00,67377.0,3.23,0
N5983,2025-09-05 03:43:00,562662.0,228.77,0
N5984,2025-09-05 03:44:00,292118.0,252.55,0
N5985,2025-09-05 03:45:00,54108.0,19.22,0
N5986,2025-09-05 03:46:00,238014.0,83.27,0
N5987,2025-09-05 03:47:00,48118.0,10.55,0
N5988,2025-09-05 03:48:00,37223.0,9.69,0
N5989,2025-09-05 03:49:00,360861.0,39.24,0
N5990,2025-09-05 03:50:00,179382.0,48.04,0
N5991,2025-09-05 03:51:00,132148.0,17.67,0
N5992,2025-09-05 03:52:00,206838.0,94.35,0
N5993,2025-09-05 03:53:00,191903.0,115.51,0
N5994,2025-09-05 03:54:00,221461.0,64.89,0
N5995,2025-09-05 03:55:00,155105.0,19.57,0
N5996,2025-09-05 03:56:00,517782.0,156.3,0
N5997,2025-09-05 03:57:00,335021.0,98.48,0
N5998,2025-09-05 03:58:00,125741.0,11.69,0
N5999,2025-09-05 03:59:00,157936.0,26.81,0
N6000,2025-09-05 04:00:00,180081.0,26.37,0
N6001,2025-09-05 04:01:00,303390.0,1.13,0
N6002,2025-09-05 04:02:00,73421.0,11.73,0
N6003,2025-09-05 04:03:00,110783.0,25.45,0
N6004,2025-09-05 04:04:00,82202.0,42.64,0
N6005,2025-09-05 04:05:00,124294.0,75.68,0
N6006,2025-09-05 04:06:00,97855.0,33.47,0
N6007,2025-09-05 04:07:00,63525.0,5.63,0
N6008,2025-09-05 04:08:00,544470.0,16.77,0
N6009,2025-09-05 04:09:00,308090.0,180.32,0
N6010,2025-09-05 04:10:00,184229.0,116.82,0
N6011,2025-09-05 04:11:00,67243.0,13.66,0
N6012,2025-09-05 04:12:00,223526.0,17.81,0
N6013,2025-09-05 04:13:00,724098.0,46.58,0
N6014,2025-09-05 04:14:00,484304.0,6.48,0
N6015,2025-09-05 04:15:00,134059.0,22.68,0
N6016,2025-09-05 04:16:00,197764.0,68.8,0
N6017,2025-09-05 04:17:00,368644.0,5.99,0
N6018,2025-09-05 04:18:00,283668.0,103.18,0
N6019,2025-09-05 04:19:00,129973.0,18.52,0
N6020,2025-09-05 04:20:00,146672.0,10.55,0
N6021,2025-09-05 04:21:00,342055.0,2.74,0
N6022,2025-09-05 04:22:00,56764.0,31.42,0
N6023,2025-09-05 04:23:00,130567.0,29.97,0
N6024,2025-09-05 04:24:00,342854.0,4.39,0
N6025,2025-09-05 04:25:00,18966.0,1.22,0
N6026,2025-09-05 04:26:00,280414.0,12.09,0
N6027,2025-09-05 04:27:00,122693.0,3.34,0
N6028,2025-09-05 04:28:00,159719.0,1.94,0
N6029,2025-09-05 04:29:00,76878.0,19.47,0
N6030,2025-09-05 04:30:00,81098.0,13.65,0
N6031,2025-09-05 04:31:00,84212.0,6.97,0
N6032,2025-09-05 04:32:00,153534.0,5.76,0
N6033,2025-09-05 04:33:00,31292.0,28.98,0
N6034,2025-09-05 04:34:00,47308.0,24.15,0
N6035,2025-09-05 04:35:00,118547.0,84.92,0
N6036,2025-09-05 04:36:00,477736.0,16.32,0
N6037,2025-09-05 04:37:00,100119.0,1.83,0
N6038,2025-09-05 04:38:00,143321.0,8.61,0
N6039,2025-09-05 04:39:00,127360.0,6.17,0
N6040,2025-09-05 04:40:00,29840.0,16.25,0
N6041,2025-09-05 04:41:00,283881.0,3.89,0
N6042,2025-09-05 04:42:00,217287.0,3.79,0
N6043,2025-09-05 04:43:00,93277.0,4.39,0
N6044,2025-09-05 04:44:00,128642.0,13.56,0
N6045,2025-09-05 04:45:00,187172.0,42.74,0
N6046,2025-09-05 04:46:00,237400.0,11.72,0
N6047,2025-09-05 04:47:00,83874.0,12.61,0
N6048,2025-09-05 04:48:00,88646.0,106.19,0
N6049,2025-09-05 04:49:00,62383.0,95.15,0
N6050,2025-09-05 04:50:00,50125.0,16.94,0
N6051,2025-09-05 04:51:00,119824.0,7.24,0
N6052,2025-09-05 04:52:00,111257.0,45.37,0
N6053,2025-09-05 04:53:00,284026.0,20.17,0
N6054,2025-09-05 04:54:00,75113.0,100.26,0
N6055,2025-09-05 04:55:00,107892.0,28.9,0
N6056,2025-09-05 04:56:00,323808.0,8.91,0
N6057,2025-09-05 04:57:00,537354.0,9.11,0
N6058,2025-09-05 04:58:00,114272.0,56.8,0
N6059,2025-09-05 04:59:00,635112.0,12.16,0
N6060,2025-09-05 05:00:00,111615.0,7.31,0
N6061,2025-09-05 05:01:00,284730.0,174.31,0
N6062,2025-09-05 05:02:00,321675.0,5.15,0
N6063,2025-09-05 05:03:00,48785.0,4.21,0
N6064,2025-09-05 05:04:00,640964.0,33.98,0
N6065,2025-09-05 05:05:00,81474.0,11.29,0
N6066,2025-09-05 05:06:00,134267.0,29.94,0
N6067,2025-09-05 05:07:00,57449.0,13.55,0
N6068,2025-09-05 05:08:00,417600.0,23.84,0
N6069,2025-09-05 05:09:00,155839.0,18.81,0
N6070,2025-09-05 05:10:00,119052.0,9.98,0
N6071,2025-09-05 05:11:00,461013.0,49.66,0
N6072,2025-09-05 05:12:00,27236.0,14.12,0
N6073,2025-09-05 05:13:00,418366.0,22.78,0
N6074,2025-09-05 05:14:00,261649.0,35.41,0
N6075,2025-09-05 05:15:00,169903.0,8.91,0
N6076,2025-09-05 05:16:00,168086.0,19.1,0
N6077,2025-09-05 05:17:00,119006.0,67.83,0
N6078,2025-09-05 05:18:00,46232.0,18.22,0
N6079,2025-09-05 05:19:00,155961.0,35.14,0
N6080,2025-09-05 05:20:00,84869.0,16.17,0
N6081,2025-09-05 05:21:00,444470.0,33.89,0
N6082,2025-09-05 05:22:00,103404.0,10.6,0
N6083,2025-09-05 05:23:00,382911.0,20.69,0
N6084,2025-09-05 05:24:00,62885.0,60.39,0
N6085,2025-09-05 05:25:00,62187.0,100.2,0
N6086,2025-09-05 05:26:00,34378.0,16.37,0
N6087,2025-09-05 05:27:00,77982.0,18.5,0
N6088,2025-09-05 05:28:00,100741.0,18.14,0
N6089,2025-09-05 05:29:00,147530.0,50.09,0
N6090,2025-09-05 05:30:00,45148.0,2.06,0
N6091,2025-09-05 05:31:00,434480.0,90.25,0
N6092,2025-09-05 05:32:00,30289.0,4.61,0
N6093,2025-09-05 05:33:00,96980.0,11.52,0
N6094,2025-09-05 05:34:00,210022.0,63.59,0
N6095,2025-09-05 05:35:00,171629.0,19.81,0
N6096,2025-09-05 05:36:00,25065.0,21.19,0
N6097,2025-09-05 05:37:00,326289.0,24.62,0
N6098,2025-09-05 05:38:00,1066909.0,28.3,0
N6099,2025-09-05 05:39:00,202002.0,15.04,0
N6100,2025-09-05 05:40:00,89973.0,16.91,0
N6101,2025-09-05 05:41:00,170431.0,80.6,0
N6102,2025-09-05 05:42:00,59238.0,74.75,0
N6103,2025-09-05 05:43:00,57583.0,313.71,0
N6104,2025-09-05 05:44:00,312766.0,120.99,0
N6105,2025-09-05 05:45:00,558016.0,45.6,0
N6106,2025-09-05 05:46:00,88824.0,55.67,0
N6107,2025-09-05 05:47:00,241749.0,40.33,0
N6108,2025-09-05 05:48:00,137362.0,24.8,0
N6109,2025-09-05 05:49:00,355328.0,4.54,0
N6110,2025-09-05 05:50:00,72772.0,29.7,0
N6111,2025-09-05 05:51:00,27338.0,8.99,0
N6112,2025-09-05 05:52:00,178313.0,35.71,0
N6113,2025-09-05 05:53:00,582784.0,61.62,0
N6114,2025-09-05 05:54:00,31632.0,3.16,0
N6115,2025-09-05 05:55:00,61460.0,57.4,0
N6116,2025-09-05 05:56:00,125321.0,15.82,0
N6117,2025-09-05 05:57:00,266450.0,60.57,0
N6118,2025-09-05 05:58:00,157628.0,54.32,0
N6119,2025-09-05 05:59:00,293432.0,6.6,0
N6120,2025-09-05 06:00:00,62539.0,12.18,0
N6121,2025-09-05 06:01:00,165420.0,34.59,0
N6122,2025-09-05 06:02:00,50458.0,3.62,0
N6123,2025-09-05 06:03:00,61000.0,16.66,0
N6124,2025-09-05 06:04:00,27871.0,109.71,0
N6125,2025-09-05 06:05:00,695284.0,61.72,0
N6126,2025-09-05 06:06:00,371684.0,133.84,0
N6127,2025-09-05 06:07:00,71616.0,10.35,0
N6128,2025-09-05 06:08:00,48510.0,8.46,0
N6129,2025-09-05 06:09:00,644860.0,35.83,0
N6130,2025-09-05 06:10:00,83193.0,10.15,0
N6131,2025-09-05 06:11:00,145037.0,4.81,0
N6132,2025-09-05 06:12:00,1373076.0,97.5,0
N6133,2025-09-05 06:13:00,1875489.0,65.98,0
N6134,2025-09-05 06:14:00,368951.0,16.0,0
N6135,2025-09-05 06:15:00,47593.0,36.94,0
N6136,2025-09-05 06:16:00,34855.0,141.51,0
N6137,2025-09-05 06:17:00,54459.0,8.08,0
N6138,2025-09-05 06:18:00,94160.0,110.72,0
N6139,2025-09-05 06:19:00,178059.0,5.58,0
N6140,2025-09-05 06:20:00,629087.0,5.16,0
N6141,2025-09-05 06:21:00,62232.0,25.03,0
N6142,2025-09-05 06:22:00,159195.0,11.32,0
N6143,2025-09-05 06:23:00,161699.0,18.03,0
N6144,2025-09-05 06:24:00,99422.0,15.03,0
N6145,2025-09-05 06:25:00,288499.0,63.26,0
N6146,2025-09-05 06:26:00,86295.0,12.08,0
N6147,2025-09-05 06:27:00,28523.0,4.48,0
N6148,2025-09-05 06:28:00,91626.0,17.65,0
N6149,2025-09-05 06:29:00,136315.0,358.92,0
N6150,2025-09-05 06:30:00,510859.0,5.09,0
N6151,2025-09-05 06:31:00,295483.0,24.31,0
N6152,2025-09-05 06:32:00,288684.0,4.37,0
N6153,2025-09-05 06:33:00,248764.0,3.13,0
N6154,2025-09-05 06:34:00,76831.0,9.55,0
N6155,2025-09-05 06:35:00,152973.0,55.1,0
N6156,2025-09-05 06:36:00,147433.0,104.47,0
N6157,2025-09-05 06:37:00,21359.0,22.65,0
N6158,2025-09-05 06:38:00,136692.0,16.69,0
N6159,2025-09-05 06:39:00,243783.0,37.3,0
N6160,2025-09-05 06:40:00,196357.0,9.81,0
N6161,2025-09-05 06:41:00,669819.0,17.46,0
N6162,2025-09-05 06:42:00,304260.0,47.44,0
N6163,2025-09-05 06:43:00,755104.0,2.98,0
N6164,2025-09-05 06:44:00,37067.0,9.99,0
N6165,2025-09-05 06:45:00,332349.0,16.16,0
N6166,2025-09-05 06:46:00,172102.0,34.7,0
N6167,2025-09-05 06:47:00,153203.0,2.88,0
N6168,2025-09-05 06:48:00,128196.0,2.27,0
N6169,2025-09-05 06:49:00,139504.0,1.68,0
N6170,2025-09-05 06:50:00,94002.0,7.61,0
N6171,2025-09-05 06:51:00,225239.0,48.03,0
N6172,2025-09-05 06:52:00,217945.0,34.51,0
N6173,2025-09-05 06:53:00,23214.0,58.26,0
N6174,2025-09-05 06:54:00,17079.0,16.4,0
N6175,2025-09-05 06:55:00,278879.0,16.52,0
N6176,2025-09-05 06:56:00,82289.0,17.04,0
N6177,2025-09-05 06:57:00,125706.0,11.28,0
N6178,2025-09-05 06:58:00,121946.0,420.88,0
N6179,2025-09-05 06:59:00,383270.0,31.89,0
N6180,2025-09-05 07:00:00,596266.0,7.15,0
N6181,2025-09-05 07:01:00,53819.0,15.56,0
N6182,2025-09-05 07:02:00,328567.0,59.72,0
N6183,2025-09-05 07:03:00,60336.0,1.98,0
N6184,2025-09-05 07:04:00,893216.0,14.61,0
N6185,2025-09-05 07:05:00,306181.0,76.23,0
N6186,2025-09-05 07:06:00,46622.0,41.53,0
N6187,2025-09-05 07:07:00,58453.0,11.64,0
N6188,2025-09-05 07:08:00,48258.0,56.79,0
N6189,2025-09-05 07:09:00,78893.0,17.69,0
N6190,2025-09-05 07:10:00,171384.0,6.2,0
N6191,2025-09-05 07:11:00,315382.0,15.79,0
N6192,2025-09-05 07:12:00,397992.0,98.42,0
N6193,2025-09-05 07:13:00,141314.0,34.5,0
N6194,2025-09-05 07:14:00,120948.0,19.54,0
N6195,2025-09-05 07:15:00,46903.0,3.27,0
N6196,2025-09-05 07:16:00,154441.0,13.24,0
N6197,2025-09-05 07:17:00,63486.0,51.61,0
N6198,2025-09-05 07:18:00,375595.0,59.44,0
N6199,2025-09-05 07:19:00,548409.0,2.72,0
N6200,2025-09-05 07:20:00,404514.0,5.63,0
N6201,2025-09-05 07:21:00,145348.0,14.77,0
N6202,2025-09-05 07:22:00,468569.0,12.88,0
N6203,2025-09-05 07:23:00,75126.0,42.76,0
N6204,2025-09-05 07:24:00,990876.0,3.08,0
N6205,2025-09-05 07:25:00,249173.0,8.57,0
N6206,2025-09-05 07:26:00,156372.0,54.27,0
N6207,2025-09-05 07:27:00,129911.0,60.54,0
N6208,2025-09-05 07:28:00,290275.0,3.51,0
N6209,2025-09-05 07:29:00,372306.0,41.67,0
N6210,2025-09-05 07:30:00,38811.0,3.67,0
N6211,2025-09-05 07:31:00,666179.0,41.54,0
N6212,2025-09-05 07:32:00,27015.0,46.2,0
N6213,2025-09-05 07:33:00,223974.0,24.62,0
N6214,2025-09-05 07:34:00,42270.0,6.23,0
N6215,2025-09-05 07:35:00,339055.0,1.85,0
N6216,2025-09-05 07:36:00,167330.0,112.2,0
N6217,2025-09-05 07:37:00,1129182.0,3.45,0
N6218,2025-09-05 07:38:00,438397.0,8.99,0
N6219,2025-09-05 07:39:00,43113.0,14.55,0
N6220,2025-09-05 07:40:00,392793.0,20.88,0
N6221,2025-09-05 07:41:00,135836.0,38.03,0
N6222,2025-09-05 07:42:00,114268.0,33.59,0
N6223,2025-09-05 07:43:00,148017.0,25.92,0
N6224,2025-09-05 07:44:00,114161.0,15.7,0
N6225,2025-09-05 07:45:00,37133.0,6.75,0
N6226,2025-09-05 07:46:00,184305.0,66.11,0
N6227,2025-09-05 07:47:00,40474.0,31.86,0
N6228,2025-09-05 07:48:00,509630.0,47.17,0
N6229,2025-09-05 07:49:00,456389.0,15.44,0
N6230,2025-09-05 07:50:00,64710.0,48.05,0
N6231,2025-09-05 07:51:00,19081.0,1.07,0
N6232,2025-09-05 07:52:00,114632.0,73.24,0
N6233,2025-09-05 07:53:00,87153.0,15.8,0
N6234,2025-09-05 07:54:00,27066.0,11.6,0
N6235,2025-09-05 07:55:00,246452.0,10.59,0
N6236,2025-09-05 07:56:00,82088.0,9.33,0
N6237,2025-09-05 07:57:00,296958.0,20.49,0
N6238,2025-09-05 07:58:00,55712.0,26.18,0
N6239,2025-09-05 07:59:00,224671.0,138.19,0
N6240,2025-09-05 08:00:00,342477.0,20.96,0
N6241,2025-09-05 08:01:00,142354.0,4.97,0
N6242,2025-09-05 08:02:00,151546.0,302.87,0
N6243,2025-09-05 08:03:00,123510.0,19.09,0
N6244,2025-09-05 08:04:00,86987.0,16.61,0
N6245,2025-09-05 08:05:00,883357.0,10.55,0
N6246,2025-09-05 08:06:00,325973.0,3.74,0
N6247,2025-09-05 08:07:00,207486.0,87.11,0
N6248,2025-09-05 08:08:00,1039945.0,4.8,0
N6249,2025-09-05 08:09:00,74573.0,67.34,0
N6250,2025-09-05 08:10:00,193651.0,14.25,0
N6251,2025-09-05 08:11:00,63733.0,40.33,0
N6252,2025-09-05 08:12:00,248968.0,13.93,0
N6253,2025-09-05 08:13:00,168789.0,29.6,0
N6254,2025-09-05 08:14:00,150219.0,19.85,0
N6255,2025-09-05 08:15:00,47874.0,20.92,0
N6256,2025-09-05 08:16:00,74026.0,90.37,0
N6257,2025-09-05 08:17:00,85075.0,20.44,0
N6258,2025-09-05 08:18:00,16059.0,5.41,0
N6259,2025-09-05 08:19:00,123997.0,2.96,0
N6260,2025-09-05 08:20:00,152027.0,10.14,0
N6261,2025-09-05 08:21:00,80371.0,43.51,0
N6262,2025-09-05 08:22:00,215476.0,41.45,0
N6263,2025-09-05 08:23:00,905853.0,52.26,0
N6264,2025-09-05 08:24:00,65254.0,32.93,0
N6265,2025-09-05 08:25:00,195014.0,31.97,0
N6266,2025-09-05 08:26:00,57123.0,8.16,0
N6267,2025-09-05 08:27:00,28200.0,39.82,0
N6268,2025-09-05 08:28:00,105365.0,121.27,0
N6269,2025-09-05 08:29:00,223282.0,17.27,0
N6270,2025-09-05 08:30:00,1988602.0,44.28,0
N6271,2025-09-05 08:31:00,71780.0,10.09,0
N6272,2025-09-05 08:32:00,125436.0,70.82,0
N6273,2025-09-05 08:33:00,78439.0,44.71,0
N6274,2025-09-05 08:34:00,1361968.0,23.51,0
N6275,2025-09-05 08:35:00,382844.0,6.48,0
N6276,2025-09-05 08:36:00,178656.0,30.66,0
N6277,2025-09-05 08:37:00,95413.0,146.68,0
N6278,2025-09-05 08:38:00,1066150.0,23.42,0
N6279,2025-09-05 08:39:00,54780.0,314.85,0
N6280,2025-09-05 08:40:00,52430.0,4.36,0
N6281,2025-09-05 08:41:00,52348.0,8.23,0
N6282,2025-09-05 08:42:00,9444.0,8.75,0
N6283,2025-09-05 08:43:00,167550.0,20.49,0
N6284,2025-09-05 08:44:00,92443.0,61.51,0
N6285,2025-09-05 08:45:00,59634.0,10.66,0
N6286,2025-09-05 08:46:00,706755.0,20.6,0
N6287,2025-09-05 08:47:00,95479.0,40.12,0
N6288,2025-09-05 08:48:00,267832.0,23.86,0
N6289,2025-09-05 08:49:00,197051.0,22.04,0
N6290,2025-09-05 08:50:00,146282.0,18.61,0
N6291,2025-09-05 08:51:00,876864.0,112.69,0
N6292,2025-09-05 08:52:00,142877.0,7.84,0
N6293,2025-09-05 08:53:00,51592.0,129.57,0
N6294,2025-09-05 08:54:00,245690.0,9.99,0
N6295,2025-09-05 08:55:00,284679.0,44.97,0
N6296,2025-09-05 08:56:00,527557.0,39.89,0
N6297,2025-09-05 08:57:00,650759.0,20.15,0
N6298,2025-09-05 08:58:00,198132.0,21.53,0
N6299,2025-09-05 08:59:00,65449.0,34.94,0
N6300,2025-09-05 09:00:00,472245.0,15.85,0
N6301,2025-09-05 09:01:00,42248.0,9.54,0
N6302,2025-09-05 09:02:00,403588.0,78.33,0
N6303,2025-09-05 09:03:00,182891.0,14.0,0
N6304,2025-09-05 09:04:00,511600.0,21.63,0
N6305,2025-09-05 09:05:00,67005.0,15.87,0
N6306,2025-09-05 09:06:00,267583.0,28.46,0
N6307,2025-09-05 09:07:00,99521.0,48.6,0
N6308,2025-09-05 09:08:00,150610.0,8.64,0
N6309,2025-09-05 09:09:00,1734253.0,1.29,0
N6310,2025-09-05 09:10:00,666873.0,278.92,0
N6311,2025-09-05 09:11:00,166647.0,4.91,0
N6312,2025-09-05 09:12:00,361243.0,27.16,0
N6313,2025-09-05 09:13:00,90202.0,6.53,0
N6314,2025-09-05 09:14:00,195196.0,19.0,0
N6315,2025-09-05 09:15:00,20280.0,2.26,0
N6316,2025-09-05 09:16:00,62543.0,228.22,0
N6317,2025-09-05 09:17:00,129652.0,15.8,0
N6318,2025-09-05 09:18:00,54907.0,17.12,0
N6319,2025-09-05 09:19:00,44806.0,53.76,0
N6320,2025-09-05 09:20:00,1736771.0,8.7,0
N6321,2025-09-05 09:21:00,224402.0,2.59,0
N6322,2025-09-05 09:22:00,125722.0,101.11,0
N6323,2025-09-05 09:23:00,143202.0,1.72,0
N6324,2025-09-05 09:24:00,398495.0,26.6,0
N6325,2025-09-05 09:25:00,160187.0,3.41,0
N6326,2025-09-05 09:26:00,140727.0,32.13,0
N6327,2025-09-05 09:27:00,67082.0,41.46,0
N6328,2025-09-05 09:28:00,114450.0,16.52,0
N6329,2025-09-05 09:29:00,131432.0,10.22,0
N6330,2025-09-05 09:30:00,877724.0,7.85,0
N6331,2025-09-05 09:31:00,651736.0,19.52,0
N6332,2025-09-05 09:32:00,812573.0,12.11,0
N6333,2025-09-05 09:33:00,116336.0,6.46,0
N6334,2025-09-05 09:34:00,197913.0,14.16,0
N6335,2025-09-05 09:35:00,19295.0,11.89,0
N6336,2025-09-05 09:36:00,232891.0,558.6,0
N6337,2025-09-05 09:37:00,378376.0,13.3,0
N6338,2025-09-05 09:38:00,144719.0,10.85,0
N6339,2025-09-05 09:39:00,70979.0,45.92,0
N6340,2025-09-05 09:40:00,124277.0,197.45,0
N6341,2025-09-05 09:41:00,911458.0,7.42,0
N6342,2025-09-05 09:42:00,155466.0,16.53,0
N6343,2025-09-05 09:43:00,136078.0,8.73,0
N6344,2025-09-05 09:44:00,80364.0,87.05,0
N6345,2025-09-05 09:45:00,25273.0,48.27,0
N6346,2025-09-05 09:46:00,368774.0,43.98,0
N6347,2025-09-05 09:47:00,146050.0,7.44,0
N6348,2025-09-05 09:48:00,47666.0,23.05,0
N6349,2025-09-05 09:49:00,176310.0,75.83,0
N6350,2025-09-05 09:50:00,34516.0,135.82,0
N6351,2025-09-05 09:51:00,23069.0,14.31,0
N6352,2025-09-05 09:52:00,79641.0,39.77,0
N6353,2025-09-05 09:53:00,114402.0,69.32,0
N6354,2025-09-05 09:54:00,62774.0,28.32,0
N6355,2025-09-05 09:55:00,72893.0,78.26,0
N6356,2025-09-05 09:56:00,122066.0,1.97,0
N6357,2025-09-05 09:57:00,84297.0,42.64,0
N6358,2025-09-05 09:58:00,119742.0,21.94,0
N6359,2025-09-05 09:59:00,146085.0,53.66,0
N6360,2025-09-05 10:00:00,54365.0,274.08,0
N6361,2025-09-05 10:01:00,74161.0,51.05,0
N6362,2025-09-05 10:02:00,260971.0,2.93,0
N6363,2025-09-05 10:03:00,47484.0,6.06,0
N6364,2025-09-05 10:04:00,217518.0,48.16,0
N6365,2025-09-05 10:05:00,59063.0,51.06,0
N6366,2025-09-05 10:06:00,66182.0,161.79,0
N6367,2025-09-05 10:07:00,294213.0,60.24,0
N6368,2025-09-05 10:08:00,59842.0,6.55,0
N6369,2025-09-05 10:09:00,318743.0,306.17,0
N6370,2025-09-05 10:10:00,589618.0,13.66,0
N6371,2025-09-05 10:11:00,98483.0,28.47,0
N6372,2025-09-05 10:12:00,1478736.0,9.04,0
N6373,2025-09-05 10:13:00,157700.0,49.06,0
N6374,2025-09-05 10:14:00,419978.0,128.8,0
N6375,2025-09-05 10:15:00,96789.0,115.46,0
N6376,2025-09-05 10:16:00,127283.0,21.7,0
N6377,2025-09-05 10:17:00,531103.0,20.12,0
N6378,2025-09-05 10:18:00,270189.0,51.0,0
N6379,2025-09-05 10:19:00,24967.0,15.22,0
N6380,2025-09-05 10:20:00,211365.0,69.63,0
N6381,2025-09-05 10:21:00,1371417.0,103.82,0
N6382,2025-09-05 10:22:00,41225.0,32.17,0
N6383,2025-09-05 10:23:00,808347.0,10.74,0
N6384,2025-09-05 10:24:00,247807.0,19.23,0
N6385,2025-09-05 10:25:00,73692.0,106.89,0
N6386,2025-09-05 10:26:00,256412.0,731.75,0
N6387,2025-09-05 10:27:00,611540.0,53.72,0
N6388,2025-09-05 10:28:00,216564.0,10.08,0
N6389,2025-09-05 10:29:00,1363354.0,8.85,0
N6390,2025-09-05 10:30:00,405666.0,21.61,0
N6391,2025-09-05 10:31:00,17393.0,62.57,0
N6392,2025-09-05 10:32:00,714950.0,4.34,0
N6393,2025-09-05 10:33:00,563050.0,24.23,0
N6394,2025-09-05 10:34:00,95274.0,44.19,0
N6395,2025-09-05 10:35:00,994468.0,53.19,0
N6396,2025-09-05 10:36:00,121770.0,22.7,0
N6397,2025-09-05 10:37:00,276829.0,3.65,0
N6398,2025-09-05 10:38:00,218935.0,124.27,0
N6399,2025-09-05 10:39:00,53650.0,114.46,0
N6400,2025-09-05 10:40:00,48193.0,25.2,0
N6401,2025-09-05 10:41:00,70753.0,12.4,0
N6402,2025-09-05 10:42:00,32862.0,16.61,0
N6403,2025-09-05 10:43:00,79114.0,14.44,0
N6404,2025-09-05 10:44:00,102998.0,26.04,0
N6405,2025-09-05 10:45:00,49224.0,33.29,0
N6406,2025-09-05 10:46:00,31257.0,4.38,0
N6407,2025-09-05 10:47:00,767486.0,3.22,0
N6408,2025-09-05 10:48:00,217248.0,15.06,0
N6409,2025-09-05 10:49:00,550102.0,24.3,0
N6410,2025-09-05 10:50:00,280459.0,3.99,0
N6411,2025-09-05 10:51:00,151284.0,29.1,0
N6412,2025-09-05 10:52:00,280478.0,74.05,0
N6413,2025-09-05 10:53:00,235048.0,11.31,0
N6414,2025-09-05 10:54:00,709335.0,65.3,0
N6415,2025-09-05 10:55:00,251039.0,7.29,0
N6416,2025-09-05 10:56:00,95393.0,35.26,0
N6417,2025-09-05 10:57:00,55768.0,5.45,0
N6418,2025-09-05 10:58:00,188326.0,15.86,0
N6419,2025-09-05 10:59:00,1037036.0,4.61,0
N6420,2025-09-05 11:00:00,43302.0,18.54,0
N6421,2025-09-05 11:01:00,38224.0,39.23,0
N6422,2025-09-05 11:02:00,68101.0,101.12,0
N6423,2025-09-05 11:03:00,279088.0,7.88,0
N6424,2025-09-05 11:04:00,314366.0,12.18,0
N6425,2025-09-05 11:05:00,189446.0,2.4,0
N6426,2025-09-05 11:06:00,351493.0,40.51,0
N6427,2025-09-05 11:07:00,361495.0,6.86,0
N6428,2025-09-05 11:08:00,360835.0,7.03,0
N6429,2025-09-05 11:09:00,146637.0,17.21,0
N6430,2025-09-05 11:10:00,512931.0,86.36,0
N6431,2025-09-05 11:11:00,329967.0,6.66,0
N6432,2025-09-05 11:12:00,833525.0,79.83,0
N6433,2025-09-05 11:13:00,7839.0,48.79,0
N6434,2025-09-05 11:14:00,179415.0,21.17,0
N6435,2025-09-05 11:15:00,84149.0,59.06,0
N6436,2025-09-05 11:16:00,49713.0,19.24,0
N6437,2025-09-05 11:17:00,81161.0,5.15,0
N6438,2025-09-05 11:18:00,188646.0,20.36,0
N6439,2025-09-05 11:19:00,148743.0,16.85,0
N6440,2025-09-05 11:20:00,24333.0,5.04,0
N6441,2025-09-05 11:21:00,91340.0,69.45,0
N6442,2025-09-05 11:22:00,196158.0,7.85,0
N6443,2025-09-05 11:23:00,337294.0,2.97,0
N6444,2025-09-05 11:24:00,271698.0,6.83,0
N6445,2025-09-05 11:25:00,226473.0,31.98,0
N6446,2025-09-05 11:26:00,295924.0,77.07,0
N6447,2025-09-05 11:27:00,168766.0,27.69,0
N6448,2025-09-05 11:28:00,619554.0,24.41,0
N6449,2025-09-05 11:29:00,212610.0,309.22,0
N6450,2025-09-05 11:30:00,102597.0,6.86,0
N6451,2025-09-05 11:31:00,665400.0,10.41,0
N6452,2025-09-05 11:32:00,97474.0,14.44,0
N6453,2025-09-05 11:33:00,310251.0,5.1,0
N6454,2025-09-05 11:34:00,157930.0,9.63,0
N6455,2025-09-05 11:35:00,70436.0,170.41,0
N6456,2025-09-05 11:36:00,38814.0,16.97,0
N6457,2025-09-05 11:37:00,282507.0,30.47,0
N6458,2025-09-05 11:38:00,91569.0,5.95,0
N6459,2025-09-05 11:39:00,159730.0,16.36,0
N6460,2025-09-05 11:40:00,227287.0,84.04,0
N6461,2025-09-05 11:41:00,174982.0,10.39,0
N6462,2025-09-05 11:42:00,24271.0,183.74,0
N6463,2025-09-05 11:43:00,207198.0,32.63,0
N6464,2025-09-05 11:44:00,204584.0,114.61,0
N6465,2025-09-05 11:45:00,140049.0,64.99,0
N6466,2025-09-05 11:46:00,215100.0,51.03,0
N6467,2025-09-05 11:47:00,103618.0,36.8,0
N6468,2025-09-05 11:48:00,166076.0,32.56,0
N6469,2025-09-05 11:49:00,534655.0,92.65,0
N6470,2025-09-05 11:50:00,288213.0,9.04,0
N6471,2025-09-05 11:51:00,103545.0,35.19,0
N6472,2025-09-05 11:52:00,58309.0,3.99,0
N6473,2025-09-05 11:53:00,129859.0,142.24,0
N6474,2025-09-05 11:54:00,79957.0,53.44,0
N6475,2025-09-05 11:55:00,234263.0,38.14,0
N6476,2025-09-05 11:56:00,86691.0,10.61,0
N6477,2025-09-05 11:57:00,140388.0,19.97,0
N6478,2025-09-05 11:58:00,45190.0,35.21,0
N6479,2025-09-05 11:59:00,53358.0,1.37,0
N6480,2025-09-05 12:00:00,84808.0,36.99,0
N6481,2025-09-05 12:01:00,134402.0,12.62,0
N6482,2025-09-05 12:02:00,37879.0,103.81,0
N6483,2025-09-05 12:03:00,70953.0,51.12,0
N6484,2025-09-05 12:04:00,849979.0,45.03,0
N6485,2025-09-05 12:05:00,538610.0,83.4,0
N6486,2025-09-05 12:06:00,485539.0,58.24,0
N6487,2025-09-05 12:07:00,107329.0,317.84,0
N6488,2025-09-05 12:08:00,226436.0,38.71,0
N6489,2025-09-05 12:09:00,439645.0,113.8,0
N6490,2025-09-05 12:10:00,618041.0,143.05,0
N6491,2025-09-05 12:11:00,305582.0,19.54,0
N6492,2025-09-05 12:12:00,204203.0,69.46,0
N6493,2025-09-05 12:13:00,15734.0,44.25,0
N6494,2025-09-05 12:14:00,104304.0,15.66,0
N6495,2025-09-05 12:15:00,33832.0,68.4,0
N6496,2025-09-05 12:16:00,334935.0,47.69,0
N6497,2025-09-05 12:17:00,616297.0,512.33,0
N6498,2025-09-05 12:18:00,412936.0,54.86,0
N6499,2025-09-05 12:19:00,54173.0,66.65,0
N6500,2025-09-05 12:20:00,14933.0,104.61,0
N6501,2025-09-05 12:21:00,135043.0,37.7,0
N6502,2025-09-05 12:22:00,85024.0,26.5,0
N6503,2025-09-05 12:23:00,431269.0,23.41,0
N6504,2025-09-05 12:24:00,28716.0,3.56,0
N6505,2025-09-05 12:25:00,187909.0,13.57,0
N6506,2025-09-05 12:26:00,1192961.0,161.18,0
N6507,2025-09-05 12:27:00,67794.0,49.21,0
N6508,2025-09-05 12:28:00,39228.0,16.68,0
N6509,2025-09-05 12:29:00,118549.0,100.24,0
N6510,2025-09-05 12:30:00,523719.0,128.74,0
N6511,2025-09-05 12:31:00,96375.0,27.2,0
N6512,2025-09-05 12:32:00,152617.0,387.31,0
N6513,2025-09-05 12:33:00,74013.0,28.12,0
N6514,2025-09-05 12:34:00,47773.0,15.73,0
N6515,2025-09-05 12:35:00,39904.0,29.9,0
N6516,2025-09-05 12:36:00,311263.0,29.54,0
N6517,2025-09-05 12:37:00,53823.0,39.73,0
N6518,2025-09-05 12:38:00,102730.0,22.06,0
N6519,2025-09-05 12:39:00,68140.0,72.43,0
N6520,2025-09-05 12:40:00,103256.0,5.31,0
N6521,2025-09-05 12:41:00,247304.0,25.8,0
N6522,2025-09-05 12:42:00,66297.0,17.14,0
N6523,2025-09-05 12:43:00,102460.0,36.58,0
N6524,2025-09-05 12:44:00,382343.0,1.86,0
N6525,2025-09-05 12:45:00,266873.0,35.16,0
N6526,2025-09-05 12:46:00,327626.0,23.52,0
N6527,2025-09-05 12:47:00,250242.0,3.0,0
N6528,2025-09-05 12:48:00,297208.0,32.35,0
N6529,2025-09-05 12:49:00,139773.0,20.37,0
N6530,2025-09-05 12:50:00,48812.0,110.43,0
N6531,2025-09-05 12:51:00,92982.0,26.26,0
N6532,2025-09-05 12:52:00,260440.0,39.7,0
N6533,2025-09-05 12:53:00,202473.0,79.32,0
N6534,2025-09-05 12:54:00,138215.0,44.59,0
N6535,2025-09-05 12:55:00,191666.0,12.26,0
N6536,2025-09-05 12:56:00,573611.0,55.23,0
N6537,2025-09-05 12:57:00,200680.0,24.27,0
N6538,2025-09-05 12:58:00,624402.0,12.21,0
N6539,2025-09-05 12:59:00,63811.0,28.89,0
N6540,2025-09-05 13:00:00,53236.0,4.05,0
N6541,2025-09-05 13:01:00,568431.0,10.46,0
N6542,2025-09-05 13:02:00,250538.0,4.09,0
N6543,2025-09-05 13:03:00,397077.0,19.23,0
N6544,2025-09-05 13:04:00,279999.0,4.15,0
N6545,2025-09-05 13:05:00,29176.0,30.28,0
N6546,2025-09-05 13:06:00,71626.0,69.54,0
N6547,2025-09-05 13:07:00,145675.0,54.65,0
N6548,2025-09-05 13:08:00,33548.0,4.21,0
N6549,2025-09-05 13:09:00,111856.0,3.8,0
N6550,2025-09-05 13:10:00,237223.0,9.61,0
N6551,2025-09-05 13:11:00,118870.0,17.92,0
N6552,2025-09-05 13:12:00,329580.0,3.3,0
N6553,2025-09-05 13:13:00,54136.0,8.97,0
N6554,2025-09-05 13:14:00,204404.0,9.02,0
N6555,2025-09-05 13:15:00,66374.0,11.97,0
N6556,2025-09-05 13:16:00,45054.0,1.54,0
N6557,2025-09-05 13:17:00,322201.0,3.5,0
N6558,2025-09-05 13:18:00,309306.0,10.51,0
N6559,2025-09-05 13:19:00,823807.0,7.54,0
N6560,2025-09-05 13:20:00,550702.0,16.18,0
N6561,2025-09-05 13:21:00,27395.0,11.37,0
N6562,2025-09-05 13:22:00,493846.0,22.77,0
N6563,2025-09-05 13:23:00,112267.0,3.11,0
N6564,2025-09-05 13:24:00,116609.0,15.45,0
N6565,2025-09-05 13:25:00,53047.0,3.01,0
N6566,2025-09-05 13:26:00,28133.0,38.77,0
N6567,2025-09-05 13:27:00,28568.0,64.59,0
N6568,2025-09-05 13:28:00,66650.0,7.11,0
N6569,2025-09-05 13:29:00,565569.0,17.41,0
N6570,2025-09-05 13:30:00,37318.0,34.52,0
N6571,2025-09-05 13:31:00,462852.0,13.24,0
N6572,2025-09-05 13:32:00,255776.0,22.77,0
N6573,2025-09-05 13:33:00,111387.0,7.55,0
N6574,2025-09-05 13:34:00,112451.0,130.18,0
N6575,2025-09-05 13:35:00,58633.0,17.86,0
N6576,2025-09-05 13:36:00,43476.0,13.94,0
N6577,2025-09-05 13:37:00,196098.0,49.43,0
N6578,2025-09-05 13:38:00,358664.0,40.54,0
N6579,2025-09-05 13:39:00,870174.0,2.82,0
N6580,2025-09-05 13:40:00,151352.0,73.31,0
N6581,2025-09-05 13:41:00,38193.0,15.31,0
N6582,2025-09-05 13:42:00,169834.0,2.26,0
N6583,2025-09-05 13:43:00,102768.0,14.7,0
N6584,2025-09-05 13:44:00,221853.0,6.08,0
N6585,2025-09-05 13:45:00,143307.0,33.47,0
N6586,2025-09-05 13:46:00,66222.0,53.62,0
N6587,2025-09-05 13:47:00,125300.0,20.17,0
N6588,2025-09-05 13:48:00,31907.0,9.71,0
N6589,2025-09-05 13:49:00,30298.0,6.28,0
N6590,2025-09-05 13:50:00,410280.0,33.3,0
N6591,2025-09-05 13:51:00,68353.0,16.89,0
N6592,2025-09-05 13:52:00,131752.0,4.07,0
N6593,2025-09-05 13:53:00,553884.0,49.14,0
N6594,2025-09-05 13:54:00,67635.0,7.91,0
N6595,2025-09-05 13:55:00,704989.0,40.31,0
N6596,2025-09-05 13:56:00,86825.0,10.63,0
N6597,2025-09-05 13:57:00,53349.0,8.6,0
N6598,2025-09-05 13:58:00,702435.0,24.67,0
N6599,2025-09-05 13:59:00,168200.0,235.82,0
N6600,2025-09-05 14:00:00,29421.0,33.86,0
N6601,2025-09-05 14:01:00,52460.0,7.94,0
N6602,2025-09-05 14:02:00,273195.0,53.29,0
N6603,2025-09-05 14:03:00,343439.0,14.37,0
N6604,2025-09-05 14:04:00,259697.0,117.62,0
N6605,2025-09-05 14:05:00,101978.0,3.33,0
N6606,2025-09-05 14:06:00,141110.0,149.06,0
N6607,2025-09-05 14:07:00,153556.0,45.79,0
N6608,2025-09-05 14:08:00,80471.0,6.74,0
N6609,2025-09-05 14:09:00,52158.0,4.95,0
N6610,2025-09-05 14:10:00,314827.0,63.77,0
N6611,2025-09-05 14:11:00,232948.0,11.25,0
N6612,2025-09-05 14:12:00,95623.0,4.95,0
N6613,2025-09-05 14:13:00,259763.0,24.95,0
N6614,2025-09-05 14:14:00,1326641.0,37.94,0
N6615,2025-09-05 14:15:00,124405.0,37.09,0
N6616,2025-09-05 14:16:00,65117.0,4.98,0
N6617,2025-09-05 14:17:00,20117.0,9.51,0
N6618,2025-09-05 14:18:00,46170.0,23.06,0
N6619,2025-09-05 14:19:00,76481.0,5.05,0
N6620,2025-09-05 14:20:00,774509.0,15.51,0
N6621,2025-09-05 14:21:00,40089.0,19.95,0
N6622,2025-09-05 14:22:00,97509.0,20.28,0
N6623,2025-09-05 14:23:00,104221.0,1.92,0
N6624,2025-09-05 14:24:00,64390.0,11.38,0
N6625,2025-09-05 14:25:00,63005.0,8.36,0
N6626,2025-09-05 14:26:00,64916.0,8.79,0
N6627,2025-09-05 14:27:00,342210.0,112.01,0
N6628,2025-09-05 14:28:00,84156.0,35.12,0
N6629,2025-09-05 14:29:00,880735.0,10.77,0
N6630,2025-09-05 14:30:00,148884.0,102.0,0
N6631,2025-09-05 14:31:00,67358.0,115.16,0
N6632,2025-09-05 14:32:00,423538.0,16.46,0
N6633,2025-09-05 14:33:00,99510.0,7.97,0
N6634,2025-09-05 14:34:00,38496.0,38.58,0
N6635,2025-09-05 14:35:00,68773.0,3.53,0
N6636,2025-09-05 14:36:00,467818.0,24.29,0
N6637,2025-09-05 14:37:00,163524.0,12.45,0
N6638,2025-09-05 14:38:00,139013.0,2.49,0
N6639,2025-09-05 14:39:00,48671.0,102.02,0
N6640,2025-09-05 14:40:00,61208.0,5.68,0
N6641,2025-09-05 14:41:00,113511.0,1.21,0
N6642,2025-09-05 14:42:00,122034.0,14.48,0
N6643,2025-09-05 14:43:00,107140.0,3.22,0
N6644,2025-09-05 14:44:00,80173.0,144.95,0
N6645,2025-09-05 14:45:00,15656.0,9.23,0
N6646,2025-09-05 14:46:00,1033465.0,256.19,0
N6647,2025-09-05 14:47:00,74694.0,2.05,0
N6648,2025-09-05 14:48:00,381086.0,280.51,0
N6649,2025-09-05 14:49:00,187811.0,15.13,0
N6650,2025-09-05 14:50:00,103920.0,11.85,0
N6651,2025-09-05 14:51:00,35547.0,15.98,0
N6652,2025-09-05 14:52:00,128525.0,52.55,0
N6653,2025-09-05 14:53:00,931793.0,6.58,0
N6654,2025-09-05 14:54:00,538687.0,52.62,0
N6655,2025-09-05 14:55:00,157641.0,8.69,0
N6656,2025-09-05 14:56:00,1419828.0,8.79,0
N6657,2025-09-05 14:57:00,347720.0,14.06,0
N6658,2025-09-05 14:58:00,158549.0,45.59,0
N6659,2025-09-05 14:59:00,225382.0,6.36,0
N6660,2025-09-05 15:00:00,215924.0,194.42,0
N6661,2025-09-05 15:01:00,554751.0,9.95,0
N6662,2025-09-05 15:02:00,200973.0,274.01,0
N6663,2025-09-05 15:03:00,159353.0,6.52,0
N6664,2025-09-05 15:04:00,135562.0,332.45,0
N6665,2025-09-05 15:05:00,67905.0,70.3,0
N6666,2025-09-05 15:06:00,297657.0,145.43,0
N6667,2025-09-05 15:07:00,86205.0,3.89,0
N6668,2025-09-05 15:08:00,36720.0,6.88,0
N6669,2025-09-05 15:09:00,106259.0,6.19,0
N6670,2025-09-05 15:10:00,435792.0,18.81,0
N6671,2025-09-05 15:11:00,87268.0,46.86,0
N6672,2025-09-05 15:12:00,69930.0,67.26,0
N6673,2025-09-05 15:13:00,180822.0,36.42,0
N6674,2025-09-05 15:14:00,110587.0,42.06,0
N6675,2025-09-05 15:15:00,212625.0,112.01,0
N6676,2025-09-05 15:16:00,377225.0,20.19,0
N6677,2025-09-05 15:17:00,364498.0,11.98,0
N6678,2025-09-05 15:18:00,110870.0,43.44,0
N6679,2025-09-05 15:19:00,183405.0,36.86,0
N6680,2025-09-05 15:20:00,602284.0,3.8,0
N6681,2025-09-05 15:21:00,211734.0,24.55,0
N6682,2025-09-05 15:22:00,31096.0,423.85,0
N6683,2025-09-05 15:23:00,310297.0,21.61,0
N6684,2025-09-05 15:24:00,61980.0,70.84,0
N6685,2025-09-05 15:25:00,210779.0,15.92,0
N6686,2025-09-05 15:26:00,39467.0,145.6,0
N6687,2025-09-05 15:27:00,148492.0,42.49,0
N6688,2025-09-05 15:28:00,152221.0,9.95,0
N6689,2025-09-05 15:29:00,63691.0,66.09,0
N6690,2025-09-05 15:30:00,602669.0,190.62,0
N6691,2025-09-05 15:31:00,105458.0,42.55,0
N6692,2025-09-05 15:32:00,1017296.0,22.59,0
N6693,2025-09-05 15:33:00,120114.0,47.22,0
N6694,2025-09-05 15:34:00,45928.0,28.92,0
N6695,2025-09-05 15:35:00,47744.0,58.63,0
N6696,2025-09-05 15:36:00,118280.0,13.71,0
N6697,2025-09-05 15:37:00,199577.0,6.38,0
N6698,2025-09-05 15:38:00,18488.0,75.52,0
N6699,2025-09-05 15:39:00,456551.0,296.72,0
N6700,2025-09-05 15:40:00,336451.0,34.75,0
N6701,2025-09-05 15:41:00,123215.0,21.3,0
N6702,2025-09-05 15:42:00,447899.0,669.45,0
N6703,2025-09-05 15:43:00,45043.0,78.36,0
N6704,2025-09-05 15:44:00,348876.0,69.75,0
N6705,2025-09-05 15:45:00,42409.0,29.73,0
N6706,2025-09-05 15:46:00,76749.0,11.04,0
N6707,2025-09-05 15:47:00,200020.0,12.98,0
N6708,2025-09-05 15:48:00,110764.0,15.9,0
N6709,2025-09-05 15:49:00,204781.0,3.76,0
N6710,2025-09-05 15:50:00,137482.0,15.43,0
N6711,2025-09-05 15:51:00,261841.0,24.07,0
N6712,2025-09-05 15:52:00,76307.0,14.35,0
N6713,2025-09-05 15:53:00,104372.0,29.23,0
N6714,2025-09-05 15:54:00,319104.0,18.32,0
N6715,2025-09-05 15:55:00,80180.0,24.42,0
N6716,2025-09-05 15:56:00,27251.0,9.53,0
N6717,2025-09-05 15:57:00,86785.0,13.74,0
N6718,2025-09-05 15:58:00,186285.0,20.0,0
N6719,2025-09-05 15:59:00,337462.0,8.26,0
N6720,2025-09-05 16:00:00,55206.0,17.98,0
N6721,2025-09-05 16:01:00,405687.0,9.58,0
N6722,2025-09-05 16:02:00,502293.0,73.97,0
N6723,2025-09-05 16:03:00,147472.0,14.99,0
N6724,2025-09-05 16:04:00,189976.0,37.13,0
N6725,2025-09-05 16:05:00,89791.0,10.2,0
N6726,2025-09-05 16:06:00,218129.0,15.57,0
N6727,2025-09-05 16:07:00,14757.0,17.97,0
N6728,2025-09-05 16:08:00,241127.0,4.46,0
N6729,2025-09-05 16:09:00,234760.0,2.77,0
N6730,2025-09-05 16:10:00,58984.0,3.95,0
N6731,2025-09-05 16:11:00,62306.0,45.77,0
N6732,2025-09-05 16:12:00,130585.0,37.24,0
N6733,2025-09-05 16:13:00,204127.0,14.29,0
N6734,2025-09-05 16:14:00,256667.0,2.56,0
N6735,2025-09-05 16:15:00,374735.0,48.74,0
N6736,2025-09-05 16:16:00,183084.0,9.87,0
N6737,2025-09-05 16:17:00,335292.0,27.08,0
N6738,2025-09-05 16:18:00,240953.0,29.44,0
N6739,2025-09-05 16:19:00,53944.0,86.54,0
N6740,2025-09-05 16:20:00,50395.0,20.64,0
N6741,2025-09-05 16:21:00,64029.0,0.24,0
N6742,2025-09-05 16:22:00,118675.0,42.51,0
N6743,2025-09-05 16:23:00,547855.0,7.17,0
N6744,2025-09-05 16:24:00,288157.0,3.2,0
N6745,2025-09-05 16:25:00,1310592.0,6.43,0
N6746,2025-09-05 16:26:00,124916.0,1.31,0
N6747,2025-09-05 16:27:00,35225.0,48.44,0
N6748,2025-09-05 16:28:00,196350.0,5.09,0
N6749,2025-09-05 16:29:00,67670.0,51.7,0
N6750,2025-09-05 16:30:00,201479.0,17.22,0
N6751,2025-09-05 16:31:00,155512.0,16.27,0
N6752,2025-09-05 16:32:00,68274.0,41.79,0
N6753,2025-09-05 16:33:00,167871.0,0.66,0
N6754,2025-09-05 16:34:00,37373.0,44.13,0
N6755,2025-09-05 16:35:00,127741.0,25.15,0
N6756,2025-09-05 16:36:00,88861.0,68.47,0
N6757,2025-09-05 16:37:00,55386.0,11.9,0
N6758,2025-09-05 16:38:00,104123.0,31.21,0
N6759,2025-09-05 16:39:00,124326.0,7.68,0
N6760,2025-09-05 16:40:00,274910.0,42.37,0
N6761,2025-09-05 16:41:00,342144.0,50.74,0
N6762,2025-09-05 16:42:00,188681.0,0.82,0
N6763,2025-09-05 16:43:00,287041.0,29.84,0
N6764,2025-09-05 16:44:00,155124.0,6.23,0
N6765,2025-09-05 16:45:00,83581.0,15.63,0
N6766,2025-09-05 16:46:00,856532.0,14.92,0
N6767,2025-09-05 16:47:00,363727.0,25.72,0
N6768,2025-09-05 16:48:00,36360.0,34.88,0
N6769,2025-09-05 16:49:00,309415.0,14.54,0
N6770,2025-09-05 16:50:00,300899.0,9.75,0
N6771,2025-09-05 16:51:00,130314.0,9.21,0
N6772,2025-09-05 16:52:00,108794.0,3.53,0
N6773,2025-09-05 16:53:00,285248.0,2.11,0
N6774,2025-09-05 16:54:00,533335.0,90.2,0
N6775,2025-09-05 16:55:00,253714.0,3.61,0
N6776,2025-09-05 16:56:00,258479.0,136.17,0
N6777,2025-09-05 16:57:00,911304.0,5.34,0
N6778,2025-09-05 16:58:00,343625.0,45.09,0
N6779,2025-09-05 16:59:00,995487.0,82.89,0
N6780,2025-09-05 17:00:00,16941.0,12.33,0
N6781,2025-09-05 17:01:00,261090.0,18.16,0
N6782,2025-09-05 17:02:00,56078.0,25.67,0
N6783,2025-09-05 17:03:00,118873.0,24.55,0
N6784,2025-09-05 17:04:00,305339.0,8.14,0
N6785,2025-09-05 17:05:00,273456.0,3.02,0
N6786,2025-09-05 17:06:00,133120.0,27.33,0
N6787,2025-09-05 17:07:00,203346.0,32.3,0
N6788,2025-09-05 17:08:00,378030.0,8.86,0
N6789,2025-09-05 17:09:00,86669.0,84.86,0
N6790,2025-09-05 17:10:00,954139.0,10.31,0
N6791,2025-09-05 17:11:00,580523.0,50.46,0
N6792,2025-09-05 17:12:00,118463.0,48.9,0
N6793,2025-09-05 17:13:00,117471.0,2.77,0
N6794,2025-09-05 17:14:00,69098.0,53.56,0
N6795,2025-09-05 17:15:00,618548.0,1.15,0
N6796,2025-09-05 17:16:00,120474.0,27.29,0
N6797,2025-09-05 17:17:00,515682.0,7.86,0
N6798,2025-09-05 17:18:00,1102740.0,22.95,0
N6799,2025-09-05 17:19:00,91349.0,83.82,0
N6800,2025-09-05 17:20:00,146244.0,39.41,0
N6801,2025-09-05 17:21:00,54070.0,39.86,0
N6802,2025-09-05 17:22:00,261412.0,65.38,0
N6803,2025-09-05 17:23:00,143465.0,11.29,0
N6804,2025-09-05 17:24:00,125834.0,38.31,0
N6805,2025-09-05 17:25:00,122225.0,23.62,0
N6806,2025-09-05 17:26:00,68044.0,11.33,0
N6807,2025-09-05 17:27:00,992014.0,29.57,0
N6808,2025-09-05 17:28:00,694518.0,8.07,0
N6809,2025-09-05 17:29:00,125093.0,40.69,0
N6810,2025-09-05 17:30:00,1233900.0,3.96,0
N6811,2025-09-05 17:31:00,469016.0,103.66,0
N6812,2025-09-05 17:32:00,356120.0,13.0,0
N6813,2025-09-05 17:33:00,22469.0,34.64,0
N6814,2025-09-05 17:34:00,264511.0,11.87,0
N6815,2025-09-05 17:35:00,323502.0,8.04,0
N6816,2025-09-05 17:36:00,54698.0,17.94,0
N6817,2025-09-05 17:37:00,772165.0,129.68,0
N6818,2025-09-05 17:38:00,395780.0,20.83,0
N6819,2025-09-05 17:39:00,322698.0,7.35,0
N6820,2025-09-05 17:40:00,391839.0,2.39,0
N6821,2025-09-05 17:41:00,198825.0,21.68,0
N6822,2025-09-05 17:42:00,175492.0,23.09,0
N6823,2025-09-05 17:43:00,205978.0,7.36,0
N6824,2025-09-05 17:44:00,722786.0,40.18,0
N6825,2025-09-05 17:45:00,71361.0,25.57,0
N6826,2025-09-05 17:46:00,134817.0,21.82,0
N6827,2025-09-05 17:47:00,207671.0,29.46,0
N6828,2025-09-05 17:48:00,229982.0,4.72,0
N6829,2025-09-05 17:49:00,322468.0,26.75,0
N6830,2025-09-05 17:50:00,82329.0,19.34,0
N6831,2025-09-05 17:51:00,172638.0,76.49,0
N6832,2025-09-05 17:52:00,249299.0,10.0,0
N6833,2025-09-05 17:53:00,110826.0,43.98,0
N6834,2025-09-05 17:54:00,245062.0,19.78,0
N6835,2025-09-05 17:55:00,37770.0,63.35,0
N6836,2025-09-05 17:56:00,58526.0,394.08,0
N6837,2025-09-05 17:57:00,287505.0,29.08,0
N6838,2025-09-05 17:58:00,61009.0,10.16,0
N6839,2025-09-05 17:59:00,183712.0,24.83,0
N6840,2025-09-05 18:00:00,60205.0,36.6,0
N6841,2025-09-05 18:01:00,91407.0,10.78,0
N6842,2025-09-05 18:02:00,71552.0,14.95,0
N6843,2025-09-05 18:03:00,135907.0,13.1,0
N6844,2025-09-05 18:04:00,84499.0,118.2,0
N6845,2025-09-05 18:05:00,731063.0,21.62,0
N6846,2025-09-05 18:06:00,96028.0,35.25,0
N6847,2025-09-05 18:07:00,44511.0,5.68,0
N6848,2025-09-05 18:08:00,765487.0,4.34,0
N6849,2025-09-05 18:09:00,99702.0,4.41,0
N6850,2025-09-05 18:10:00,889990.0,26.28,0
N6851,2025-09-05 18:11:00,627081.0,7.69,0
N6852,2025-09-05 18:12:00,142712.0,7.03,0
N6853,2025-09-05 18:13:00,215214.0,40.77,0
N6854,2025-09-05 18:14:00,221042.0,64.93,0
N6855,2025-09-05 18:15:00,583706.0,9.08,0
N6856,2025-09-05 18:16:00,98230.0,0.28,0
N6857,2025-09-05 18:17:00,226876.0,3.89,0
N6858,2025-09-05 18:18:00,226363.0,2.54,0
N6859,2025-09-05 18:19:00,242210.0,132.7,0
N6860,2025-09-05 18:20:00,192013.0,13.9,0
N6861,2025-09-05 18:21:00,131841.0,5.28,0
N6862,2025-09-05 18:22:00,106899.0,155.19,0
N6863,2025-09-05 18:23:00,205154.0,4.01,0
N6864,2025-09-05 18:24:00,170055.0,24.3,0
N6865,2025-09-05 18:25:00,71396.0,7.37,0
N6866,2025-09-05 18:26:00,214307.0,3.39,0
N6867,2025-09-05 18:27:00,748899.0,5.99,0
N6868,2025-09-05 18:28:00,50223.0,80.82,0
N6869,2025-09-05 18:29:00,17589.0,15.82,0
N6870,2025-09-05 18:30:00,111722.0,54.71,0
N6871,2025-09-05 18:31:00,216477.0,9.63,0
N6872,2025-09-05 18:32:00,1111847.0,8.36,0
N6873,2025-09-05 18:33:00,25716.0,12.14,0
N6874,2025-09-05 18:34:00,221354.0,69.91,0
N6875,2025-09-05 18:35:00,576320.0,9.69,0
N6876,2025-09-05 18:36:00,2584935.0,6.5,0
N6877,2025-09-05 18:37:00,352437.0,3.84,0
N6878,2025-09-05 18:38:00,212547.0,10.3,0
N6879,2025-09-05 18:39:00,673743.0,3.57,0
N6880,2025-09-05 18:40:00,900070.0,253.83,0
N6881,2025-09-05 18:41:00,167987.0,27.68,0
N6882,2025-09-05 18:42:00,144801.0,3.32,0
N6883,2025-09-05 18:43:00,228569.0,38.78,0
N6884,2025-09-05 18:44:00,730204.0,9.03,0
N6885,2025-09-05 18:45:00,436509.0,20.72,0
N6886,2025-09-05 18:46:00,490902.0,4.86,0
N6887,2025-09-05 18:47:00,126943.0,15.49,0
N6888,2025-09-05 18:48:00,197730.0,28.63,0
N6889,2025-09-05 18:49:00,381904.0,14.03,0
N6890,2025-09-05 18:50:00,280108.0,59.11,0
N6891,2025-09-05 18:51:00,168781.0,69.15,0
N6892,2025-09-05 18:52:00,39069.0,125.18,0
N6893,2025-09-05 18:53:00,218582.0,3.83,0
N6894,2025-09-05 18:54:00,357253.0,26.66,0
N6895,2025-09-05 18:55:00,407442.0,130.3,0
N6896,2025-09-05 18:56:00,541097.0,10.57,0
N6897,2025-09-05 18:57:00,41059.0,82.59,0
N6898,2025-09-05 18:58:00,199974.0,24.57,0
N6899,2025-09-05 18:59:00,693273.0,6.92,0
N6900,2025-09-05 19:00:00,282049.0,10.69,0
N6901,2025-09-05 19:01:00,206556.0,26.46,0
N6902,2025-09-05 19:02:00,136050.0,10.26,0
N6903,2025-09-05 19:03:00,141217.0,76.59,0
N6904,2025-09-05 19:04:00,407810.0,46.46,0
N6905,2025-09-05 19:05:00,295730.0,12.64,0
N6906,2025-09-05 19:06:00,173185.0,4.0,0
N6907,2025-09-05 19:07:00,499803.0,22.46,0
N6908,2025-09-05 19:08:00,455405.0,188.59,0
N6909,2025-09-05 19:09:00,241858.0,74.17,0
N6910,2025-09-05 19:10:00,200392.0,67.36,0
N6911,2025-09-05 19:11:00,24022.0,51.49,0
N6912,2025-09-05 19:12:00,245167.0,168.09,0
N6913,2025-09-05 19:13:00,185081.0,27.49,0
N6914,2025-09-05 19:14:00,204191.0,202.59,0
N6915,2025-09-05 19:15:00,155381.0,26.15,0
N6916,2025-09-05 19:16:00,245006.0,14.08,0
N6917,2025-09-05 19:17:00,189078.0,127.45,0
N6918,2025-09-05 19:18:00,207423.0,22.25,0
N6919,2025-09-05 19:19:00,231561.0,30.84,0
N6920,2025-09-05 19:20:00,104934.0,28.69,0
N6921,2025-09-05 19:21:00,160762.0,46.2,0
N6922,2025-09-05 19:22:00,171380.0,22.53,0
N6923,2025-09-05 19:23:00,46873.0,5.1,0
N6924,2025-09-05 19:24:00,289027.0,48.64,0
N6925,2025-09-05 19:25:00,103320.0,28.74,0
N6926,2025-09-05 19:26:00,352294.0,13.73,0
N6927,2025-09-05 19:27:00,489427.0,7.64,0
N6928,2025-09-05 19:28:00,104216.0,46.0,0
N6929,2025-09-05 19:29:00,72264.0,6.64,0
N6930,2025-09-05 19:30:00,1096763.0,9.91,0
N6931,2025-09-05 19:31:00,204114.0,1.94,0
N6932,2025-09-05 19:32:00,174934.0,14.07,0
N6933,2025-09-05 19:33:00,423525.0,61.92,0
N6934,2025-09-05 19:34:00,64064.0,20.34,0
N6935,2025-09-05 19:35:00,163615.0,5.69,0
N6936,2025-09-05 19:36:00,102005.0,148.26,0
N6937,2025-09-05 19:37:00,149251.0,38.05,0
N6938,2025-09-05 19:38:00,283426.0,8.29,0
N6939,2025-09-05 19:39:00,116860.0,29.51,0
N6940,2025-09-05 19:40:00,126717.0,14.75,0
N6941,2025-09-05 19:41:00,182111.0,2.18,0
N6942,2025-09-05 19:42:00,623449.0,37.51,0
N6943,2025-09-05 19:43:00,407143.0,9.69,0
N6944,2025-09-05 19:44:00,393346.0,155.93,0
N6945,2025-09-05 19:45:00,332184.0,89.98,0
N6946,2025-09-05 19:46:00,256981.0,6.13,0
N6947,2025-09-05 19:47:00,27608.0,3.5,0
N6948,2025-09-05 19:48:00,289199.0,12.28,0
N6949,2025-09-05 19:49:00,444468.0,52.5,0
N6950,2025-09-05 19:50:00,290673.0,44.41,0
N6951,2025-09-05 19:51:00,98020.0,147.53,0
N6952,2025-09-05 19:52:00,436122.0,23.94,0
N6953,2025-09-05 19:53:00,46770.0,3.57,0
N6954,2025-09-05 19:54:00,237845.0,13.39,0
N6955,2025-09-05 19:55:00,467366.0,4.4,0
N6956,2025-09-05 19:56:00,204923.0,69.35,0
N6957,2025-09-05 19:57:00,149633.0,37.52,0
N6958,2025-09-05 19:58:00,76938.0,9.92,0
N6959,2025-09-05 19:59:00,245100.0,17.77,0
N6960,2025-09-05 20:00:00,862025.0,103.05,0
N6961,2025-09-05 20:01:00,77582.0,102.5,0
N6962,2025-09-05 20:02:00,465256.0,15.75,0
N6963,2025-09-05 20:03:00,42297.0,12.03,0
N6964,2025-09-05 20:04:00,1049322.0,66.19,0
N6965,2025-09-05 20:05:00,550291.0,9.26,0
N6966,2025-09-05 20:06:00,168358.0,6.88,0
N6967,2025-09-05 20:07:00,94233.0,26.77,0
N6968,2025-09-05 20:08:00,337120.0,17.27,0
N6969,2025-09-05 20:09:00,88003.0,11.58,0
N6970,2025-09-05 20:10:00,20078.0,156.82,0
N6971,2025-09-05 20:11:00,132238.0,17.31,0
N6972,2025-09-05 20:12:00,45653.0,14.98,0
N6973,2025-09-05 20:13:00,30429.0,13.46,0
N6974,2025-09-05 20:14:00,38833.0,23.54,0
N6975,2025-09-05 20:15:00,210610.0,14.44,0
N6976,2025-09-05 20:16:00,286837.0,20.88,0
N6977,2025-09-05 20:17:00,41753.0,2.71,0
N6978,2025-09-05 20:18:00,113904.0,5.0,0
N6979,2025-09-05 20:19:00,456336.0,124.47,0
N6980,2025-09-05 20:20:00,322643.0,71.37,0
N6981,2025-09-05 20:21:00,100856.0,80.5,0
N6982,2025-09-05 20:22:00,28031.0,17.29,0
N6983,2025-09-05 20:23:00,611397.0,4.68,0
N6984,2025-09-05 20:24:00,42657.0,63.94,0
N6985,2025-09-05 20:25:00,112751.0,57.59,0
N6986,2025-09-05 20:26:00,18860.0,7.55,0
N6987,2025-09-05 20:27:00,52195.0,558.24,0
N6988,2025-09-05 20:28:00,135038.0,40.61,0
N6989,2025-09-05 20:29:00,217285.0,54.3,0
N6990,2025-09-05 20:30:00,1242348.0,4.89,0
N6991,2025-09-05 20:31:00,478198.0,243.1,0
N6992,2025-09-05 20:32:00,249056.0,24.16,0
N6993,2025-09-05 20:33:00,47759.0,39.98,0
N6994,2025-09-05 20:34:00,26349.0,17.91,0
N6995,2025-09-05 20:35:00,647550.0,34.93,0
N6996,2025-09-05 20:36:00,2197038.0,3.67,0
N6997,2025-09-05 20:37:00,26125.0,57.41,0
N6998,2025-09-05 20:38:00,431136.0,34.61,0
N6999,2025-09-05 20:39:00,81363.0,3.08,0
N7000,2025-09-05 20:40:00,403352.0,76.82,0
N7001,2025-09-05 20:41:00,877838.0,19.95,0
N7002,2025-09-05 20:42:00,53300.0,124.22,0
N7003,2025-09-05 20:43:00,189771.0,8.33,0
N7004,2025-09-05 20:44:00,172087.0,2.49,0
N7005,2025-09-05 20:45:00,97876.0,27.71,0
N7006,2025-09-05 20:46:00,108140.0,34.92,0
N7007,2025-09-05 20:47:00,152300.0,209.35,0
N7008,2025-09-05 20:48:00,367490.0,9.48,0
N7009,2025-09-05 20:49:00,174608.0,34.93,0
N7010,2025-09-05 20:50:00,162593.0,71.97,0
N7011,2025-09-05 20:51:00,484445.0,26.8,0
N7012,2025-09-05 20:52:00,2169409.0,26.27,0
N7013,2025-09-05 20:53:00,59771.0,3.99,0
N7014,2025-09-05 20:54:00,135907.0,63.65,0
N7015,2025-09-05 20:55:00,98262.0,19.52,0
N7016,2025-09-05 20:56:00,104582.0,319.32,0
N7017,2025-09-05 20:57:00,346237.0,88.97,0
N7018,2025-09-05 20:58:00,10268.0,11.16,0
N7019,2025-09-05 20:59:00,160837.0,9.76,0
N7020,2025-09-05 21:00:00,123971.0,4.32,0
N7021,2025-09-05 21:01:00,67296.0,19.64,0
N7022,2025-09-05 21:02:00,282252.0,69.74,0
N7023,2025-09-05 21:03:00,51170.0,36.43,0
N7024,2025-09-05 21:04:00,94900.0,91.75,0
N7025,2025-09-05 21:05:00,51250.0,9.83,0
N7026,2025-09-05 21:06:00,66534.0,78.64,0
N7027,2025-09-05 21:07:00,270151.0,18.75,0
N7028,2025-09-05 21:08:00,321868.0,92.5,0
N7029,2025-09-05 21:09:00,1050733.0,3.29,0
N7030,2025-09-05 21:10:00,252873.0,8.77,0
N7031,2025-09-05 21:11:00,20335.0,8.79,0
N7032,2025-09-05 21:12:00,24376.0,52.05,0
N7033,2025-09-05 21:13:00,53611.0,2.99,0
N7034,2025-09-05 21:14:00,208281.0,17.5,0
N7035,2025-09-05 21:15:00,556727.0,80.24,0
N7036,2025-09-05 21:16:00,624388.0,47.94,0
N7037,2025-09-05 21:17:00,145826.0,20.94,0
N7038,2025-09-05 21:18:00,158398.0,123.47,0
N7039,2025-09-05 21:19:00,797967.0,33.68,0
N7040,2025-09-05 21:20:00,98164.0,27.95,0
N7041,2025-09-05 21:21:00,426792.0,14.46,0
N7042,2025-09-05 21:22:00,463581.0,176.45,0
N7043,2025-09-05 21:23:00,104029.0,138.93,0
N7044,2025-09-05 21:24:00,107204.0,31.21,0
N7045,2025-09-05 21:25:00,659403.0,31.52,0
N7046,2025-09-05 21:26:00,118867.0,25.8,0
N7047,2025-09-05 21:27:00,113069.0,21.65,0
N7048,2025-09-05 21:28:00,97455.0,17.02,0
N7049,2025-09-05 21:29:00,161914.0,37.76,0
N7050,2025-09-05 21:30:00,100280.0,8.35,0
N7051,2025-09-05 21:31:00,782078.0,7.87,0
N7052,2025-09-05 21:32:00,206215.0,7.31,0
N7053,2025-09-05 21:33:00,271867.0,58.76,0
N7054,2025-09-05 21:34:00,29525.0,1.94,0
N7055,2025-09-05 21:35:00,221601.0,164.02,0
N7056,2025-09-05 21:36:00,28173.0,9.79,0
N7057,2025-09-05 21:37:00,376899.0,4.68,0
N7058,2025-09-05 21:38:00,134997.0,19.02,0
N7059,2025-09-05 21:39:00,58218.0,5.61,0
N7060,2025-09-05 21:40:00,550563.0,9.46,0
N7061,2025-09-05 21:41:00,201843.0,11.42,0
N7062,2025-09-05 21:42:00,123867.0,18.04,0
N7063,2025-09-05 21:43:00,285392.0,1.66,0
N7064,2025-09-05 21:44:00,84122.0,33.14,0
N7065,2025-09-05 21:45:00,28145.0,9.62,0
N7066,2025-09-05 21:46:00,54262.0,1.95,0
N7067,2025-09-05 21:47:00,151537.0,22.57,0
N7068,2025-09-05 21:48:00,217188.0,183.48,0
N7069,2025-09-05 21:49:00,52682.0,2.47,0
N7070,2025-09-05 21:50:00,99232.0,15.73,0
N7071,2025-09-05 21:51:00,108031.0,22.57,0
N7072,2025-09-05 21:52:00,98274.0,99.02,0
N7073,2025-09-05 21:53:00,59233.0,5.53,0
N7074,2025-09-05 21:54:00,131694.0,67.17,0
N7075,2025-09-05 21:55:00,1157868.0,8.25,0
N7076,2025-09-05 21:56:00,143719.0,53.08,0
N7077,2025-09-05 21:57:00,173214.0,73.07,0
N7078,2025-09-05 21:58:00,83288.0,12.35,0
N7079,2025-09-05 21:59:00,68620.0,4.52,0
N7080,2025-09-05 22:00:00,128805.0,29.04,0
N7081,2025-09-05 22:01:00,247742.0,23.41,0
N7082,2025-09-05 22:02:00,471953.0,4.87,0
N7083,2025-09-05 22:03:00,158370.0,31.06,0
N7084,2025-09-05 22:04:00,547616.0,18.46,0
N7085,2025-09-05 22:05:00,76883.0,18.82,0
N7086,2025-09-05 22:06:00,362303.0,22.5,0
N7087,2025-09-05 22:07:00,76352.0,19.51,0
N7088,2025-09-05 22:08:00,222857.0,10.29,0
N7089,2025-09-05 22:09:00,141975.0,41.48,0
N7090,2025-09-05 22:10:00,264988.0,5.71,0
N7091,2025-09-05 22:11:00,183680.0,208.14,0
N7092,2025-09-05 22:12:00,48707.0,0.75,0
N7093,2025-09-05 22:13:00,61936.0,52.81,0
N7094,2025-09-05 22:14:00,393307.0,56.95,0
N7095,2025-09-05 22:15:00,139982.0,13.89,0
N7096,2025-09-05 22:16:00,151767.0,4.79,0
N7097,2025-09-05 22:17:00,252328.0,21.83,0
N7098,2025-09-05 22:18:00,232922.0,6.33,0
N7099,2025-09-05 22:19:00,141548.0,13.66,0
N7100,2025-09-05 22:20:00,110638.0,6.91,0
N7101,2025-09-05 22:21:00,251553.0,65.26,0
N7102,2025-09-05 22:22:00,105762.0,18.42,0
N7103,2025-09-05 22:23:00,56016.0,80.56,0
N7104,2025-09-05 22:24:00,12018.0,18.93,0
N7105,2025-09-05 22:25:00,94022.0,2.4,0
N7106,2025-09-05 22:26:00,162354.0,24.57,0
N7107,2025-09-05 22:27:00,28962.0,106.92,0
N7108,2025-09-05 22:28:00,1818816.0,17.25,0
N7109,2025-09-05 22:29:00,1015789.0,4.59,0
N7110,2025-09-05 22:30:00,174421.0,13.4,0
N7111,2025-09-05 22:31:00,194543.0,5.19,0
N7112,2025-09-05 22:32:00,34139.0,62.4,0
N7113,2025-09-05 22:33:00,1011645.0,5.09,0
N7114,2025-09-05 22:34:00,94188.0,6.09,0
N7115,2025-09-05 22:35:00,667539.0,18.55,0
N7116,2025-09-05 22:36:00,555050.0,91.16,0
N7117,2025-09-05 22:37:00,56851.0,6.35,0
N7118,2025-09-05 22:38:00,173477.0,15.35,0
N7119,2025-09-05 22:39:00,122922.0,11.59,0
N7120,2025-09-05 22:40:00,50508.0,12.94,0
N7121,2025-09-05 22:41:00,129506.0,1.46,0
N7122,2025-09-05 22:42:00,163938.0,3.85,0
N7123,2025-09-05 22:43:00,195464.0,7.53,0
N7124,2025-09-05 22:44:00,292663.0,28.44,0
N7125,2025-09-05 22:45:00,63265.0,10.1,0
N7126,2025-09-05 22:46:00,147933.0,3.09,0
N7127,2025-09-05 22:47:00,111299.0,13.24,0
N7128,2025-09-05 22:48:00,105001.0,29.26,0
N7129,2025-09-05 22:49:00,41722.0,130.99,0
N7130,2025-09-05 22:50:00,49806.0,29.79,0
N7131,2025-09-05 22:51:00,60964.0,6.14,0
N7132,2025-09-05 22:52:00,178879.0,20.18,0
N7133,2025-09-05 22:53:00,148508.0,14.16,0
N7134,2025-09-05 22:54:00,143154.0,3.58,0
N7135,2025-09-05 22:55:00,131237.0,20.96,0
N7136,2025-09-05 22:56:00,121696.0,108.75,0
N7137,2025-09-05 22:57:00,23061.0,95.75,0
N7138,2025-09-05 22:58:00,223225.0,0.77,0
N7139,2025-09-05 22:59:00,498464.0,16.3,0
N7140,2025-09-05 23:00:00,87550.0,11.89,0
N7141,2025-09-05 23:01:00,66939.0,14.47,0
N7142,2025-09-05 23:02:00,264486.0,22.43,0
N7143,2025-09-05 23:03:00,617542.0,4.08,0
N7144,2025-09-05 23:04:00,187686.0,14.35,0
N7145,2025-09-05 23:05:00,722758.0,14.63,0
N7146,2025-09-05 23:06:00,788906.0,172.46,0
N7147,2025-09-05 23:07:00,328872.0,4.29,0
N7148,2025-09-05 23:08:00,107482.0,22.01,0
N7149,2025-09-05 23:09:00,41681.0,2.27,0
N7150,2025-09-05 23:10:00,55081.0,98.67,0
N7151,2025-09-05 23:11:00,89987.0,12.48,0
N7152,2025-09-05 23:12:00,263342.0,25.65,0
N7153,2025-09-05 23:13:00,267051.0,13.59,0
N7154,2025-09-05 23:14:00,58255.0,3.78,0
N7155,2025-09-05 23:15:00,319818.0,26.42,0
N7156,2025-09-05 23:16:00,71937.0,28.82,0
N7157,2025-09-05 23:17:00,63853.0,6.4,0
N7158,2025-09-05 23:18:00,37123.0,23.05,0
N7159,2025-09-05 23:19:00,45770.0,16.83,0
N7160,2025-09-05 23:20:00,327462.0,133.45,0
N7161,2025-09-05 23:21:00,76879.0,59.88,0
N7162,2025-09-05 23:22:00,22750.0,52.82,0
N7163,2025-09-05 23:23:00,61299.0,26.52,0
N7164,2025-09-05 23:24:00,226638.0,22.22,0
N7165,2025-09-05 23:25:00,30084.0,10.43,0
N7166,2025-09-05 23:26:00,59837.0,6.39,0
N7167,2025-09-05 23:27:00,95031.0,65.9,0
N7168,2025-09-05 23:28:00,238564.0,5.18,0
N7169,2025-09-05 23:29:00,80879.0,17.73,0
N7170,2025-09-05 23:30:00,70855.0,4.47,0
N7171,2025-09-05 23:31:00,164115.0,14.01,0
N7172,2025-09-05 23:32:00,1562388.0,11.23,0
N7173,2025-09-05 23:33:00,290456.0,41.87,0
N7174,2025-09-05 23:34:00,78228.0,4.84,0
N7175,2025-09-05 23:35:00,152477.0,0.9,0
N7176,2025-09-05 23:36:00,249588.0,31.47,0
N7177,2025-09-05 23:37:00,76502.0,65.46,0
N7178,2025-09-05 23:38:00,138798.0,9.88,0
N7179,2025-09-05 23:39:00,338524.0,21.94,0
N7180,2025-09-05 23:40:00,28856.0,14.76,0
N7181,2025-09-05 23:41:00,176336.0,12.85,0
N7182,2025-09-05 23:42:00,27969.0,41.01,0
N7183,2025-09-05 23:43:00,158436.0,36.98,0
N7184,2025-09-05 23:44:00,42940.0,46.17,0
N7185,2025-09-05 23:45:00,83958.0,19.93,0
N7186,2025-09-05 23:46:00,283022.0,24.53,0
N7187,2025-09-05 23:47:00,220660.0,20.92,0
N7188,2025-09-05 23:48:00,62874.0,30.1,0
N7189,2025-09-05 23:49:00,27786.0,16.58,0
N7190,2025-09-05 23:50:00,176347.0,3.92,0
N7191,2025-09-05 23:51:00,64398.0,23.46,0
N7192,2025-09-05 23:52:00,215233.0,28.32,0
N7193,2025-09-05 23:53:00,108383.0,25.47,0
N7194,2025-09-05 23:54:00,958930.0,79.14,0
N7195,2025-09-05 23:55:00,114921.0,43.93,0
N7196,2025-09-05 23:56:00,104440.0,55.67,0
N7197,2025-09-05 23:57:00,464248.0,5.15,0
N7198,2025-09-05 23:58:00,187758.0,43.83,0
N7199,2025-09-05 23:59:00,126209.0,16.57,0
N7200,2025-09-06 00:00:00,35712.0,6.49,0
N7201,2025-09-06 00:01:00,137879.0,69.85,0
N7202,2025-09-06 00:02:00,114228.0,3.6,0
N7203,2025-09-06 00:03:00,112977.0,2.87,0
N7204,2025-09-06 00:04:00,128542.0,14.36,0
N7205,2025-09-06 00:05:00,328946.0,524.04,0
N7206,2025-09-06 00:06:00,231854.0,24.68,0
N7207,2025-09-06 00:07:00,33911.0,63.82,0
N7208,2025-09-06 00:08:00,70994.0,23.51,0
N7209,2025-09-06 00:09:00,209199.0,7.38,0
N7210,2025-09-06 00:10:00,137500.0,54.74,0
N7211,2025-09-06 00:11:00,178446.0,4.98,0
N7212,2025-09-06 00:12:00,57830.0,37.33,0
N7213,2025-09-06 00:13:00,566903.0,1.56,0
N7214,2025-09-06 00:14:00,230803.0,5.18,0
N7215,2025-09-06 00:15:00,785869.0,143.66,0
N7216,2025-09-06 00:16:00,808440.0,142.61,0
N7217,2025-09-06 00:17:00,110503.0,6.61,0
N7218,2025-09-06 00:18:00,51182.0,48.49,0
N7219,2025-09-06 00:19:00,246761.0,64.25,0
N7220,2025-09-06 00:20:00,436747.0,39.37,0
N7221,2025-09-06 00:21:00,541352.0,18.61,0
N7222,2025-09-06 00:22:00,346835.0,1.96,0
N7223,2025-09-06 00:23:00,439618.0,146.35,0
N7224,2025-09-06 00:24:00,96222.0,8.91,0
N7225,2025-09-06 00:25:00,348783.0,62.76,0
N7226,2025-09-06 00:26:00,127564.0,73.18,0
N7227,2025-09-06 00:27:00,161259.0,13.35,0
N7228,2025-09-06 00:28:00,532862.0,28.9,0
N7229,2025-09-06 00:29:00,297687.0,24.64,0
N7230,2025-09-06 00:30:00,56211.0,6.79,0
N7231,2025-09-06 00:31:00,595162.0,19.03,0
N7232,2025-09-06 00:32:00,213348.0,32.17,0
N7233,2025-09-06 00:33:00,137061.0,114.46,0
N7234,2025-09-06 00:34:00,36111.0,125.87,0
N7235,2025-09-06 00:35:00,104265.0,5.13,0
N7236,2025-09-06 00:36:00,301688.0,69.54,0
N7237,2025-09-06 00:37:00,168150.0,1.68,0
N7238,2025-09-06 00:38:00,94722.0,14.64,0
N7239,2025-09-06 00:39:00,198322.0,4.81,0
N7240,2025-09-06 00:40:00,144737.0,62.39,0
N7241,2025-09-06 00:41:00,1101941.0,35.9,0
N7242,2025-09-06 00:42:00,96567.0,2.92,0
N7243,2025-09-06 00:43:00,153903.0,7.67,0
N7244,2025-09-06 00:44:00,150262.0,24.45,0
N7245,2025-09-06 00:45:00,208500.0,17.91,0
N7246,2025-09-06 00:46:00,132060.0,13.38,0
N7247,2025-09-06 00:47:00,208202.0,14.32,0
N7248,2025-09-06 00:48:00,234512.0,3.05,0
N7249,2025-09-06 00:49:00,498241.0,112.71,0
N7250,2025-09-06 00:50:00,10873.0,75.52,0
N7251,2025-09-06 00:51:00,26230.0,51.14,0
N7252,2025-09-06 00:52:00,44942.0,19.99,0
N7253,2025-09-06 00:53:00,302683.0,29.92,0
N7254,2025-09-06 00:54:00,178332.0,107.6,0
N7255,2025-09-06 00:55:00,262964.0,10.34,0
N7256,2025-09-06 00:56:00,268807.0,16.9,0
N7257,2025-09-06 00:57:00,86356.0,1.85,0
N7258,2025-09-06 00:58:00,431892.0,24.16,0
N7259,2025-09-06 00:59:00,257435.0,21.05,0
N7260,2025-09-06 01:00:00,374693.0,11.19,0
N7261,2025-09-06 01:01:00,73362.0,39.34,0
N7262,2025-09-06 01:02:00,46320.0,29.85,0
N7263,2025-09-06 01:03:00,63846.0,99.79,0
N7264,2025-09-06 01:04:00,178341.0,5.75,0
N7265,2025-09-06 01:05:00,30523.0,10.25,0
N7266,2025-09-06 01:06:00,215984.0,52.69,0
N7267,2025-09-06 01:07:00,868557.0,16.8,0
N7268,2025-09-06 01:08:00,200672.0,19.2,0
N7269,2025-09-06 01:09:00,208846.0,317.27,0
N7270,2025-09-06 01:10:00,131891.0,4.52,0
N7271,2025-09-06 01:11:00,138080.0,18.02,0
N7272,2025-09-06 01:12:00,170436.0,8.05,0
N7273,2025-09-06 01:13:00,68388.0,65.02,0
N7274,2025-09-06 01:14:00,72034.0,9.85,0
N7275,2025-09-06 01:15:00,95286.0,30.35,0
N7276,2025-09-06 01:16:00,179462.0,48.86,0
N7277,2025-09-06 01:17:00,37654.0,48.83,0
N7278,2025-09-06 01:18:00,43159.0,27.04,0
N7279,2025-09-06 01:19:00,34879.0,19.18,0
N7280,2025-09-06 01:20:00,52103.0,7.83,0
N7281,2025-09-06 01:21:00,176290.0,19.65,0
N7282,2025-09-06 01:22:00,60543.0,24.83,0
N7283,2025-09-06 01:23:00,208499.0,37.19,0
N7284,2025-09-06 01:24:00,4702559.0,16.84,0
N7285,2025-09-06 01:25:00,392551.0,177.25,0
N7286,2025-09-06 01:26:00,685380.0,16.57,0
N7287,2025-09-06 01:27:00,51538.0,81.81,0
N7288,2025-09-06 01:28:00,1357924.0,430.56,0
N7289,2025-09-06 01:29:00,911798.0,175.56,0
N7290,2025-09-06 01:30:00,46956.0,48.51,0
N7291,2025-09-06 01:31:00,47389.0,14.3,0
N7292,2025-09-06 01:32:00,311189.0,98.78,0
N7293,2025-09-06 01:33:00,88785.0,5.67,0
N7294,2025-09-06 01:34:00,294630.0,7.42,0
N7295,2025-09-06 01:35:00,163807.0,32.26,0
N7296,2025-09-06 01:36:00,424991.0,28.99,0
N7297,2025-09-06 01:37:00,684438.0,26.01,0
N7298,2025-09-06 01:38:00,174488.0,64.3,0
N7299,2025-09-06 01:39:00,317258.0,11.68,0
N7300,2025-09-06 01:40:00,91689.0,110.83,0
N7301,2025-09-06 01:41:00,168030.0,46.25,0
N7302,2025-09-06 01:42:00,292947.0,10.93,0
N7303,2025-09-06 01:43:00,38016.0,87.43,0
N7304,2025-09-06 01:44:00,93108.0,71.92,0
N7305,2025-09-06 01:45:00,438815.0,30.17,0
N7306,2025-09-06 01:46:00,145533.0,5.17,0
N7307,2025-09-06 01:47:00,8993.0,3.56,0
N7308,2025-09-06 01:48:00,224579.0,21.02,0
N7309,2025-09-06 01:49:00,160397.0,4.07,0
N7310,2025-09-06 01:50:00,124365.0,129.88,0
N7311,2025-09-06 01:51:00,322808.0,269.86,0
N7312,2025-09-06 01:52:00,1838376.0,8.15,0
N7313,2025-09-06 01:53:00,215682.0,163.96,0
N7314,2025-09-06 01:54:00,80078.0,28.39,0
N7315,2025-09-06 01:55:00,113362.0,18.39,0
N7316,2025-09-06 01:56:00,260911.0,99.12,0
N7317,2025-09-06 01:57:00,42254.0,55.45,0
N7318,2025-09-06 01:58:00,466865.0,11.93,0
N7319,2025-09-06 01:59:00,64611.0,38.73,0
N7320,2025-09-06 02:00:00,49440.0,54.4,0
N7321,2025-09-06 02:01:00,77899.0,347.29,0
N7322,2025-09-06 02:02:00,198515.0,40.42,0
N7323,2025-09-06 02:03:00,117914.0,32.74,0
N7324,2025-09-06 02:04:00,97156.0,58.8,0
N7325,2025-09-06 02:05:00,288159.0,9.53,0
N7326,2025-09-06 02:06:00,293481.0,48.76,0
N7327,2025-09-06 02:07:00,96695.0,6.11,0
N7328,2025-09-06 02:08:00,86051.0,351.18,0
N7329,2025-09-06 02:09:00,258232.0,27.7,0
N7330,2025-09-06 02:10:00,307107.0,19.12,0
N7331,2025-09-06 02:11:00,452748.0,195.52,0
N7332,2025-09-06 02:12:00,692523.0,8.12,0
N7333,2025-09-06 02:13:00,96493.0,9.38,0
N7334,2025-09-06 02:14:00,196628.0,16.15,0
N7335,2025-09-06 02:15:00,97872.0,11.74,0
N7336,2025-09-06 02:16:00,160184.0,148.89,0
N7337,2025-09-06 02:17:00,120092.0,5.73,0
N7338,2025-09-06 02:18:00,1021832.0,33.78,0
N7339,2025-09-06 02:19:00,321151.0,6.85,0
N7340,2025-09-06 02:20:00,492248.0,3.58,0
N7341,2025-09-06 02:21:00,718866.0,1.46,0
N7342,2025-09-06 02:22:00,66736.0,73.18,0
N7343,2025-09-06 02:23:00,271823.0,6.07,0
N7344,2025-09-06 02:24:00,216659.0,9.7,0
N7345,2025-09-06 02:25:00,156047.0,31.0,0
N7346,2025-09-06 02:26:00,248446.0,49.36,0
N7347,2025-09-06 02:27:00,232486.0,6.74,0
N7348,2025-09-06 02:28:00,10014.0,39.16,0
N7349,2025-09-06 02:29:00,987873.0,143.61,0
N7350,2025-09-06 02:30:00,291222.0,27.43,0
N7351,2025-09-06 02:31:00,36950.0,9.08,0
N7352,2025-09-06 02:32:00,419819.0,4.4,0
N7353,2025-09-06 02:33:00,273772.0,24.19,0
N7354,2025-09-06 02:34:00,221566.0,19.9,0
N7355,2025-09-06 02:35:00,601327.0,59.29,0
N7356,2025-09-06 02:36:00,150576.0,36.67,0
N7357,2025-09-06 02:37:00,102699.0,10.2,0
N7358,2025-09-06 02:38:00,85235.0,3.52,0
N7359,2025-09-06 02:39:00,78535.0,3.74,0
N7360,2025-09-06 02:40:00,248072.0,23.1,0
N7361,2025-09-06 02:41:00,497330.0,18.98,0
N7362,2025-09-06 02:42:00,553009.0,20.72,0
N7363,2025-09-06 02:43:00,91403.0,9.91,0
N7364,2025-09-06 02:44:00,169125.0,43.43,0
N7365,2025-09-06 02:45:00,258123.0,36.44,0
N7366,2025-09-06 02:46:00,88196.0,128.23,0
N7367,2025-09-06 02:47:00,39539.0,26.71,0
N7368,2025-09-06 02:48:00,432545.0,21.29,0
N7369,2025-09-06 02:49:00,269902.0,33.94,0
N7370,2025-09-06 02:50:00,196508.0,12.81,0
N7371,2025-09-06 02:51:00,138070.0,60.05,0
N7372,2025-09-06 02:52:00,680967.0,28.48,0
N7373,2025-09-06 02:53:00,269110.0,31.86,0
N7374,2025-09-06 02:54:00,344277.0,66.14,0
N7375,2025-09-06 02:55:00,87621.0,148.33,0
N7376,2025-09-06 02:56:00,162529.0,25.48,0
N7377,2025-09-06 02:57:00,564422.0,13.61,0
N7378,2025-09-06 02:58:00,257407.0,36.01,0
N7379,2025-09-06 02:59:00,154297.0,10.02,0
N7380,2025-09-06 03:00:00,47624.0,11.8,0
N7381,2025-09-06 03:01:00,918450.0,152.54,0
N7382,2025-09-06 03:02:00,45725.0,16.81,0
N7383,2025-09-06 03:03:00,332742.0,5.86,0
N7384,2025-09-06 03:04:00,245320.0,13.37,0
N7385,2025-09-06 03:05:00,929831.0,9.13,0
N7386,2025-09-06 03:06:00,209433.0,12.92,0
N7387,2025-09-06 03:07:00,259021.0,2.73,0
N7388,2025-09-06 03:08:00,505564.0,15.99,0
N7389,2025-09-06 03:09:00,145368.0,9.49,0
N7390,2025-09-06 03:10:00,18666.0,88.06,0
N7391,2025-09-06 03:11:00,591685.0,68.44,0
N7392,2025-09-06 03:12:00,323293.0,10.67,0
N7393,2025-09-06 03:13:00,410598.0,3.35,0
N7394,2025-09-06 03:14:00,106879.0,8.96,0
N7395,2025-09-06 03:15:00,214003.0,60.7,0
N7396,2025-09-06 03:16:00,17599.0,16.73,0
N7397,2025-09-06 03:17:00,944383.0,4.41,0
N7398,2025-09-06 03:18:00,393136.0,20.34,0
N7399,2025-09-06 03:19:00,310697.0,69.04,0
N7400,2025-09-06 03:20:00,301403.0,13.17,0
N7401,2025-09-06 03:21:00,306460.0,10.45,0
N7402,2025-09-06 03:22:00,617427.0,9.15,0
N7403,2025-09-06 03:23:00,496829.0,13.8,0
N7404,2025-09-06 03:24:00,177712.0,25.37,0
N7405,2025-09-06 03:25:00,74579.0,96.69,0
N7406,2025-09-06 03:26:00,250025.0,26.69,0
N7407,2025-09-06 03:27:00,100973.0,53.34,0
N7408,2025-09-06 03:28:00,359976.0,27.33,0
N7409,2025-09-06 03:29:00,144032.0,6.59,0
N7410,2025-09-06 03:30:00,142662.0,101.4,0
N7411,2025-09-06 03:31:00,31685.0,7.02,0
N7412,2025-09-06 03:32:00,252777.0,9.65,0
N7413,2025-09-06 03:33:00,448549.0,45.57,0
N7414,2025-09-06 03:34:00,316822.0,33.54,0
N7415,2025-09-06 03:35:00,209073.0,5.79,0
N7416,2025-09-06 03:36:00,257564.0,4.11,0
N7417,2025-09-06 03:37:00,269000.0,61.13,0
N7418,2025-09-06 03:38:00,195404.0,68.25,0
N7419,2025-09-06 03:39:00,209264.0,22.98,0
N7420,2025-09-06 03:40:00,370128.0,6.18,0
N7421,2025-09-06 03:41:00,48907.0,20.31,0
N7422,2025-09-06 03:42:00,531056.0,96.46,0
N7423,2025-09-06 03:43:00,902525.0,29.42,0
N7424,2025-09-06 03:44:00,652609.0,9.33,0
N7425,2025-09-06 03:45:00,7083.0,51.96,0
N7426,2025-09-06 03:46:00,119580.0,208.79,0
N7427,2025-09-06 03:47:00,17951.0,257.26,0
N7428,2025-09-06 03:48:00,576521.0,37.8,0
N7429,2025-09-06 03:49:00,853677.0,18.88,0
N7430,2025-09-06 03:50:00,38145.0,3.35,0
N7431,2025-09-06 03:51:00,220567.0,8.27,0
N7432,2025-09-06 03:52:00,529458.0,93.56,0
N7433,2025-09-06 03:53:00,51385.0,51.42,0
N7434,2025-09-06 03:54:00,19980.0,24.88,0
N7435,2025-09-06 03:55:00,103533.0,7.43,0
N7436,2025-09-06 03:56:00,45336.0,49.88,0
N7437,2025-09-06 03:57:00,90197.0,41.83,0
N7438,2025-09-06 03:58:00,37275.0,37.23,0
N7439,2025-09-06 03:59:00,96855.0,8.11,0
N7440,2025-09-06 04:00:00,30676.0,8.92,0
N7441,2025-09-06 04:01:00,1103907.0,4.22,0
N7442,2025-09-06 04:02:00,58845.0,1.43,0
N7443,2025-09-06 04:03:00,137228.0,10.58,0
N7444,2025-09-06 04:04:00,207307.0,26.2,0
N7445,2025-09-06 04:05:00,55116.0,11.44,0
N7446,2025-09-06 04:06:00,251663.0,77.16,0
N7447,2025-09-06 04:07:00,88627.0,4.27,0
N7448,2025-09-06 04:08:00,516828.0,97.64,0
N7449,2025-09-06 04:09:00,74954.0,54.71,0
N7450,2025-09-06 04:10:00,65861.0,4.49,0
N7451,2025-09-06 04:11:00,2426386.0,444.71,0
N7452,2025-09-06 04:12:00,457451.0,15.27,0
N7453,2025-09-06 04:13:00,223644.0,6.0,0
N7454,2025-09-06 04:14:00,78061.0,6.32,0
N7455,2025-09-06 04:15:00,40532.0,11.32,0
N7456,2025-09-06 04:16:00,450221.0,13.01,0
N7457,2025-09-06 04:17:00,89163.0,9.98,0
N7458,2025-09-06 04:18:00,26539.0,28.52,0
N7459,2025-09-06 04:19:00,492386.0,89.33,0
N7460,2025-09-06 04:20:00,133385.0,9.0,0
N7461,2025-09-06 04:21:00,54439.0,27.76,0
N7462,2025-09-06 04:22:00,94926.0,73.75,0
N7463,2025-09-06 04:23:00,55180.0,10.87,0
N7464,2025-09-06 04:24:00,120858.0,8.66,0
N7465,2025-09-06 04:25:00,261632.0,24.65,0
N7466,2025-09-06 04:26:00,28543.0,0.43,0
N7467,2025-09-06 04:27:00,278453.0,18.55,0
N7468,2025-09-06 04:28:00,484523.0,230.09,0
N7469,2025-09-06 04:29:00,103075.0,11.8,0
N7470,2025-09-06 04:30:00,293876.0,147.09,0
N7471,2025-09-06 04:31:00,229757.0,32.82,0
N7472,2025-09-06 04:32:00,478149.0,15.29,0
N7473,2025-09-06 04:33:00,49480.0,26.49,0
N7474,2025-09-06 04:34:00,244355.0,34.28,0
N7475,2025-09-06 04:35:00,761998.0,9.38,0
N7476,2025-09-06 04:36:00,59689.0,3.48,0
N7477,2025-09-06 04:37:00,19466.0,14.49,0
N7478,2025-09-06 04:38:00,72853.0,8.68,0
N7479,2025-09-06 04:39:00,1344016.0,41.97,0
N7480,2025-09-06 04:40:00,155486.0,45.43,0
N7481,2025-09-06 04:41:00,118472.0,11.8,0
N7482,2025-09-06 04:42:00,40721.0,37.66,0
N7483,2025-09-06 04:43:00,173799.0,33.3,0
N7484,2025-09-06 04:44:00,218710.0,1.37,0
N7485,2025-09-06 04:45:00,206720.0,64.12,0
N7486,2025-09-06 04:46:00,308294.0,3.89,0
N7487,2025-09-06 04:47:00,90908.0,15.19,0
N7488,2025-09-06 04:48:00,238582.0,137.79,0
N7489,2025-09-06 04:49:00,213296.0,54.72,0
N7490,2025-09-06 04:50:00,545617.0,4.08,0
N7491,2025-09-06 04:51:00,259737.0,21.81,0
N7492,2025-09-06 04:52:00,438421.0,21.17,0
N7493,2025-09-06 04:53:00,572100.0,27.87,0
N7494,2025-09-06 04:54:00,558082.0,3.89,0
N7495,2025-09-06 04:55:00,37675.0,277.07,0
N7496,2025-09-06 04:56:00,770242.0,33.98,0
N7497,2025-09-06 04:57:00,135091.0,23.44,0
N7498,2025-09-06 04:58:00,98262.0,62.62,0
N7499,2025-09-06 04:59:00,299596.0,16.07,0
N7500,2025-09-06 05:00:00,70673.0,42.33,0
N7501,2025-09-06 05:01:00,184071.0,8.22,0
N7502,2025-09-06 05:02:00,134666.0,9.13,0
N7503,2025-09-06 05:03:00,262144.0,39.05,0
N7504,2025-09-06 05:04:00,336381.0,20.25,0
N7505,2025-09-06 05:05:00,128951.0,19.02,0
N7506,2025-09-06 05:06:00,380907.0,31.26,0
N7507,2025-09-06 05:07:00,46249.0,4.94,0
N7508,2025-09-06 05:08:00,318349.0,0.88,0
N7509,2025-09-06 05:09:00,107095.0,14.6,0
N7510,2025-09-06 05:10:00,267341.0,3.9,0
N7511,2025-09-06 05:11:00,213779.0,30.84,0
N7512,2025-09-06 05:12:00,118686.0,75.84,0
N7513,2025-09-06 05:13:00,105037.0,15.95,0
N7514,2025-09-06 05:14:00,3304440.0,3.68,0
N7515,2025-09-06 05:15:00,251434.0,17.22,0
N7516,2025-09-06 05:16:00,22531.0,7.21,0
N7517,2025-09-06 05:17:00,68231.0,79.31,0
N7518,2025-09-06 05:18:00,977379.0,20.24,0
N7519,2025-09-06 05:19:00,160829.0,85.2,0
N7520,2025-09-06 05:20:00,87903.0,7.53,0
N7521,2025-09-06 05:21:00,16634.0,19.57,0
N7522,2025-09-06 05:22:00,195764.0,8.07,0
N7523,2025-09-06 05:23:00,241807.0,36.07,0
N7524,2025-09-06 05:24:00,123490.0,14.07,0
N7525,2025-09-06 05:25:00,103963.0,8.45,0
N7526,2025-09-06 05:26:00,70320.0,3.68,0
N7527,2025-09-06 05:27:00,235963.0,54.98,0
N7528,2025-09-06 05:28:00,55989.0,42.26,0
N7529,2025-09-06 05:29:00,277123.0,10.28,0
N7530,2025-09-06 05:30:00,44906.0,8.17,0
N7531,2025-09-06 05:31:00,150764.0,35.95,0
N7532,2025-09-06 05:32:00,72253.0,90.65,0
N7533,2025-09-06 05:33:00,2186613.0,0.27,0
N7534,2025-09-06 05:34:00,285080.0,78.12,0
N7535,2025-09-06 05:35:00,123841.0,29.37,0
N7536,2025-09-06 05:36:00,62243.0,36.43,0
N7537,2025-09-06 05:37:00,45743.0,11.91,0
N7538,2025-09-06 05:38:00,165130.0,6.06,0
N7539,2025-09-06 05:39:00,414337.0,29.14,0
N7540,2025-09-06 05:40:00,298000.0,2.78,0
N7541,2025-09-06 05:41:00,150738.0,96.29,0
N7542,2025-09-06 05:42:00,129965.0,36.23,0
N7543,2025-09-06 05:43:00,502494.0,5.87,0
N7544,2025-09-06 05:44:00,69788.0,40.8,0
N7545,2025-09-06 05:45:00,1784860.0,3.33,0
N7546,2025-09-06 05:46:00,55831.0,42.47,0
N7547,2025-09-06 05:47:00,38822.0,51.24,0
N7548,2025-09-06 05:48:00,1764095.0,21.34,0
N7549,2025-09-06 05:49:00,199525.0,40.36,0
N7550,2025-09-06 05:50:00,155458.0,6.21,0
N7551,2025-09-06 05:51:00,430033.0,0.97,0
N7552,2025-09-06 05:52:00,51962.0,47.81,0
N7553,2025-09-06 05:53:00,548489.0,67.46,0
N7554,2025-09-06 05:54:00,68491.0,91.18,0
N7555,2025-09-06 05:55:00,138640.0,16.49,0
N7556,2025-09-06 05:56:00,128880.0,5.88,0
N7557,2025-09-06 05:57:00,38486.0,1.08,0
N7558,2025-09-06 05:58:00,343072.0,1068.58,0
N7559,2025-09-06 05:59:00,619064.0,45.41,0
N7560,2025-09-06 06:00:00,102897.0,32.94,0
N7561,2025-09-06 06:01:00,63757.0,9.12,0
N7562,2025-09-06 06:02:00,210429.0,25.67,0
N7563,2025-09-06 06:03:00,42821.0,25.38,0
N7564,2025-09-06 06:04:00,25456.0,12.23,0
N7565,2025-09-06 06:05:00,145310.0,30.24,0
N7566,2025-09-06 06:06:00,461516.0,20.25,0
N7567,2025-09-06 06:07:00,861376.0,136.78,0
N7568,2025-09-06 06:08:00,227274.0,2.75,0
N7569,2025-09-06 06:09:00,185500.0,12.2,0
N7570,2025-09-06 06:10:00,247911.0,22.13,0
N7571,2025-09-06 06:11:00,125440.0,21.69,0
N7572,2025-09-06 06:12:00,43264.0,0.75,0
N7573,2025-09-06 06:13:00,73153.0,15.8,0
N7574,2025-09-06 06:14:00,81807.0,38.01,0
N7575,2025-09-06 06:15:00,184887.0,0.72,0
N7576,2025-09-06 06:16:00,512692.0,96.54,0
N7577,2025-09-06 06:17:00,2400779.0,46.15,0
N7578,2025-09-06 06:18:00,24259.0,297.34,0
N7579,2025-09-06 06:19:00,52410.0,6.64,0
N7580,2025-09-06 06:20:00,449045.0,6.94,0
N7581,2025-09-06 06:21:00,1498160.0,4.8,0
N7582,2025-09-06 06:22:00,547830.0,13.28,0
N7583,2025-09-06 06:23:00,92562.0,13.05,0
N7584,2025-09-06 06:24:00,406652.0,1.75,0
N7585,2025-09-06 06:25:00,170976.0,5.93,0
N7586,2025-09-06 06:26:00,34554.0,51.26,0
N7587,2025-09-06 06:27:00,64105.0,7.82,0
N7588,2025-09-06 06:28:00,335413.0,134.68,0
N7589,2025-09-06 06:29:00,205846.0,3.36,0
N7590,2025-09-06 06:30:00,94680.0,42.62,0
N7591,2025-09-06 06:31:00,117537.0,7.36,0
N7592,2025-09-06 06:32:00,74237.0,27.53,0
N7593,2025-09-06 06:33:00,101482.0,21.45,0
N7594,2025-09-06 06:34:00,51205.0,38.5,0
N7595,2025-09-06 06:35:00,121339.0,1.71,0
N7596,2025-09-06 06:36:00,172429.0,44.26,0
N7597,2025-09-06 06:37:00,113851.0,22.56,0
N7598,2025-09-06 06:38:00,90690.0,19.25,0
N7599,2025-09-06 06:39:00,77707.0,103.88,0
N7600,2025-09-06 06:40:00,335403.0,131.64,0
N7601,2025-09-06 06:41:00,53119.0,129.82,0
N7602,2025-09-06 06:42:00,30242.0,3.85,0
N7603,2025-09-06 06:43:00,64602.0,67.35,0
N7604,2025-09-06 06:44:00,46177.0,12.37,0
N7605,2025-09-06 06:45:00,333872.0,4.64,0
N7606,2025-09-06 06:46:00,231442.0,16.74,0
N7607,2025-09-06 06:47:00,28691.0,4.1,0
N7608,2025-09-06 06:48:00,405520.0,15.32,0
N7609,2025-09-06 06:49:00,65486.0,48.19,0
N7610,2025-09-06 06:50:00,46295.0,11.44,0
N7611,2025-09-06 06:51:00,43987.0,29.76,0
N7612,2025-09-06 06:52:00,32043.0,101.13,0
N7613,2025-09-06 06:53:00,174151.0,30.73,0
N7614,2025-09-06 06:54:00,1756114.0,184.07,0
N7615,2025-09-06 06:55:00,66321.0,32.6,0
N7616,2025-09-06 06:56:00,173662.0,4.36,0
N7617,2025-09-06 06:57:00,156644.0,9.7,0
N7618,2025-09-06 06:58:00,152025.0,19.3,0
N7619,2025-09-06 06:59:00,500134.0,27.0,0
N7620,2025-09-06 07:00:00,443459.0,64.79,0
N7621,2025-09-06 07:01:00,46610.0,5.96,0
N7622,2025-09-06 07:02:00,222332.0,14.74,0
N7623,2025-09-06 07:03:00,46453.0,30.12,0
N7624,2025-09-06 07:04:00,227357.0,30.13,0
N7625,2025-09-06 07:05:00,19213.0,182.57,0
N7626,2025-09-06 07:06:00,187625.0,2.5,0
N7627,2025-09-06 07:07:00,103746.0,42.22,0
N7628,2025-09-06 07:08:00,622074.0,28.84,0
N7629,2025-09-06 07:09:00,89302.0,28.5,0
N7630,2025-09-06 07:10:00,142908.0,136.8,0
N7631,2025-09-06 07:11:00,976012.0,9.66,0
N7632,2025-09-06 07:12:00,320811.0,3.84,0
N7633,2025-09-06 07:13:00,227378.0,3.23,0
N7634,2025-09-06 07:14:00,113513.0,10.47,0
N7635,2025-09-06 07:15:00,141117.0,28.19,0
N7636,2025-09-06 07:16:00,34908.0,21.17,0
N7637,2025-09-06 07:17:00,54536.0,147.39,0
N7638,2025-09-06 07:18:00,114717.0,4.48,0
N7639,2025-09-06 07:19:00,353089.0,21.51,0
N7640,2025-09-06 07:20:00,421003.0,6.84,0
N7641,2025-09-06 07:21:00,41576.0,7.65,0
N7642,2025-09-06 07:22:00,46940.0,37.04,0
N7643,2025-09-06 07:23:00,142771.0,64.1,0
N7644,2025-09-06 07:24:00,185504.0,19.03,0
N7645,2025-09-06 07:25:00,159067.0,8.06,0
N7646,2025-09-06 07:26:00,130967.0,5.19,0
N7647,2025-09-06 07:27:00,89208.0,14.18,0
N7648,2025-09-06 07:28:00,201581.0,16.06,0
N7649,2025-09-06 07:29:00,37921.0,53.1,0
N7650,2025-09-06 07:30:00,1379595.0,4.34,0
N7651,2025-09-06 07:31:00,418938.0,188.85,0
N7652,2025-09-06 07:32:00,68530.0,603.57,0
N7653,2025-09-06 07:33:00,19010.0,24.8,0
N7654,2025-09-06 07:34:00,88523.0,26.11,0
N7655,2025-09-06 07:35:00,259836.0,26.68,0
N7656,2025-09-06 07:36:00,517539.0,40.39,0
N7657,2025-09-06 07:37:00,224092.0,7.15,0
N7658,2025-09-06 07:38:00,263798.0,24.35,0
N7659,2025-09-06 07:39:00,143885.0,16.78,0
N7660,2025-09-06 07:40:00,187463.0,12.07,0
N7661,2025-09-06 07:41:00,282567.0,66.16,0
N7662,2025-09-06 07:42:00,170113.0,7.67,0
N7663,2025-09-06 07:43:00,87937.0,63.38,0
N7664,2025-09-06 07:44:00,182162.0,32.94,0
N7665,2025-09-06 07:45:00,136050.0,69.5,0
N7666,2025-09-06 07:46:00,93280.0,17.7,0
N7667,2025-09-06 07:47:00,54875.0,12.12,0
N7668,2025-09-06 07:48:00,203300.0,18.64,0
N7669,2025-09-06 07:49:00,197965.0,64.84,0
N7670,2025-09-06 07:50:00,138281.0,116.19,0
N7671,2025-09-06 07:51:00,222115.0,56.1,0
N7672,2025-09-06 07:52:00,43171.0,1.62,0
N7673,2025-09-06 07:53:00,158015.0,76.96,0
N7674,2025-09-06 07:54:00,162830.0,20.98,0
N7675,2025-09-06 07:55:00,339393.0,20.99,0
N7676,2025-09-06 07:56:00,366625.0,1.11,0
N7677,2025-09-06 07:57:00,87536.0,8.69,0
N7678,2025-09-06 07:58:00,60561.0,45.29,0
N7679,2025-09-06 07:59:00,209431.0,5.4,0
N7680,2025-09-06 08:00:00,48069.0,0.94,0
N7681,2025-09-06 08:01:00,171531.0,18.14,0
N7682,2025-09-06 08:02:00,245773.0,5.68,0
N7683,2025-09-06 08:03:00,263900.0,37.3,0
N7684,2025-09-06 08:04:00,411052.0,61.58,0
N7685,2025-09-06 08:05:00,195602.0,23.49,0
N7686,2025-09-06 08:06:00,227582.0,14.65,0
N7687,2025-09-06 08:07:00,257190.0,9.82,0
N7688,2025-09-06 08:08:00,19526.0,22.25,0
N7689,2025-09-06 08:09:00,415696.0,8.01,0
N7690,2025-09-06 08:10:00,95047.0,23.97,0
N7691,2025-09-06 08:11:00,107821.0,70.46,0
N7692,2025-09-06 08:12:00,234160.0,16.06,0
N7693,2025-09-06 08:13:00,393378.0,25.18,0
N7694,2025-09-06 08:14:00,153603.0,35.9,0
N7695,2025-09-06 08:15:00,168087.0,10.45,0
N7696,2025-09-06 08:16:00,70463.0,21.45,0
N7697,2025-09-06 08:17:00,79878.0,8.55,0
N7698,2025-09-06 08:18:00,31506.0,7.1,0
N7699,2025-09-06 08:19:00,275621.0,44.13,0
N7700,2025-09-06 08:20:00,72393.0,5.1,0
N7701,2025-09-06 08:21:00,603571.0,19.46,0
N7702,2025-09-06 08:22:00,1003998.0,14.14,0
N7703,2025-09-06 08:23:00,50406.0,7.52,0
N7704,2025-09-06 08:24:00,193883.0,30.5,0
N7705,2025-09-06 08:25:00,479392.0,3.25,0
N7706,2025-09-06 08:26:00,2279168.0,5.27,0
N7707,2025-09-06 08:27:00,1424241.0,6.67,0
N7708,2025-09-06 08:28:00,143691.0,4.52,0
N7709,2025-09-06 08:29:00,60946.0,9.8,0
N7710,2025-09-06 08:30:00,14708.0,20.87,0
N7711,2025-09-06 08:31:00,58405.0,19.12,0
N7712,2025-09-06 08:32:00,335831.0,23.61,0
N7713,2025-09-06 08:33:00,126387.0,13.08,0
N7714,2025-09-06 08:34:00,681146.0,20.17,0
N7715,2025-09-06 08:35:00,289991.0,94.87,0
N7716,2025-09-06 08:36:00,327326.0,2.09,0
N7717,2025-09-06 08:37:00,77018.0,27.7,0
N7718,2025-09-06 08:38:00,107533.0,14.85,0
N7719,2025-09-06 08:39:00,264593.0,12.39,0
N7720,2025-09-06 08:40:00,87803.0,7.17,0
N7721,2025-09-06 08:41:00,138612.0,1.79,0
N7722,2025-09-06 08:42:00,716021.0,19.52,0
N7723,2025-09-06 08:43:00,49669.0,4.46,0
N7724,2025-09-06 08:44:00,49135.0,45.78,0
N7725,2025-09-06 08:45:00,198921.0,7.31,0
N7726,2025-09-06 08:46:00,958111.0,9.09,0
N7727,2025-09-06 08:47:00,195942.0,12.19,0
N7728,2025-09-06 08:48:00,221301.0,38.05,0
N7729,2025-09-06 08:49:00,237252.0,47.05,0
N7730,2025-09-06 08:50:00,139394.0,42.91,0
N7731,2025-09-06 08:51:00,56848.0,9.61,0
N7732,2025-09-06 08:52:00,62268.0,44.81,0
N7733,2025-09-06 08:53:00,61494.0,3.57,0
N7734,2025-09-06 08:54:00,191812.0,40.5,0
N7735,2025-09-06 08:55:00,72613.0,31.09,0
N7736,2025-09-06 08:56:00,1060740.0,37.66,0
N7737,2025-09-06 08:57:00,126491.0,7.65,0
N7738,2025-09-06 08:58:00,389171.0,15.35,0
N7739,2025-09-06 08:59:00,150026.0,91.46,0
N7740,2025-09-06 09:00:00,25184.0,3.08,0
N7741,2025-09-06 09:01:00,164445.0,25.73,0
N7742,2025-09-06 09:02:00,139206.0,11.95,0
N7743,2025-09-06 09:03:00,70163.0,16.67,0
N7744,2025-09-06 09:04:00,236549.0,28.44,0
N7745,2025-09-06 09:05:00,144972.0,5.4,0
N7746,2025-09-06 09:06:00,436962.0,38.25,0
N7747,2025-09-06 09:07:00,75320.0,5.48,0
N7748,2025-09-06 09:08:00,67635.0,14.87,0
N7749,2025-09-06 09:09:00,70694.0,2.72,0
N7750,2025-09-06 09:10:00,82459.0,19.72,0
N7751,2025-09-06 09:11:00,149417.0,4.03,0
N7752,2025-09-06 09:12:00,365575.0,30.88,0
N7753,2025-09-06 09:13:00,328104.0,210.54,0
N7754,2025-09-06 09:14:00,3003400.0,12.31,0
N7755,2025-09-06 09:15:00,365181.0,6.26,0
N7756,2025-09-06 09:16:00,723094.0,13.22,0
N7757,2025-09-06 09:17:00,331027.0,26.65,0
N7758,2025-09-06 09:18:00,75009.0,4.7,0
N7759,2025-09-06 09:19:00,194598.0,16.07,0
N7760,2025-09-06 09:20:00,120281.0,201.03,0
N7761,2025-09-06 09:21:00,86995.0,41.64,0
N7762,2025-09-06 09:22:00,234902.0,6.19,0
N7763,2025-09-06 09:23:00,273691.0,23.92,0
N7764,2025-09-06 09:24:00,277297.0,13.51,0
N7765,2025-09-06 09:25:00,367795.0,9.88,0
N7766,2025-09-06 09:26:00,205750.0,6.48,0
N7767,2025-09-06 09:27:00,280518.0,188.37,0
N7768,2025-09-06 09:28:00,288543.0,1.11,0
N7769,2025-09-06 09:29:00,175063.0,58.35,0
N7770,2025-09-06 09:30:00,182982.0,10.74,0
N7771,2025-09-06 09:31:00,147647.0,109.58,0
N7772,2025-09-06 09:32:00,336933.0,4.34,0
N7773,2025-09-06 09:33:00,479772.0,38.16,0
N7774,2025-09-06 09:34:00,65617.0,71.21,0
N7775,2025-09-06 09:35:00,262028.0,22.55,0
N7776,2025-09-06 09:36:00,19471.0,28.38,0
N7777,2025-09-06 09:37:00,287526.0,7.24,0
N7778,2025-09-06 09:38:00,507983.0,9.28,0
N7779,2025-09-06 09:39:00,207425.0,12.68,0
N7780,2025-09-06 09:40:00,672103.0,27.46,0
N7781,2025-09-06 09:41:00,211914.0,3.78,0
N7782,2025-09-06 09:42:00,25183.0,1.98,0
N7783,2025-09-06 09:43:00,59927.0,6.97,0
N7784,2025-09-06 09:44:00,137226.0,36.97,0
N7785,2025-09-06 09:45:00,919373.0,8.59,0
N7786,2025-09-06 09:46:00,66151.0,9.7,0
N7787,2025-09-06 09:47:00,59629.0,30.44,0
N7788,2025-09-06 09:48:00,1651587.0,20.2,0
N7789,2025-09-06 09:49:00,177152.0,25.86,0
N7790,2025-09-06 09:50:00,202937.0,33.52,0
N7791,2025-09-06 09:51:00,403035.0,12.41,0
N7792,2025-09-06 09:52:00,131413.0,4.78,0
N7793,2025-09-06 09:53:00,282167.0,3.17,0
N7794,2025-09-06 09:54:00,78762.0,2.73,0
N7795,2025-09-06 09:55:00,384381.0,45.1,0
N7796,2025-09-06 09:56:00,247402.0,2.77,0
N7797,2025-09-06 09:57:00,107026.0,46.87,0
N7798,2025-09-06 09:58:00,308978.0,10.48,0
N7799,2025-09-06 09:59:00,424669.0,32.83,0
N7800,2025-09-06 10:00:00,807091.0,36.2,0
N7801,2025-09-06 10:01:00,1539771.0,16.71,0
N7802,2025-09-06 10:02:00,103775.0,31.72,0
N7803,2025-09-06 10:03:00,116597.0,28.61,0
N7804,2025-09-06 10:04:00,70847.0,72.6,0
N7805,2025-09-06 10:05:00,70976.0,3.81,0
N7806,2025-09-06 10:06:00,156963.0,24.76,0
N7807,2025-09-06 10:07:00,295440.0,10.82,0
N7808,2025-09-06 10:08:00,107123.0,9.66,0
N7809,2025-09-06 10:09:00,1483475.0,10.66,0
N7810,2025-09-06 10:10:00,489849.0,92.68,0
N7811,2025-09-06 10:11:00,58986.0,3.73,0
N7812,2025-09-06 10:12:00,100180.0,16.35,0
N7813,2025-09-06 10:13:00,70071.0,8.95,0
N7814,2025-09-06 10:14:00,202404.0,55.76,0
N7815,2025-09-06 10:15:00,266043.0,6.0,0
N7816,2025-09-06 10:16:00,2232038.0,14.38,0
N7817,2025-09-06 10:17:00,175733.0,61.38,0
N7818,2025-09-06 10:18:00,72434.0,62.56,0
N7819,2025-09-06 10:19:00,151821.0,16.3,0
N7820,2025-09-06 10:20:00,172718.0,20.01,0
N7821,2025-09-06 10:21:00,342142.0,42.01,0
N7822,2025-09-06 10:22:00,834946.0,17.85,0
N7823,2025-09-06 10:23:00,333199.0,7.81,0
N7824,2025-09-06 10:24:00,144535.0,3.51,0
N7825,2025-09-06 10:25:00,253980.0,24.99,0
N7826,2025-09-06 10:26:00,517368.0,5.21,0
N7827,2025-09-06 10:27:00,232910.0,26.68,0
N7828,2025-09-06 10:28:00,191448.0,5.57,0
N7829,2025-09-06 10:29:00,210861.0,25.88,0
N7830,2025-09-06 10:30:00,249302.0,9.7,0
N7831,2025-09-06 10:31:00,46004.0,8.28,0
N7832,2025-09-06 10:32:00,151800.0,233.19,0
N7833,2025-09-06 10:33:00,97852.0,13.95,0
N7834,2025-09-06 10:34:00,149683.0,98.48,0
N7835,2025-09-06 10:35:00,30791.0,2.36,0
N7836,2025-09-06 10:36:00,526740.0,8.13,0
N7837,2025-09-06 10:37:00,122523.0,84.86,0
N7838,2025-09-06 10:38:00,119238.0,10.38,0
N7839,2025-09-06 10:39:00,369522.0,42.56,0
N7840,2025-09-06 10:40:00,402828.0,2.56,0
N7841,2025-09-06 10:41:00,373521.0,18.11,0
N7842,2025-09-06 10:42:00,1651110.0,10.68,0
N7843,2025-09-06 10:43:00,795452.0,35.92,0
N7844,2025-09-06 10:44:00,261602.0,5.95,0
N7845,2025-09-06 10:45:00,129382.0,6.41,0
N7846,2025-09-06 10:46:00,307020.0,36.65,0
N7847,2025-09-06 10:47:00,518772.0,19.05,0
N7848,2025-09-06 10:48:00,640137.0,76.15,0
N7849,2025-09-06 10:49:00,714438.0,4.62,0
N7850,2025-09-06 10:50:00,125945.0,36.17,0
N7851,2025-09-06 10:51:00,96264.0,14.36,0
N7852,2025-09-06 10:52:00,1128681.0,2.86,0
N7853,2025-09-06 10:53:00,113050.0,20.21,0
N7854,2025-09-06 10:54:00,402636.0,7.03,0
N7855,2025-09-06 10:55:00,890384.0,13.35,0
N7856,2025-09-06 10:56:00,199911.0,2.07,0
N7857,2025-09-06 10:57:00,213667.0,3.93,0
N7858,2025-09-06 10:58:00,159591.0,64.17,0
N7859,2025-09-06 10:59:00,226175.0,40.73,0
N7860,2025-09-06 11:00:00,90606.0,7.67,0
N7861,2025-09-06 11:01:00,495741.0,33.82,0
N7862,2025-09-06 11:02:00,32271.0,4.75,0
N7863,2025-09-06 11:03:00,568911.0,4.76,0
N7864,2025-09-06 11:04:00,182777.0,10.84,0
N7865,2025-09-06 11:05:00,1087891.0,13.72,0
N7866,2025-09-06 11:06:00,15898.0,4.05,0
N7867,2025-09-06 11:07:00,536315.0,13.22,0
N7868,2025-09-06 11:08:00,79503.0,52.85,0
N7869,2025-09-06 11:09:00,188247.0,68.22,0
N7870,2025-09-06 11:10:00,301283.0,6.86,0
N7871,2025-09-06 11:11:00,126381.0,11.52,0
N7872,2025-09-06 11:12:00,307172.0,4.09,0
N7873,2025-09-06 11:13:00,272793.0,15.29,0
N7874,2025-09-06 11:14:00,146998.0,1.51,0
N7875,2025-09-06 11:15:00,324219.0,34.75,0
N7876,2025-09-06 11:16:00,72631.0,26.84,0
N7877,2025-09-06 11:17:00,135856.0,21.13,0
N7878,2025-09-06 11:18:00,117214.0,38.16,0
N7879,2025-09-06 11:19:00,52485.0,4.13,0
N7880,2025-09-06 11:20:00,139749.0,63.44,0
N7881,2025-09-06 11:21:00,654305.0,34.89,0
N7882,2025-09-06 11:22:00,69527.0,11.67,0
N7883,2025-09-06 11:23:00,25547.0,75.82,0
N7884,2025-09-06 11:24:00,40120.0,28.07,0
N7885,2025-09-06 11:25:00,39499.0,22.88,0
N7886,2025-09-06 11:26:00,281204.0,17.84,0
N7887,2025-09-06 11:27:00,95864.0,29.21,0
N7888,2025-09-06 11:28:00,774563.0,48.4,0
N7889,2025-09-06 11:29:00,1049210.0,1.56,0
N7890,2025-09-06 11:30:00,112816.0,3.94,0
N7891,2025-09-06 11:31:00,154641.0,19.79,0
N7892,2025-09-06 11:32:00,470911.0,18.41,0
N7893,2025-09-06 11:33:00,206573.0,5.55,0
N7894,2025-09-06 11:34:00,228708.0,33.53,0
N7895,2025-09-06 11:35:00,366217.0,2.11,0
N7896,2025-09-06 11:36:00,25707.0,56.56,0
N7897,2025-09-06 11:37:00,35948.0,48.42,0
N7898,2025-09-06 11:38:00,49719.0,9.13,0
N7899,2025-09-06 11:39:00,235204.0,16.62,0
N7900,2025-09-06 11:40:00,183987.0,9.85,0
N7901,2025-09-06 11:41:00,126662.0,12.88,0
N7902,2025-09-06 11:42:00,451295.0,45.15,0
N7903,2025-09-06 11:43:00,65509.0,37.81,0
N7904,2025-09-06 11:44:00,84844.0,19.89,0
N7905,2025-09-06 11:45:00,115873.0,2.07,0
N7906,2025-09-06 11:46:00,316571.0,158.88,0
N7907,2025-09-06 11:47:00,1348027.0,31.58,0
N7908,2025-09-06 11:48:00,104320.0,13.29,0
N7909,2025-09-06 11:49:00,400680.0,121.47,0
N7910,2025-09-06 11:50:00,131488.0,6.11,0
N7911,2025-09-06 11:51:00,392156.0,6.47,0
N7912,2025-09-06 11:52:00,330234.0,138.49,0
N7913,2025-09-06 11:53:00,1011269.0,29.43,0
N7914,2025-09-06 11:54:00,42572.0,21.56,0
N7915,2025-09-06 11:55:00,158531.0,31.72,0
N7916,2025-09-06 11:56:00,95195.0,38.8,0
N7917,2025-09-06 11:57:00,359203.0,11.01,0
N7918,2025-09-06 11:58:00,75889.0,3.67,0
N7919,2025-09-06 11:59:00,393067.0,90.64,0
N7920,2025-09-06 12:00:00,128301.0,27.25,0
N7921,2025-09-06 12:01:00,1236696.0,54.64,0
N7922,2025-09-06 12:02:00,833674.0,6.67,0
N7923,2025-09-06 12:03:00,179200.0,30.28,0
N7924,2025-09-06 12:04:00,164575.0,1.96,0
N7925,2025-09-06 12:05:00,210598.0,7.64,0
N7926,2025-09-06 12:06:00,276253.0,16.43,0
N7927,2025-09-06 12:07:00,348455.0,17.92,0
N7928,2025-09-06 12:08:00,94471.0,96.67,0
N7929,2025-09-06 12:09:00,1319062.0,3.56,0
N7930,2025-09-06 12:10:00,110111.0,17.45,0
N7931,2025-09-06 12:11:00,117522.0,27.45,0
N7932,2025-09-06 12:12:00,74639.0,68.5,0
N7933,2025-09-06 12:13:00,357555.0,2.38,0
N7934,2025-09-06 12:14:00,72613.0,37.83,0
N7935,2025-09-06 12:15:00,121406.0,37.04,0
N7936,2025-09-06 12:16:00,274247.0,1.38,0
N7937,2025-09-06 12:17:00,46778.0,71.01,0
N7938,2025-09-06 12:18:00,324201.0,147.48,0
N7939,2025-09-06 12:19:00,86623.0,10.61,0
N7940,2025-09-06 12:20:00,1862610.0,154.42,0
N7941,2025-09-06 12:21:00,164702.0,25.36,0
N7942,2025-09-06 12:22:00,80612.0,1.65,0
N7943,2025-09-06 12:23:00,62510.0,13.89,0
N7944,2025-09-06 12:24:00,111821.0,44.06,0
N7945,2025-09-06 12:25:00,89486.0,29.57,0
N7946,2025-09-06 12:26:00,64792.0,82.06,0
N7947,2025-09-06 12:27:00,149526.0,17.47,0
N7948,2025-09-06 12:28:00,208419.0,2.39,0
N7949,2025-09-06 12:29:00,41799.0,88.91,0
N7950,2025-09-06 12:30:00,168973.0,13.48,0
N7951,2025-09-06 12:31:00,92853.0,273.38,0
N7952,2025-09-06 12:32:00,262271.0,22.59,0
N7953,2025-09-06 12:33:00,124254.0,41.56,0
N7954,2025-09-06 12:34:00,32822.0,5.05,0
N7955,2025-09-06 12:35:00,133141.0,1.08,0
N7956,2025-09-06 12:36:00,642876.0,24.48,0
N7957,2025-09-06 12:37:00,864866.0,23.8,0
N7958,2025-09-06 12:38:00,130242.0,15.97,0
N7959,2025-09-06 12:39:00,141713.0,21.11,0
N7960,2025-09-06 12:40:00,433461.0,37.17,0
N7961,2025-09-06 12:41:00,24030.0,21.66,0
N7962,2025-09-06 12:42:00,112451.0,108.61,0
N7963,2025-09-06 12:43:00,104846.0,27.39,0
N7964,2025-09-06 12:44:00,269105.0,93.42,0
N7965,2025-09-06 12:45:00,44835.0,71.83,0
N7966,2025-09-06 12:46:00,71994.0,134.47,0
N7967,2025-09-06 12:47:00,96811.0,27.15,0
N7968,2025-09-06 12:48:00,89106.0,109.22,0
N7969,2025-09-06 12:49:00,47289.0,19.96,0
N7970,2025-09-06 12:50:00,259151.0,12.9,0
N7971,2025-09-06 12:51:00,554796.0,5.72,0
N7972,2025-09-06 12:52:00,589779.0,6.73,0
N7973,2025-09-06 12:53:00,250225.0,2.16,0
N7974,2025-09-06 12:54:00,1111034.0,216.19,0
N7975,2025-09-06 12:55:00,826238.0,40.5,0
N7976,2025-09-06 12:56:00,17612.0,167.05,0
N7977,2025-09-06 12:57:00,85784.0,10.71,0
N7978,2025-09-06 12:58:00,100428.0,4.31,0
N7979,2025-09-06 12:59:00,438046.0,22.24,0
N7980,2025-09-06 13:00:00,128390.0,13.83,0
N7981,2025-09-06 13:01:00,225341.0,77.39,0
N7982,2025-09-06 13:02:00,210189.0,15.51,0
N7983,2025-09-06 13:03:00,39427.0,13.69,0
N7984,2025-09-06 13:04:00,30374.0,327.16,0
N7985,2025-09-06 13:05:00,375691.0,2.27,0
N7986,2025-09-06 13:06:00,59481.0,14.25,0
N7987,2025-09-06 13:07:00,187853.0,45.76,0
N7988,2025-09-06 13:08:00,124102.0,10.77,0
N7989,2025-09-06 13:09:00,56256.0,11.02,0
N7990,2025-09-06 13:10:00,193022.0,94.28,0
N7991,2025-09-06 13:11:00,602999.0,266.58,0
N7992,2025-09-06 13:12:00,70720.0,68.15,0
N7993,2025-09-06 13:13:00,14262.0,9.09,0
N7994,2025-09-06 13:14:00,451907.0,166.69,0
N7995,2025-09-06 13:15:00,202286.0,49.91,0
N7996,2025-09-06 13:16:00,457348.0,40.41,0
N7997,2025-09-06 13:17:00,356470.0,2.92,0
N7998,2025-09-06 13:18:00,113200.0,12.57,0
N7999,2025-09-06 13:19:00,123938.0,79.3,0
M0,2025-09-06 13:20:00,1119546.0,9.89,1
M1,2025-09-06 13:21:00,1467030.0,9.58,1
M2,2025-09-06 13:22:00,482270.0,7.4,1
M3,2025-09-06 13:23:00,1010355.0,15.92,1
M4,2025-09-06 13:24:00,72560.0,0.99,1
M5,2025-09-06 13:25:00,241872.0,1.46,1
M6,2025-09-06 13:26:00,1689859.0,2.82,1
M7,2025-09-06 13:27:00,383673.0,16.85,1
M8,2025-09-06 13:28:00,610592.0,4.64,1
M9,2025-09-06 13:29:00,543631.0,15.3,1
M10,2025-09-06 13:30:00,208208.0,2.8,1
M11,2025-09-06 13:31:00,303635.0,11.94,1
M12,2025-09-06 13:32:00,320122.0,39.36,1
M13,2025-09-06 13:33:00,190888.0,3.74,1
M14,2025-09-06 13:34:00,302628.0,19.81,1
M15,2025-09-06 13:35:00,433522.0,40.56,1
M16,2025-09-06 13:36:00,85952.0,5.22,1
M17,2025-09-06 13:37:00,512618.0,1.18,1
M18,2025-09-06 13:38:00,239398.0,9.28,1
M19,2025-09-06 13:39:00,255973.0,25.2,1
M20,2025-09-06 13:40:00,377198.0,1.98,1
M21,2025-09-06 13:41:00,474827.0,4.81,1
M22,2025-09-06 13:42:00,481072.0,4.25,1
M23,2025-09-06 13:43:00,298209.0,51.35,1
M24,2025-09-06 13:44:00,115427.0,4.19,1
M25,2025-09-06 13:45:00,450195.0,2.55,1
M26,2025-09-06 13:46:00,77143.0,7.48,1
M27,2025-09-06 13:47:00,133189.0,4.43,1
M28,2025-09-06 13:48:00,265208.0,11.23,1
M29,2025-09-06 13:49:00,341946.0,6.38,1
M30,2025-09-06 13:50:00,83975.0,0.6,1
M31,2025-09-06 13:51:00,923861.0,99.01,1
M32,2025-09-06 13:52:00,220355.0,25.25,1
M33,2025-09-06 13:53:00,173248.0,9.17,1
M34,2025-09-06 13:54:00,1143358.0,18.71,1
M35,2025-09-06 13:55:00,311325.0,3.07,1
M36,2025-09-06 13:56:00,568442.0,11.79,1
M37,2025-09-06 13:57:00,754833.0,5.27,1
M38,2025-09-06 13:58:00,221775.0,6.65,1
M39,2025-09-06 13:59:00,279551.0,33.58,1
M40,2025-09-06 14:00:00,863756.0,4.75,1
M41,2025-09-06 14:01:00,339214.0,29.21,1
M42,2025-09-06 14:02:00,779087.0,38.56,1
M43,2025-09-06 14:03:00,617770.0,1.44,1
M44,2025-09-06 14:04:00,202692.0,2.38,1
M45,2025-09-06 14:05:00,314227.0,28.89,1
M46,2025-09-06 14:06:00,875463.0,0.8,1
M47,2025-09-06 14:07:00,675866.0,2.44,1
M48,2025-09-06 14:08:00,385811.0,25.48,1
M49,2025-09-06 14:09:00,2753587.0,7.59,1
M50,2025-09-06 14:10:00,363123.0,17.46,1
M51,2025-09-06 14:11:00,366185.0,0.99,1
M52,2025-09-06 14:12:00,52856.0,1.49,1
M53,2025-09-06 14:13:00,272606.0,2.91,1
M54,2025-09-06 14:14:00,618733.0,13.29,1
M55,2025-09-06 14:15:00,654889.0,17.11,1
M56,2025-09-06 14:16:00,2319778.0,5.86,1
M57,2025-09-06 14:17:00,451607.0,11.28,1
M58,2025-09-06 14:18:00,103379.0,7.21,1
M59,2025-09-06 14:19:00,869670.0,37.18,1
M60,2025-09-06 14:20:00,2099872.0,3.14,1
M61,2025-09-06 14:21:00,902904.0,2.31,1
M62,2025-09-06 14:22:00,892697.0,35.16,1
M63,2025-09-06 14:23:00,226503.0,5.7,1
M64,2025-09-06 14:24:00,1785175.0,3.99,1
M65,2025-09-06 14:25:00,446956.0,36.11,1
M66,2025-09-06 14:26:00,90807.0,12.73,1
M67,2025-09-06 14:27:00,6717942.0,17.89,1
M68,2025-09-06 14:28:00,2955227.0,2.25,1
M69,2025-09-06 14:29:00,480337.0,12.43,1
M70,2025-09-06 14:30:00,484181.0,8.22,1
M71,2025-09-06 14:31:00,415552.0,4.22,1
M72,2025-09-06 14:32:00,230153.0,13.34,1
M73,2025-09-06 14:33:00,569026.0,12.16,1
M74,2025-09-06 14:34:00,631571.0,8.46,1
M75,2025-09-06 14:35:00,1555580.0,31.43,1
M76,2025-09-06 14:36:00,180426.0,10.2,1
M77,2025-09-06 14:37:00,640901.0,50.57,1
M78,2025-09-06 14:38:00,508932.0,7.0,1
M79,2025-09-06 14:39:00,177225.0,1.89,1
M80,2025-09-06 14:40:00,665403.0,36.91,1
M81,2025-09-06 14:41:00,1134350.0,19.27,1
M82,2025-09-06 14:42:00,1022102.0,29.99,1
M83,2025-09-06 14:43:00,2789095.0,63.9,1
M84,2025-09-06 14:44:00,228177.0,10.46,1
M85,2025-09-06 14:45:00,221295.0,12.08,1
M86,2025-09-06 14:46:00,410964.0,46.12,1
M87,2025-09-06 14:47:00,560099.0,27.3,1
M88,2025-09-06 14:48:00,644345.0,3.92,1
M89,2025-09-06 14:49:00,676379.0,8.24,1
M90,2025-09-06 14:50:00,245007.0,14.05,1
M91,2025-09-06 14:51:00,402215.0,4.59,1
M92,2025-09-06 14:52:00,389441.0,1.51,1
M93,2025-09-06 14:53:00,390145.0,5.69,1
M94,2025-09-06 14:54:00,712563.0,10.14,1
M95,2025-09-06 14:55:00,901418.0,18.83,1
M96,2025-09-06 14:56:00,407463.0,25.8,1
M97,2025-09-06 14:57:00,608918.0,6.61,1
M98,2025-09-06 14:58:00,411060.0,2.92,1
M99,2025-09-06 14:59:00,73016.0,3.61,1
M100,2025-09-06 15:00:00,628133.0,10.26,1
M101,2025-09-06 15:01:00,374580.0,30.67,1
M102,2025-09-06 15:02:00,316883.0,1.78,1
M103,2025-09-06 15:03:00,2639884.0,6.82,1
M104,2025-09-06 15:04:00,801945.0,15.17,1
M105,2025-09-06 15:05:00,4177401.0,18.62,1
M106,2025-09-06 15:06:00,623960.0,6.96,1
M107,2025-09-06 15:07:00,323546.0,15.07,1
M108,2025-09-06 15:08:00,190630.0,4.17,1
M109,2025-09-06 15:09:00,135768.0,8.37,1
M110,2025-09-06 15:10:00,166238.0,5.84,1
M111,2025-09-06 15:11:00,96613.0,2.22,1
M112,2025-09-06 15:12:00,1774106.0,2.49,1
M113,2025-09-06 15:13:00,270547.0,82.73,1
M114,2025-09-06 15:14:00,212470.0,37.79,1
M115,2025-09-06 15:15:00,1790278.0,3.3,1
M116,2025-09-06 15:16:00,644806.0,14.24,1
M117,2025-09-06 15:17:00,362872.0,19.7,1
M118,2025-09-06 15:18:00,433280.0,5.68,1
M119,2025-09-06 15:19:00,307314.0,9.47,1
M120,2025-09-06 15:20:00,1999770.0,25.78,1
M121,2025-09-06 15:21:00,240946.0,12.03,1
M122,2025-09-06 15:22:00,123725.0,6.77,1
M123,2025-09-06 15:23:00,708453.0,2.13,1
M124,2025-09-06 15:24:00,547532.0,34.31,1
M125,2025-09-06 15:25:00,434229.0,6.57,1
M126,2025-09-06 15:26:00,165418.0,21.3,1
M127,2025-09-06 15:27:00,1243339.0,30.43,1
M128,2025-09-06 15:28:00,448594.0,2.32,1
M129,2025-09-06 15:29:00,552032.0,6.58,1
M130,2025-09-06 15:30:00,177347.0,0.69,1
M131,2025-09-06 15:31:00,573812.0,12.51,1
M132,2025-09-06 15:32:00,3371331.0,0.89,1
M133,2025-09-06 15:33:00,309417.0,3.81,1
M134,2025-09-06 15:34:00,110488.0,2.7,1
M135,2025-09-06 15:35:00,211081.0,11.4,1
M136,2025-09-06 15:36:00,3426298.0,4.16,1
M137,2025-09-06 15:37:00,292801.0,9.74,1
M138,2025-09-06 15:38:00,863162.0,1.26,1
M139,2025-09-06 15:39:00,162766.0,11.51,1
M140,2025-09-06 15:40:00,1209972.0,17.57,1
M141,2025-09-06 15:41:00,105836.0,6.33,1
M142,2025-09-06 15:42:00,282179.0,4.62,1
M143,2025-09-06 15:43:00,366055.0,3.58,1
M144,2025-09-06 15:44:00,965602.0,15.47,1
M145,2025-09-06 15:45:00,427228.0,3.19,1
M146,2025-09-06 15:46:00,189494.0,6.02,1
M147,2025-09-06 15:47:00,156083.0,3.42,1
M148,2025-09-06 15:48:00,913434.0,17.68,1
M149,2025-09-06 15:49:00,229687.0,4.8,1
M150,2025-09-06 15:50:00,735365.0,2.05,1
M151,2025-09-06 15:51:00,213325.0,10.45,1
M152,2025-09-06 15:52:00,167550.0,6.32,1
M153,2025-09-06 15:53:00,634019.0,3.75,1
M154,2025-09-06 15:54:00,152124.0,5.29,1
M155,2025-09-06 15:55:00,174908.0,7.09,1
M156,2025-09-06 15:56:00,148591.0,7.42,1
M157,2025-09-06 15:57:00,371390.0,22.57,1
M158,2025-09-06 15:58:00,216729.0,5.67,1
M159,2025-09-06 15:59:00,54083.0,18.64,1
M160,2025-09-06 16:00:00,848954.0,1.35,1
M161,2025-09-06 16:01:00,731622.0,45.29,1
M162,2025-09-06 16:02:00,969005.0,19.0,1
M163,2025-09-06 16:03:00,235558.0,4.97,1
M164,2025-09-06 16:04:00,105343.0,5.03,1
M165,2025-09-06 16:05:00,119213.0,17.85,1
M166,2025-09-06 16:06:00,306262.0,1.32,1
M167,2025-09-06 16:07:00,425440.0,2.18,1
M168,2025-09-06 16:08:00,862191.0,1.58,1
M169,2025-09-06 16:09:00,1331420.0,3.56,1
M170,2025-09-06 16:10:00,1665889.0,5.44,1
M171,2025-09-06 16:11:00,308440.0,4.31,1
M172,2025-09-06 16:12:00,578053.0,10.45,1
M173,2025-09-06 16:13:00,521474.0,1.63,1
M174,2025-09-06 16:14:00,467899.0,13.46,1
M175,2025-09-06 16:15:00,252541.0,2.94,1
M176,2025-09-06 16:16:00,1444328.0,11.97,1
M177,2025-09-06 16:17:00,609050.0,17.1,1
M178,2025-09-06 16:18:00,749026.0,8.5,1
M179,2025-09-06 16:19:00,243515.0,15.24,1
M180,2025-09-06 16:20:00,160445.0,16.17,1
M181,2025-09-06 16:21:00,657679.0,1.71,1
M182,2025-09-06 16:22:00,403438.0,3.89,1
M183,2025-09-06 16:23:00,198656.0,12.21,1
M184,2025-09-06 16:24:00,441550.0,28.78,1
M185,2025-09-06 16:25:00,235224.0,37.35,1
M186,2025-09-06 16:26:00,3686512.0,21.15,1
M187,2025-09-06 16:27:00,692663.0,19.89,1
M188,2025-09-06 16:28:00,788099.0,7.56,1
M189,2025-09-06 16:29:00,836960.0,17.02,1
M190,2025-09-06 16:30:00,489092.0,4.24,1
M191,2025-09-06 16:31:00,569690.0,8.5,1
M192,2025-09-06 16:32:00,195127.0,4.62,1
M193,2025-09-06 16:33:00,104209.0,45.06,1
M194,2025-09-06 16:34:00,1247026.0,13.76,1
M195,2025-09-06 16:35:00,99675.0,38.76,1
M196,2025-09-06 16:36:00,793015.0,8.34,1
M197,2025-09-06 16:37:00,592348.0,12.61,1
M198,2025-09-06 16:38:00,109897.0,1.87,1
M199,2025-09-06 16:39:00,219899.0,24.94,1
M200,2025-09-06 16:40:00,561039.0,5.92,1
M201,2025-09-06 16:41:00,2047399.0,2.02,1
M202,2025-09-06 16:42:00,296298.0,5.26,1
M203,2025-09-06 16:43:00,399336.0,11.26,1
M204,2025-09-06 16:44:00,2392450.0,6.39,1
M205,2025-09-06 16:45:00,442797.0,25.77,1
M206,2025-09-06 16:46:00,416563.0,28.01,1
M207,2025-09-06 16:47:00,542306.0,18.18,1
M208,2025-09-06 16:48:00,3872342.0,18.95,1
M209,2025-09-06 16:49:00,1475462.0,20.87,1
M210,2025-09-06 16:50:00,246524.0,23.16,1
M211,2025-09-06 16:51:00,320527.0,2.51,1
M212,2025-09-06 16:52:00,2138433.0,15.3,1
M213,2025-09-06 16:53:00,530043.0,20.07,1
M214,2025-09-06 16:54:00,739314.0,6.46,1
M215,2025-09-06 16:55:00,334596.0,2.24,1
M216,2025-09-06 16:56:00,406074.0,5.44,1
M217,2025-09-06 16:57:00,412493.0,4.41,1
M218,2025-09-06 16:58:00,108186.0,7.71,1
M219,2025-09-06 16:59:00,600470.0,1.06,1
M220,2025-09-06 17:00:00,163276.0,5.67,1
M221,2025-09-06 17:01:00,162934.0,2.97,1
M222,2025-09-06 17:02:00,393611.0,30.67,1
M223,2025-09-06 17:03:00,811281.0,1.55,1
M224,2025-09-06 17:04:00,500552.0,6.87,1
M225,2025-09-06 17:05:00,956968.0,2.96,1
M226,2025-09-06 17:06:00,949653.0,5.93,1
M227,2025-09-06 17:07:00,340764.0,22.24,1
M228,2025-09-06 17:08:00,625705.0,17.38,1
M229,2025-09-06 17:09:00,551846.0,3.76,1
M230,2025-09-06 17:10:00,106175.0,5.71,1
M231,2025-09-06 17:11:00,527650.0,5.66,1
M232,2025-09-06 17:12:00,340713.0,8.44,1
M233,2025-09-06 17:13:00,217302.0,14.15,1
M234,2025-09-06 17:14:00,1284910.0,6.01,1
M235,2025-09-06 17:15:00,640636.0,19.46,1
M236,2025-09-06 17:16:00,543959.0,13.08,1
M237,2025-09-06 17:17:00,2267789.0,8.18,1
M238,2025-09-06 17:18:00,425419.0,1.54,1
M239,2025-09-06 17:19:00,1004456.0,6.22,1
M240,2025-09-06 17:20:00,478770.0,5.82,1
M241,2025-09-06 17:21:00,410835.0,5.95,1
M242,2025-09-06 17:22:00,307006.0,2.98,1
M243,2025-09-06 17:23:00,307116.0,1.87,1
M244,2025-09-06 17:24:00,292706.0,2.73,1
M245,2025-09-06 17:25:00,1077396.0,2.84,1
M246,2025-09-06 17:26:00,412175.0,7.81,1
M247,2025-09-06 17:27:00,826189.0,3.41,1
M248,2025-09-06 17:28:00,331282.0,14.57,1
M249,2025-09-06 17:29:00,911336.0,6.15,1
M250,2025-09-06 17:30:00,1251584.0,10.6,1
M251,2025-09-06 17:31:00,1079132.0,20.62,1
M252,2025-09-06 17:32:00,232088.0,2.17,1
M253,2025-09-06 17:33:00,189971.0,5.32,1
M254,2025-09-06 17:34:00,1381655.0,10.57,1
M255,2025-09-06 17:35:00,129771.0,25.36,1
M256,2025-09-06 17:36:00,483103.0,7.2,1
M257,2025-09-06 17:37:00,269073.0,4.79,1
M258,2025-09-06 17:38:00,158032.0,20.91,1
M259,2025-09-06 17:39:00,143301.0,3.98,1
M260,2025-09-06 17:40:00,341256.0,8.6,1
M261,2025-09-06 17:41:00,337201.0,4.29,1
M262,2025-09-06 17:42:00,279216.0,11.01,1
M263,2025-09-06 17:43:00,1322294.0,16.54,1
M264,2025-09-06 17:44:00,906554.0,3.26,1
M265,2025-09-06 17:45:00,225277.0,28.89,1
M266,2025-09-06 17:46:00,117144.0,9.84,1
M267,2025-09-06 17:47:00,130523.0,26.4,1
M268,2025-09-06 17:48:00,1419803.0,9.67,1
M269,2025-09-06 17:49:00,947281.0,11.05,1
M270,2025-09-06 17:50:00,616483.0,16.37,1
M271,2025-09-06 17:51:00,360262.0,9.8,1
M272,2025-09-06 17:52:00,148979.0,7.84,1
M273,2025-09-06 17:53:00,1195158.0,5.74,1
M274,2025-09-06 17:54:00,207272.0,6.43,1
M275,2025-09-06 17:55:00,628453.0,12.81,1
M276,2025-09-06 17:56:00,646598.0,0.6,1
M277,2025-09-06 17:57:00,1166865.0,3.37,1
M278,2025-09-06 17:58:00,933725.0,7.47,1
M279,2025-09-06 17:59:00,382657.0,3.56,1
M280,2025-09-06 18:00:00,1484338.0,2.07,1
M281,2025-09-06 18:01:00,1382143.0,4.73,1
M282,2025-09-06 18:02:00,170015.0,2.72,1
M283,2025-09-06 18:03:00,108232.0,1.53,1
M284,2025-09-06 18:04:00,535869.0,20.18,1
M285,2025-09-06 18:05:00,2182619.0,22.94,1
M286,2025-09-06 18:06:00,168069.0,4.72,1
M287,2025-09-06 18:07:00,805475.0,10.99,1
M288,2025-09-06 18:08:00,379628.0,3.28,1
M289,2025-09-06 18:09:00,715209.0,2.19,1
M290,2025-09-06 18:10:00,436023.0,23.78,1
M291,2025-09-06 18:11:00,162645.0,11.2,1
M292,2025-09-06 18:12:00,369232.0,5.25,1
M293,2025-09-06 18:13:00,304487.0,4.45,1
M294,2025-09-06 18:14:00,301205.0,6.03,1
M295,2025-09-06 18:15:00,334553.0,2.6,1
M296,2025-09-06 18:16:00,209752.0,5.37,1
M297,2025-09-06 18:17:00,921912.0,19.16,1
M298,2025-09-06 18:18:00,691302.0,25.21,1
M299,2025-09-06 18:19:00,1513465.0,5.54,1
M300,2025-09-06 18:20:00,166373.0,23.7,1
M301,2025-09-06 18:21:00,166733.0,6.44,1
M302,2025-09-06 18:22:00,147917.0,7.68,1
M303,2025-09-06 18:23:00,382548.0,3.44,1
M304,2025-09-06 18:24:00,795221.0,3.83,1
M305,2025-09-06 18:25:00,242820.0,2.57,1
M306,2025-09-06 18:26:00,524423.0,7.23,1
M307,2025-09-06 18:27:00,1262805.0,4.56,1
M308,2025-09-06 18:28:00,103370.0,9.36,1
M309,2025-09-06 18:29:00,536537.0,23.76,1
M310,2025-09-06 18:30:00,483777.0,3.08,1
M311,2025-09-06 18:31:00,2231925.0,26.96,1
M312,2025-09-06 18:32:00,1002197.0,22.29,1
M313,2025-09-06 18:33:00,721687.0,15.73,1
M314,2025-09-06 18:34:00,158064.0,4.6,1
M315,2025-09-06 18:35:00,311926.0,6.58,1
M316,2025-09-06 18:36:00,166808.0,17.81,1
M317,2025-09-06 18:37:00,84887.0,2.53,1
M318,2025-09-06 18:38:00,323745.0,11.62,1
M319,2025-09-06 18:39:00,273156.0,2.89,1
M320,2025-09-06 18:40:00,993439.0,18.9,1
M321,2025-09-06 18:41:00,931647.0,3.61,1
M322,2025-09-06 18:42:00,83861.0,8.38,1
M323,2025-09-06 18:43:00,446208.0,7.28,1
M324,2025-09-06 18:44:00,299973.0,2.8,1
M325,2025-09-06 18:45:00,825823.0,5.63,1
M326,2025-09-06 18:46:00,745273.0,12.19,1
M327,2025-09-06 18:47:00,1227908.0,0.97,1
M328,2025-09-06 18:48:00,145288.0,5.67,1
M329,2025-09-06 18:49:00,1513762.0,3.6,1
M330,2025-09-06 18:50:00,311821.0,35.46,1
M331,2025-09-06 18:51:00,284596.0,5.9,1
M332,2025-09-06 18:52:00,177941.0,21.94,1
M333,2025-09-06 18:53:00,1398798.0,3.64,1
M334,2025-09-06 18:54:00,294150.0,3.75,1
M335,2025-09-06 18:55:00,376428.0,11.99,1
M336,2025-09-06 18:56:00,481298.0,4.02,1
M337,2025-09-06 18:57:00,499706.0,11.34,1
M338,2025-09-06 18:58:00,509518.0,3.56,1
M339,2025-09-06 18:59:00,306098.0,49.5,1
M340,2025-09-06 19:00:00,217561.0,3.91,1
M341,2025-09-06 19:01:00,246423.0,5.39,1
M342,2025-09-06 19:02:00,3118686.0,3.08,1
M343,2025-09-06 19:03:00,809106.0,4.58,1
M344,2025-09-06 19:04:00,432197.0,8.59,1
M345,2025-09-06 19:05:00,630193.0,5.77,1
M346,2025-09-06 19:06:00,200249.0,4.16,1
M347,2025-09-06 19:07:00,545761.0,14.0,1
M348,2025-09-06 19:08:00,51239.0,12.73,1
M349,2025-09-06 19:09:00,1311821.0,3.57,1
M350,2025-09-06 19:10:00,1039697.0,13.36,1
M351,2025-09-06 19:11:00,391849.0,14.39,1
M352,2025-09-06 19:12:00,410449.0,95.17,1
M353,2025-09-06 19:13:00,292887.0,31.83,1
M354,2025-09-06 19:14:00,147692.0,19.75,1
M355,2025-09-06 19:15:00,2265628.0,2.64,1
M356,2025-09-06 19:16:00,2541676.0,14.47,1
M357,2025-09-06 19:17:00,693586.0,1.08,1
M358,2025-09-06 19:18:00,200781.0,8.23,1
M359,2025-09-06 19:19:00,619359.0,1.62,1
M360,2025-09-06 19:20:00,143541.0,5.75,1
M361,2025-09-06 19:21:00,1146635.0,3.73,1
M362,2025-09-06 19:22:00,264876.0,8.46,1
M363,2025-09-06 19:23:00,612778.0,22.6,1
M364,2025-09-06 19:24:00,175482.0,1.1,1
M365,2025-09-06 19:25:00,478303.0,11.51,1
M366,2025-09-06 19:26:00,573254.0,14.5,1
M367,2025-09-06 19:27:00,1790986.0,4.76,1
M368,2025-09-06 19:28:00,412122.0,3.2,1
M369,2025-09-06 19:29:00,60858.0,7.5,1
M370,2025-09-06 19:30:00,42811.0,7.38,1
M371,2025-09-06 19:31:00,354570.0,6.57,1
M372,2025-09-06 19:32:00,603969.0,4.75,1
M373,2025-09-06 19:33:00,264352.0,6.14,1
M374,2025-09-06 19:34:00,215478.0,9.97,1
M375,2025-09-06 19:35:00,625275.0,65.61,1
M376,2025-09-06 19:36:00,563599.0,18.84,1
M377,2025-09-06 19:37:00,585047.0,6.15,1
M378,2025-09-06 19:38:00,1057658.0,1.63,1
M379,2025-09-06 19:39:00,1430246.0,25.59,1
M380,2025-09-06 19:40:00,215228.0,13.84,1
M381,2025-09-06 19:41:00,1692970.0,27.1,1
M382,2025-09-06 19:42:00,187772.0,28.73,1
M383,2025-09-06 19:43:00,134594.0,4.27,1
M384,2025-09-06 19:44:00,307406.0,1.34,1
M385,2025-09-06 19:45:00,831249.0,12.91,1
M386,2025-09-06 19:46:00,686923.0,11.52,1
M387,2025-09-06 19:47:00,942996.0,13.79,1
M388,2025-09-06 19:48:00,523682.0,24.07,1
M389,2025-09-06 19:49:00,127435.0,20.96,1
M390,2025-09-06 19:50:00,300135.0,18.55,1
M391,2025-09-06 19:51:00,446012.0,12.32,1
M392,2025-09-06 19:52:00,1286677.0,17.56,1
M393,2025-09-06 19:53:00,147703.0,18.2,1
M394,2025-09-06 19:54:00,168099.0,7.18,1
M395,2025-09-06 19:55:00,511278.0,6.45,1
M396,2025-09-06 19:56:00,437966.0,3.47,1
M397,2025-09-06 19:57:00,204004.0,1.59,1
M398,2025-09-06 19:58:00,466834.0,5.09,1
M399,2025-09-06 19:59:00,890622.0,18.11,1
M400,2025-09-06 20:00:00,344744.0,50.11,1
M401,2025-09-06 20:01:00,107574.0,4.56,1
M402,2025-09-06 20:02:00,2040700.0,22.1,1
M403,2025-09-06 20:03:00,437222.0,7.34,1
M404,2025-09-06 20:04:00,710560.0,7.77,1
M405,2025-09-06 20:05:00,411058.0,13.08,1
M406,2025-09-06 20:06:00,89060.0,3.23,1
M407,2025-09-06 20:07:00,321021.0,26.14,1
M408,2025-09-06 20:08:00,1050092.0,4.68,1
M409,2025-09-06 20:09:00,1930601.0,4.72,1
M410,2025-09-06 20:10:00,451831.0,1.56,1
M411,2025-09-06 20:11:00,199004.0,8.86,1
M412,2025-09-06 20:12:00,1208734.0,7.11,1
M413,2025-09-06 20:13:00,37091.0,14.35,1
M414,2025-09-06 20:14:00,263219.0,9.99,1
M415,2025-09-06 20:15:00,305295.0,12.38,1
M416,2025-09-06 20:16:00,502448.0,11.61,1
M417,2025-09-06 20:17:00,465616.0,3.44,1
M418,2025-09-06 20:18:00,388360.0,9.14,1
M419,2025-09-06 20:19:00,608260.0,9.04,1
M420,2025-09-06 20:20:00,194443.0,1.64,1
M421,2025-09-06 20:21:00,383198.0,8.26,1
M422,2025-09-06 20:22:00,666012.0,14.24,1
M423,2025-09-06 20:23:00,676544.0,6.67,1
M424,2025-09-06 20:24:00,129177.0,5.39,1
M425,2025-09-06 20:25:00,199742.0,4.02,1
M426,2025-09-06 20:26:00,222883.0,12.05,1
M427,2025-09-06 20:27:00,244084.0,2.22,1
M428,2025-09-06 20:28:00,231670.0,5.8,1
M429,2025-09-06 20:29:00,193446.0,38.76,1
M430,2025-09-06 20:30:00,301850.0,15.73,1
M431,2025-09-06 20:31:00,451161.0,4.29,1
M432,2025-09-06 20:32:00,232224.0,13.95,1
M433,2025-09-06 20:33:00,633985.0,2.42,1
M434,2025-09-06 20:34:00,1103995.0,19.7,1
M435,2025-09-06 20:35:00,877575.0,9.45,1
M436,2025-09-06 20:36:00,260231.0,6.95,1
M437,2025-09-06 20:37:00,64114.0,2.8,1
M438,2025-09-06 20:38:00,1827018.0,9.03,1
M439,2025-09-06 20:39:00,768155.0,3.76,1
M440,2025-09-06 20:40:00,346364.0,3.09,1
M441,2025-09-06 20:41:00,39301.0,2.8,1
M442,2025-09-06 20:42:00,1265467.0,31.67,1
M443,2025-09-06 20:43:00,159691.0,0.73,1
M444,2025-09-06 20:44:00,258330.0,15.14,1
M445,2025-09-06 20:45:00,2219211.0,9.56,1
M446,2025-09-06 20:46:00,598067.0,2.17,1
M447,2025-09-06 20:47:00,985402.0,3.33,1
M448,2025-09-06 20:48:00,187007.0,2.77,1
M449,2025-09-06 20:49:00,432441.0,11.95,1
M450,2025-09-06 20:50:00,1149403.0,26.49,1
M451,2025-09-06 20:51:00,984420.0,39.96,1
M452,2025-09-06 20:52:00,181304.0,9.18,1
M453,2025-09-06 20:53:00,428524.0,6.47,1
M454,2025-09-06 20:54:00,171315.0,9.0,1
M455,2025-09-06 20:55:00,518955.0,7.84,1
M456,2025-09-06 20:56:00,616489.0,12.91,1
M457,2025-09-06 20:57:00,182481.0,8.96,1
M458,2025-09-06 20:58:00,224453.0,30.77,1
M459,2025-09-06 20:59:00,346052.0,77.55,1
M460,2025-09-06 21:00:00,271861.0,5.77,1
M461,2025-09-06 21:01:00,299663.0,13.36,1
M462,2025-09-06 21:02:00,2439614.0,2.08,1
M463,2025-09-06 21:03:00,514263.0,3.12,1
M464,2025-09-06 21:04:00,235527.0,22.42,1
M465,2025-09-06 21:05:00,657325.0,5.28,1
M466,2025-09-06 21:06:00,355678.0,12.46,1
M467,2025-09-06 21:07:00,265279.0,3.95,1
M468,2025-09-06 21:08:00,494179.0,10.79,1
M469,2025-09-06 21:09:00,118652.0,4.02,1
M470,2025-09-06 21:10:00,139105.0,14.24,1
M471,2025-09-06 21:11:00,1882104.0,15.37,1
M472,2025-09-06 21:12:00,435422.0,27.23,1
M473,2025-09-06 21:13:00,155194.0,3.7,1
M474,2025-09-06 21:14:00,67401.0,6.09,1
M475,2025-09-06 21:15:00,608357.0,15.39,1
M476,2025-09-06 21:16:00,356783.0,13.88,1
M477,2025-09-06 21:17:00,98791.0,27.79,1
M478,2025-09-06 21:18:00,524974.0,10.46,1
M479,2025-09-06 21:19:00,536300.0,1.29,1
M480,2025-09-06 21:20:00,287833.0,13.31,1
M481,2025-09-06 21:21:00,1063295.0,2.11,1
M482,2025-09-06 21:22:00,998676.0,1.7,1
M483,2025-09-06 21:23:00,117625.0,2.97,1
M484,2025-09-06 21:24:00,124117.0,28.98,1
M485,2025-09-06 21:25:00,215906.0,13.65,1
M486,2025-09-06 21:26:00,358387.0,9.11,1
M487,2025-09-06 21:27:00,831224.0,4.58,1
M488,2025-09-06 21:28:00,626588.0,36.02,1
M489,2025-09-06 21:29:00,293264.0,8.08,1
M490,2025-09-06 21:30:00,229514.0,2.56,1
M491,2025-09-06 21:31:00,513623.0,8.75,1
M492,2025-09-06 21:32:00,740545.0,7.22,1
M493,2025-09-06 21:33:00,311974.0,2.04,1
M494,2025-09-06 21:34:00,2777854.0,9.74,1
M495,2025-09-06 21:35:00,554192.0,2.36,1
M496,2025-09-06 21:36:00,107940.0,1.69,1
M497,2025-09-06 21:37:00,282501.0,9.12,1
M498,2025-09-06 21:38:00,3009346.0,11.65,1
M499,2025-09-06 21:39:00,2357892.0,22.47,1
M500,2025-09-06 21:40:00,390594.0,16.88,1
M501,2025-09-06 21:41:00,89211.0,12.31,1
M502,2025-09-06 21:42:00,306408.0,2.86,1
M503,2025-09-06 21:43:00,188779.0,3.34,1
M504,2025-09-06 21:44:00,1678539.0,9.29,1
M505,2025-09-06 21:45:00,1146270.0,11.36,1
M506,2025-09-06 21:46:00,3092213.0,4.51,1
M507,2025-09-06 21:47:00,1398880.0,3.07,1
M508,2025-09-06 21:48:00,245890.0,66.09,1
M509,2025-09-06 21:49:00,481322.0,17.91,1
M510,2025-09-06 21:50:00,197693.0,2.07,1
M511,2025-09-06 21:51:00,206164.0,13.72,1
M512,2025-09-06 21:52:00,266595.0,8.94,1
M513,2025-09-06 21:53:00,112116.0,11.61,1
M514,2025-09-06 21:54:00,742282.0,14.87,1
M515,2025-09-06 21:55:00,962466.0,2.62,1
M516,2025-09-06 21:56:00,553248.0,17.67,1
M517,2025-09-06 21:57:00,374490.0,7.17,1
M518,2025-09-06 21:58:00,1017206.0,13.76,1
M519,2025-09-06 21:59:00,190003.0,8.61,1
M520,2025-09-06 22:00:00,1104040.0,3.2,1
M521,2025-09-06 22:01:00,824364.0,15.76,1
M522,2025-09-06 22:02:00,543914.0,3.37,1
M523,2025-09-06 22:03:00,197729.0,8.04,1
M524,2025-09-06 22:04:00,820849.0,10.29,1
M525,2025-09-06 22:05:00,244908.0,29.22,1
M526,2025-09-06 22:06:00,297400.0,3.44,1
M527,2025-09-06 22:07:00,544973.0,5.78,1
M528,2025-09-06 22:08:00,1023868.0,14.31,1
M529,2025-09-06 22:09:00,427839.0,7.43,1
M530,2025-09-06 22:10:00,181506.0,9.1,1
M531,2025-09-06 22:11:00,571303.0,1.5,1
M532,2025-09-06 22:12:00,860080.0,0.94,1
M533,2025-09-06 22:13:00,603286.0,6.04,1
M534,2025-09-06 22:14:00,1223965.0,3.61,1
M535,2025-09-06 22:15:00,362844.0,1.96,1
M536,2025-09-06 22:16:00,267933.0,23.22,1
M537,2025-09-06 22:17:00,362069.0,32.22,1
M538,2025-09-06 22:18:00,1141174.0,10.17,1
M539,2025-09-06 22:19:00,3687752.0,12.52,1
M540,2025-09-06 22:20:00,479243.0,8.29,1
M541,2025-09-06 22:21:00,998994.0,2.76,1
M542,2025-09-06 22:22:00,331323.0,7.85,1
M543,2025-09-06 22:23:00,171407.0,13.03,1
M544,2025-09-06 22:24:00,169049.0,17.7,1
M545,2025-09-06 22:25:00,803654.0,16.13,1
M546,2025-09-06 22:26:00,2147534.0,7.5,1
M547,2025-09-06 22:27:00,264122.0,52.98,1
M548,2025-09-06 22:28:00,348268.0,10.47,1
M549,2025-09-06 22:29:00,876951.0,31.43,1
M550,2025-09-06 22:30:00,269925.0,64.29,1
M551,2025-09-06 22:31:00,234114.0,1.62,1
M552,2025-09-06 22:32:00,222278.0,3.43,1
M553,2025-09-06 22:33:00,192337.0,29.23,1
M554,2025-09-06 22:34:00,636879.0,3.78,1
M555,2025-09-06 22:35:00,315891.0,21.44,1
M556,2025-09-06 22:36:00,742997.0,4.69,1
M557,2025-09-06 22:37:00,593244.0,2.86,1
M558,2025-09-06 22:38:00,807317.0,1.07,1
M559,2025-09-06 22:39:00,215453.0,2.92,1
M560,2025-09-06 22:40:00,656739.0,34.4,1
M561,2025-09-06 22:41:00,362565.0,10.03,1
M562,2025-09-06 22:42:00,2055302.0,8.4,1
M563,2025-09-06 22:43:00,1648022.0,13.54,1
M564,2025-09-06 22:44:00,175331.0,11.31,1
M565,2025-09-06 22:45:00,568068.0,25.4,1
M566,2025-09-06 22:46:00,1084166.0,15.97,1
M567,2025-09-06 22:47:00,398061.0,1.03,1
M568,2025-09-06 22:48:00,337093.0,8.27,1
M569,2025-09-06 22:49:00,895094.0,3.36,1
M570,2025-09-06 22:50:00,589860.0,3.69,1
M571,2025-09-06 22:51:00,426349.0,6.69,1
M572,2025-09-06 22:52:00,2876972.0,17.86,1
M573,2025-09-06 22:53:00,788124.0,11.88,1
M574,2025-09-06 22:54:00,457922.0,1.88,1
M575,2025-09-06 22:55:00,266902.0,3.54,1
M576,2025-09-06 22:56:00,201410.0,9.77,1
M577,2025-09-06 22:57:00,1283884.0,11.46,1
M578,2025-09-06 22:58:00,228961.0,19.51,1
M579,2025-09-06 22:59:00,148415.0,1.62,1
M580,2025-09-06 23:00:00,347676.0,3.08,1
M581,2025-09-06 23:01:00,273534.0,7.88,1
M582,2025-09-06 23:02:00,439782.0,5.12,1
M583,2025-09-06 23:03:00,677924.0,10.87,1
M584,2025-09-06 23:04:00,468468.0,1.99,1
M585,2025-09-06 23:05:00,594050.0,6.34,1
M586,2025-09-06 23:06:00,708098.0,8.76,1
M587,2025-09-06 23:07:00,1523349.0,15.74,1
M588,2025-09-06 23:08:00,148029.0,0.53,1
M589,2025-09-06 23:09:00,300576.0,6.28,1
M590,2025-09-06 23:10:00,305487.0,32.29,1
M591,2025-09-06 23:11:00,630394.0,7.76,1
M592,2025-09-06 23:12:00,1292086.0,5.87,1
M593,2025-09-06 23:13:00,496019.0,25.41,1
M594,2025-09-06 23:14:00,855034.0,32.17,1
M595,2025-09-06 23:15:00,403041.0,5.88,1
M596,2025-09-06 23:16:00,738519.0,8.52,1
M597,2025-09-06 23:17:00,523905.0,8.56,1
M598,2025-09-06 23:18:00,2796904.0,3.2,1
M599,2025-09-06 23:19:00,923455.0,26.5,1
M600,2025-09-06 23:20:00,642512.0,3.3,1
M601,2025-09-06 23:21:00,125545.0,12.75,1
M602,2025-09-06 23:22:00,1436006.0,5.92,1
M603,2025-09-06 23:23:00,376365.0,7.57,1
M604,2025-09-06 23:24:00,273643.0,14.48,1
M605,2025-09-06 23:25:00,1075058.0,2.64,1
M606,2025-09-06 23:26:00,209633.0,6.38,1
M607,2025-09-06 23:27:00,76313.0,4.74,1
M608,2025-09-06 23:28:00,177110.0,4.4,1
M609,2025-09-06 23:29:00,871872.0,61.53,1
M610,2025-09-06 23:30:00,400555.0,3.62,1
M611,2025-09-06 23:31:00,407694.0,4.0,1
M612,2025-09-06 23:32:00,135642.0,11.13,1
M613,2025-09-06 23:33:00,292555.0,8.11,1
M614,2025-09-06 23:34:00,1054079.0,3.23,1
M615,2025-09-06 23:35:00,180489.0,12.79,1
M616,2025-09-06 23:36:00,128724.0,5.83,1
M617,2025-09-06 23:37:00,247694.0,9.84,1
M618,2025-09-06 23:38:00,1122502.0,6.36,1
M619,2025-09-06 23:39:00,530066.0,6.87,1
M620,2025-09-06 23:40:00,440883.0,11.29,1
M621,2025-09-06 23:41:00,562273.0,12.23,1
M622,2025-09-06 23:42:00,76271.0,26.64,1
M623,2025-09-06 23:43:00,198594.0,4.31,1
M624,2025-09-06 23:44:00,25110.0,1.13,1
M625,2025-09-06 23:45:00,515660.0,6.34,1
M626,2025-09-06 23:46:00,230372.0,1.88,1
M627,2025-09-06 23:47:00,1932166.0,17.04,1
M628,2025-09-06 23:48:00,104758.0,3.9,1
M629,2025-09-06 23:49:00,238083.0,14.99,1
M630,2025-09-06 23:50:00,273906.0,3.34,1
M631,2025-09-06 23:51:00,620320.0,6.1,1
M632,2025-09-06 23:52:00,199623.0,16.31,1
M633,2025-09-06 23:53:00,493888.0,88.3,1
M634,2025-09-06 23:54:00,866308.0,26.4,1
M635,2025-09-06 23:55:00,242787.0,15.9,1
M636,2025-09-06 23:56:00,115326.0,6.63,1
M637,2025-09-06 23:57:00,816985.0,1.41,1
M638,2025-09-06 23:58:00,227275.0,2.31,1
M639,2025-09-06 23:59:00,298313.0,17.21,1
M640,2025-09-07 00:00:00,259964.0,3.57,1
M641,2025-09-07 00:01:00,472343.0,3.8,1
M642,2025-09-07 00:02:00,58522.0,13.04,1
M643,2025-09-07 00:03:00,2922783.0,11.95,1
M644,2025-09-07 00:04:00,1148592.0,2.95,1
M645,2025-09-07 00:05:00,164284.0,2.34,1
M646,2025-09-07 00:06:00,156587.0,8.27,1
M647,2025-09-07 00:07:00,742203.0,2.21,1
M648,2025-09-07 00:08:00,553815.0,10.9,1
M649,2025-09-07 00:09:00,473938.0,9.17,1
M650,2025-09-07 00:10:00,66646.0,3.71,1
M651,2025-09-07 00:11:00,920309.0,12.98,1
M652,2025-09-07 00:12:00,368360.0,11.04,1
M653,2025-09-07 00:13:00,141545.0,27.27,1
M654,2025-09-07 00:14:00,159156.0,31.68,1
M655,2025-09-07 00:15:00,378680.0,3.04,1
M656,2025-09-07 00:16:00,977824.0,1.92,1
M657,2025-09-07 00:17:00,690502.0,6.06,1
M658,2025-09-07 00:18:00,304829.0,4.18,1
M659,2025-09-07 00:19:00,1679917.0,1.71,1
M660,2025-09-07 00:20:00,840953.0,3.11,1
M661,2025-09-07 00:21:00,456293.0,5.68,1
M662,2025-09-07 00:22:00,379878.0,1.59,1
M663,2025-09-07 00:23:00,243212.0,16.65,1
M664,2025-09-07 00:24:00,2837767.0,7.25,1
M665,2025-09-07 00:25:00,915557.0,36.64,1
M666,2025-09-07 00:26:00,68594.0,8.18,1
M667,2025-09-07 00:27:00,228172.0,15.3,1
M668,2025-09-07 00:28:00,297980.0,8.81,1
M669,2025-09-07 00:29:00,172639.0,3.86,1
M670,2025-09-07 00:30:00,227337.0,8.43,1
M671,2025-09-07 00:31:00,1548814.0,27.94,1
M672,2025-09-07 00:32:00,535270.0,6.18,1
M673,2025-09-07 00:33:00,584717.0,15.94,1
M674,2025-09-07 00:34:00,134593.0,15.45,1
M675,2025-09-07 00:35:00,2773061.0,17.5,1
M676,2025-09-07 00:36:00,272502.0,2.99,1
M677,2025-09-07 00:37:00,117406.0,1.85,1
M678,2025-09-07 00:38:00,1672372.0,3.66,1
M679,2025-09-07 00:39:00,192506.0,44.59,1
M680,2025-09-07 00:40:00,1063572.0,36.71,1
M681,2025-09-07 00:41:00,991581.0,3.99,1
M682,2025-09-07 00:42:00,1137329.0,1.38,1
M683,2025-09-07 00:43:00,182893.0,4.13,1
M684,2025-09-07 00:44:00,984812.0,6.5,1
M685,2025-09-07 00:45:00,132104.0,7.33,1
M686,2025-09-07 00:46:00,406185.0,18.62,1
M687,2025-09-07 00:47:00,309726.0,0.84,1
M688,2025-09-07 00:48:00,351697.0,1.05,1
M689,2025-09-07 00:49:00,796096.0,10.09,1
M690,2025-09-07 00:50:00,811598.0,15.71,1
M691,2025-09-07 00:51:00,307967.0,5.68,1
M692,2025-09-07 00:52:00,492904.0,0.89,1
M693,2025-09-07 00:53:00,1017418.0,1.66,1
M694,2025-09-07 00:54:00,176803.0,1.29,1
M695,2025-09-07 00:55:00,204099.0,5.73,1
M696,2025-09-07 00:56:00,271371.0,2.66,1
M697,2025-09-07 00:57:00,494097.0,2.6,1
M698,2025-09-07 00:58:00,1743792.0,4.75,1
M699,2025-09-07 00:59:00,867530.0,16.81,1
M700,2025-09-07 01:00:00,152972.0,19.25,1
M701,2025-09-07 01:01:00,872120.0,15.14,1
M702,2025-09-07 01:02:00,983946.0,3.01,1
M703,2025-09-07 01:03:00,400730.0,11.21,1
M704,2025-09-07 01:04:00,194728.0,4.01,1
M705,2025-09-07 01:05:00,186638.0,2.4,1
M706,2025-09-07 01:06:00,398695.0,21.44,1
M707,2025-09-07 01:07:00,139501.0,1.3,1
M708,2025-09-07 01:08:00,162710.0,24.2,1
M709,2025-09-07 01:09:00,175507.0,7.23,1
M710,2025-09-07 01:10:00,655926.0,2.83,1
M711,2025-09-07 01:11:00,2351522.0,25.09,1
M712,2025-09-07 01:12:00,744767.0,0.71,1
M713,2025-09-07 01:13:00,501700.0,3.28,1
M714,2025-09-07 01:14:00,376861.0,4.23,1
M715,2025-09-07 01:15:00,80919.0,1.44,1
M716,2025-09-07 01:16:00,5659102.0,36.71,1
M717,2025-09-07 01:17:00,591066.0,14.47,1
M718,2025-09-07 01:18:00,808364.0,8.62,1
M719,2025-09-07 01:19:00,118284.0,7.41,1
M720,2025-09-07 01:20:00,707457.0,4.13,1
M721,2025-09-07 01:21:00,432784.0,27.63,1
M722,2025-09-07 01:22:00,564106.0,21.77,1
M723,2025-09-07 01:23:00,610515.0,1.69,1
M724,2025-09-07 01:24:00,4490478.0,11.22,1
M725,2025-09-07 01:25:00,1364962.0,37.99,1
M726,2025-09-07 01:26:00,671645.0,5.39,1
M727,2025-09-07 01:27:00,338516.0,9.34,1
M728,2025-09-07 01:28:00,57851.0,27.02,1
M729,2025-09-07 01:29:00,660028.0,3.59,1
M730,2025-09-07 01:30:00,51488.0,1.57,1
M731,2025-09-07 01:31:00,668463.0,8.41,1
M732,2025-09-07 01:32:00,54883.0,7.23,1
M733,2025-09-07 01:33:00,287561.0,2.9,1
M734,2025-09-07 01:34:00,456678.0,1.11,1
M735,2025-09-07 01:35:00,243108.0,22.11,1
M736,2025-09-07 01:36:00,1462502.0,39.61,1
M737,2025-09-07 01:37:00,250052.0,4.81,1
M738,2025-09-07 01:38:00,443329.0,34.79,1
M739,2025-09-07 01:39:00,127389.0,3.2,1
M740,2025-09-07 01:40:00,314412.0,12.44,1
M741,2025-09-07 01:41:00,400522.0,14.41,1
M742,2025-09-07 01:42:00,63767.0,8.06,1
M743,2025-09-07 01:43:00,276874.0,6.41,1
M744,2025-09-07 01:44:00,543489.0,0.63,1
M745,2025-09-07 01:45:00,512137.0,50.53,1
M746,2025-09-07 01:46:00,777886.0,7.23,1
M747,2025-09-07 01:47:00,357581.0,7.48,1
M748,2025-09-07 01:48:00,415396.0,10.64,1
M749,2025-09-07 01:49:00,2744374.0,2.21,1
M750,2025-09-07 01:50:00,522096.0,28.14,1
M751,2025-09-07 01:51:00,1272176.0,3.73,1
M752,2025-09-07 01:52:00,425570.0,7.43,1
M753,2025-09-07 01:53:00,791496.0,4.08,1
M754,2025-09-07 01:54:00,270636.0,3.06,1
M755,2025-09-07 01:55:00,226300.0,9.75,1
M756,2025-09-07 01:56:00,468742.0,5.0,1
M757,2025-09-07 01:57:00,100105.0,19.71,1
M758,2025-09-07 01:58:00,307018.0,6.25,1
M759,2025-09-07 01:59:00,439308.0,8.33,1
M760,2025-09-07 02:00:00,364920.0,4.88,1
M761,2025-09-07 02:01:00,959183.0,5.52,1
M762,2025-09-07 02:02:00,1774098.0,41.38,1
M763,2025-09-07 02:03:00,259213.0,39.31,1
M764,2025-09-07 02:04:00,903671.0,3.12,1
M765,2025-09-07 02:05:00,149553.0,16.69,1
M766,2025-09-07 02:06:00,282919.0,6.95,1
M767,2025-09-07 02:07:00,318267.0,23.93,1
M768,2025-09-07 02:08:00,202843.0,19.95,1
M769,2025-09-07 02:09:00,1334866.0,1.82,1
M770,2025-09-07 02:10:00,434952.0,4.94,1
M771,2025-09-07 02:11:00,233114.0,15.59,1
M772,2025-09-07 02:12:00,316764.0,6.59,1
M773,2025-09-07 02:13:00,167930.0,15.58,1
M774,2025-09-07 02:14:00,341279.0,3.25,1
M775,2025-09-07 02:15:00,651987.0,4.45,1
M776,2025-09-07 02:16:00,168177.0,16.5,1
M777,2025-09-07 02:17:00,346397.0,11.88,1
M778,2025-09-07 02:18:00,172449.0,10.71,1
M779,2025-09-07 02:19:00,341414.0,11.4,1
M780,2025-09-07 02:20:00,1050620.0,3.36,1
M781,2025-09-07 02:21:00,2017734.0,3.62,1
M782,2025-09-07 02:22:00,428955.0,38.59,1
M783,2025-09-07 02:23:00,262746.0,7.87,1
M784,2025-09-07 02:24:00,538476.0,21.9,1
M785,2025-09-07 02:25:00,253327.0,5.1,1
M786,2025-09-07 02:26:00,419636.0,4.75,1
M787,2025-09-07 02:27:00,173444.0,6.14,1
M788,2025-09-07 02:28:00,1446086.0,32.2,1
M789,2025-09-07 02:29:00,7061350.0,12.21,1
M790,2025-09-07 02:30:00,106474.0,0.87,1
M791,2025-09-07 02:31:00,328881.0,1.53,1
M792,2025-09-07 02:32:00,493394.0,41.17,1
M793,2025-09-07 02:33:00,1062121.0,2.42,1
M794,2025-09-07 02:34:00,1285734.0,7.46,1
M795,2025-09-07 02:35:00,193731.0,18.24,1
M796,2025-09-07 02:36:00,364273.0,1.25,1
M797,2025-09-07 02:37:00,344562.0,1.75,1
M798,2025-09-07 02:38:00,1422413.0,5.53,1
M799,2025-09-07 02:39:00,159224.0,7.63,1
M800,2025-09-07 02:40:00,522638.0,19.29,1
M801,2025-09-07 02:41:00,2501618.0,5.38,1
M802,2025-09-07 02:42:00,158818.0,3.1,1
M803,2025-09-07 02:43:00,648061.0,3.85,1
M804,2025-09-07 02:44:00,898978.0,4.95,1
M805,2025-09-07 02:45:00,230636.0,13.47,1
M806,2025-09-07 02:46:00,641598.0,6.87,1
M807,2025-09-07 02:47:00,202056.0,16.35,1
M808,2025-09-07 02:48:00,225124.0,32.13,1
M809,2025-09-07 02:49:00,174298.0,28.97,1
M810,2025-09-07 02:50:00,951911.0,8.13,1
M811,2025-09-07 02:51:00,540316.0,0.89,1
M812,2025-09-07 02:52:00,2133105.0,3.64,1
M813,2025-09-07 02:53:00,342989.0,11.11,1
M814,2025-09-07 02:54:00,470191.0,52.65,1
M815,2025-09-07 02:55:00,84577.0,2.91,1
M816,2025-09-07 02:56:00,350871.0,5.89,1
M817,2025-09-07 02:57:00,294294.0,12.97,1
M818,2025-09-07 02:58:00,598355.0,10.47,1
M819,2025-09-07 02:59:00,586250.0,11.61,1
M820,2025-09-07 03:00:00,689170.0,4.57,1
M821,2025-09-07 03:01:00,660338.0,10.44,1
M822,2025-09-07 03:02:00,324056.0,12.3,1
M823,2025-09-07 03:03:00,521061.0,2.86,1
M824,2025-09-07 03:04:00,319417.0,6.73,1
M825,2025-09-07 03:05:00,449171.0,1.28,1
M826,2025-09-07 03:06:00,306429.0,3.8,1
M827,2025-09-07 03:07:00,212915.0,15.35,1
M828,2025-09-07 03:08:00,1071677.0,10.38,1
M829,2025-09-07 03:09:00,621447.0,17.06,1
M830,2025-09-07 03:10:00,618908.0,5.41,1
M831,2025-09-07 03:11:00,606231.0,2.21,1
M832,2025-09-07 03:12:00,276873.0,6.67,1
M833,2025-09-07 03:13:00,3537728.0,21.66,1
M834,2025-09-07 03:14:00,251679.0,4.67,1
M835,2025-09-07 03:15:00,758305.0,6.65,1
M836,2025-09-07 03:16:00,265529.0,7.07,1
M837,2025-09-07 03:17:00,1962341.0,2.63,1
M838,2025-09-07 03:18:00,196858.0,3.06,1
M839,2025-09-07 03:19:00,473768.0,26.04,1
M840,2025-09-07 03:20:00,92009.0,12.13,1
M841,2025-09-07 03:21:00,117404.0,1.93,1
M842,2025-09-07 03:22:00,270307.0,3.18,1
M843,2025-09-07 03:23:00,391879.0,4.71,1
M844,2025-09-07 03:24:00,170753.0,12.15,1
M845,2025-09-07 03:25:00,1195588.0,3.58,1
M846,2025-09-07 03:26:00,679749.0,10.38,1
M847,2025-09-07 03:27:00,2370646.0,8.75,1
M848,2025-09-07 03:28:00,822430.0,1.77,1
M849,2025-09-07 03:29:00,141946.0,4.01,1
M850,2025-09-07 03:30:00,491830.0,4.36,1
M851,2025-09-07 03:31:00,558221.0,2.67,1
M852,2025-09-07 03:32:00,811950.0,8.58,1
M853,2025-09-07 03:33:00,442723.0,13.32,1
M854,2025-09-07 03:34:00,896720.0,3.46,1
M855,2025-09-07 03:35:00,153565.0,6.56,1
M856,2025-09-07 03:36:00,280002.0,7.07,1
M857,2025-09-07 03:37:00,1028584.0,3.01,1
M858,2025-09-07 03:38:00,768988.0,10.13,1
M859,2025-09-07 03:39:00,148072.0,10.01,1
M860,2025-09-07 03:40:00,1557894.0,15.57,1
M861,2025-09-07 03:41:00,1199846.0,3.07,1
M862,2025-09-07 03:42:00,209803.0,11.41,1
M863,2025-09-07 03:43:00,91161.0,14.05,1
M864,2025-09-07 03:44:00,325601.0,15.83,1
M865,2025-09-07 03:45:00,91685.0,37.28,1
M866,2025-09-07 03:46:00,753838.0,4.08,1
M867,2025-09-07 03:47:00,337982.0,7.45,1
M868,2025-09-07 03:48:00,340803.0,3.39,1
M869,2025-09-07 03:49:00,466319.0,25.65,1
M870,2025-09-07 03:50:00,792002.0,3.45,1
M871,2025-09-07 03:51:00,225306.0,5.43,1
M872,2025-09-07 03:52:00,577509.0,2.25,1
M873,2025-09-07 03:53:00,591001.0,9.69,1
M874,2025-09-07 03:54:00,684697.0,3.89,1
M875,2025-09-07 03:55:00,694362.0,14.52,1
M876,2025-09-07 03:56:00,875130.0,18.66,1
M877,2025-09-07 03:57:00,349519.0,178.92,1
M878,2025-09-07 03:58:00,520686.0,4.1,1
M879,2025-09-07 03:59:00,253128.0,5.28,1
M880,2025-09-07 04:00:00,186788.0,6.54,1
M881,2025-09-07 04:01:00,729701.0,14.25,1
M882,2025-09-07 04:02:00,746128.0,56.5,1
M883,2025-09-07 04:03:00,511222.0,2.6,1
M884,2025-09-07 04:04:00,1356280.0,11.6,1
M885,2025-09-07 04:05:00,9479789.0,8.14,1
M886,2025-09-07 04:06:00,410939.0,4.37,1
M887,2025-09-07 04:07:00,271637.0,40.39,1
M888,2025-09-07 04:08:00,377273.0,5.53,1
M889,2025-09-07 04:09:00,174915.0,3.14,1
M890,2025-09-07 04:10:00,258251.0,6.61,1
M891,2025-09-07 04:11:00,343773.0,18.89,1
M892,2025-09-07 04:12:00,372646.0,5.17,1
M893,2025-09-07 04:13:00,336020.0,4.47,1
M894,2025-09-07 04:14:00,403461.0,2.94,1
M895,2025-09-07 04:15:00,158310.0,6.97,1
M896,2025-09-07 04:16:00,417830.0,10.58,1
M897,2025-09-07 04:17:00,466498.0,8.54,1
M898,2025-09-07 04:18:00,497934.0,10.29,1
M899,2025-09-07 04:19:00,221072.0,4.03,1
M900,2025-09-07 04:20:00,154641.0,0.78,1
M901,2025-09-07 04:21:00,241106.0,1.7,1
M902,2025-09-07 04:22:00,777346.0,37.0,1
M903,2025-09-07 04:23:00,201840.0,16.35,1
M904,2025-09-07 04:24:00,1637190.0,86.11,1
M905,2025-09-07 04:25:00,2983807.0,17.34,1
M906,2025-09-07 04:26:00,567600.0,4.1,1
M907,2025-09-07 04:27:00,306660.0,4.9,1
M908,2025-09-07 04:28:00,297711.0,2.99,1
M909,2025-09-07 04:29:00,176079.0,9.0,1
M910,2025-09-07 04:30:00,334555.0,20.06,1
M911,2025-09-07 04:31:00,756276.0,12.56,1
M912,2025-09-07 04:32:00,282487.0,8.55,1
M913,2025-09-07 04:33:00,199959.0,17.28,1
M914,2025-09-07 04:34:00,94108.0,2.75,1
M915,2025-09-07 04:35:00,1385465.0,1.56,1
M916,2025-09-07 04:36:00,1386050.0,3.05,1
M917,2025-09-07 04:37:00,22954.0,34.68,1
M918,2025-09-07 04:38:00,884414.0,5.04,1
M919,2025-09-07 04:39:00,95465.0,7.95,1
M920,2025-09-07 04:40:00,216858.0,13.57,1
M921,2025-09-07 04:41:00,452959.0,20.48,1
M922,2025-09-07 04:42:00,932808.0,7.91,1
M923,2025-09-07 04:43:00,410139.0,8.18,1
M924,2025-09-07 04:44:00,432171.0,0.54,1
M925,2025-09-07 04:45:00,885888.0,2.37,1
M926,2025-09-07 04:46:00,2845767.0,7.65,1
M927,2025-09-07 04:47:00,86458.0,8.46,1
M928,2025-09-07 04:48:00,246610.0,0.71,1
M929,2025-09-07 04:49:00,354493.0,7.85,1
M930,2025-09-07 04:50:00,290191.0,15.29,1
M931,2025-09-07 04:51:00,655634.0,6.23,1
M932,2025-09-07 04:52:00,69883.0,2.46,1
M933,2025-09-07 04:53:00,1384104.0,5.13,1
M934,2025-09-07 04:54:00,393878.0,22.34,1
M935,2025-09-07 04:55:00,1729379.0,10.22,1
M936,2025-09-07 04:56:00,918984.0,34.98,1
M937,2025-09-07 04:57:00,441776.0,5.7,1
M938,2025-09-07 04:58:00,921819.0,10.14,1
M939,2025-09-07 04:59:00,604483.0,8.71,1
M940,2025-09-07 05:00:00,443424.0,2.66,1
M941,2025-09-07 05:01:00,271948.0,1.44,1
M942,2025-09-07 05:02:00,741099.0,12.71,1
M943,2025-09-07 05:03:00,647053.0,17.12,1
M944,2025-09-07 05:04:00,645629.0,291.84,1
M945,2025-09-07 05:05:00,784593.0,4.57,1
M946,2025-09-07 05:06:00,58845.0,1.88,1
M947,2025-09-07 05:07:00,1121137.0,7.23,1
M948,2025-09-07 05:08:00,710060.0,2.16,1
M949,2025-09-07 05:09:00,248148.0,1.29,1
M950,2025-09-07 05:10:00,1050646.0,11.56,1
M951,2025-09-07 05:11:00,951890.0,9.02,1
M952,2025-09-07 05:12:00,139726.0,20.34,1
M953,2025-09-07 05:13:00,1142237.0,13.52,1
M954,2025-09-07 05:14:00,573406.0,12.22,1
M955,2025-09-07 05:15:00,109432.0,9.06,1
M956,2025-09-07 05:16:00,173947.0,4.13,1
M957,2025-09-07 05:17:00,385635.0,11.76,1
M958,2025-09-07 05:18:00,1381778.0,0.76,1
M959,2025-09-07 05:19:00,1436124.0,4.66,1
M960,2025-09-07 05:20:00,792357.0,3.16,1
M961,2025-09-07 05:21:00,499479.0,32.86,1
M962,2025-09-07 05:22:00,246940.0,12.9,1
M963,2025-09-07 05:23:00,205812.0,2.15,1
M964,2025-09-07 05:24:00,651048.0,6.19,1
M965,2025-09-07 05:25:00,542129.0,1.65,1
M966,2025-09-07 05:26:00,317359.0,21.07,1
M967,2025-09-07 05:27:00,953379.0,3.68,1
M968,2025-09-07 05:28:00,248185.0,2.3,1
M969,2025-09-07 05:29:00,330943.0,1.06,1
M970,2025-09-07 05:30:00,2171117.0,6.28,1
M971,2025-09-07 05:31:00,160061.0,3.11,1
M972,2025-09-07 05:32:00,1863256.0,24.41,1
M973,2025-09-07 05:33:00,861873.0,13.07,1
M974,2025-09-07 05:34:00,579199.0,3.05,1
M975,2025-09-07 05:35:00,623740.0,26.05,1
M976,2025-09-07 05:36:00,847324.0,5.25,1
M977,2025-09-07 05:37:00,637890.0,8.85,1
M978,2025-09-07 05:38:00,588962.0,3.71,1
M979,2025-09-07 05:39:00,310162.0,18.91,1
M980,2025-09-07 05:40:00,611919.0,7.34,1
M981,2025-09-07 05:41:00,513667.0,111.78,1
M982,2025-09-07 05:42:00,3309540.0,10.04,1
M983,2025-09-07 05:43:00,412168.0,29.66,1
M984,2025-09-07 05:44:00,479661.0,43.48,1
M985,2025-09-07 05:45:00,837837.0,0.51,1
M986,2025-09-07 05:46:00,307554.0,25.92,1
M987,2025-09-07 05:47:00,215756.0,11.04,1
M988,2025-09-07 05:48:00,1575860.0,9.17,1
M989,2025-09-07 05:49:00,442406.0,2.0,1
M990,2025-09-07 05:50:00,1103792.0,18.97,1
M991,2025-09-07 05:51:00,1209549.0,9.58,1
M992,2025-09-07 05:52:00,157668.0,6.68,1
M993,2025-09-07 05:53:00,237456.0,10.5,1
M994,2025-09-07 05:54:00,45170.0,2.73,1
M995,2025-09-07 05:55:00,281636.0,6.77,1
M996,2025-09-07 05:56:00,115365.0,3.85,1
M997,2025-09-07 05:57:00,519680.0,13.36,1
M998,2025-09-07 05:58:00,468545.0,12.08,1
M999,2025-09-07 05:59:00,133464.0,14.6,1
M1000,2025-09-07 06:00:00,905798.0,3.09,1
M1001,2025-09-07 06:01:00,1286405.0,6.94,1
M1002,2025-09-07 06:02:00,580609.0,7.99,1
M1003,2025-09-07 06:03:00,73232.0,17.77,1
M1004,2025-09-07 06:04:00,1298516.0,9.42,1
M1005,2025-09-07 06:05:00,261369.0,44.54,1
M1006,2025-09-07 06:06:00,898246.0,3.01,1
M1007,2025-09-07 06:07:00,771039.0,3.54,1
M1008,2025-09-07 06:08:00,591739.0,7.79,1
M1009,2025-09-07 06:09:00,380248.0,10.74,1
M1010,2025-09-07 06:10:00,640487.0,19.28,1
M1011,2025-09-07 06:11:00,4580403.0,13.22,1
M1012,2025-09-07 06:12:00,66471.0,38.32,1
M1013,2025-09-07 06:13:00,1528616.0,2.86,1
M1014,2025-09-07 06:14:00,628274.0,18.1,1
M1015,2025-09-07 06:15:00,126891.0,44.22,1
M1016,2025-09-07 06:16:00,521456.0,8.3,1
M1017,2025-09-07 06:17:00,611420.0,7.96,1
M1018,2025-09-07 06:18:00,901727.0,7.92,1
M1019,2025-09-07 06:19:00,1145307.0,31.56,1
M1020,2025-09-07 06:20:00,377155.0,5.77,1
M1021,2025-09-07 06:21:00,235094.0,1.64,1
M1022,2025-09-07 06:22:00,64331.0,28.04,1
M1023,2025-09-07 06:23:00,181313.0,0.87,1
M1024,2025-09-07 06:24:00,450085.0,6.21,1
M1025,2025-09-07 06:25:00,279195.0,15.92,1
M1026,2025-09-07 06:26:00,255118.0,1.54,1
M1027,2025-09-07 06:27:00,856269.0,0.56,1
M1028,2025-09-07 06:28:00,845242.0,6.97,1
M1029,2025-09-07 06:29:00,184141.0,3.33,1
M1030,2025-09-07 06:30:00,590947.0,2.41,1
M1031,2025-09-07 06:31:00,456468.0,5.24,1
M1032,2025-09-07 06:32:00,228421.0,18.45,1
M1033,2025-09-07 06:33:00,910195.0,39.01,1
M1034,2025-09-07 06:34:00,1441178.0,35.79,1
M1035,2025-09-07 06:35:00,732263.0,29.95,1
M1036,2025-09-07 06:36:00,398178.0,6.62,1
M1037,2025-09-07 06:37:00,201523.0,5.97,1
M1038,2025-09-07 06:38:00,699896.0,16.48,1
M1039,2025-09-07 06:39:00,328892.0,1.77,1
M1040,2025-09-07 06:40:00,936600.0,1.46,1
M1041,2025-09-07 06:41:00,432617.0,13.24,1
M1042,2025-09-07 06:42:00,1296981.0,33.55,1
M1043,2025-09-07 06:43:00,1568458.0,15.18,1
M1044,2025-09-07 06:44:00,322025.0,13.66,1
M1045,2025-09-07 06:45:00,107772.0,2.67,1
M1046,2025-09-07 06:46:00,351263.0,1.46,1
M1047,2025-09-07 06:47:00,182301.0,20.38,1
M1048,2025-09-07 06:48:00,454634.0,1.49,1
M1049,2025-09-07 06:49:00,254239.0,2.05,1
M1050,2025-09-07 06:50:00,104931.0,3.9,1
M1051,2025-09-07 06:51:00,128385.0,1.73,1
M1052,2025-09-07 06:52:00,676770.0,6.2,1
M1053,2025-09-07 06:53:00,108487.0,9.34,1
M1054,2025-09-07 06:54:00,404393.0,21.28,1
M1055,2025-09-07 06:55:00,1226699.0,2.26,1
M1056,2025-09-07 06:56:00,1420976.0,8.32,1
M1057,2025-09-07 06:57:00,2004171.0,0.65,1
M1058,2025-09-07 06:58:00,315894.0,3.23,1
M1059,2025-09-07 06:59:00,114110.0,2.88,1
M1060,2025-09-07 07:00:00,550085.0,1.85,1
M1061,2025-09-07 07:01:00,564479.0,13.47,1
M1062,2025-09-07 07:02:00,540826.0,26.4,1
M1063,2025-09-07 07:03:00,396867.0,8.77,1
M1064,2025-09-07 07:04:00,146730.0,3.24,1
M1065,2025-09-07 07:05:00,80977.0,9.51,1
M1066,2025-09-07 07:06:00,432357.0,19.83,1
M1067,2025-09-07 07:07:00,108695.0,9.68,1
M1068,2025-09-07 07:08:00,403529.0,6.24,1
M1069,2025-09-07 07:09:00,181587.0,8.61,1
M1070,2025-09-07 07:10:00,272555.0,18.38,1
M1071,2025-09-07 07:11:00,780442.0,3.9,1
M1072,2025-09-07 07:12:00,370885.0,13.94,1
M1073,2025-09-07 07:13:00,534732.0,7.56,1
M1074,2025-09-07 07:14:00,880660.0,4.01,1
M1075,2025-09-07 07:15:00,151063.0,38.26,1
M1076,2025-09-07 07:16:00,925742.0,5.25,1
M1077,2025-09-07 07:17:00,741007.0,5.84,1
M1078,2025-09-07 07:18:00,201407.0,7.05,1
M1079,2025-09-07 07:19:00,261401.0,20.67,1
M1080,2025-09-07 07:20:00,799469.0,24.89,1
M1081,2025-09-07 07:21:00,348542.0,9.45,1
M1082,2025-09-07 07:22:00,194238.0,2.42,1
M1083,2025-09-07 07:23:00,219748.0,1.04,1
M1084,2025-09-07 07:24:00,626822.0,65.73,1
M1085,2025-09-07 07:25:00,1142727.0,17.24,1
M1086,2025-09-07 07:26:00,483021.0,11.27,1
M1087,2025-09-07 07:27:00,1522299.0,19.69,1
M1088,2025-09-07 07:28:00,173116.0,7.91,1
M1089,2025-09-07 07:29:00,443450.0,7.2,1
M1090,2025-09-07 07:30:00,358845.0,5.63,1
M1091,2025-09-07 07:31:00,425892.0,13.56,1
M1092,2025-09-07 07:32:00,186161.0,1.37,1
M1093,2025-09-07 07:33:00,198411.0,3.14,1
M1094,2025-09-07 07:34:00,2483482.0,3.11,1
M1095,2025-09-07 07:35:00,826076.0,9.14,1
M1096,2025-09-07 07:36:00,2135721.0,13.42,1
M1097,2025-09-07 07:37:00,2255023.0,1.51,1
M1098,2025-09-07 07:38:00,1034173.0,8.19,1
M1099,2025-09-07 07:39:00,1905406.0,25.85,1
M1100,2025-09-07 07:40:00,121765.0,2.32,1
M1101,2025-09-07 07:41:00,106053.0,6.07,1
M1102,2025-09-07 07:42:00,804829.0,4.42,1
M1103,2025-09-07 07:43:00,1084510.0,9.71,1
M1104,2025-09-07 07:44:00,142762.0,13.6,1
M1105,2025-09-07 07:45:00,721197.0,28.11,1
M1106,2025-09-07 07:46:00,408244.0,21.72,1
M1107,2025-09-07 07:47:00,293541.0,6.11,1
M1108,2025-09-07 07:48:00,84848.0,4.96,1
M1109,2025-09-07 07:49:00,296972.0,1.32,1
M1110,2025-09-07 07:50:00,608203.0,12.25,1
M1111,2025-09-07 07:51:00,756409.0,26.78,1
M1112,2025-09-07 07:52:00,272939.0,9.6,1
M1113,2025-09-07 07:53:00,175008.0,9.48,1
M1114,2025-09-07 07:54:00,858841.0,54.52,1
M1115,2025-09-07 07:55:00,475138.0,3.5,1
M1116,2025-09-07 07:56:00,1173019.0,2.7,1
M1117,2025-09-07 07:57:00,92630.0,18.19,1
M1118,2025-09-07 07:58:00,440065.0,1.17,1
M1119,2025-09-07 07:59:00,833158.0,1.8,1
M1120,2025-09-07 08:00:00,1203557.0,11.86,1
M1121,2025-09-07 08:01:00,913577.0,10.88,1
M1122,2025-09-07 08:02:00,381377.0,12.01,1
M1123,2025-09-07 08:03:00,179304.0,3.83,1
M1124,2025-09-07 08:04:00,385222.0,17.7,1
M1125,2025-09-07 08:05:00,477806.0,5.91,1
M1126,2025-09-07 08:06:00,70958.0,15.34,1
M1127,2025-09-07 08:07:00,417163.0,18.52,1
M1128,2025-09-07 08:08:00,355074.0,43.78,1
M1129,2025-09-07 08:09:00,1410074.0,6.18,1
M1130,2025-09-07 08:10:00,1822940.0,5.61,1
M1131,2025-09-07 08:11:00,2014799.0,3.96,1
M1132,2025-09-07 08:12:00,500317.0,2.69,1
M1133,2025-09-07 08:13:00,554551.0,10.54,1
M1134,2025-09-07 08:14:00,74087.0,7.1,1
M1135,2025-09-07 08:15:00,204502.0,23.22,1
M1136,2025-09-07 08:16:00,484257.0,20.5,1
M1137,2025-09-07 08:17:00,377922.0,9.0,1
M1138,2025-09-07 08:18:00,483212.0,30.54,1
M1139,2025-09-07 08:19:00,131725.0,5.86,1
M1140,2025-09-07 08:20:00,602066.0,39.4,1
M1141,2025-09-07 08:21:00,1243912.0,205.19,1
M1142,2025-09-07 08:22:00,31602.0,9.35,1
M1143,2025-09-07 08:23:00,1004223.0,20.23,1
M1144,2025-09-07 08:24:00,109505.0,16.81,1
M1145,2025-09-07 08:25:00,424213.0,15.07,1
M1146,2025-09-07 08:26:00,183190.0,2.07,1
M1147,2025-09-07 08:27:00,279148.0,18.52,1
M1148,2025-09-07 08:28:00,398843.0,1.61,1
M1149,2025-09-07 08:29:00,2157845.0,19.47,1
M1150,2025-09-07 08:30:00,1157775.0,1.63,1
M1151,2025-09-07 08:31:00,1157919.0,5.47,1
M1152,2025-09-07 08:32:00,203254.0,9.12,1
M1153,2025-09-07 08:33:00,324225.0,3.79,1
M1154,2025-09-07 08:34:00,449963.0,35.35,1
M1155,2025-09-07 08:35:00,382445.0,5.57,1
M1156,2025-09-07 08:36:00,105977.0,2.07,1
M1157,2025-09-07 08:37:00,342124.0,1.39,1
M1158,2025-09-07 08:38:00,48865.0,6.08,1
M1159,2025-09-07 08:39:00,802240.0,7.41,1
M1160,2025-09-07 08:40:00,455192.0,24.5,1
M1161,2025-09-07 08:41:00,339587.0,5.46,1
M1162,2025-09-07 08:42:00,176968.0,4.23,1
M1163,2025-09-07 08:43:00,173493.0,7.58,1
M1164,2025-09-07 08:44:00,403569.0,2.84,1
M1165,2025-09-07 08:45:00,71508.0,25.11,1
M1166,2025-09-07 08:46:00,228422.0,27.34,1
M1167,2025-09-07 08:47:00,768527.0,2.58,1
M1168,2025-09-07 08:48:00,255068.0,28.96,1
M1169,2025-09-07 08:49:00,1341869.0,10.89,1
M1170,2025-09-07 08:50:00,2053394.0,19.46,1
M1171,2025-09-07 08:51:00,48712.0,1.2,1
M1172,2025-09-07 08:52:00,373189.0,2.97,1
M1173,2025-09-07 08:53:00,698809.0,17.99,1
M1174,2025-09-07 08:54:00,148832.0,3.73,1
M1175,2025-09-07 08:55:00,344050.0,7.7,1
M1176,2025-09-07 08:56:00,554587.0,6.58,1
M1177,2025-09-07 08:57:00,995232.0,38.96,1
M1178,2025-09-07 08:58:00,724058.0,0.55,1
M1179,2025-09-07 08:59:00,209101.0,11.25,1
M1180,2025-09-07 09:00:00,931110.0,4.65,1
M1181,2025-09-07 09:01:00,875808.0,3.83,1
M1182,2025-09-07 09:02:00,285771.0,4.01,1
M1183,2025-09-07 09:03:00,272820.0,4.18,1
M1184,2025-09-07 09:04:00,287409.0,39.01,1
M1185,2025-09-07 09:05:00,868301.0,3.31,1
M1186,2025-09-07 09:06:00,133139.0,29.9,1
M1187,2025-09-07 09:07:00,108379.0,13.43,1
M1188,2025-09-07 09:08:00,135438.0,10.32,1
M1189,2025-09-07 09:09:00,66007.0,0.88,1
M1190,2025-09-07 09:10:00,694499.0,10.92,1
M1191,2025-09-07 09:11:00,498691.0,2.69,1
M1192,2025-09-07 09:12:00,398802.0,5.15,1
M1193,2025-09-07 09:13:00,949663.0,45.52,1
M1194,2025-09-07 09:14:00,121143.0,26.28,1
M1195,2025-09-07 09:15:00,587136.0,7.12,1
M1196,2025-09-07 09:16:00,69880.0,3.81,1
M1197,2025-09-07 09:17:00,276501.0,14.16,1
M1198,2025-09-07 09:18:00,828981.0,20.85,1
M1199,2025-09-07 09:19:00,921528.0,2.26,1
M1200,2025-09-07 09:20:00,657218.0,80.47,1
M1201,2025-09-07 09:21:00,624307.0,2.03,1
M1202,2025-09-07 09:22:00,1363992.0,20.3,1
M1203,2025-09-07 09:23:00,1028896.0,41.4,1
M1204,2025-09-07 09:24:00,456931.0,6.42,1
M1205,2025-09-07 09:25:00,287499.0,6.55,1
M1206,2025-09-07 09:26:00,851669.0,4.28,1
M1207,2025-09-07 09:27:00,167336.0,4.58,1
M1208,2025-09-07 09:28:00,166325.0,9.47,1
M1209,2025-09-07 09:29:00,1462384.0,1.7,1
M1210,2025-09-07 09:30:00,241011.0,10.02,1
M1211,2025-09-07 09:31:00,1345501.0,8.35,1
M1212,2025-09-07 09:32:00,300699.0,5.62,1
M1213,2025-09-07 09:33:00,315078.0,4.68,1
M1214,2025-09-07 09:34:00,862027.0,4.42,1
M1215,2025-09-07 09:35:00,342374.0,28.66,1
M1216,2025-09-07 09:36:00,221669.0,2.67,1
M1217,2025-09-07 09:37:00,780896.0,8.95,1
M1218,2025-09-07 09:38:00,58020.0,8.47,1
M1219,2025-09-07 09:39:00,454003.0,9.86,1
M1220,2025-09-07 09:40:00,192951.0,5.83,1
M1221,2025-09-07 09:41:00,1030268.0,28.84,1
M1222,2025-09-07 09:42:00,1166015.0,14.47,1
M1223,2025-09-07 09:43:00,56210.0,18.78,1
M1224,2025-09-07 09:44:00,591787.0,9.2,1
M1225,2025-09-07 09:45:00,921922.0,9.27,1
M1226,2025-09-07 09:46:00,478017.0,13.01,1
M1227,2025-09-07 09:47:00,238850.0,1.41,1
M1228,2025-09-07 09:48:00,1115383.0,9.69,1
M1229,2025-09-07 09:49:00,488389.0,25.8,1
M1230,2025-09-07 09:50:00,1803567.0,40.5,1
M1231,2025-09-07 09:51:00,291555.0,7.28,1
M1232,2025-09-07 09:52:00,822032.0,6.41,1
M1233,2025-09-07 09:53:00,1291171.0,5.95,1
M1234,2025-09-07 09:54:00,154976.0,12.96,1
M1235,2025-09-07 09:55:00,170713.0,19.17,1
M1236,2025-09-07 09:56:00,435154.0,24.42,1
M1237,2025-09-07 09:57:00,220899.0,7.86,1
M1238,2025-09-07 09:58:00,713612.0,6.33,1
M1239,2025-09-07 09:59:00,243387.0,17.44,1
M1240,2025-09-07 10:00:00,849818.0,2.79,1
M1241,2025-09-07 10:01:00,519450.0,3.81,1
M1242,2025-09-07 10:02:00,301186.0,12.08,1
M1243,2025-09-07 10:03:00,185754.0,14.07,1
M1244,2025-09-07 10:04:00,525026.0,5.49,1
M1245,2025-09-07 10:05:00,568747.0,3.64,1
M1246,2025-09-07 10:06:00,156381.0,6.36,1
M1247,2025-09-07 10:07:00,431325.0,1.78,1
M1248,2025-09-07 10:08:00,637036.0,5.53,1
M1249,2025-09-07 10:09:00,296928.0,3.25,1
M1250,2025-09-07 10:10:00,1383906.0,4.97,1
M1251,2025-09-07 10:11:00,452846.0,7.86,1
M1252,2025-09-07 10:12:00,327810.0,11.02,1
M1253,2025-09-07 10:13:00,621073.0,4.86,1
M1254,2025-09-07 10:14:00,92190.0,1.28,1
M1255,2025-09-07 10:15:00,721011.0,53.31,1
M1256,2025-09-07 10:16:00,1262349.0,12.47,1
M1257,2025-09-07 10:17:00,252979.0,5.17,1
M1258,2025-09-07 10:18:00,775065.0,13.86,1
M1259,2025-09-07 10:19:00,430125.0,1.98,1
M1260,2025-09-07 10:20:00,85296.0,4.7,1
M1261,2025-09-07 10:21:00,463907.0,27.94,1
M1262,2025-09-07 10:22:00,253082.0,11.8,1
M1263,2025-09-07 10:23:00,1158651.0,4.64,1
M1264,2025-09-07 10:24:00,354858.0,9.16,1
M1265,2025-09-07 10:25:00,234103.0,5.48,1
M1266,2025-09-07 10:26:00,262270.0,3.76,1
M1267,2025-09-07 10:27:00,338084.0,17.85,1
M1268,2025-09-07 10:28:00,7192213.0,6.66,1
M1269,2025-09-07 10:29:00,772162.0,5.3,1
M1270,2025-09-07 10:30:00,763298.0,12.83,1
M1271,2025-09-07 10:31:00,500332.0,3.38,1
M1272,2025-09-07 10:32:00,2493212.0,2.61,1
M1273,2025-09-07 10:33:00,264017.0,13.22,1
M1274,2025-09-07 10:34:00,306173.0,44.14,1
M1275,2025-09-07 10:35:00,884585.0,5.47,1
M1276,2025-09-07 10:36:00,413851.0,10.71,1
M1277,2025-09-07 10:37:00,324681.0,1.31,1
M1278,2025-09-07 10:38:00,254029.0,6.63,1
M1279,2025-09-07 10:39:00,1067795.0,4.32,1
M1280,2025-09-07 10:40:00,356269.0,3.7,1
M1281,2025-09-07 10:41:00,606422.0,1.84,1
M1282,2025-09-07 10:42:00,344876.0,14.0,1
M1283,2025-09-07 10:43:00,125708.0,16.05,1
M1284,2025-09-07 10:44:00,823827.0,12.15,1
M1285,2025-09-07 10:45:00,149730.0,12.45,1
M1286,2025-09-07 10:46:00,109275.0,5.93,1
M1287,2025-09-07 10:47:00,353517.0,10.04,1
M1288,2025-09-07 10:48:00,759127.0,18.79,1
M1289,2025-09-07 10:49:00,873924.0,8.63,1
M1290,2025-09-07 10:50:00,2477994.0,2.66,1
M1291,2025-09-07 10:51:00,521600.0,4.23,1
M1292,2025-09-07 10:52:00,214633.0,10.8,1
M1293,2025-09-07 10:53:00,95135.0,4.5,1
M1294,2025-09-07 10:54:00,386998.0,18.36,1
M1295,2025-09-07 10:55:00,969121.0,5.46,1
M1296,2025-09-07 10:56:00,143811.0,15.23,1
M1297,2025-09-07 10:57:00,718899.0,28.86,1
M1298,2025-09-07 10:58:00,595009.0,1.02,1
M1299,2025-09-07 10:59:00,402000.0,12.26,1
M1300,2025-09-07 11:00:00,1616646.0,3.71,1
M1301,2025-09-07 11:01:00,628631.0,31.16,1
M1302,2025-09-07 11:02:00,1150000.0,5.48,1
M1303,2025-09-07 11:03:00,733833.0,7.02,1
M1304,2025-09-07 11:04:00,125882.0,2.84,1
M1305,2025-09-07 11:05:00,497746.0,5.08,1
M1306,2025-09-07 11:06:00,462446.0,1.03,1
M1307,2025-09-07 11:07:00,400544.0,14.8,1
M1308,2025-09-07 11:08:00,994846.0,10.05,1
M1309,2025-09-07 11:09:00,1884736.0,12.74,1
M1310,2025-09-07 11:10:00,518188.0,1.11,1
M1311,2025-09-07 11:11:00,2127325.0,15.99,1
M1312,2025-09-07 11:12:00,514501.0,4.0,1
M1313,2025-09-07 11:13:00,120306.0,29.94,1
M1314,2025-09-07 11:14:00,495898.0,7.11,1
M1315,2025-09-07 11:15:00,757434.0,10.14,1
M1316,2025-09-07 11:16:00,438515.0,7.64,1
M1317,2025-09-07 11:17:00,160779.0,19.73,1
M1318,2025-09-07 11:18:00,654080.0,20.3,1
M1319,2025-09-07 11:19:00,290786.0,5.12,1
M1320,2025-09-07 11:20:00,1160796.0,30.62,1
M1321,2025-09-07 11:21:00,2521181.0,5.81,1
M1322,2025-09-07 11:22:00,301665.0,4.93,1
M1323,2025-09-07 11:23:00,561177.0,5.1,1
M1324,2025-09-07 11:24:00,724692.0,5.2,1
M1325,2025-09-07 11:25:00,1266917.0,7.57,1
M1326,2025-09-07 11:26:00,616990.0,7.0,1
M1327,2025-09-07 11:27:00,389801.0,27.33,1
M1328,2025-09-07 11:28:00,285517.0,35.62,1
M1329,2025-09-07 11:29:00,273988.0,36.63,1
M1330,2025-09-07 11:30:00,429711.0,12.56,1
M1331,2025-09-07 11:31:00,363072.0,1.2,1
M1332,2025-09-07 11:32:00,963210.0,6.99,1
M1333,2025-09-07 11:33:00,194050.0,20.6,1
M1334,2025-09-07 11:34:00,304014.0,10.73,1
M1335,2025-09-07 11:35:00,585198.0,4.2,1
M1336,2025-09-07 11:36:00,321256.0,5.66,1
M1337,2025-09-07 11:37:00,293901.0,2.9,1
M1338,2025-09-07 11:38:00,145868.0,24.34,1
M1339,2025-09-07 11:39:00,999606.0,11.81,1
M1340,2025-09-07 11:40:00,298331.0,4.15,1
M1341,2025-09-07 11:41:00,597918.0,1.56,1
M1342,2025-09-07 11:42:00,142736.0,0.84,1
M1343,2025-09-07 11:43:00,706121.0,0.69,1
M1344,2025-09-07 11:44:00,178036.0,2.2,1
M1345,2025-09-07 11:45:00,261623.0,7.16,1
M1346,2025-09-07 11:46:00,871509.0,27.11,1
M1347,2025-09-07 11:47:00,488884.0,14.94,1
M1348,2025-09-07 11:48:00,1084635.0,2.57,1
M1349,2025-09-07 11:49:00,285067.0,20.01,1
M1350,2025-09-07 11:50:00,400463.0,12.51,1
M1351,2025-09-07 11:51:00,327887.0,2.51,1
M1352,2025-09-07 11:52:00,644747.0,3.76,1
M1353,2025-09-07 11:53:00,183201.0,143.49,1
M1354,2025-09-07 11:54:00,557331.0,5.53,1
M1355,2025-09-07 11:55:00,370113.0,9.39,1
M1356,2025-09-07 11:56:00,210466.0,1.44,1
M1357,2025-09-07 11:57:00,1584699.0,1.71,1
M1358,2025-09-07 11:58:00,597043.0,18.93,1
M1359,2025-09-07 11:59:00,327223.0,6.21,1
M1360,2025-09-07 12:00:00,306132.0,17.41,1
M1361,2025-09-07 12:01:00,394727.0,16.5,1
M1362,2025-09-07 12:02:00,353219.0,21.38,1
M1363,2025-09-07 12:03:00,168702.0,16.11,1
M1364,2025-09-07 12:04:00,295015.0,11.1,1
M1365,2025-09-07 12:05:00,818254.0,3.36,1
M1366,2025-09-07 12:06:00,591334.0,12.32,1
M1367,2025-09-07 12:07:00,197406.0,1.28,1
M1368,2025-09-07 12:08:00,108149.0,5.55,1
M1369,2025-09-07 12:09:00,1133899.0,1.74,1
M1370,2025-09-07 12:10:00,582132.0,18.98,1
M1371,2025-09-07 12:11:00,1598637.0,3.78,1
M1372,2025-09-07 12:12:00,415515.0,2.95,1
M1373,2025-09-07 12:13:00,699331.0,120.97,1
M1374,2025-09-07 12:14:00,292796.0,12.01,1
M1375,2025-09-07 12:15:00,1272401.0,19.75,1
M1376,2025-09-07 12:16:00,1139414.0,7.51,1
M1377,2025-09-07 12:17:00,223283.0,9.5,1
M1378,2025-09-07 12:18:00,3251296.0,15.01,1
M1379,2025-09-07 12:19:00,622563.0,2.23,1
M1380,2025-09-07 12:20:00,153251.0,1.22,1
M1381,2025-09-07 12:21:00,838489.0,33.34,1
M1382,2025-09-07 12:22:00,2152935.0,8.89,1
M1383,2025-09-07 12:23:00,310442.0,3.76,1
M1384,2025-09-07 12:24:00,60201.0,5.53,1
M1385,2025-09-07 12:25:00,204303.0,14.41,1
M1386,2025-09-07 12:26:00,1573444.0,5.91,1
M1387,2025-09-07 12:27:00,171503.0,20.98,1
M1388,2025-09-07 12:28:00,1109272.0,1.46,1
M1389,2025-09-07 12:29:00,946287.0,1.42,1
M1390,2025-09-07 12:30:00,2329696.0,3.03,1
M1391,2025-09-07 12:31:00,368308.0,16.8,1
M1392,2025-09-07 12:32:00,285464.0,13.12,1
M1393,2025-09-07 12:33:00,80729.0,1.11,1
M1394,2025-09-07 12:34:00,154069.0,25.12,1
M1395,2025-09-07 12:35:00,248072.0,3.46,1
M1396,2025-09-07 12:36:00,333588.0,1.37,1
M1397,2025-09-07 12:37:00,1308052.0,33.72,1
M1398,2025-09-07 12:38:00,482724.0,14.11,1
M1399,2025-09-07 12:39:00,681392.0,2.64,1
M1400,2025-09-07 12:40:00,39550.0,12.76,1
M1401,2025-09-07 12:41:00,685396.0,3.52,1
M1402,2025-09-07 12:42:00,1515665.0,11.96,1
M1403,2025-09-07 12:43:00,1378191.0,58.99,1
M1404,2025-09-07 12:44:00,515311.0,8.55,1
M1405,2025-09-07 12:45:00,218469.0,6.84,1
M1406,2025-09-07 12:46:00,1018294.0,2.49,1
M1407,2025-09-07 12:47:00,300751.0,11.59,1
M1408,2025-09-07 12:48:00,754468.0,9.79,1
M1409,2025-09-07 12:49:00,374854.0,5.04,1
M1410,2025-09-07 12:50:00,429104.0,2.39,1
M1411,2025-09-07 12:51:00,168486.0,9.52,1
M1412,2025-09-07 12:52:00,3067578.0,2.94,1
M1413,2025-09-07 12:53:00,749097.0,3.94,1
M1414,2025-09-07 12:54:00,156311.0,1.15,1
M1415,2025-09-07 12:55:00,324388.0,11.28,1
M1416,2025-09-07 12:56:00,128761.0,8.38,1
M1417,2025-09-07 12:57:00,201637.0,9.44,1
M1418,2025-09-07 12:58:00,521355.0,3.31,1
M1419,2025-09-07 12:59:00,393074.0,3.11,1
M1420,2025-09-07 13:00:00,816139.0,1.87,1
M1421,2025-09-07 13:01:00,231358.0,7.79,1
M1422,2025-09-07 13:02:00,362836.0,4.5,1
M1423,2025-09-07 13:03:00,726235.0,3.83,1
M1424,2025-09-07 13:04:00,333350.0,9.14,1
M1425,2025-09-07 13:05:00,397791.0,19.74,1
M1426,2025-09-07 13:06:00,2111548.0,5.02,1
M1427,2025-09-07 13:07:00,221996.0,2.41,1
M1428,2025-09-07 13:08:00,1123712.0,32.01,1
M1429,2025-09-07 13:09:00,197472.0,1.78,1
M1430,2025-09-07 13:10:00,243126.0,2.54,1
M1431,2025-09-07 13:11:00,164725.0,3.98,1
M1432,2025-09-07 13:12:00,1507279.0,6.6,1
M1433,2025-09-07 13:13:00,399128.0,6.32,1
M1434,2025-09-07 13:14:00,211242.0,0.86,1
M1435,2025-09-07 13:15:00,255533.0,13.05,1
M1436,2025-09-07 13:16:00,592491.0,1.85,1
M1437,2025-09-07 13:17:00,896660.0,4.97,1
M1438,2025-09-07 13:18:00,554385.0,3.14,1
M1439,2025-09-07 13:19:00,1153751.0,9.56,1
M1440,2025-09-07 13:20:00,240627.0,2.92,1
M1441,2025-09-07 13:21:00,1648452.0,5.65,1
M1442,2025-09-07 13:22:00,883181.0,2.85,1
M1443,2025-09-07 13:23:00,419682.0,2.71,1
M1444,2025-09-07 13:24:00,835969.0,9.05,1
M1445,2025-09-07 13:25:00,837655.0,17.52,1
M1446,2025-09-07 13:26:00,816737.0,5.57,1
M1447,2025-09-07 13:27:00,1393703.0,5.04,1
M1448,2025-09-07 13:28:00,494639.0,7.45,1
M1449,2025-09-07 13:29:00,283148.0,7.93,1
M1450,2025-09-07 13:30:00,658000.0,63.7,1
M1451,2025-09-07 13:31:00,870616.0,3.3,1
M1452,2025-09-07 13:32:00,248925.0,2.41,1
M1453,2025-09-07 13:33:00,1073601.0,10.44,1
M1454,2025-09-07 13:34:00,1786312.0,10.05,1
M1455,2025-09-07 13:35:00,738259.0,15.32,1
M1456,2025-09-07 13:36:00,287120.0,4.19,1
M1457,2025-09-07 13:37:00,428545.0,10.52,1
M1458,2025-09-07 13:38:00,687401.0,10.49,1
M1459,2025-09-07 13:39:00,310820.0,31.96,1
M1460,2025-09-07 13:40:00,637665.0,13.53,1
M1461,2025-09-07 13:41:00,324371.0,36.99,1
M1462,2025-09-07 13:42:00,334438.0,5.34,1
M1463,2025-09-07 13:43:00,153596.0,15.27,1
M1464,2025-09-07 13:44:00,767675.0,80.43,1
M1465,2025-09-07 13:45:00,1397457.0,7.58,1
M1466,2025-09-07 13:46:00,1232916.0,19.65,1
M1467,2025-09-07 13:47:00,52884.0,8.38,1
M1468,2025-09-07 13:48:00,1627429.0,8.26,1
M1469,2025-09-07 13:49:00,286843.0,2.54,1
M1470,2025-09-07 13:50:00,796819.0,8.94,1
M1471,2025-09-07 13:51:00,153379.0,6.0,1
M1472,2025-09-07 13:52:00,612606.0,5.82,1
M1473,2025-09-07 13:53:00,717759.0,7.87,1
M1474,2025-09-07 13:54:00,278887.0,25.01,1
M1475,2025-09-07 13:55:00,309274.0,3.28,1
M1476,2025-09-07 13:56:00,266762.0,33.84,1
M1477,2025-09-07 13:57:00,624181.0,16.22,1
M1478,2025-09-07 13:58:00,149087.0,1.47,1
M1479,2025-09-07 13:59:00,871290.0,7.0,1
M1480,2025-09-07 14:00:00,569279.0,11.44,1
M1481,2025-09-07 14:01:00,3472969.0,10.41,1
M1482,2025-09-07 14:02:00,1080799.0,0.44,1
M1483,2025-09-07 14:03:00,229929.0,3.73,1
M1484,2025-09-07 14:04:00,388774.0,18.53,1
M1485,2025-09-07 14:05:00,371283.0,4.13,1
M1486,2025-09-07 14:06:00,695411.0,5.07,1
M1487,2025-09-07 14:07:00,601992.0,3.88,1
M1488,2025-09-07 14:08:00,509676.0,15.82,1
M1489,2025-09-07 14:09:00,149039.0,26.17,1
M1490,2025-09-07 14:10:00,78525.0,6.73,1
M1491,2025-09-07 14:11:00,98293.0,69.06,1
M1492,2025-09-07 14:12:00,351533.0,1.29,1
M1493,2025-09-07 14:13:00,747037.0,7.16,1
M1494,2025-09-07 14:14:00,250285.0,25.41,1
M1495,2025-09-07 14:15:00,470680.0,8.36,1
M1496,2025-09-07 14:16:00,162481.0,2.81,1
M1497,2025-09-07 14:17:00,382698.0,6.7,1
M1498,2025-09-07 14:18:00,560994.0,4.03,1
M1499,2025-09-07 14:19:00,1084068.0,8.5,1
M1500,2025-09-07 14:20:00,1328219.0,4.63,1
M1501,2025-09-07 14:21:00,316126.0,1.53,1
M1502,2025-09-07 14:22:00,1047378.0,9.43,1
M1503,2025-09-07 14:23:00,561430.0,25.34,1
M1504,2025-09-07 14:24:00,248890.0,2.68,1
M1505,2025-09-07 14:25:00,3233619.0,8.08,1
M1506,2025-09-07 14:26:00,829421.0,5.29,1
M1507,2025-09-07 14:27:00,147223.0,5.66,1
M1508,2025-09-07 14:28:00,1216959.0,9.09,1
M1509,2025-09-07 14:29:00,935623.0,2.04,1
M1510,2025-09-07 14:30:00,315797.0,8.36,1
M1511,2025-09-07 14:31:00,421842.0,13.38,1
M1512,2025-09-07 14:32:00,1048420.0,42.69,1
M1513,2025-09-07 14:33:00,1665589.0,2.85,1
M1514,2025-09-07 14:34:00,296353.0,4.43,1
M1515,2025-09-07 14:35:00,668720.0,5.16,1
M1516,2025-09-07 14:36:00,772698.0,2.15,1
M1517,2025-09-07 14:37:00,387012.0,7.45,1
M1518,2025-09-07 14:38:00,1008486.0,5.24,1
M1519,2025-09-07 14:39:00,444714.0,2.82,1
M1520,2025-09-07 14:40:00,651585.0,9.39,1
M1521,2025-09-07 14:41:00,855779.0,4.09,1
M1522,2025-09-07 14:42:00,746545.0,2.42,1
M1523,2025-09-07 14:43:00,446944.0,10.15,1
M1524,2025-09-07 14:44:00,3941235.0,2.49,1
M1525,2025-09-07 14:45:00,1968116.0,7.91,1
M1526,2025-09-07 14:46:00,238028.0,4.21,1
M1527,2025-09-07 14:47:00,1278556.0,2.01,1
M1528,2025-09-07 14:48:00,893465.0,3.31,1
M1529,2025-09-07 14:49:00,2405793.0,16.46,1
M1530,2025-09-07 14:50:00,1014144.0,24.66,1
M1531,2025-09-07 14:51:00,1656978.0,9.11,1
M1532,2025-09-07 14:52:00,671467.0,6.92,1
M1533,2025-09-07 14:53:00,101223.0,5.97,1
M1534,2025-09-07 14:54:00,319771.0,18.36,1
M1535,2025-09-07 14:55:00,178918.0,3.28,1
M1536,2025-09-07 14:56:00,368807.0,9.9,1
M1537,2025-09-07 14:57:00,347423.0,64.98,1
M1538,2025-09-07 14:58:00,726348.0,14.47,1
M1539,2025-09-07 14:59:00,1067209.0,15.53,1
M1540,2025-09-07 15:00:00,2261454.0,1.58,1
M1541,2025-09-07 15:01:00,432798.0,0.39,1
M1542,2025-09-07 15:02:00,75614.0,2.32,1
M1543,2025-09-07 15:03:00,3461672.0,56.29,1
M1544,2025-09-07 15:04:00,372831.0,16.61,1
M1545,2025-09-07 15:05:00,65869.0,25.61,1
M1546,2025-09-07 15:06:00,1557970.0,24.2,1
M1547,2025-09-07 15:07:00,716552.0,2.49,1
M1548,2025-09-07 15:08:00,1184600.0,1.57,1
M1549,2025-09-07 15:09:00,1050612.0,7.84,1
M1550,2025-09-07 15:10:00,1004344.0,6.43,1
M1551,2025-09-07 15:11:00,1353124.0,6.62,1
M1552,2025-09-07 15:12:00,374600.0,20.21,1
M1553,2025-09-07 15:13:00,1780098.0,3.26,1
M1554,2025-09-07 15:14:00,1059425.0,25.92,1
M1555,2025-09-07 15:15:00,308993.0,2.33,1
M1556,2025-09-07 15:16:00,61271.0,10.07,1
M1557,2025-09-07 15:17:00,1379665.0,2.63,1
M1558,2025-09-07 15:18:00,885532.0,17.21,1
M1559,2025-09-07 15:19:00,733786.0,4.0,1
M1560,2025-09-07 15:20:00,923363.0,2.29,1
M1561,2025-09-07 15:21:00,125775.0,18.94,1
M1562,2025-09-07 15:22:00,658767.0,3.12,1
M1563,2025-09-07 15:23:00,1096377.0,3.98,1
M1564,2025-09-07 15:24:00,2571005.0,7.82,1
M1565,2025-09-07 15:25:00,641358.0,4.48,1
M1566,2025-09-07 15:26:00,785995.0,0.84,1
M1567,2025-09-07 15:27:00,35888.0,21.71,1
M1568,2025-09-07 15:28:00,1584338.0,24.71,1
M1569,2025-09-07 15:29:00,80724.0,7.77,1
M1570,2025-09-07 15:30:00,389158.0,20.42,1
M1571,2025-09-07 15:31:00,306001.0,3.19,1
M1572,2025-09-07 15:32:00,845364.0,11.5,1
M1573,2025-09-07 15:33:00,708361.0,5.79,1
M1574,2025-09-07 15:34:00,656367.0,4.29,1
M1575,2025-09-07 15:35:00,365722.0,12.77,1
M1576,2025-09-07 15:36:00,704838.0,5.21,1
M1577,2025-09-07 15:37:00,3147507.0,42.44,1
M1578,2025-09-07 15:38:00,161802.0,10.84,1
M1579,2025-09-07 15:39:00,370839.0,6.29,1
M1580,2025-09-07 15:40:00,153988.0,10.43,1
M1581,2025-09-07 15:41:00,553844.0,16.15,1
M1582,2025-09-07 15:42:00,377662.0,19.89,1
M1583,2025-09-07 15:43:00,219093.0,11.37,1
M1584,2025-09-07 15:44:00,2337050.0,19.31,1
M1585,2025-09-07 15:45:00,531850.0,29.05,1
M1586,2025-09-07 15:46:00,162648.0,62.32,1
M1587,2025-09-07 15:47:00,178594.0,17.19,1
M1588,2025-09-07 15:48:00,529312.0,7.8,1
M1589,2025-09-07 15:49:00,412586.0,4.26,1
M1590,2025-09-07 15:50:00,210010.0,2.95,1
M1591,2025-09-07 15:51:00,200869.0,4.15,1
M1592,2025-09-07 15:52:00,495638.0,3.36,1
M1593,2025-09-07 15:53:00,62902.0,35.56,1
M1594,2025-09-07 15:54:00,495949.0,2.96,1
M1595,2025-09-07 15:55:00,393546.0,6.67,1
M1596,2025-09-07 15:56:00,375352.0,18.35,1
M1597,2025-09-07 15:57:00,368292.0,14.72,1
M1598,2025-09-07 15:58:00,1010484.0,10.44,1
M1599,2025-09-07 15:59:00,78670.0,12.4,1
M1600,2025-09-07 16:00:00,466366.0,15.06,1
M1601,2025-09-07 16:01:00,515431.0,2.74,1
M1602,2025-09-07 16:02:00,1207698.0,5.07,1
M1603,2025-09-07 16:03:00,696111.0,8.82,1
M1604,2025-09-07 16:04:00,549163.0,4.63,1
M1605,2025-09-07 16:05:00,367622.0,5.69,1
M1606,2025-09-07 16:06:00,495579.0,4.92,1
M1607,2025-09-07 16:07:00,135903.0,11.53,1
M1608,2025-09-07 16:08:00,84277.0,5.02,1
M1609,2025-09-07 16:09:00,306044.0,9.61,1
M1610,2025-09-07 16:10:00,122382.0,58.62,1
M1611,2025-09-07 16:11:00,330815.0,11.2,1
M1612,2025-09-07 16:12:00,1326243.0,25.89,1
M1613,2025-09-07 16:13:00,325567.0,6.76,1
M1614,2025-09-07 16:14:00,1182917.0,3.38,1
M1615,2025-09-07 16:15:00,265970.0,88.71,1
M1616,2025-09-07 16:16:00,134746.0,11.25,1
M1617,2025-09-07 16:17:00,1130859.0,3.36,1
M1618,2025-09-07 16:18:00,162477.0,9.75,1
M1619,2025-09-07 16:19:00,417738.0,6.89,1
M1620,2025-09-07 16:20:00,818075.0,2.16,1
M1621,2025-09-07 16:21:00,498045.0,3.08,1
M1622,2025-09-07 16:22:00,288719.0,2.84,1
M1623,2025-09-07 16:23:00,2312827.0,4.53,1
M1624,2025-09-07 16:24:00,301217.0,1.87,1
M1625,2025-09-07 16:25:00,573750.0,17.38,1
M1626,2025-09-07 16:26:00,524084.0,28.06,1
M1627,2025-09-07 16:27:00,290269.0,20.23,1
M1628,2025-09-07 16:28:00,1103164.0,6.18,1
M1629,2025-09-07 16:29:00,584326.0,5.43,1
M1630,2025-09-07 16:30:00,918052.0,6.19,1
M1631,2025-09-07 16:31:00,424761.0,0.74,1
M1632,2025-09-07 16:32:00,564914.0,4.22,1
M1633,2025-09-07 16:33:00,113328.0,5.34,1
M1634,2025-09-07 16:34:00,329537.0,14.53,1
M1635,2025-09-07 16:35:00,128562.0,38.89,1
M1636,2025-09-07 16:36:00,382379.0,23.26,1
M1637,2025-09-07 16:37:00,442851.0,3.1,1
M1638,2025-09-07 16:38:00,344116.0,1.58,1
M1639,2025-09-07 16:39:00,236729.0,5.22,1
M1640,2025-09-07 16:40:00,767947.0,7.75,1
M1641,2025-09-07 16:41:00,421605.0,15.08,1
M1642,2025-09-07 16:42:00,570258.0,12.54,1
M1643,2025-09-07 16:43:00,440471.0,71.04,1
M1644,2025-09-07 16:44:00,733413.0,4.24,1
M1645,2025-09-07 16:45:00,607546.0,2.05,1
M1646,2025-09-07 16:46:00,1357434.0,5.93,1
M1647,2025-09-07 16:47:00,351600.0,18.02,1
M1648,2025-09-07 16:48:00,317006.0,7.42,1
M1649,2025-09-07 16:49:00,1646711.0,2.44,1
M1650,2025-09-07 16:50:00,252377.0,17.37,1
M1651,2025-09-07 16:51:00,198967.0,4.92,1
M1652,2025-09-07 16:52:00,1662514.0,0.66,1
M1653,2025-09-07 16:53:00,304540.0,2.03,1
M1654,2025-09-07 16:54:00,1664504.0,9.87,1
M1655,2025-09-07 16:55:00,308158.0,6.44,1
M1656,2025-09-07 16:56:00,493536.0,6.39,1
M1657,2025-09-07 16:57:00,285416.0,0.86,1
M1658,2025-09-07 16:58:00,5066243.0,3.38,1
M1659,2025-09-07 16:59:00,1130190.0,8.77,1
M1660,2025-09-07 17:00:00,378701.0,1.03,1
M1661,2025-09-07 17:01:00,850755.0,3.26,1
M1662,2025-09-07 17:02:00,274741.0,4.77,1
M1663,2025-09-07 17:03:00,467674.0,7.81,1
M1664,2025-09-07 17:04:00,246081.0,27.33,1
M1665,2025-09-07 17:05:00,770828.0,23.45,1
M1666,2025-09-07 17:06:00,890016.0,2.63,1
M1667,2025-09-07 17:07:00,353417.0,3.35,1
M1668,2025-09-07 17:08:00,2376973.0,10.47,1
M1669,2025-09-07 17:09:00,138227.0,14.75,1
M1670,2025-09-07 17:10:00,1126932.0,14.33,1
M1671,2025-09-07 17:11:00,926780.0,4.26,1
M1672,2025-09-07 17:12:00,836155.0,10.54,1
M1673,2025-09-07 17:13:00,116714.0,9.71,1
M1674,2025-09-07 17:14:00,831518.0,6.39,1
M1675,2025-09-07 17:15:00,435982.0,10.12,1
M1676,2025-09-07 17:16:00,716961.0,6.66,1
M1677,2025-09-07 17:17:00,426142.0,22.92,1
M1678,2025-09-07 17:18:00,262747.0,11.68,1
M1679,2025-09-07 17:19:00,477993.0,10.16,1
M1680,2025-09-07 17:20:00,67833.0,15.05,1
M1681,2025-09-07 17:21:00,1422397.0,13.03,1
M1682,2025-09-07 17:22:00,1660454.0,20.56,1
M1683,2025-09-07 17:23:00,302342.0,4.75,1
M1684,2025-09-07 17:24:00,1523424.0,31.4,1
M1685,2025-09-07 17:25:00,473684.0,2.58,1
M1686,2025-09-07 17:26:00,163687.0,5.51,1
M1687,2025-09-07 17:27:00,405414.0,13.89,1
M1688,2025-09-07 17:28:00,204165.0,1.98,1
M1689,2025-09-07 17:29:00,243353.0,22.34,1
M1690,2025-09-07 17:30:00,257508.0,5.61,1
M1691,2025-09-07 17:31:00,212470.0,1.17,1
M1692,2025-09-07 17:32:00,313805.0,4.13,1
M1693,2025-09-07 17:33:00,347541.0,2.41,1
M1694,2025-09-07 17:34:00,260407.0,2.35,1
M1695,2025-09-07 17:35:00,795091.0,7.02,1
M1696,2025-09-07 17:36:00,1208519.0,4.47,1
M1697,2025-09-07 17:37:00,1970699.0,53.83,1
M1698,2025-09-07 17:38:00,203698.0,1.06,1
M1699,2025-09-07 17:39:00,139171.0,2.49,1
M1700,2025-09-07 17:40:00,858539.0,2.69,1
M1701,2025-09-07 17:41:00,73256.0,184.4,1
M1702,2025-09-07 17:42:00,543143.0,4.98,1
M1703,2025-09-07 17:43:00,354805.0,1.93,1
M1704,2025-09-07 17:44:00,1488892.0,8.28,1
M1705,2025-09-07 17:45:00,165608.0,4.96,1
M1706,2025-09-07 17:46:00,1139530.0,64.36,1
M1707,2025-09-07 17:47:00,1447311.0,14.74,1
M1708,2025-09-07 17:48:00,261491.0,1.78,1
M1709,2025-09-07 17:49:00,318363.0,0.98,1
M1710,2025-09-07 17:50:00,714620.0,3.92,1
M1711,2025-09-07 17:51:00,216039.0,13.9,1
M1712,2025-09-07 17:52:00,675872.0,9.66,1
M1713,2025-09-07 17:53:00,503588.0,4.91,1
M1714,2025-09-07 17:54:00,221112.0,33.32,1
M1715,2025-09-07 17:55:00,333268.0,16.12,1
M1716,2025-09-07 17:56:00,616837.0,5.53,1
M1717,2025-09-07 17:57:00,2595542.0,0.72,1
M1718,2025-09-07 17:58:00,693706.0,3.75,1
M1719,2025-09-07 17:59:00,1075497.0,4.48,1
M1720,2025-09-07 18:00:00,208106.0,3.81,1
M1721,2025-09-07 18:01:00,99868.0,104.44,1
M1722,2025-09-07 18:02:00,471629.0,4.17,1
M1723,2025-09-07 18:03:00,464156.0,2.58,1
M1724,2025-09-07 18:04:00,899745.0,12.9,1
M1725,2025-09-07 18:05:00,306242.0,3.74,1
M1726,2025-09-07 18:06:00,144578.0,12.51,1
M1727,2025-09-07 18:07:00,857102.0,2.9,1
M1728,2025-09-07 18:08:00,268054.0,23.0,1
M1729,2025-09-07 18:09:00,291187.0,9.48,1
M1730,2025-09-07 18:10:00,1278678.0,8.58,1
M1731,2025-09-07 18:11:00,255864.0,3.75,1
M1732,2025-09-07 18:12:00,42705.0,18.1,1
M1733,2025-09-07 18:13:00,648204.0,2.24,1
M1734,2025-09-07 18:14:00,479638.0,7.66,1
M1735,2025-09-07 18:15:00,1271734.0,5.14,1
M1736,2025-09-07 18:16:00,428449.0,14.03,1
M1737,2025-09-07 18:17:00,638911.0,13.04,1
M1738,2025-09-07 18:18:00,202973.0,2.87,1
M1739,2025-09-07 18:19:00,635394.0,8.89,1
M1740,2025-09-07 18:20:00,1070122.0,2.59,1
M1741,2025-09-07 18:21:00,2052891.0,7.34,1
M1742,2025-09-07 18:22:00,172133.0,12.49,1
M1743,2025-09-07 18:23:00,300088.0,7.97,1
M1744,2025-09-07 18:24:00,808914.0,2.45,1
M1745,2025-09-07 18:25:00,809125.0,26.49,1
M1746,2025-09-07 18:26:00,255013.0,3.89,1
M1747,2025-09-07 18:27:00,1692602.0,26.05,1
M1748,2025-09-07 18:28:00,754614.0,13.02,1
M1749,2025-09-07 18:29:00,332372.0,2.88,1
M1750,2025-09-07 18:30:00,234347.0,2.94,1
M1751,2025-09-07 18:31:00,1702911.0,3.0,1
M1752,2025-09-07 18:32:00,247888.0,18.56,1
M1753,2025-09-07 18:33:00,301827.0,1.39,1
M1754,2025-09-07 18:34:00,381990.0,2.83,1
M1755,2025-09-07 18:35:00,1169382.0,2.14,1
M1756,2025-09-07 18:36:00,1713449.0,15.41,1
M1757,2025-09-07 18:37:00,1641674.0,10.69,1
M1758,2025-09-07 18:38:00,144096.0,1.25,1
M1759,2025-09-07 18:39:00,932337.0,8.42,1
M1760,2025-09-07 18:40:00,653332.0,5.29,1
M1761,2025-09-07 18:41:00,274940.0,9.5,1
M1762,2025-09-07 18:42:00,417998.0,50.83,1
M1763,2025-09-07 18:43:00,2603059.0,8.36,1
M1764,2025-09-07 18:44:00,500730.0,1.08,1
M1765,2025-09-07 18:45:00,263651.0,0.92,1
M1766,2025-09-07 18:46:00,479591.0,5.05,1
M1767,2025-09-07 18:47:00,6781451.0,10.82,1
M1768,2025-09-07 18:48:00,764149.0,22.12,1
M1769,2025-09-07 18:49:00,301334.0,7.41,1
M1770,2025-09-07 18:50:00,1896964.0,2.6,1
M1771,2025-09-07 18:51:00,313772.0,33.41,1
M1772,2025-09-07 18:52:00,2168600.0,15.96,1
M1773,2025-09-07 18:53:00,736309.0,12.64,1
M1774,2025-09-07 18:54:00,522609.0,14.65,1
M1775,2025-09-07 18:55:00,1324765.0,0.78,1
M1776,2025-09-07 18:56:00,184715.0,10.87,1
M1777,2025-09-07 18:57:00,1336209.0,26.79,1
M1778,2025-09-07 18:58:00,654291.0,7.82,1
M1779,2025-09-07 18:59:00,3020369.0,0.83,1
M1780,2025-09-07 19:00:00,3936908.0,0.27,1
M1781,2025-09-07 19:01:00,221619.0,4.6,1
M1782,2025-09-07 19:02:00,497669.0,2.69,1
M1783,2025-09-07 19:03:00,243457.0,24.94,1
M1784,2025-09-07 19:04:00,234760.0,9.34,1
M1785,2025-09-07 19:05:00,440189.0,17.34,1
M1786,2025-09-07 19:06:00,136716.0,1.92,1
M1787,2025-09-07 19:07:00,779624.0,3.06,1
M1788,2025-09-07 19:08:00,861562.0,2.57,1
M1789,2025-09-07 19:09:00,371756.0,11.3,1
M1790,2025-09-07 19:10:00,318470.0,10.58,1
M1791,2025-09-07 19:11:00,251097.0,6.31,1
M1792,2025-09-07 19:12:00,850360.0,10.9,1
M1793,2025-09-07 19:13:00,1637075.0,22.3,1
M1794,2025-09-07 19:14:00,53343.0,25.44,1
M1795,2025-09-07 19:15:00,855174.0,6.22,1
M1796,2025-09-07 19:16:00,953828.0,2.73,1
M1797,2025-09-07 19:17:00,292124.0,44.78,1
M1798,2025-09-07 19:18:00,776042.0,12.74,1
M1799,2025-09-07 19:19:00,469687.0,6.09,1
M1800,2025-09-07 19:20:00,644113.0,14.21,1
M1801,2025-09-07 19:21:00,96052.0,20.33,1
M1802,2025-09-07 19:22:00,689719.0,16.18,1
M1803,2025-09-07 19:23:00,456264.0,8.9,1
M1804,2025-09-07 19:24:00,319145.0,9.89,1
M1805,2025-09-07 19:25:00,130709.0,2.44,1
M1806,2025-09-07 19:26:00,122610.0,5.46,1
M1807,2025-09-07 19:27:00,1545475.0,9.72,1
M1808,2025-09-07 19:28:00,337553.0,10.07,1
M1809,2025-09-07 19:29:00,806635.0,2.62,1
M1810,2025-09-07 19:30:00,41045.0,12.75,1
M1811,2025-09-07 19:31:00,948039.0,7.16,1
M1812,2025-09-07 19:32:00,199138.0,35.9,1
M1813,2025-09-07 19:33:00,1716925.0,35.31,1
M1814,2025-09-07 19:34:00,138887.0,11.12,1
M1815,2025-09-07 19:35:00,222547.0,26.93,1
M1816,2025-09-07 19:36:00,764470.0,5.02,1
M1817,2025-09-07 19:37:00,297839.0,1.9,1
M1818,2025-09-07 19:38:00,803927.0,5.91,1
M1819,2025-09-07 19:39:00,1349760.0,37.13,1
M1820,2025-09-07 19:40:00,175058.0,7.98,1
M1821,2025-09-07 19:41:00,299032.0,1.45,1
M1822,2025-09-07 19:42:00,402880.0,4.27,1
M1823,2025-09-07 19:43:00,366128.0,42.27,1
M1824,2025-09-07 19:44:00,620852.0,41.01,1
M1825,2025-09-07 19:45:00,354844.0,5.65,1
M1826,2025-09-07 19:46:00,342794.0,3.64,1
M1827,2025-09-07 19:47:00,1136196.0,33.81,1
M1828,2025-09-07 19:48:00,1128268.0,10.15,1
M1829,2025-09-07 19:49:00,306703.0,18.24,1
M1830,2025-09-07 19:50:00,151694.0,7.65,1
M1831,2025-09-07 19:51:00,330553.0,57.83,1
M1832,2025-09-07 19:52:00,1343712.0,6.93,1
M1833,2025-09-07 19:53:00,927435.0,8.17,1
M1834,2025-09-07 19:54:00,1899881.0,20.37,1
M1835,2025-09-07 19:55:00,166780.0,4.25,1
M1836,2025-09-07 19:56:00,296513.0,3.64,1
M1837,2025-09-07 19:57:00,397650.0,25.68,1
M1838,2025-09-07 19:58:00,559778.0,16.01,1
M1839,2025-09-07 19:59:00,290221.0,31.35,1
M1840,2025-09-07 20:00:00,2085735.0,16.64,1
M1841,2025-09-07 20:01:00,543137.0,15.32,1
M1842,2025-09-07 20:02:00,562071.0,16.27,1
M1843,2025-09-07 20:03:00,541690.0,4.67,1
M1844,2025-09-07 20:04:00,188201.0,6.41,1
M1845,2025-09-07 20:05:00,1070930.0,2.3,1
M1846,2025-09-07 20:06:00,1201639.0,9.19,1
M1847,2025-09-07 20:07:00,36626.0,24.83,1
M1848,2025-09-07 20:08:00,236479.0,30.73,1
M1849,2025-09-07 20:09:00,202055.0,9.74,1
M1850,2025-09-07 20:10:00,709993.0,18.54,1
M1851,2025-09-07 20:11:00,560788.0,4.37,1
M1852,2025-09-07 20:12:00,206057.0,14.73,1
M1853,2025-09-07 20:13:00,272564.0,8.49,1
M1854,2025-09-07 20:14:00,952340.0,3.75,1
M1855,2025-09-07 20:15:00,1355076.0,55.31,1
M1856,2025-09-07 20:16:00,254444.0,15.85,1
M1857,2025-09-07 20:17:00,433622.0,30.58,1
M1858,2025-09-07 20:18:00,245209.0,3.96,1
M1859,2025-09-07 20:19:00,272217.0,9.85,1
M1860,2025-09-07 20:20:00,103168.0,8.31,1
M1861,2025-09-07 20:21:00,192940.0,6.7,1
M1862,2025-09-07 20:22:00,1118375.0,13.77,1
M1863,2025-09-07 20:23:00,60692.0,8.09,1
M1864,2025-09-07 20:24:00,64067.0,4.56,1
M1865,2025-09-07 20:25:00,162681.0,49.71,1
M1866,2025-09-07 20:26:00,307274.0,2.31,1
M1867,2025-09-07 20:27:00,1519764.0,1.35,1
M1868,2025-09-07 20:28:00,308054.0,36.08,1
M1869,2025-09-07 20:29:00,269607.0,4.39,1
M1870,2025-09-07 20:30:00,625908.0,3.31,1
M1871,2025-09-07 20:31:00,179448.0,77.91,1
M1872,2025-09-07 20:32:00,116214.0,4.83,1
M1873,2025-09-07 20:33:00,455947.0,14.38,1
M1874,2025-09-07 20:34:00,327571.0,3.37,1
M1875,2025-09-07 20:35:00,297896.0,1.1,1
M1876,2025-09-07 20:36:00,1028843.0,13.07,1
M1877,2025-09-07 20:37:00,1644543.0,2.76,1
M1878,2025-09-07 20:38:00,147830.0,3.73,1
M1879,2025-09-07 20:39:00,370025.0,1.46,1
M1880,2025-09-07 20:40:00,515012.0,6.11,1
M1881,2025-09-07 20:41:00,675968.0,7.77,1
M1882,2025-09-07 20:42:00,1032276.0,5.38,1
M1883,2025-09-07 20:43:00,761706.0,9.75,1
M1884,2025-09-07 20:44:00,122761.0,13.5,1
M1885,2025-09-07 20:45:00,323626.0,45.15,1
M1886,2025-09-07 20:46:00,2084034.0,3.2,1
M1887,2025-09-07 20:47:00,58716.0,6.12,1
M1888,2025-09-07 20:48:00,842051.0,24.6,1
M1889,2025-09-07 20:49:00,365624.0,18.39,1
M1890,2025-09-07 20:50:00,167383.0,2.64,1
M1891,2025-09-07 20:51:00,207891.0,1.35,1
M1892,2025-09-07 20:52:00,94795.0,12.43,1
M1893,2025-09-07 20:53:00,749262.0,5.95,1
M1894,2025-09-07 20:54:00,26428.0,4.33,1
M1895,2025-09-07 20:55:00,82687.0,3.73,1
M1896,2025-09-07 20:56:00,328961.0,3.41,1
M1897,2025-09-07 20:57:00,253537.0,51.54,1
M1898,2025-09-07 20:58:00,824071.0,2.47,1
M1899,2025-09-07 20:59:00,503323.0,10.9,1
M1900,2025-09-07 21:00:00,527927.0,4.89,1
M1901,2025-09-07 21:01:00,232498.0,12.29,1
M1902,2025-09-07 21:02:00,306042.0,1.29,1
M1903,2025-09-07 21:03:00,234971.0,2.38,1
M1904,2025-09-07 21:04:00,1336936.0,19.37,1
M1905,2025-09-07 21:05:00,366825.0,5.91,1
M1906,2025-09-07 21:06:00,567297.0,3.11,1
M1907,2025-09-07 21:07:00,29391.0,10.47,1
M1908,2025-09-07 21:08:00,547239.0,13.84,1
M1909,2025-09-07 21:09:00,727966.0,10.57,1
M1910,2025-09-07 21:10:00,3029304.0,4.83,1
M1911,2025-09-07 21:11:00,687696.0,13.45,1
M1912,2025-09-07 21:12:00,267492.0,2.95,1
M1913,2025-09-07 21:13:00,267953.0,14.56,1
M1914,2025-09-07 21:14:00,787980.0,17.79,1
M1915,2025-09-07 21:15:00,625357.0,1.42,1
M1916,2025-09-07 21:16:00,238527.0,25.47,1
M1917,2025-09-07 21:17:00,403620.0,11.57,1
M1918,2025-09-07 21:18:00,550718.0,5.32,1
M1919,2025-09-07 21:19:00,397127.0,9.07,1
M1920,2025-09-07 21:20:00,499612.0,6.62,1
M1921,2025-09-07 21:21:00,141010.0,28.56,1
M1922,2025-09-07 21:22:00,1935927.0,7.03,1
M1923,2025-09-07 21:23:00,461863.0,7.33,1
M1924,2025-09-07 21:24:00,421066.0,19.56,1
M1925,2025-09-07 21:25:00,282777.0,1.63,1
M1926,2025-09-07 21:26:00,661622.0,1.43,1
M1927,2025-09-07 21:27:00,214686.0,8.66,1
M1928,2025-09-07 21:28:00,148538.0,3.69,1
M1929,2025-09-07 21:29:00,269515.0,8.29,1
M1930,2025-09-07 21:30:00,3821617.0,12.28,1
M1931,2025-09-07 21:31:00,2751665.0,10.76,1
M1932,2025-09-07 21:32:00,455408.0,10.48,1
M1933,2025-09-07 21:33:00,308394.0,11.79,1
M1934,2025-09-07 21:34:00,802828.0,4.56,1
M1935,2025-09-07 21:35:00,567898.0,2.78,1
M1936,2025-09-07 21:36:00,119933.0,2.81,1
M1937,2025-09-07 21:37:00,786160.0,1.48,1
M1938,2025-09-07 21:38:00,898819.0,11.4,1
M1939,2025-09-07 21:39:00,350038.0,5.64,1
M1940,2025-09-07 21:40:00,139642.0,7.5,1
M1941,2025-09-07 21:41:00,636571.0,6.46,1
M1942,2025-09-07 21:42:00,93770.0,6.97,1
M1943,2025-09-07 21:43:00,317213.0,4.81,1
M1944,2025-09-07 21:44:00,818038.0,8.77,1
M1945,2025-09-07 21:45:00,1554966.0,7.5,1
M1946,2025-09-07 21:46:00,108106.0,1.94,1
M1947,2025-09-07 21:47:00,641947.0,36.84,1
M1948,2025-09-07 21:48:00,2630518.0,41.61,1
M1949,2025-09-07 21:49:00,445291.0,6.63,1
M1950,2025-09-07 21:50:00,1635591.0,3.25,1
M1951,2025-09-07 21:51:00,435083.0,10.69,1
M1952,2025-09-07 21:52:00,376645.0,2.27,1
M1953,2025-09-07 21:53:00,151746.0,9.94,1
M1954,2025-09-07 21:54:00,439298.0,9.43,1
M1955,2025-09-07 21:55:00,565084.0,5.06,1
M1956,2025-09-07 21:56:00,305283.0,6.52,1
M1957,2025-09-07 21:57:00,774432.0,11.16,1
M1958,2025-09-07 21:58:00,229104.0,7.84,1
M1959,2025-09-07 21:59:00,300779.0,2.97,1
M1960,2025-09-07 22:00:00,41382.0,0.47,1
M1961,2025-09-07 22:01:00,804474.0,6.23,1
M1962,2025-09-07 22:02:00,643078.0,7.75,1
M1963,2025-09-07 22:03:00,1993127.0,3.5,1
M1964,2025-09-07 22:04:00,365782.0,104.0,1
M1965,2025-09-07 22:05:00,252553.0,17.59,1
M1966,2025-09-07 22:06:00,527571.0,90.34,1
M1967,2025-09-07 22:07:00,997358.0,7.04,1
M1968,2025-09-07 22:08:00,953823.0,19.23,1
M1969,2025-09-07 22:09:00,3491144.0,12.36,1
M1970,2025-09-07 22:10:00,169897.0,22.55,1
M1971,2025-09-07 22:11:00,310035.0,2.82,1
M1972,2025-09-07 22:12:00,106925.0,6.2,1
M1973,2025-09-07 22:13:00,302447.0,20.74,1
M1974,2025-09-07 22:14:00,232102.0,7.18,1
M1975,2025-09-07 22:15:00,930004.0,10.73,1
M1976,2025-09-07 22:16:00,73393.0,33.92,1
M1977,2025-09-07 22:17:00,406664.0,8.69,1
M1978,2025-09-07 22:18:00,1370533.0,2.76,1
M1979,2025-09-07 22:19:00,219292.0,23.44,1
M1980,2025-09-07 22:20:00,433205.0,18.06,1
M1981,2025-09-07 22:21:00,420282.0,20.01,1
M1982,2025-09-07 22:22:00,563324.0,19.26,1
M1983,2025-09-07 22:23:00,469905.0,3.25,1
M1984,2025-09-07 22:24:00,1681811.0,30.08,1
M1985,2025-09-07 22:25:00,130078.0,5.16,1
M1986,2025-09-07 22:26:00,139654.0,7.16,1
M1987,2025-09-07 22:27:00,77901.0,2.87,1
M1988,2025-09-07 22:28:00,79593.0,4.11,1
M1989,2025-09-07 22:29:00,1118991.0,46.64,1
M1990,2025-09-07 22:30:00,704123.0,10.74,1
M1991,2025-09-07 22:31:00,737499.0,4.66,1
M1992,2025-09-07 22:32:00,729284.0,2.12,1
M1993,2025-09-07 22:33:00,919879.0,3.46,1
M1994,2025-09-07 22:34:00,589231.0,5.57,1
M1995,2025-09-07 22:35:00,970871.0,5.17,1
M1996,2025-09-07 22:36:00,366698.0,22.12,1
M1997,2025-09-07 22:37:00,321469.0,14.38,1
M1998,2025-09-07 22:38:00,316161.0,2.21,1
M1999,2025-09-07 22:39:00,2666756.0,6.84,1
M2000,2025-09-07 22:40:00,154734.0,59.46,1
M2001,2025-09-07 22:41:00,1656303.0,10.09,1
M2002,2025-09-07 22:42:00,262866.0,9.47,1
M2003,2025-09-07 22:43:00,192586.0,10.48,1
M2004,2025-09-07 22:44:00,2479464.0,1.82,1
M2005,2025-09-07 22:45:00,267490.0,4.05,1
M2006,2025-09-07 22:46:00,766421.0,14.57,1
M2007,2025-09-07 22:47:00,238829.0,2.08,1
M2008,2025-09-07 22:48:00,558733.0,2.3,1
M2009,2025-09-07 22:49:00,2911896.0,8.22,1
M2010,2025-09-07 22:50:00,459929.0,4.77,1
M2011,2025-09-07 22:51:00,930886.0,8.15,1
M2012,2025-09-07 22:52:00,1228999.0,11.51,1
M2013,2025-09-07 22:53:00,1044177.0,13.98,1
M2014,2025-09-07 22:54:00,679604.0,1.83,1
M2015,2025-09-07 22:55:00,284774.0,13.45,1
M2016,2025-09-07 22:56:00,1139462.0,3.88,1
M2017,2025-09-07 22:57:00,982306.0,3.27,1
M2018,2025-09-07 22:58:00,281500.0,4.79,1
M2019,2025-09-07 22:59:00,204038.0,3.57,1
M2020,2025-09-07 23:00:00,1727018.0,21.61,1
M2021,2025-09-07 23:01:00,144132.0,0.86,1
M2022,2025-09-07 23:02:00,606880.0,31.89,1
M2023,2025-09-07 23:03:00,842069.0,10.13,1
M2024,2025-09-07 23:04:00,637013.0,2.46,1
M2025,2025-09-07 23:05:00,119790.0,10.14,1
M2026,2025-09-07 23:06:00,143665.0,198.46,1
M2027,2025-09-07 23:07:00,1584944.0,22.86,1
M2028,2025-09-07 23:08:00,393220.0,2.19,1
M2029,2025-09-07 23:09:00,221349.0,28.63,1
M2030,2025-09-07 23:10:00,1000216.0,22.85,1
M2031,2025-09-07 23:11:00,1077212.0,14.32,1
M2032,2025-09-07 23:12:00,256613.0,2.9,1
M2033,2025-09-07 23:13:00,1314772.0,1.58,1
M2034,2025-09-07 23:14:00,312317.0,28.66,1
M2035,2025-09-07 23:15:00,78590.0,7.16,1
M2036,2025-09-07 23:16:00,746954.0,4.31,1
M2037,2025-09-07 23:17:00,574227.0,3.35,1
M2038,2025-09-07 23:18:00,446923.0,7.72,1
M2039,2025-09-07 23:19:00,355907.0,42.65,1
M2040,2025-09-07 23:20:00,182262.0,4.22,1
M2041,2025-09-07 23:21:00,724290.0,19.58,1
M2042,2025-09-07 23:22:00,1579600.0,1.18,1
M2043,2025-09-07 23:23:00,879675.0,3.47,1
M2044,2025-09-07 23:24:00,164682.0,14.47,1
M2045,2025-09-07 23:25:00,3111667.0,16.87,1
M2046,2025-09-07 23:26:00,1408048.0,19.51,1
M2047,2025-09-07 23:27:00,911699.0,4.13,1
M2048,2025-09-07 23:28:00,914428.0,2.64,1
M2049,2025-09-07 23:29:00,308823.0,1.29,1
M2050,2025-09-07 23:30:00,298105.0,7.23,1
M2051,2025-09-07 23:31:00,492517.0,4.77,1
M2052,2025-09-07 23:32:00,210134.0,10.75,1
M2053,2025-09-07 23:33:00,348217.0,12.54,1
M2054,2025-09-07 23:34:00,286151.0,1.83,1
M2055,2025-09-07 23:35:00,387652.0,4.71,1
M2056,2025-09-07 23:36:00,352921.0,24.69,1
M2057,2025-09-07 23:37:00,966645.0,15.01,1
M2058,2025-09-07 23:38:00,191544.0,13.4,1
M2059,2025-09-07 23:39:00,1146513.0,23.84,1
M2060,2025-09-07 23:40:00,164612.0,12.51,1
M2061,2025-09-07 23:41:00,1802745.0,2.01,1
M2062,2025-09-07 23:42:00,267324.0,31.49,1
M2063,2025-09-07 23:43:00,238211.0,24.2,1
M2064,2025-09-07 23:44:00,352882.0,3.91,1
M2065,2025-09-07 23:45:00,250311.0,1.51,1
M2066,2025-09-07 23:46:00,311603.0,4.57,1
M2067,2025-09-07 23:47:00,93483.0,27.15,1
M2068,2025-09-07 23:48:00,272505.0,57.24,1
M2069,2025-09-07 23:49:00,1326060.0,9.7,1
M2070,2025-09-07 23:50:00,658990.0,1.35,1
M2071,2025-09-07 23:51:00,175317.0,5.3,1
M2072,2025-09-07 23:52:00,377894.0,25.64,1
M2073,2025-09-07 23:53:00,1716141.0,13.09,1
M2074,2025-09-07 23:54:00,628675.0,26.79,1
M2075,2025-09-07 23:55:00,226605.0,69.91,1
M2076,2025-09-07 23:56:00,152954.0,21.85,1
M2077,2025-09-07 23:57:00,190104.0,3.65,1
M2078,2025-09-07 23:58:00,759676.0,11.96,1
M2079,2025-09-07 23:59:00,260028.0,27.18,1
M2080,2025-09-08 00:00:00,679724.0,8.97,1
M2081,2025-09-08 00:01:00,512853.0,18.03,1
M2082,2025-09-08 00:02:00,687931.0,13.25,1
M2083,2025-09-08 00:03:00,496048.0,12.65,1
M2084,2025-09-08 00:04:00,1621871.0,1.38,1
M2085,2025-09-08 00:05:00,1105079.0,4.09,1
M2086,2025-09-08 00:06:00,117610.0,4.77,1
M2087,2025-09-08 00:07:00,368274.0,15.04,1
M2088,2025-09-08 00:08:00,239508.0,12.84,1
M2089,2025-09-08 00:09:00,289904.0,0.96,1
M2090,2025-09-08 00:10:00,499917.0,19.77,1
M2091,2025-09-08 00:11:00,1047502.0,28.05,1
M2092,2025-09-08 00:12:00,302620.0,7.83,1
M2093,2025-09-08 00:13:00,879206.0,10.3,1
M2094,2025-09-08 00:14:00,1604635.0,10.86,1
M2095,2025-09-08 00:15:00,2668463.0,2.68,1
M2096,2025-09-08 00:16:00,185132.0,2.52,1
M2097,2025-09-08 00:17:00,98289.0,15.22,1
M2098,2025-09-08 00:18:00,1444336.0,2.53,1
M2099,2025-09-08 00:19:00,824744.0,6.24,1
M2100,2025-09-08 00:20:00,1247090.0,1.74,1
M2101,2025-09-08 00:21:00,2264015.0,4.86,1
M2102,2025-09-08 00:22:00,214042.0,10.41,1
M2103,2025-09-08 00:23:00,249747.0,2.54,1
M2104,2025-09-08 00:24:00,105618.0,44.56,1
M2105,2025-09-08 00:25:00,187741.0,1.08,1
M2106,2025-09-08 00:26:00,128286.0,2.89,1
M2107,2025-09-08 00:27:00,138655.0,9.77,1
M2108,2025-09-08 00:28:00,332085.0,2.51,1
M2109,2025-09-08 00:29:00,713051.0,5.55,1
M2110,2025-09-08 00:30:00,130619.0,7.68,1
M2111,2025-09-08 00:31:00,474893.0,2.03,1
M2112,2025-09-08 00:32:00,84525.0,48.12,1
M2113,2025-09-08 00:33:00,763739.0,7.76,1
M2114,2025-09-08 00:34:00,69919.0,8.47,1
M2115,2025-09-08 00:35:00,248884.0,20.49,1
M2116,2025-09-08 00:36:00,412775.0,15.01,1
M2117,2025-09-08 00:37:00,444044.0,3.37,1
M2118,2025-09-08 00:38:00,401496.0,2.5,1
M2119,2025-09-08 00:39:00,821668.0,8.47,1
M2120,2025-09-08 00:40:00,951738.0,11.2,1
M2121,2025-09-08 00:41:00,120401.0,6.86,1
M2122,2025-09-08 00:42:00,692842.0,12.56,1
M2123,2025-09-08 00:43:00,398872.0,21.41,1
M2124,2025-09-08 00:44:00,821404.0,9.38,1
M2125,2025-09-08 00:45:00,276551.0,104.16,1
M2126,2025-09-08 00:46:00,409463.0,8.33,1
M2127,2025-09-08 00:47:00,431699.0,15.13,1
M2128,2025-09-08 00:48:00,126977.0,1.67,1
M2129,2025-09-08 00:49:00,351940.0,2.3,1
M2130,2025-09-08 00:50:00,390117.0,9.75,1
M2131,2025-09-08 00:51:00,410408.0,5.77,1
M2132,2025-09-08 00:52:00,281141.0,7.9,1
M2133,2025-09-08 00:53:00,866576.0,4.63,1
M2134,2025-09-08 00:54:00,1458516.0,13.08,1
M2135,2025-09-08 00:55:00,507063.0,24.32,1
M2136,2025-09-08 00:56:00,1125874.0,30.95,1
M2137,2025-09-08 00:57:00,382066.0,2.32,1
M2138,2025-09-08 00:58:00,471859.0,16.63,1
M2139,2025-09-08 00:59:00,470239.0,36.26,1
M2140,2025-09-08 01:00:00,364655.0,14.41,1
M2141,2025-09-08 01:01:00,246545.0,3.32,1
M2142,2025-09-08 01:02:00,148940.0,24.46,1
M2143,2025-09-08 01:03:00,295701.0,4.58,1
M2144,2025-09-08 01:04:00,1172529.0,4.26,1
M2145,2025-09-08 01:05:00,143198.0,3.06,1
M2146,2025-09-08 01:06:00,62615.0,4.83,1
M2147,2025-09-08 01:07:00,399421.0,10.36,1
M2148,2025-09-08 01:08:00,121412.0,2.11,1
M2149,2025-09-08 01:09:00,214736.0,14.03,1
M2150,2025-09-08 01:10:00,557623.0,12.25,1
M2151,2025-09-08 01:11:00,257699.0,21.38,1
M2152,2025-09-08 01:12:00,108790.0,4.65,1
M2153,2025-09-08 01:13:00,788594.0,3.45,1
M2154,2025-09-08 01:14:00,214003.0,4.66,1
M2155,2025-09-08 01:15:00,1479367.0,10.51,1
M2156,2025-09-08 01:16:00,155174.0,5.01,1
M2157,2025-09-08 01:17:00,685640.0,9.19,1
M2158,2025-09-08 01:18:00,718895.0,11.75,1
M2159,2025-09-08 01:19:00,565288.0,7.15,1
M2160,2025-09-08 01:20:00,525111.0,4.09,1
M2161,2025-09-08 01:21:00,278257.0,6.35,1
M2162,2025-09-08 01:22:00,249871.0,10.21,1
M2163,2025-09-08 01:23:00,111513.0,2.93,1
M2164,2025-09-08 01:24:00,163455.0,7.21,1
M2165,2025-09-08 01:25:00,287509.0,0.67,1
M2166,2025-09-08 01:26:00,576954.0,1.08,1
M2167,2025-09-08 01:27:00,247451.0,6.87,1
M2168,2025-09-08 01:28:00,708727.0,1.3,1
M2169,2025-09-08 01:29:00,2843380.0,23.44,1
M2170,2025-09-08 01:30:00,348798.0,7.82,1
M2171,2025-09-08 01:31:00,334930.0,33.46,1
M2172,2025-09-08 01:32:00,259997.0,44.89,1
M2173,2025-09-08 01:33:00,342948.0,2.41,1
M2174,2025-09-08 01:34:00,857355.0,11.41,1
M2175,2025-09-08 01:35:00,92963.0,1.97,1
M2176,2025-09-08 01:36:00,899620.0,8.02,1
M2177,2025-09-08 01:37:00,247221.0,2.73,1
M2178,2025-09-08 01:38:00,498930.0,1.72,1
M2179,2025-09-08 01:39:00,362463.0,2.23,1
M2180,2025-09-08 01:40:00,267104.0,17.27,1
M2181,2025-09-08 01:41:00,560629.0,3.63,1
M2182,2025-09-08 01:42:00,188311.0,4.72,1
M2183,2025-09-08 01:43:00,172765.0,33.33,1
M2184,2025-09-08 01:44:00,273585.0,3.69,1
M2185,2025-09-08 01:45:00,36546.0,8.52,1
M2186,2025-09-08 01:46:00,1082437.0,11.22,1
M2187,2025-09-08 01:47:00,264631.0,17.76,1
M2188,2025-09-08 01:48:00,108941.0,1.29,1
M2189,2025-09-08 01:49:00,1579950.0,25.5,1
M2190,2025-09-08 01:50:00,576970.0,20.7,1
M2191,2025-09-08 01:51:00,1230351.0,30.82,1
M2192,2025-09-08 01:52:00,617170.0,3.39,1
M2193,2025-09-08 01:53:00,451141.0,7.65,1
M2194,2025-09-08 01:54:00,371495.0,36.49,1
M2195,2025-09-08 01:55:00,330976.0,22.38,1
M2196,2025-09-08 01:56:00,1518224.0,10.52,1
M2197,2025-09-08 01:57:00,382622.0,7.37,1
M2198,2025-09-08 01:58:00,1033115.0,2.78,1
M2199,2025-09-08 01:59:00,1045871.0,2.54,1
M2200,2025-09-08 02:00:00,1535457.0,21.88,1
M2201,2025-09-08 02:01:00,199515.0,8.88,1
M2202,2025-09-08 02:02:00,144512.0,4.09,1
M2203,2025-09-08 02:03:00,419339.0,1.05,1
M2204,2025-09-08 02:04:00,288525.0,25.87,1
M2205,2025-09-08 02:05:00,826643.0,4.47,1
M2206,2025-09-08 02:06:00,343498.0,1.37,1
M2207,2025-09-08 02:07:00,257232.0,21.86,1
M2208,2025-09-08 02:08:00,606196.0,19.03,1
M2209,2025-09-08 02:09:00,578772.0,5.7,1
M2210,2025-09-08 02:10:00,947234.0,3.53,1
M2211,2025-09-08 02:11:00,275720.0,6.03,1
M2212,2025-09-08 02:12:00,830640.0,1.88,1
M2213,2025-09-08 02:13:00,285851.0,35.77,1
M2214,2025-09-08 02:14:00,319273.0,5.11,1
M2215,2025-09-08 02:15:00,515345.0,5.9,1
M2216,2025-09-08 02:16:00,446605.0,9.67,1
M2217,2025-09-08 02:17:00,434601.0,3.35,1
M2218,2025-09-08 02:18:00,91164.0,25.32,1
M2219,2025-09-08 02:19:00,859322.0,8.13,1
M2220,2025-09-08 02:20:00,611758.0,2.7,1
M2221,2025-09-08 02:21:00,2177707.0,2.45,1
M2222,2025-09-08 02:22:00,1389898.0,16.43,1
M2223,2025-09-08 02:23:00,8973033.0,16.9,1
M2224,2025-09-08 02:24:00,1221508.0,4.27,1
M2225,2025-09-08 02:25:00,242595.0,1.68,1
M2226,2025-09-08 02:26:00,1079107.0,3.11,1
M2227,2025-09-08 02:27:00,221417.0,4.53,1
M2228,2025-09-08 02:28:00,1232870.0,53.32,1
M2229,2025-09-08 02:29:00,569352.0,4.51,1
M2230,2025-09-08 02:30:00,135207.0,2.2,1
M2231,2025-09-08 02:31:00,2190831.0,8.32,1
M2232,2025-09-08 02:32:00,1069765.0,1.57,1
M2233,2025-09-08 02:33:00,278307.0,2.02,1
M2234,2025-09-08 02:34:00,451316.0,3.82,1
M2235,2025-09-08 02:35:00,288543.0,1.42,1
M2236,2025-09-08 02:36:00,1165309.0,12.33,1
M2237,2025-09-08 02:37:00,1205108.0,10.42,1
M2238,2025-09-08 02:38:00,701611.0,22.37,1
M2239,2025-09-08 02:39:00,905343.0,1.82,1
M2240,2025-09-08 02:40:00,758788.0,16.26,1
M2241,2025-09-08 02:41:00,133892.0,1.48,1
M2242,2025-09-08 02:42:00,394466.0,13.0,1
M2243,2025-09-08 02:43:00,1294022.0,2.58,1
M2244,2025-09-08 02:44:00,198341.0,1.74,1
M2245,2025-09-08 02:45:00,1771528.0,9.01,1
M2246,2025-09-08 02:46:00,428999.0,16.18,1
M2247,2025-09-08 02:47:00,306287.0,1.4,1
M2248,2025-09-08 02:48:00,2378545.0,3.45,1
M2249,2025-09-08 02:49:00,646467.0,9.15,1
M2250,2025-09-08 02:50:00,40653.0,1.67,1
M2251,2025-09-08 02:51:00,280664.0,1.27,1
M2252,2025-09-08 02:52:00,2309955.0,5.99,1
M2253,2025-09-08 02:53:00,173765.0,31.67,1
M2254,2025-09-08 02:54:00,161369.0,9.82,1
M2255,2025-09-08 02:55:00,778718.0,5.33,1
M2256,2025-09-08 02:56:00,238346.0,10.31,1
M2257,2025-09-08 02:57:00,760615.0,14.7,1
M2258,2025-09-08 02:58:00,976638.0,2.06,1
M2259,2025-09-08 02:59:00,396531.0,3.99,1
M2260,2025-09-08 03:00:00,899239.0,3.32,1
M2261,2025-09-08 03:01:00,1556010.0,17.58,1
M2262,2025-09-08 03:02:00,282069.0,6.5,1
M2263,2025-09-08 03:03:00,362385.0,6.6,1
M2264,2025-09-08 03:04:00,1547275.0,26.6,1
M2265,2025-09-08 03:05:00,651931.0,10.97,1
M2266,2025-09-08 03:06:00,1280365.0,4.74,1
M2267,2025-09-08 03:07:00,241516.0,43.24,1
M2268,2025-09-08 03:08:00,503308.0,31.93,1
M2269,2025-09-08 03:09:00,1167107.0,4.47,1
M2270,2025-09-08 03:10:00,435760.0,3.48,1
M2271,2025-09-08 03:11:00,440539.0,1.14,1
M2272,2025-09-08 03:12:00,510329.0,0.75,1
M2273,2025-09-08 03:13:00,1152048.0,9.55,1
M2274,2025-09-08 03:14:00,1301384.0,2.37,1
M2275,2025-09-08 03:15:00,131203.0,4.69,1
M2276,2025-09-08 03:16:00,218316.0,3.63,1
M2277,2025-09-08 03:17:00,541777.0,19.6,1
M2278,2025-09-08 03:18:00,313253.0,3.74,1
M2279,2025-09-08 03:19:00,844668.0,11.0,1
M2280,2025-09-08 03:20:00,1233567.0,3.3,1
M2281,2025-09-08 03:21:00,925634.0,14.46,1
M2282,2025-09-08 03:22:00,73069.0,6.57,1
M2283,2025-09-08 03:23:00,1288827.0,10.28,1
M2284,2025-09-08 03:24:00,158409.0,3.31,1
M2285,2025-09-08 03:25:00,368383.0,2.43,1
M2286,2025-09-08 03:26:00,2573390.0,2.47,1
M2287,2025-09-08 03:27:00,1188272.0,5.49,1
M2288,2025-09-08 03:28:00,1206441.0,4.82,1
M2289,2025-09-08 03:29:00,2854446.0,13.13,1
M2290,2025-09-08 03:30:00,1769252.0,3.4,1
M2291,2025-09-08 03:31:00,182546.0,1.94,1
M2292,2025-09-08 03:32:00,121719.0,5.4,1
M2293,2025-09-08 03:33:00,414979.0,3.21,1
M2294,2025-09-08 03:34:00,1890647.0,3.0,1
M2295,2025-09-08 03:35:00,377603.0,22.39,1
M2296,2025-09-08 03:36:00,318769.0,25.78,1
M2297,2025-09-08 03:37:00,399683.0,9.9,1
M2298,2025-09-08 03:38:00,594599.0,0.6,1
M2299,2025-09-08 03:39:00,1660378.0,24.24,1
M2300,2025-09-08 03:40:00,2580092.0,2.06,1
M2301,2025-09-08 03:41:00,252245.0,2.15,1
M2302,2025-09-08 03:42:00,120729.0,5.12,1
M2303,2025-09-08 03:43:00,594038.0,19.19,1
M2304,2025-09-08 03:44:00,647170.0,2.62,1
M2305,2025-09-08 03:45:00,106589.0,1.81,1
M2306,2025-09-08 03:46:00,152922.0,19.62,1
M2307,2025-09-08 03:47:00,332346.0,16.34,1
M2308,2025-09-08 03:48:00,235276.0,4.78,1
M2309,2025-09-08 03:49:00,339693.0,10.9,1
M2310,2025-09-08 03:50:00,2832167.0,23.17,1
M2311,2025-09-08 03:51:00,836208.0,16.68,1
M2312,2025-09-08 03:52:00,1103168.0,15.39,1
M2313,2025-09-08 03:53:00,687306.0,13.63,1
M2314,2025-09-08 03:54:00,254079.0,53.49,1
M2315,2025-09-08 03:55:00,211112.0,4.66,1
M2316,2025-09-08 03:56:00,644997.0,16.95,1
M2317,2025-09-08 03:57:00,1133893.0,7.65,1
M2318,2025-09-08 03:58:00,770363.0,11.2,1
M2319,2025-09-08 03:59:00,771713.0,4.8,1
M2320,2025-09-08 04:00:00,209765.0,12.8,1
M2321,2025-09-08 04:01:00,792709.0,11.57,1
M2322,2025-09-08 04:02:00,307671.0,2.62,1
M2323,2025-09-08 04:03:00,5537509.0,5.29,1
M2324,2025-09-08 04:04:00,366415.0,25.62,1
M2325,2025-09-08 04:05:00,918717.0,3.71,1
M2326,2025-09-08 04:06:00,1204480.0,8.44,1
M2327,2025-09-08 04:07:00,498544.0,2.75,1
M2328,2025-09-08 04:08:00,352881.0,5.98,1
M2329,2025-09-08 04:09:00,113887.0,11.85,1
M2330,2025-09-08 04:10:00,155478.0,3.6,1
M2331,2025-09-08 04:11:00,329979.0,19.69,1
M2332,2025-09-08 04:12:00,295006.0,3.21,1
M2333,2025-09-08 04:13:00,2404755.0,28.56,1
M2334,2025-09-08 04:14:00,120908.0,27.54,1
M2335,2025-09-08 04:15:00,1119530.0,1.14,1
M2336,2025-09-08 04:16:00,2971583.0,22.17,1
M2337,2025-09-08 04:17:00,79571.0,7.99,1
M2338,2025-09-08 04:18:00,431945.0,8.88,1
M2339,2025-09-08 04:19:00,289099.0,2.2,1
M2340,2025-09-08 04:20:00,544371.0,28.39,1
M2341,2025-09-08 04:21:00,254628.0,6.11,1
M2342,2025-09-08 04:22:00,1365561.0,14.38,1
M2343,2025-09-08 04:23:00,69214.0,2.83,1
M2344,2025-09-08 04:24:00,422912.0,0.61,1
M2345,2025-09-08 04:25:00,1793266.0,7.94,1
M2346,2025-09-08 04:26:00,137983.0,10.17,1
M2347,2025-09-08 04:27:00,2028503.0,2.38,1
M2348,2025-09-08 04:28:00,240694.0,9.3,1
M2349,2025-09-08 04:29:00,597562.0,3.58,1
M2350,2025-09-08 04:30:00,522572.0,1.46,1
M2351,2025-09-08 04:31:00,271015.0,14.16,1
M2352,2025-09-08 04:32:00,1192160.0,11.61,1
M2353,2025-09-08 04:33:00,448476.0,2.03,1
M2354,2025-09-08 04:34:00,222577.0,3.78,1
M2355,2025-09-08 04:35:00,228710.0,2.46,1
M2356,2025-09-08 04:36:00,319952.0,54.79,1
M2357,2025-09-08 04:37:00,215717.0,9.15,1
M2358,2025-09-08 04:38:00,663868.0,62.64,1
M2359,2025-09-08 04:39:00,502971.0,5.59,1
M2360,2025-09-08 04:40:00,295381.0,5.51,1
M2361,2025-09-08 04:41:00,754737.0,2.36,1
M2362,2025-09-08 04:42:00,466795.0,29.84,1
M2363,2025-09-08 04:43:00,568599.0,6.1,1
M2364,2025-09-08 04:44:00,763478.0,5.03,1
M2365,2025-09-08 04:45:00,597450.0,8.25,1
M2366,2025-09-08 04:46:00,1513542.0,4.11,1
M2367,2025-09-08 04:47:00,324285.0,5.99,1
M2368,2025-09-08 04:48:00,985793.0,3.74,1
M2369,2025-09-08 04:49:00,69442.0,17.36,1
M2370,2025-09-08 04:50:00,992405.0,11.09,1
M2371,2025-09-08 04:51:00,1411864.0,18.49,1
M2372,2025-09-08 04:52:00,438359.0,2.21,1
M2373,2025-09-08 04:53:00,430828.0,3.64,1
M2374,2025-09-08 04:54:00,301947.0,2.95,1
M2375,2025-09-08 04:55:00,829810.0,1.73,1
M2376,2025-09-08 04:56:00,215269.0,7.62,1
M2377,2025-09-08 04:57:00,256066.0,8.79,1
M2378,2025-09-08 04:58:00,138223.0,108.37,1
M2379,2025-09-08 04:59:00,196451.0,7.24,1
M2380,2025-09-08 05:00:00,269250.0,25.13,1
M2381,2025-09-08 05:01:00,310841.0,6.17,1
M2382,2025-09-08 05:02:00,330219.0,31.91,1
M2383,2025-09-08 05:03:00,733379.0,3.44,1
M2384,2025-09-08 05:04:00,349016.0,13.33,1
M2385,2025-09-08 05:05:00,266410.0,59.73,1
M2386,2025-09-08 05:06:00,146416.0,26.34,1
M2387,2025-09-08 05:07:00,200208.0,0.84,1
M2388,2025-09-08 05:08:00,396349.0,2.35,1
M2389,2025-09-08 05:09:00,909512.0,3.96,1
M2390,2025-09-08 05:10:00,93364.0,7.95,1
M2391,2025-09-08 05:11:00,89264.0,4.72,1
M2392,2025-09-08 05:12:00,1228425.0,2.5,1
M2393,2025-09-08 05:13:00,1537682.0,7.41,1
M2394,2025-09-08 05:14:00,206733.0,4.91,1
M2395,2025-09-08 05:15:00,347941.0,8.95,1
M2396,2025-09-08 05:16:00,398136.0,33.61,1
M2397,2025-09-08 05:17:00,366350.0,2.61,1
M2398,2025-09-08 05:18:00,785295.0,1.77,1
M2399,2025-09-08 05:19:00,371733.0,3.31,1
M2400,2025-09-08 05:20:00,220002.0,15.21,1
M2401,2025-09-08 05:21:00,157822.0,4.49,1
M2402,2025-09-08 05:22:00,303431.0,1.67,1
M2403,2025-09-08 05:23:00,733862.0,14.92,1
M2404,2025-09-08 05:24:00,917657.0,1.86,1
M2405,2025-09-08 05:25:00,519019.0,9.82,1
M2406,2025-09-08 05:26:00,520958.0,8.63,1
M2407,2025-09-08 05:27:00,135462.0,5.99,1
M2408,2025-09-08 05:28:00,1153761.0,4.36,1
M2409,2025-09-08 05:29:00,579806.0,4.2,1
M2410,2025-09-08 05:30:00,615669.0,6.61,1
M2411,2025-09-08 05:31:00,106456.0,11.87,1
M2412,2025-09-08 05:32:00,1802871.0,16.14,1
M2413,2025-09-08 05:33:00,336885.0,22.07,1
M2414,2025-09-08 05:34:00,266886.0,3.11,1
M2415,2025-09-08 05:35:00,779725.0,13.72,1
M2416,2025-09-08 05:36:00,64583.0,66.65,1
M2417,2025-09-08 05:37:00,239470.0,6.56,1
M2418,2025-09-08 05:38:00,656242.0,5.37,1
M2419,2025-09-08 05:39:00,854019.0,5.89,1
M2420,2025-09-08 05:40:00,773792.0,15.55,1
M2421,2025-09-08 05:41:00,528680.0,2.06,1
M2422,2025-09-08 05:42:00,69524.0,5.85,1
M2423,2025-09-08 05:43:00,169721.0,9.64,1
M2424,2025-09-08 05:44:00,914833.0,24.71,1
M2425,2025-09-08 05:45:00,2435627.0,6.73,1
M2426,2025-09-08 05:46:00,171514.0,4.8,1
M2427,2025-09-08 05:47:00,376789.0,3.91,1
M2428,2025-09-08 05:48:00,1338234.0,2.76,1
M2429,2025-09-08 05:49:00,1644587.0,10.53,1
M2430,2025-09-08 05:50:00,765424.0,12.16,1
M2431,2025-09-08 05:51:00,608856.0,1.93,1
M2432,2025-09-08 05:52:00,108712.0,42.58,1
M2433,2025-09-08 05:53:00,1300294.0,14.2,1
M2434,2025-09-08 05:54:00,235359.0,2.4,1
M2435,2025-09-08 05:55:00,516070.0,6.54,1
M2436,2025-09-08 05:56:00,457540.0,8.49,1
M2437,2025-09-08 05:57:00,127314.0,9.02,1
M2438,2025-09-08 05:58:00,403312.0,4.2,1
M2439,2025-09-08 05:59:00,87619.0,24.93,1
M2440,2025-09-08 06:00:00,127964.0,11.5,1
M2441,2025-09-08 06:01:00,685072.0,57.72,1
M2442,2025-09-08 06:02:00,130033.0,8.61,1
M2443,2025-09-08 06:03:00,982396.0,3.38,1
M2444,2025-09-08 06:04:00,131751.0,2.4,1
M2445,2025-09-08 06:05:00,1534957.0,0.93,1
M2446,2025-09-08 06:06:00,4206908.0,15.63,1
M2447,2025-09-08 06:07:00,786810.0,12.96,1
M2448,2025-09-08 06:08:00,270815.0,4.2,1
M2449,2025-09-08 06:09:00,123282.0,4.46,1
M2450,2025-09-08 06:10:00,144536.0,3.07,1
M2451,2025-09-08 06:11:00,248173.0,14.94,1
M2452,2025-09-08 06:12:00,493972.0,10.41,1
M2453,2025-09-08 06:13:00,792214.0,37.13,1
M2454,2025-09-08 06:14:00,237256.0,21.74,1
M2455,2025-09-08 06:15:00,560632.0,10.57,1
M2456,2025-09-08 06:16:00,183649.0,4.8,1
M2457,2025-09-08 06:17:00,528882.0,11.29,1
M2458,2025-09-08 06:18:00,102724.0,38.07,1
M2459,2025-09-08 06:19:00,376699.0,2.23,1
M2460,2025-09-08 06:20:00,244329.0,2.41,1
M2461,2025-09-08 06:21:00,106668.0,9.08,1
M2462,2025-09-08 06:22:00,403364.0,49.91,1
M2463,2025-09-08 06:23:00,418279.0,15.83,1
M2464,2025-09-08 06:24:00,220951.0,6.33,1
M2465,2025-09-08 06:25:00,218212.0,2.08,1
M2466,2025-09-08 06:26:00,526845.0,12.6,1
M2467,2025-09-08 06:27:00,331242.0,7.49,1
M2468,2025-09-08 06:28:00,544764.0,4.8,1
M2469,2025-09-08 06:29:00,1060713.0,3.75,1
M2470,2025-09-08 06:30:00,1420960.0,5.63,1
M2471,2025-09-08 06:31:00,3045050.0,1.47,1
M2472,2025-09-08 06:32:00,288923.0,13.79,1
M2473,2025-09-08 06:33:00,665847.0,2.02,1
M2474,2025-09-08 06:34:00,1177175.0,5.96,1
M2475,2025-09-08 06:35:00,509248.0,10.03,1
M2476,2025-09-08 06:36:00,442170.0,1.09,1
M2477,2025-09-08 06:37:00,627923.0,12.55,1
M2478,2025-09-08 06:38:00,189058.0,7.66,1
M2479,2025-09-08 06:39:00,481445.0,6.93,1
M2480,2025-09-08 06:40:00,2519701.0,90.67,1
M2481,2025-09-08 06:41:00,536625.0,2.75,1
M2482,2025-09-08 06:42:00,488608.0,11.26,1
M2483,2025-09-08 06:43:00,149049.0,3.14,1
M2484,2025-09-08 06:44:00,129921.0,15.37,1
M2485,2025-09-08 06:45:00,204395.0,6.56,1
M2486,2025-09-08 06:46:00,1064638.0,9.67,1
M2487,2025-09-08 06:47:00,348767.0,5.89,1
M2488,2025-09-08 06:48:00,1018955.0,6.08,1
M2489,2025-09-08 06:49:00,121391.0,10.51,1
M2490,2025-09-08 06:50:00,260843.0,16.36,1
M2491,2025-09-08 06:51:00,148781.0,1.22,1
M2492,2025-09-08 06:52:00,242958.0,4.93,1
M2493,2025-09-08 06:53:00,93041.0,2.93,1
M2494,2025-09-08 06:54:00,127052.0,2.61,1
M2495,2025-09-08 06:55:00,252175.0,41.03,1
M2496,2025-09-08 06:56:00,258190.0,22.46,1
M2497,2025-09-08 06:57:00,387788.0,3.21,1
M2498,2025-09-08 06:58:00,921364.0,9.81,1
M2499,2025-09-08 06:59:00,130298.0,7.01,1
M2500,2025-09-08 07:00:00,1882869.0,3.51,1
M2501,2025-09-08 07:01:00,1475653.0,3.83,1
M2502,2025-09-08 07:02:00,504752.0,5.3,1
M2503,2025-09-08 07:03:00,833191.0,70.95,1
M2504,2025-09-08 07:04:00,708495.0,92.88,1
M2505,2025-09-08 07:05:00,432964.0,22.36,1
M2506,2025-09-08 07:06:00,543124.0,11.13,1
M2507,2025-09-08 07:07:00,803973.0,2.1,1
M2508,2025-09-08 07:08:00,422093.0,20.37,1
M2509,2025-09-08 07:09:00,976490.0,1.5,1
M2510,2025-09-08 07:10:00,7959175.0,5.81,1
M2511,2025-09-08 07:11:00,606561.0,76.85,1
M2512,2025-09-08 07:12:00,249551.0,78.3,1
M2513,2025-09-08 07:13:00,541644.0,16.31,1
M2514,2025-09-08 07:14:00,569175.0,3.04,1
M2515,2025-09-08 07:15:00,606393.0,22.21,1
M2516,2025-09-08 07:16:00,908471.0,28.26,1
M2517,2025-09-08 07:17:00,58860.0,7.74,1
M2518,2025-09-08 07:18:00,360186.0,21.48,1
M2519,2025-09-08 07:19:00,69995.0,8.78,1
M2520,2025-09-08 07:20:00,808347.0,3.06,1
M2521,2025-09-08 07:21:00,429172.0,0.55,1
M2522,2025-09-08 07:22:00,85784.0,4.62,1
M2523,2025-09-08 07:23:00,222637.0,4.34,1
M2524,2025-09-08 07:24:00,324778.0,20.22,1
M2525,2025-09-08 07:25:00,379094.0,6.46,1
M2526,2025-09-08 07:26:00,920884.0,39.88,1
M2527,2025-09-08 07:27:00,1039551.0,8.08,1
M2528,2025-09-08 07:28:00,871386.0,5.02,1
M2529,2025-09-08 07:29:00,711268.0,38.45,1
M2530,2025-09-08 07:30:00,374512.0,6.47,1
M2531,2025-09-08 07:31:00,144730.0,4.14,1
M2532,2025-09-08 07:32:00,739327.0,3.91,1
M2533,2025-09-08 07:33:00,985049.0,3.2,1
M2534,2025-09-08 07:34:00,534386.0,6.61,1
M2535,2025-09-08 07:35:00,388907.0,4.4,1
M2536,2025-09-08 07:36:00,160000.0,2.09,1
M2537,2025-09-08 07:37:00,1549956.0,2.39,1
M2538,2025-09-08 07:38:00,187493.0,13.22,1
M2539,2025-09-08 07:39:00,1048833.0,7.9,1
M2540,2025-09-08 07:40:00,2350537.0,3.87,1
M2541,2025-09-08 07:41:00,750581.0,3.34,1
M2542,2025-09-08 07:42:00,283491.0,27.73,1
M2543,2025-09-08 07:43:00,657813.0,3.36,1
M2544,2025-09-08 07:44:00,197658.0,4.86,1
M2545,2025-09-08 07:45:00,808219.0,8.55,1
M2546,2025-09-08 07:46:00,2285405.0,3.35,1
M2547,2025-09-08 07:47:00,846940.0,2.87,1
M2548,2025-09-08 07:48:00,681180.0,7.55,1
M2549,2025-09-08 07:49:00,710487.0,35.06,1
M2550,2025-09-08 07:50:00,80386.0,2.31,1
M2551,2025-09-08 07:51:00,737491.0,7.04,1
M2552,2025-09-08 07:52:00,450361.0,7.5,1
M2553,2025-09-08 07:53:00,634137.0,20.69,1
M2554,2025-09-08 07:54:00,1019535.0,37.34,1
M2555,2025-09-08 07:55:00,1144579.0,5.85,1
M2556,2025-09-08 07:56:00,476525.0,5.22,1
M2557,2025-09-08 07:57:00,449842.0,2.65,1
M2558,2025-09-08 07:58:00,496271.0,8.69,1
M2559,2025-09-08 07:59:00,459882.0,9.8,1
M2560,2025-09-08 08:00:00,145739.0,1.71,1
M2561,2025-09-08 08:01:00,1249976.0,24.36,1
M2562,2025-09-08 08:02:00,322208.0,2.04,1
M2563,2025-09-08 08:03:00,546308.0,21.98,1
M2564,2025-09-08 08:04:00,741280.0,24.75,1
M2565,2025-09-08 08:05:00,254810.0,9.03,1
M2566,2025-09-08 08:06:00,604191.0,10.75,1
M2567,2025-09-08 08:07:00,232019.0,6.95,1
M2568,2025-09-08 08:08:00,471024.0,6.21,1
M2569,2025-09-08 08:09:00,236906.0,12.57,1
M2570,2025-09-08 08:10:00,1126671.0,23.29,1
M2571,2025-09-08 08:11:00,100862.0,1.06,1
M2572,2025-09-08 08:12:00,266935.0,2.83,1
M2573,2025-09-08 08:13:00,275223.0,5.32,1
M2574,2025-09-08 08:14:00,540212.0,4.61,1
M2575,2025-09-08 08:15:00,240621.0,25.3,1
M2576,2025-09-08 08:16:00,701654.0,8.95,1
M2577,2025-09-08 08:17:00,978415.0,0.35,1
M2578,2025-09-08 08:18:00,414636.0,13.6,1
M2579,2025-09-08 08:19:00,389157.0,10.02,1
M2580,2025-09-08 08:20:00,220400.0,3.56,1
M2581,2025-09-08 08:21:00,1636899.0,11.24,1
M2582,2025-09-08 08:22:00,1402618.0,14.05,1
M2583,2025-09-08 08:23:00,1386007.0,20.72,1
M2584,2025-09-08 08:24:00,590058.0,20.72,1
M2585,2025-09-08 08:25:00,135139.0,2.03,1
M2586,2025-09-08 08:26:00,211186.0,31.8,1
M2587,2025-09-08 08:27:00,1370565.0,4.13,1
M2588,2025-09-08 08:28:00,403829.0,6.78,1
M2589,2025-09-08 08:29:00,475974.0,19.43,1
M2590,2025-09-08 08:30:00,1029199.0,6.65,1
M2591,2025-09-08 08:31:00,281328.0,34.31,1
M2592,2025-09-08 08:32:00,200137.0,6.89,1
M2593,2025-09-08 08:33:00,586145.0,1.49,1
M2594,2025-09-08 08:34:00,304843.0,21.99,1
M2595,2025-09-08 08:35:00,275847.0,3.72,1
M2596,2025-09-08 08:36:00,1259679.0,54.99,1
M2597,2025-09-08 08:37:00,369071.0,24.8,1
M2598,2025-09-08 08:38:00,1587776.0,27.74,1
M2599,2025-09-08 08:39:00,1268624.0,28.18,1
M2600,2025-09-08 08:40:00,225792.0,7.33,1
M2601,2025-09-08 08:41:00,260578.0,6.9,1
M2602,2025-09-08 08:42:00,376590.0,3.23,1
M2603,2025-09-08 08:43:00,1243515.0,3.83,1
M2604,2025-09-08 08:44:00,386686.0,4.2,1
M2605,2025-09-08 08:45:00,537668.0,2.4,1
M2606,2025-09-08 08:46:00,223794.0,10.51,1
M2607,2025-09-08 08:47:00,246487.0,17.56,1
M2608,2025-09-08 08:48:00,146147.0,6.75,1
M2609,2025-09-08 08:49:00,823301.0,0.86,1
M2610,2025-09-08 08:50:00,612000.0,29.37,1
M2611,2025-09-08 08:51:00,385100.0,3.25,1
M2612,2025-09-08 08:52:00,275511.0,10.27,1
M2613,2025-09-08 08:53:00,456300.0,1.27,1
M2614,2025-09-08 08:54:00,750454.0,4.27,1
M2615,2025-09-08 08:55:00,37175.0,2.67,1
M2616,2025-09-08 08:56:00,668475.0,7.61,1
M2617,2025-09-08 08:57:00,238079.0,14.32,1
M2618,2025-09-08 08:58:00,438788.0,0.62,1
M2619,2025-09-08 08:59:00,730660.0,23.37,1
M2620,2025-09-08 09:00:00,557638.0,34.15,1
M2621,2025-09-08 09:01:00,966309.0,10.74,1
M2622,2025-09-08 09:02:00,70776.0,16.92,1
M2623,2025-09-08 09:03:00,402696.0,0.92,1
M2624,2025-09-08 09:04:00,124127.0,10.28,1
M2625,2025-09-08 09:05:00,412482.0,5.1,1
M2626,2025-09-08 09:06:00,1036980.0,6.03,1
M2627,2025-09-08 09:07:00,1103989.0,13.64,1
M2628,2025-09-08 09:08:00,142528.0,11.95,1
M2629,2025-09-08 09:09:00,343193.0,8.79,1
M2630,2025-09-08 09:10:00,826574.0,5.43,1
M2631,2025-09-08 09:11:00,609772.0,2.71,1
M2632,2025-09-08 09:12:00,408861.0,1.64,1
M2633,2025-09-08 09:13:00,622932.0,4.1,1
M2634,2025-09-08 09:14:00,537986.0,4.56,1
M2635,2025-09-08 09:15:00,461746.0,2.77,1
M2636,2025-09-08 09:16:00,110379.0,2.69,1
M2637,2025-09-08 09:17:00,590336.0,19.17,1
M2638,2025-09-08 09:18:00,448089.0,18.18,1
M2639,2025-09-08 09:19:00,78288.0,32.96,1
M2640,2025-09-08 09:20:00,48957.0,20.81,1
M2641,2025-09-08 09:21:00,79212.0,22.92,1
M2642,2025-09-08 09:22:00,74465.0,2.41,1
M2643,2025-09-08 09:23:00,178382.0,2.66,1
M2644,2025-09-08 09:24:00,1019500.0,6.08,1
M2645,2025-09-08 09:25:00,197143.0,19.74,1
M2646,2025-09-08 09:26:00,554546.0,9.81,1
M2647,2025-09-08 09:27:00,709172.0,6.46,1
M2648,2025-09-08 09:28:00,684119.0,0.62,1
M2649,2025-09-08 09:29:00,521473.0,7.0,1
M2650,2025-09-08 09:30:00,138746.0,5.58,1
M2651,2025-09-08 09:31:00,1254555.0,9.29,1
M2652,2025-09-08 09:32:00,875833.0,10.51,1
M2653,2025-09-08 09:33:00,184370.0,5.01,1
M2654,2025-09-08 09:34:00,248063.0,4.12,1
M2655,2025-09-08 09:35:00,103873.0,4.1,1
M2656,2025-09-08 09:36:00,364122.0,5.48,1
M2657,2025-09-08 09:37:00,1131035.0,30.53,1
M2658,2025-09-08 09:38:00,1042281.0,4.39,1
M2659,2025-09-08 09:39:00,1284613.0,13.43,1
M2660,2025-09-08 09:40:00,606025.0,6.12,1
M2661,2025-09-08 09:41:00,393224.0,26.18,1
M2662,2025-09-08 09:42:00,152798.0,9.04,1
M2663,2025-09-08 09:43:00,67384.0,1.87,1
M2664,2025-09-08 09:44:00,1072640.0,4.88,1
M2665,2025-09-08 09:45:00,889418.0,4.08,1
M2666,2025-09-08 09:46:00,375415.0,2.43,1
M2667,2025-09-08 09:47:00,390076.0,4.6,1
M2668,2025-09-08 09:48:00,313298.0,7.2,1
M2669,2025-09-08 09:49:00,255709.0,18.98,1
M2670,2025-09-08 09:50:00,103144.0,13.75,1
M2671,2025-09-08 09:51:00,780544.0,8.47,1
M2672,2025-09-08 09:52:00,2438843.0,15.58,1
M2673,2025-09-08 09:53:00,3134082.0,3.15,1
M2674,2025-09-08 09:54:00,2702820.0,11.04,1
M2675,2025-09-08 09:55:00,150147.0,28.63,1
M2676,2025-09-08 09:56:00,691632.0,4.97,1
M2677,2025-09-08 09:57:00,580599.0,6.66,1
M2678,2025-09-08 09:58:00,1242768.0,4.05,1
M2679,2025-09-08 09:59:00,561037.0,6.73,1
M2680,2025-09-08 10:00:00,475174.0,30.3,1
M2681,2025-09-08 10:01:00,539868.0,10.98,1
M2682,2025-09-08 10:02:00,206462.0,7.49,1
M2683,2025-09-08 10:03:00,1100971.0,20.46,1
M2684,2025-09-08 10:04:00,333478.0,9.3,1
M2685,2025-09-08 10:05:00,200431.0,4.55,1
M2686,2025-09-08 10:06:00,328971.0,19.49,1
M2687,2025-09-08 10:07:00,765424.0,4.1,1
M2688,2025-09-08 10:08:00,286791.0,18.5,1
M2689,2025-09-08 10:09:00,127813.0,8.0,1
M2690,2025-09-08 10:10:00,531473.0,45.3,1
M2691,2025-09-08 10:11:00,227870.0,22.7,1
M2692,2025-09-08 10:12:00,420176.0,7.73,1
M2693,2025-09-08 10:13:00,212933.0,0.4,1
M2694,2025-09-08 10:14:00,103534.0,57.05,1
M2695,2025-09-08 10:15:00,1294575.0,6.69,1
M2696,2025-09-08 10:16:00,395178.0,9.75,1
M2697,2025-09-08 10:17:00,66937.0,6.09,1
M2698,2025-09-08 10:18:00,548990.0,3.12,1
M2699,2025-09-08 10:19:00,1167070.0,16.04,1
M2700,2025-09-08 10:20:00,258167.0,5.92,1
M2701,2025-09-08 10:21:00,338531.0,2.85,1
M2702,2025-09-08 10:22:00,156895.0,5.27,1
M2703,2025-09-08 10:23:00,237708.0,4.43,1
M2704,2025-09-08 10:24:00,340817.0,7.17,1
M2705,2025-09-08 10:25:00,477726.0,8.46,1
M2706,2025-09-08 10:26:00,1866397.0,9.71,1
M2707,2025-09-08 10:27:00,653317.0,7.2,1
M2708,2025-09-08 10:28:00,625454.0,1.27,1
M2709,2025-09-08 10:29:00,294549.0,8.04,1
M2710,2025-09-08 10:30:00,220049.0,12.68,1
M2711,2025-09-08 10:31:00,549505.0,8.56,1
M2712,2025-09-08 10:32:00,752618.0,33.27,1
M2713,2025-09-08 10:33:00,755848.0,5.24,1
M2714,2025-09-08 10:34:00,717349.0,3.62,1
M2715,2025-09-08 10:35:00,322580.0,20.08,1
M2716,2025-09-08 10:36:00,236119.0,4.23,1
M2717,2025-09-08 10:37:00,381492.0,2.63,1
M2718,2025-09-08 10:38:00,524369.0,9.74,1
M2719,2025-09-08 10:39:00,277054.0,3.36,1
M2720,2025-09-08 10:40:00,866004.0,34.35,1
M2721,2025-09-08 10:41:00,233237.0,15.08,1
M2722,2025-09-08 10:42:00,480731.0,4.7,1
M2723,2025-09-08 10:43:00,1204454.0,3.15,1
M2724,2025-09-08 10:44:00,2361825.0,1.71,1
M2725,2025-09-08 10:45:00,475814.0,6.61,1
M2726,2025-09-08 10:46:00,132283.0,15.83,1
M2727,2025-09-08 10:47:00,138020.0,20.39,1
M2728,2025-09-08 10:48:00,241643.0,17.46,1
M2729,2025-09-08 10:49:00,1727142.0,33.62,1
M2730,2025-09-08 10:50:00,972501.0,60.66,1
M2731,2025-09-08 10:51:00,682112.0,31.46,1
M2732,2025-09-08 10:52:00,664994.0,19.97,1
M2733,2025-09-08 10:53:00,207361.0,11.35,1
M2734,2025-09-08 10:54:00,941524.0,8.15,1
M2735,2025-09-08 10:55:00,272387.0,2.91,1
M2736,2025-09-08 10:56:00,710683.0,15.5,1
M2737,2025-09-08 10:57:00,1839929.0,4.65,1
M2738,2025-09-08 10:58:00,1134170.0,1.6,1
M2739,2025-09-08 10:59:00,656596.0,1.19,1
M2740,2025-09-08 11:00:00,204985.0,8.68,1
M2741,2025-09-08 11:01:00,776760.0,3.8,1
M2742,2025-09-08 11:02:00,3705762.0,9.11,1
M2743,2025-09-08 11:03:00,92719.0,2.43,1
M2744,2025-09-08 11:04:00,589149.0,1.31,1
M2745,2025-09-08 11:05:00,483256.0,30.47,1
M2746,2025-09-08 11:06:00,187598.0,13.99,1
M2747,2025-09-08 11:07:00,678529.0,38.39,1
M2748,2025-09-08 11:08:00,644083.0,18.16,1
M2749,2025-09-08 11:09:00,276707.0,2.33,1
M2750,2025-09-08 11:10:00,1596919.0,27.38,1
M2751,2025-09-08 11:11:00,420040.0,2.88,1
M2752,2025-09-08 11:12:00,493578.0,39.21,1
M2753,2025-09-08 11:13:00,703302.0,3.1,1
M2754,2025-09-08 11:14:00,260272.0,3.12,1
M2755,2025-09-08 11:15:00,777853.0,14.37,1
M2756,2025-09-08 11:16:00,497263.0,2.43,1
M2757,2025-09-08 11:17:00,519631.0,45.62,1
M2758,2025-09-08 11:18:00,283576.0,1.05,1
M2759,2025-09-08 11:19:00,110118.0,23.66,1
M2760,2025-09-08 11:20:00,695060.0,6.22,1
M2761,2025-09-08 11:21:00,975420.0,11.18,1
M2762,2025-09-08 11:22:00,297199.0,3.12,1
M2763,2025-09-08 11:23:00,140237.0,13.85,1
M2764,2025-09-08 11:24:00,593922.0,16.33,1
M2765,2025-09-08 11:25:00,115561.0,22.67,1
M2766,2025-09-08 11:26:00,217282.0,2.34,1
M2767,2025-09-08 11:27:00,315221.0,53.02,1
M2768,2025-09-08 11:28:00,45458.0,43.77,1
M2769,2025-09-08 11:29:00,961167.0,11.81,1
M2770,2025-09-08 11:30:00,226877.0,5.33,1
M2771,2025-09-08 11:31:00,1887833.0,7.3,1
M2772,2025-09-08 11:32:00,1496150.0,13.44,1
M2773,2025-09-08 11:33:00,173445.0,2.81,1
M2774,2025-09-08 11:34:00,126217.0,4.36,1
M2775,2025-09-08 11:35:00,315405.0,3.94,1
M2776,2025-09-08 11:36:00,1106260.0,2.41,1
M2777,2025-09-08 11:37:00,614197.0,9.16,1
M2778,2025-09-08 11:38:00,346085.0,22.54,1
M2779,2025-09-08 11:39:00,1149260.0,6.09,1
M2780,2025-09-08 11:40:00,644833.0,7.12,1
M2781,2025-09-08 11:41:00,1163868.0,12.3,1
M2782,2025-09-08 11:42:00,1357942.0,9.41,1
M2783,2025-09-08 11:43:00,356349.0,13.2,1
M2784,2025-09-08 11:44:00,183005.0,7.52,1
M2785,2025-09-08 11:45:00,1532451.0,13.71,1
M2786,2025-09-08 11:46:00,595249.0,11.78,1
M2787,2025-09-08 11:47:00,1622769.0,2.01,1
M2788,2025-09-08 11:48:00,6051552.0,3.54,1
M2789,2025-09-08 11:49:00,1463615.0,5.24,1
M2790,2025-09-08 11:50:00,288979.0,28.61,1
M2791,2025-09-08 11:51:00,392349.0,3.36,1
M2792,2025-09-08 11:52:00,79828.0,3.28,1
M2793,2025-09-08 11:53:00,689363.0,29.4,1
M2794,2025-09-08 11:54:00,317547.0,16.77,1
M2795,2025-09-08 11:55:00,134585.0,37.02,1
M2796,2025-09-08 11:56:00,1091574.0,1.3,1
M2797,2025-09-08 11:57:00,639214.0,7.61,1
M2798,2025-09-08 11:58:00,804245.0,6.25,1
M2799,2025-09-08 11:59:00,1126627.0,0.94,1
M2800,2025-09-08 12:00:00,114606.0,45.39,1
M2801,2025-09-08 12:01:00,290788.0,9.18,1
M2802,2025-09-08 12:02:00,542775.0,0.95,1
M2803,2025-09-08 12:03:00,1681444.0,24.45,1
M2804,2025-09-08 12:04:00,228598.0,67.49,1
M2805,2025-09-08 12:05:00,286724.0,4.51,1
M2806,2025-09-08 12:06:00,1316528.0,17.54,1
M2807,2025-09-08 12:07:00,1473888.0,14.51,1
M2808,2025-09-08 12:08:00,895876.0,88.21,1
M2809,2025-09-08 12:09:00,147405.0,79.27,1
M2810,2025-09-08 12:10:00,281575.0,2.48,1
M2811,2025-09-08 12:11:00,1306449.0,43.29,1
M2812,2025-09-08 12:12:00,1225483.0,3.53,1
M2813,2025-09-08 12:13:00,234664.0,15.02,1
M2814,2025-09-08 12:14:00,372686.0,7.8,1
M2815,2025-09-08 12:15:00,558041.0,1.93,1
M2816,2025-09-08 12:16:00,598368.0,6.91,1
M2817,2025-09-08 12:17:00,1545931.0,2.77,1
M2818,2025-09-08 12:18:00,114864.0,6.59,1
M2819,2025-09-08 12:19:00,2917564.0,3.54,1
M2820,2025-09-08 12:20:00,69710.0,9.33,1
M2821,2025-09-08 12:21:00,338348.0,24.15,1
M2822,2025-09-08 12:22:00,128286.0,5.92,1
M2823,2025-09-08 12:23:00,167489.0,5.46,1
M2824,2025-09-08 12:24:00,641490.0,13.57,1
M2825,2025-09-08 12:25:00,626763.0,4.04,1
M2826,2025-09-08 12:26:00,675032.0,5.29,1
M2827,2025-09-08 12:27:00,509363.0,23.81,1
M2828,2025-09-08 12:28:00,236772.0,8.24,1
M2829,2025-09-08 12:29:00,1556756.0,10.78,1
M2830,2025-09-08 12:30:00,119260.0,14.94,1
M2831,2025-09-08 12:31:00,282999.0,64.77,1
M2832,2025-09-08 12:32:00,612084.0,3.69,1
M2833,2025-09-08 12:33:00,467095.0,4.49,1
M2834,2025-09-08 12:34:00,476180.0,16.14,1
M2835,2025-09-08 12:35:00,984266.0,4.4,1
M2836,2025-09-08 12:36:00,846330.0,5.37,1
M2837,2025-09-08 12:37:00,263254.0,38.05,1
M2838,2025-09-08 12:38:00,326463.0,5.06,1
M2839,2025-09-08 12:39:00,319743.0,3.35,1
M2840,2025-09-08 12:40:00,139148.0,1.15,1
M2841,2025-09-08 12:41:00,1560100.0,4.66,1
M2842,2025-09-08 12:42:00,389176.0,24.7,1
M2843,2025-09-08 12:43:00,657803.0,18.47,1
M2844,2025-09-08 12:44:00,691150.0,6.99,1
M2845,2025-09-08 12:45:00,495349.0,7.92,1
M2846,2025-09-08 12:46:00,301334.0,19.8,1
M2847,2025-09-08 12:47:00,114683.0,5.39,1
M2848,2025-09-08 12:48:00,698972.0,62.24,1
M2849,2025-09-08 12:49:00,254790.0,19.13,1
M2850,2025-09-08 12:50:00,175241.0,10.06,1
M2851,2025-09-08 12:51:00,461499.0,3.31,1
M2852,2025-09-08 12:52:00,163526.0,5.46,1
M2853,2025-09-08 12:53:00,435187.0,41.47,1
M2854,2025-09-08 12:54:00,847990.0,6.46,1
M2855,2025-09-08 12:55:00,145724.0,22.34,1
M2856,2025-09-08 12:56:00,833316.0,12.19,1
M2857,2025-09-08 12:57:00,203834.0,13.53,1
M2858,2025-09-08 12:58:00,3750573.0,17.91,1
M2859,2025-09-08 12:59:00,90584.0,4.59,1
M2860,2025-09-08 13:00:00,839474.0,9.21,1
M2861,2025-09-08 13:01:00,100092.0,30.61,1
M2862,2025-09-08 13:02:00,686796.0,11.64,1
M2863,2025-09-08 13:03:00,362334.0,12.54,1
M2864,2025-09-08 13:04:00,199000.0,9.33,1
M2865,2025-09-08 13:05:00,487973.0,0.57,1
M2866,2025-09-08 13:06:00,3219297.0,47.86,1
M2867,2025-09-08 13:07:00,1800821.0,30.37,1
M2868,2025-09-08 13:08:00,272570.0,86.37,1
M2869,2025-09-08 13:09:00,572962.0,5.63,1
M2870,2025-09-08 13:10:00,44850.0,27.78,1
M2871,2025-09-08 13:11:00,410082.0,3.27,1
M2872,2025-09-08 13:12:00,281902.0,54.95,1
M2873,2025-09-08 13:13:00,383932.0,6.33,1
M2874,2025-09-08 13:14:00,397539.0,3.94,1
M2875,2025-09-08 13:15:00,599978.0,73.32,1
M2876,2025-09-08 13:16:00,1298019.0,5.82,1
M2877,2025-09-08 13:17:00,1118094.0,27.55,1
M2878,2025-09-08 13:18:00,611442.0,5.38,1
M2879,2025-09-08 13:19:00,641563.0,7.63,1
M2880,2025-09-08 13:20:00,116067.0,1.97,1
M2881,2025-09-08 13:21:00,381554.0,11.25,1
M2882,2025-09-08 13:22:00,184443.0,21.81,1
M2883,2025-09-08 13:23:00,377330.0,4.49,1
M2884,2025-09-08 13:24:00,1976521.0,6.91,1
M2885,2025-09-08 13:25:00,95480.0,15.41,1
M2886,2025-09-08 13:26:00,732288.0,17.08,1
M2887,2025-09-08 13:27:00,180735.0,14.14,1
M2888,2025-09-08 13:28:00,271620.0,138.1,1
M2889,2025-09-08 13:29:00,1320428.0,7.28,1
M2890,2025-09-08 13:30:00,166508.0,8.13,1
M2891,2025-09-08 13:31:00,438108.0,17.13,1
M2892,2025-09-08 13:32:00,367923.0,5.28,1
M2893,2025-09-08 13:33:00,808155.0,4.97,1
M2894,2025-09-08 13:34:00,468772.0,8.12,1
M2895,2025-09-08 13:35:00,1235214.0,14.33,1
M2896,2025-09-08 13:36:00,166071.0,12.68,1
M2897,2025-09-08 13:37:00,602367.0,8.61,1
M2898,2025-09-08 13:38:00,467082.0,31.6,1
M2899,2025-09-08 13:39:00,379545.0,13.43,1
M2900,2025-09-08 13:40:00,210185.0,1.27,1
M2901,2025-09-08 13:41:00,282388.0,4.04,1
M2902,2025-09-08 13:42:00,315382.0,5.07,1
M2903,2025-09-08 13:43:00,278079.0,25.13,1
M2904,2025-09-08 13:44:00,326576.0,16.49,1
M2905,2025-09-08 13:45:00,1378811.0,2.48,1
M2906,2025-09-08 13:46:00,588318.0,5.34,1
M2907,2025-09-08 13:47:00,504107.0,3.19,1
M2908,2025-09-08 13:48:00,94137.0,37.47,1
M2909,2025-09-08 13:49:00,271782.0,1.93,1
M2910,2025-09-08 13:50:00,217656.0,15.43,1
M2911,2025-09-08 13:51:00,569156.0,9.85,1
M2912,2025-09-08 13:52:00,866777.0,18.52,1
M2913,2025-09-08 13:53:00,565375.0,23.19,1
M2914,2025-09-08 13:54:00,275683.0,12.32,1
M2915,2025-09-08 13:55:00,84439.0,9.65,1
M2916,2025-09-08 13:56:00,349186.0,13.3,1
M2917,2025-09-08 13:57:00,648652.0,11.33,1
M2918,2025-09-08 13:58:00,588656.0,32.48,1
M2919,2025-09-08 13:59:00,819523.0,50.86,1
M2920,2025-09-08 14:00:00,1316992.0,5.04,1
M2921,2025-09-08 14:01:00,235954.0,12.87,1
M2922,2025-09-08 14:02:00,724685.0,14.59,1
M2923,2025-09-08 14:03:00,470506.0,5.8,1
M2924,2025-09-08 14:04:00,629289.0,3.27,1
M2925,2025-09-08 14:05:00,122594.0,5.24,1
M2926,2025-09-08 14:06:00,369012.0,3.4,1
M2927,2025-09-08 14:07:00,1753139.0,13.63,1
M2928,2025-09-08 14:08:00,736334.0,28.01,1
M2929,2025-09-08 14:09:00,276955.0,1.64,1
M2930,2025-09-08 14:10:00,121529.0,2.68,1
M2931,2025-09-08 14:11:00,133518.0,5.6,1
M2932,2025-09-08 14:12:00,310386.0,15.81,1
M2933,2025-09-08 14:13:00,553936.0,20.69,1
M2934,2025-09-08 14:14:00,302925.0,4.27,1
M2935,2025-09-08 14:15:00,201087.0,11.08,1
M2936,2025-09-08 14:16:00,1028640.0,20.28,1
M2937,2025-09-08 14:17:00,117186.0,2.55,1
M2938,2025-09-08 14:18:00,737931.0,3.93,1
M2939,2025-09-08 14:19:00,148168.0,27.41,1
M2940,2025-09-08 14:20:00,203015.0,4.09,1
M2941,2025-09-08 14:21:00,378538.0,19.58,1
M2942,2025-09-08 14:22:00,1181871.0,1.51,1
M2943,2025-09-08 14:23:00,565970.0,6.94,1
M2944,2025-09-08 14:24:00,176226.0,1.37,1
M2945,2025-09-08 14:25:00,318384.0,2.01,1
M2946,2025-09-08 14:26:00,139743.0,0.85,1
M2947,2025-09-08 14:27:00,576391.0,4.67,1
M2948,2025-09-08 14:28:00,1323937.0,5.97,1
M2949,2025-09-08 14:29:00,1260980.0,29.4,1
M2950,2025-09-08 14:30:00,1259436.0,3.57,1
M2951,2025-09-08 14:31:00,77847.0,13.99,1
M2952,2025-09-08 14:32:00,169426.0,3.76,1
M2953,2025-09-08 14:33:00,203772.0,19.07,1
M2954,2025-09-08 14:34:00,189242.0,2.14,1
M2955,2025-09-08 14:35:00,346471.0,1.59,1
M2956,2025-09-08 14:36:00,164931.0,2.53,1
M2957,2025-09-08 14:37:00,196513.0,8.2,1
M2958,2025-09-08 14:38:00,368298.0,8.07,1
M2959,2025-09-08 14:39:00,435727.0,6.33,1
M2960,2025-09-08 14:40:00,1288202.0,1.04,1
M2961,2025-09-08 14:41:00,518234.0,3.14,1
M2962,2025-09-08 14:42:00,208195.0,6.32,1
M2963,2025-09-08 14:43:00,1558526.0,0.73,1
M2964,2025-09-08 14:44:00,822488.0,4.48,1
M2965,2025-09-08 14:45:00,252157.0,7.66,1
M2966,2025-09-08 14:46:00,482758.0,4.11,1
M2967,2025-09-08 14:47:00,204072.0,5.17,1
M2968,2025-09-08 14:48:00,120998.0,4.6,1
M2969,2025-09-08 14:49:00,121770.0,22.49,1
M2970,2025-09-08 14:50:00,382075.0,6.88,1
M2971,2025-09-08 14:51:00,784501.0,4.91,1
M2972,2025-09-08 14:52:00,393019.0,1.63,1
M2973,2025-09-08 14:53:00,165083.0,4.31,1
M2974,2025-09-08 14:54:00,883816.0,14.18,1
M2975,2025-09-08 14:55:00,148522.0,7.48,1
M2976,2025-09-08 14:56:00,453702.0,16.23,1
M2977,2025-09-08 14:57:00,419554.0,16.58,1
M2978,2025-09-08 14:58:00,2282114.0,3.28,1
M2979,2025-09-08 14:59:00,163447.0,20.47,1
M2980,2025-09-08 15:00:00,218681.0,0.85,1
M2981,2025-09-08 15:01:00,111036.0,2.69,1
M2982,2025-09-08 15:02:00,379473.0,5.84,1
M2983,2025-09-08 15:03:00,110099.0,4.84,1
M2984,2025-09-08 15:04:00,95057.0,16.29,1
M2985,2025-09-08 15:05:00,450531.0,3.69,1
M2986,2025-09-08 15:06:00,1059109.0,19.21,1
M2987,2025-09-08 15:07:00,494488.0,28.1,1
M2988,2025-09-08 15:08:00,397614.0,27.75,1
M2989,2025-09-08 15:09:00,874682.0,18.79,1
M2990,2025-09-08 15:10:00,376812.0,8.24,1
M2991,2025-09-08 15:11:00,271731.0,2.08,1
M2992,2025-09-08 15:12:00,1216022.0,3.59,1
M2993,2025-09-08 15:13:00,197769.0,40.9,1
M2994,2025-09-08 15:14:00,309505.0,6.53,1
M2995,2025-09-08 15:15:00,1354457.0,35.65,1
M2996,2025-09-08 15:16:00,1138093.0,30.56,1
M2997,2025-09-08 15:17:00,290684.0,2.37,1
M2998,2025-09-08 15:18:00,163455.0,62.5,1
M2999,2025-09-08 15:19:00,263515.0,8.2,1
M3000,2025-09-08 15:20:00,257502.0,7.22,1
M3001,2025-09-08 15:21:00,182700.0,5.0,1
M3002,2025-09-08 15:22:00,368345.0,0.6,1
M3003,2025-09-08 15:23:00,60968.0,4.66,1
M3004,2025-09-08 15:24:00,1704320.0,30.56,1
M3005,2025-09-08 15:25:00,236373.0,8.12,1
M3006,2025-09-08 15:26:00,879159.0,6.0,1
M3007,2025-09-08 15:27:00,166046.0,3.74,1
M3008,2025-09-08 15:28:00,707507.0,11.44,1
M3009,2025-09-08 15:29:00,664931.0,2.83,1
M3010,2025-09-08 15:30:00,616197.0,2.12,1
M3011,2025-09-08 15:31:00,1767165.0,3.37,1
M3012,2025-09-08 15:32:00,91983.0,4.71,1
M3013,2025-09-08 15:33:00,531769.0,5.95,1
M3014,2025-09-08 15:34:00,299593.0,11.85,1
M3015,2025-09-08 15:35:00,1360147.0,26.23,1
M3016,2025-09-08 15:36:00,324916.0,3.69,1
M3017,2025-09-08 15:37:00,262307.0,5.81,1
M3018,2025-09-08 15:38:00,731382.0,8.3,1
M3019,2025-09-08 15:39:00,192723.0,4.23,1
M3020,2025-09-08 15:40:00,227949.0,2.69,1
M3021,2025-09-08 15:41:00,702419.0,12.12,1
M3022,2025-09-08 15:42:00,297600.0,1.66,1
M3023,2025-09-08 15:43:00,453438.0,28.14,1
M3024,2025-09-08 15:44:00,755031.0,4.78,1
M3025,2025-09-08 15:45:00,596325.0,38.08,1
M3026,2025-09-08 15:46:00,787813.0,7.15,1
M3027,2025-09-08 15:47:00,457683.0,8.02,1
M3028,2025-09-08 15:48:00,317101.0,27.45,1
M3029,2025-09-08 15:49:00,47029.0,41.64,1
M3030,2025-09-08 15:50:00,62026.0,3.26,1
M3031,2025-09-08 15:51:00,301225.0,4.73,1
M3032,2025-09-08 15:52:00,3730994.0,12.56,1
M3033,2025-09-08 15:53:00,391962.0,13.75,1
M3034,2025-09-08 15:54:00,358323.0,7.23,1
M3035,2025-09-08 15:55:00,260275.0,12.22,1
M3036,2025-09-08 15:56:00,1440464.0,1.31,1
M3037,2025-09-08 15:57:00,282949.0,20.18,1
M3038,2025-09-08 15:58:00,456011.0,4.29,1
M3039,2025-09-08 15:59:00,1452126.0,21.76,1
M3040,2025-09-08 16:00:00,250073.0,4.14,1
M3041,2025-09-08 16:01:00,2154826.0,24.11,1
M3042,2025-09-08 16:02:00,1017897.0,9.62,1
M3043,2025-09-08 16:03:00,126737.0,7.79,1
M3044,2025-09-08 16:04:00,1506276.0,12.04,1
M3045,2025-09-08 16:05:00,999655.0,1.23,1
M3046,2025-09-08 16:06:00,209697.0,8.49,1
M3047,2025-09-08 16:07:00,268770.0,9.09,1
M3048,2025-09-08 16:08:00,885287.0,5.75,1
M3049,2025-09-08 16:09:00,557910.0,7.62,1
M3050,2025-09-08 16:10:00,717845.0,13.36,1
M3051,2025-09-08 16:11:00,135921.0,48.22,1
M3052,2025-09-08 16:12:00,330445.0,6.27,1
M3053,2025-09-08 16:13:00,307042.0,3.71,1
M3054,2025-09-08 16:14:00,475072.0,3.54,1
M3055,2025-09-08 16:15:00,387049.0,5.32,1
M3056,2025-09-08 16:16:00,96731.0,18.44,1
M3057,2025-09-08 16:17:00,814982.0,7.21,1
M3058,2025-09-08 16:18:00,762230.0,2.26,1
M3059,2025-09-08 16:19:00,2089165.0,13.78,1
M3060,2025-09-08 16:20:00,77776.0,14.57,1
M3061,2025-09-08 16:21:00,119692.0,1.27,1
M3062,2025-09-08 16:22:00,170728.0,1.3,1
M3063,2025-09-08 16:23:00,145373.0,3.41,1
M3064,2025-09-08 16:24:00,663459.0,32.45,1
M3065,2025-09-08 16:25:00,1565698.0,2.79,1
M3066,2025-09-08 16:26:00,344068.0,94.76,1
M3067,2025-09-08 16:27:00,288493.0,8.69,1
M3068,2025-09-08 16:28:00,417382.0,2.19,1
M3069,2025-09-08 16:29:00,196383.0,2.12,1
M3070,2025-09-08 16:30:00,1354357.0,4.65,1
M3071,2025-09-08 16:31:00,722205.0,13.91,1
M3072,2025-09-08 16:32:00,1463716.0,9.64,1
M3073,2025-09-08 16:33:00,230574.0,8.99,1
M3074,2025-09-08 16:34:00,971162.0,5.57,1
M3075,2025-09-08 16:35:00,502316.0,2.46,1
M3076,2025-09-08 16:36:00,179001.0,13.29,1
M3077,2025-09-08 16:37:00,330720.0,5.31,1
M3078,2025-09-08 16:38:00,413970.0,14.89,1
M3079,2025-09-08 16:39:00,453941.0,1.36,1
M3080,2025-09-08 16:40:00,344118.0,2.59,1
M3081,2025-09-08 16:41:00,98338.0,23.1,1
M3082,2025-09-08 16:42:00,259627.0,6.66,1
M3083,2025-09-08 16:43:00,169682.0,3.01,1
M3084,2025-09-08 16:44:00,833279.0,7.57,1
M3085,2025-09-08 16:45:00,1068523.0,15.77,1
M3086,2025-09-08 16:46:00,69934.0,2.0,1
M3087,2025-09-08 16:47:00,391820.0,2.49,1
M3088,2025-09-08 16:48:00,390237.0,21.42,1
M3089,2025-09-08 16:49:00,224205.0,3.36,1
M3090,2025-09-08 16:50:00,1036653.0,103.06,1
M3091,2025-09-08 16:51:00,836504.0,1.91,1
M3092,2025-09-08 16:52:00,113966.0,4.89,1
M3093,2025-09-08 16:53:00,370966.0,16.83,1
M3094,2025-09-08 16:54:00,623687.0,12.22,1
M3095,2025-09-08 16:55:00,89058.0,5.56,1
M3096,2025-09-08 16:56:00,155604.0,17.11,1
M3097,2025-09-08 16:57:00,232936.0,4.64,1
M3098,2025-09-08 16:58:00,656447.0,2.61,1
M3099,2025-09-08 16:59:00,258644.0,6.0,1
M3100,2025-09-08 17:00:00,340492.0,1.9,1
M3101,2025-09-08 17:01:00,458376.0,7.58,1
M3102,2025-09-08 17:02:00,446732.0,2.75,1
M3103,2025-09-08 17:03:00,414522.0,5.93,1
M3104,2025-09-08 17:04:00,186279.0,2.0,1
M3105,2025-09-08 17:05:00,183661.0,7.99,1
M3106,2025-09-08 17:06:00,2124444.0,2.35,1
M3107,2025-09-08 17:07:00,584890.0,5.96,1
M3108,2025-09-08 17:08:00,1405761.0,13.51,1
M3109,2025-09-08 17:09:00,322544.0,5.98,1
M3110,2025-09-08 17:10:00,687728.0,5.08,1
M3111,2025-09-08 17:11:00,1449321.0,9.64,1
M3112,2025-09-08 17:12:00,193767.0,5.59,1
M3113,2025-09-08 17:13:00,233403.0,4.82,1
M3114,2025-09-08 17:14:00,788425.0,1.95,1
M3115,2025-09-08 17:15:00,147253.0,10.08,1
M3116,2025-09-08 17:16:00,643160.0,2.52,1
M3117,2025-09-08 17:17:00,1063033.0,27.6,1
M3118,2025-09-08 17:18:00,341842.0,2.93,1
M3119,2025-09-08 17:19:00,508814.0,19.44,1
M3120,2025-09-08 17:20:00,960060.0,3.89,1
M3121,2025-09-08 17:21:00,398909.0,6.9,1
M3122,2025-09-08 17:22:00,948634.0,6.19,1
M3123,2025-09-08 17:23:00,2205523.0,1.1,1
M3124,2025-09-08 17:24:00,143628.0,1.28,1
M3125,2025-09-08 17:25:00,600541.0,9.89,1
M3126,2025-09-08 17:26:00,564613.0,27.64,1
M3127,2025-09-08 17:27:00,1115723.0,3.81,1
M3128,2025-09-08 17:28:00,385199.0,11.57,1
M3129,2025-09-08 17:29:00,274172.0,9.79,1
M3130,2025-09-08 17:30:00,730341.0,8.1,1
M3131,2025-09-08 17:31:00,338016.0,31.33,1
M3132,2025-09-08 17:32:00,168138.0,5.8,1
M3133,2025-09-08 17:33:00,121652.0,3.54,1
M3134,2025-09-08 17:34:00,944424.0,46.55,1
M3135,2025-09-08 17:35:00,376122.0,7.09,1
M3136,2025-09-08 17:36:00,628782.0,3.49,1
M3137,2025-09-08 17:37:00,1212371.0,9.02,1
M3138,2025-09-08 17:38:00,326421.0,5.36,1
M3139,2025-09-08 17:39:00,598392.0,8.35,1
M3140,2025-09-08 17:40:00,432905.0,8.65,1
M3141,2025-09-08 17:41:00,229101.0,25.32,1
M3142,2025-09-08 17:42:00,273709.0,4.05,1
M3143,2025-09-08 17:43:00,519711.0,7.44,1
M3144,2025-09-08 17:44:00,1104684.0,9.41,1
M3145,2025-09-08 17:45:00,587335.0,11.35,1
M3146,2025-09-08 17:46:00,223213.0,26.03,1
M3147,2025-09-08 17:47:00,222949.0,15.13,1
M3148,2025-09-08 17:48:00,1149969.0,14.13,1
M3149,2025-09-08 17:49:00,494633.0,13.87,1
M3150,2025-09-08 17:50:00,625675.0,8.78,1
M3151,2025-09-08 17:51:00,665615.0,4.19,1
M3152,2025-09-08 17:52:00,1083793.0,5.13,1
M3153,2025-09-08 17:53:00,2456931.0,16.28,1
M3154,2025-09-08 17:54:00,138913.0,1.79,1
M3155,2025-09-08 17:55:00,137601.0,7.53,1
M3156,2025-09-08 17:56:00,936705.0,7.86,1
M3157,2025-09-08 17:57:00,473003.0,0.8,1
M3158,2025-09-08 17:58:00,643504.0,2.14,1
M3159,2025-09-08 17:59:00,779605.0,7.82,1
M3160,2025-09-08 18:00:00,288970.0,2.61,1
M3161,2025-09-08 18:01:00,552927.0,7.02,1
M3162,2025-09-08 18:02:00,1428211.0,8.99,1
M3163,2025-09-08 18:03:00,362049.0,2.11,1
M3164,2025-09-08 18:04:00,287595.0,1.23,1
M3165,2025-09-08 18:05:00,436394.0,3.35,1
M3166,2025-09-08 18:06:00,663942.0,6.31,1
M3167,2025-09-08 18:07:00,786655.0,3.18,1
M3168,2025-09-08 18:08:00,684562.0,34.14,1
M3169,2025-09-08 18:09:00,266912.0,4.56,1
M3170,2025-09-08 18:10:00,562746.0,6.43,1
M3171,2025-09-08 18:11:00,256744.0,10.63,1
M3172,2025-09-08 18:12:00,391245.0,11.47,1
M3173,2025-09-08 18:13:00,1091494.0,2.33,1
M3174,2025-09-08 18:14:00,140151.0,4.81,1
M3175,2025-09-08 18:15:00,167189.0,1.76,1
M3176,2025-09-08 18:16:00,138531.0,5.34,1
M3177,2025-09-08 18:17:00,766400.0,2.34,1
M3178,2025-09-08 18:18:00,1566151.0,5.37,1
M3179,2025-09-08 18:19:00,107883.0,13.07,1
M3180,2025-09-08 18:20:00,490352.0,44.38,1
M3181,2025-09-08 18:21:00,177308.0,4.85,1
M3182,2025-09-08 18:22:00,589366.0,10.56,1
M3183,2025-09-08 18:23:00,235116.0,65.74,1
M3184,2025-09-08 18:24:00,703918.0,13.34,1
M3185,2025-09-08 18:25:00,85530.0,0.61,1
M3186,2025-09-08 18:26:00,790441.0,7.44,1
M3187,2025-09-08 18:27:00,532790.0,8.04,1
M3188,2025-09-08 18:28:00,2733662.0,5.72,1
M3189,2025-09-08 18:29:00,768252.0,5.81,1
M3190,2025-09-08 18:30:00,2685576.0,30.17,1
M3191,2025-09-08 18:31:00,513341.0,10.89,1
M3192,2025-09-08 18:32:00,43386.0,8.23,1
M3193,2025-09-08 18:33:00,111352.0,6.47,1
M3194,2025-09-08 18:34:00,406778.0,16.95,1
M3195,2025-09-08 18:35:00,776315.0,12.06,1
M3196,2025-09-08 18:36:00,240069.0,1.49,1
M3197,2025-09-08 18:37:00,2041614.0,4.51,1
M3198,2025-09-08 18:38:00,1138205.0,12.68,1
M3199,2025-09-08 18:39:00,1029904.0,24.05,1
M3200,2025-09-08 18:40:00,681878.0,0.93,1
M3201,2025-09-08 18:41:00,377590.0,15.43,1
M3202,2025-09-08 18:42:00,529934.0,7.78,1
M3203,2025-09-08 18:43:00,176195.0,12.0,1
M3204,2025-09-08 18:44:00,267662.0,18.52,1
M3205,2025-09-08 18:45:00,212932.0,3.1,1
M3206,2025-09-08 18:46:00,158233.0,12.31,1
M3207,2025-09-08 18:47:00,770853.0,14.99,1
M3208,2025-09-08 18:48:00,895365.0,1.41,1
M3209,2025-09-08 18:49:00,945696.0,7.43,1
M3210,2025-09-08 18:50:00,162781.0,4.18,1
M3211,2025-09-08 18:51:00,501934.0,2.72,1
M3212,2025-09-08 18:52:00,241061.0,53.02,1
M3213,2025-09-08 18:53:00,1043589.0,7.92,1
M3214,2025-09-08 18:54:00,670840.0,11.77,1
M3215,2025-09-08 18:55:00,105066.0,4.17,1
M3216,2025-09-08 18:56:00,1003093.0,15.71,1
M3217,2025-09-08 18:57:00,261407.0,6.76,1
M3218,2025-09-08 18:58:00,145753.0,6.99,1
M3219,2025-09-08 18:59:00,405764.0,3.15,1
M3220,2025-09-08 19:00:00,677692.0,11.09,1
M3221,2025-09-08 19:01:00,580736.0,24.39,1
M3222,2025-09-08 19:02:00,606588.0,7.09,1
M3223,2025-09-08 19:03:00,329330.0,12.57,1
M3224,2025-09-08 19:04:00,217025.0,3.51,1
M3225,2025-09-08 19:05:00,70862.0,15.77,1
M3226,2025-09-08 19:06:00,663369.0,2.14,1
M3227,2025-09-08 19:07:00,138447.0,1.53,1
M3228,2025-09-08 19:08:00,234000.0,10.13,1
M3229,2025-09-08 19:09:00,769262.0,2.79,1
M3230,2025-09-08 19:10:00,197216.0,9.17,1
M3231,2025-09-08 19:11:00,602659.0,15.06,1
M3232,2025-09-08 19:12:00,77678.0,7.06,1
M3233,2025-09-08 19:13:00,1035556.0,8.08,1
M3234,2025-09-08 19:14:00,821666.0,3.49,1
M3235,2025-09-08 19:15:00,487576.0,3.12,1
M3236,2025-09-08 19:16:00,313378.0,29.06,1
M3237,2025-09-08 19:17:00,78712.0,9.22,1
M3238,2025-09-08 19:18:00,277287.0,15.64,1
M3239,2025-09-08 19:19:00,624481.0,13.8,1
M3240,2025-09-08 19:20:00,174261.0,18.49,1
M3241,2025-09-08 19:21:00,310477.0,10.62,1
M3242,2025-09-08 19:22:00,2199498.0,8.45,1
M3243,2025-09-08 19:23:00,381420.0,1.26,1
M3244,2025-09-08 19:24:00,246413.0,3.97,1
M3245,2025-09-08 19:25:00,186304.0,2.59,1
M3246,2025-09-08 19:26:00,369506.0,11.66,1
M3247,2025-09-08 19:27:00,584966.0,9.88,1
M3248,2025-09-08 19:28:00,1348075.0,23.48,1
M3249,2025-09-08 19:29:00,156764.0,16.92,1
M3250,2025-09-08 19:30:00,1115263.0,3.53,1
M3251,2025-09-08 19:31:00,236949.0,12.85,1
M3252,2025-09-08 19:32:00,148278.0,2.62,1
M3253,2025-09-08 19:33:00,231166.0,44.5,1
M3254,2025-09-08 19:34:00,393075.0,12.21,1
M3255,2025-09-08 19:35:00,218111.0,8.63,1
M3256,2025-09-08 19:36:00,582349.0,12.09,1
M3257,2025-09-08 19:37:00,631265.0,7.73,1
M3258,2025-09-08 19:38:00,960703.0,5.15,1
M3259,2025-09-08 19:39:00,464479.0,3.6,1
M3260,2025-09-08 19:40:00,103906.0,8.42,1
M3261,2025-09-08 19:41:00,540044.0,9.61,1
M3262,2025-09-08 19:42:00,475237.0,4.35,1
M3263,2025-09-08 19:43:00,837864.0,37.45,1
M3264,2025-09-08 19:44:00,405853.0,3.24,1
M3265,2025-09-08 19:45:00,670743.0,28.19,1
M3266,2025-09-08 19:46:00,1379705.0,0.42,1
M3267,2025-09-08 19:47:00,552659.0,3.87,1
M3268,2025-09-08 19:48:00,580240.0,18.16,1
M3269,2025-09-08 19:49:00,474354.0,70.1,1
M3270,2025-09-08 19:50:00,1181000.0,11.76,1
M3271,2025-09-08 19:51:00,1467311.0,17.01,1
M3272,2025-09-08 19:52:00,1237650.0,9.51,1
M3273,2025-09-08 19:53:00,177228.0,7.24,1
M3274,2025-09-08 19:54:00,82500.0,9.05,1
M3275,2025-09-08 19:55:00,458860.0,13.28,1
M3276,2025-09-08 19:56:00,145214.0,8.86,1
M3277,2025-09-08 19:57:00,1042874.0,18.19,1
M3278,2025-09-08 19:58:00,225438.0,23.73,1
M3279,2025-09-08 19:59:00,1212277.0,3.49,1
M3280,2025-09-08 20:00:00,613515.0,3.47,1
M3281,2025-09-08 20:01:00,724366.0,3.82,1
M3282,2025-09-08 20:02:00,1178742.0,18.47,1
M3283,2025-09-08 20:03:00,2486811.0,4.27,1
M3284,2025-09-08 20:04:00,411357.0,8.31,1
M3285,2025-09-08 20:05:00,246084.0,8.9,1
M3286,2025-09-08 20:06:00,391278.0,3.55,1
M3287,2025-09-08 20:07:00,408424.0,14.1,1
M3288,2025-09-08 20:08:00,455840.0,1.12,1
M3289,2025-09-08 20:09:00,639951.0,11.36,1
M3290,2025-09-08 20:10:00,587473.0,3.7,1
M3291,2025-09-08 20:11:00,245066.0,2.89,1
M3292,2025-09-08 20:12:00,239911.0,3.41,1
M3293,2025-09-08 20:13:00,706724.0,10.76,1
M3294,2025-09-08 20:14:00,1266260.0,3.05,1
M3295,2025-09-08 20:15:00,529106.0,9.32,1
M3296,2025-09-08 20:16:00,193687.0,18.14,1
M3297,2025-09-08 20:17:00,335553.0,430.36,1
M3298,2025-09-08 20:18:00,1134805.0,2.12,1
M3299,2025-09-08 20:19:00,248049.0,19.15,1
M3300,2025-09-08 20:20:00,157708.0,3.12,1
M3301,2025-09-08 20:21:00,843759.0,4.14,1
M3302,2025-09-08 20:22:00,688777.0,0.69,1
M3303,2025-09-08 20:23:00,163191.0,3.05,1
M3304,2025-09-08 20:24:00,605701.0,28.61,1
M3305,2025-09-08 20:25:00,249486.0,3.85,1
M3306,2025-09-08 20:26:00,374386.0,7.19,1
M3307,2025-09-08 20:27:00,555257.0,15.56,1
M3308,2025-09-08 20:28:00,109533.0,5.41,1
M3309,2025-09-08 20:29:00,158521.0,4.2,1
M3310,2025-09-08 20:30:00,1237277.0,6.74,1
M3311,2025-09-08 20:31:00,170947.0,4.19,1
M3312,2025-09-08 20:32:00,3376864.0,7.61,1
M3313,2025-09-08 20:33:00,98839.0,15.56,1
M3314,2025-09-08 20:34:00,80177.0,12.9,1
M3315,2025-09-08 20:35:00,2398702.0,6.49,1
M3316,2025-09-08 20:36:00,1089657.0,89.16,1
M3317,2025-09-08 20:37:00,348897.0,11.76,1
M3318,2025-09-08 20:38:00,255401.0,1.5,1
M3319,2025-09-08 20:39:00,1833263.0,8.39,1
M3320,2025-09-08 20:40:00,441742.0,21.07,1
M3321,2025-09-08 20:41:00,4334220.0,10.7,1
M3322,2025-09-08 20:42:00,284060.0,2.41,1
M3323,2025-09-08 20:43:00,172889.0,20.7,1
M3324,2025-09-08 20:44:00,1251783.0,15.17,1
M3325,2025-09-08 20:45:00,2341199.0,6.88,1
M3326,2025-09-08 20:46:00,255045.0,5.43,1
M3327,2025-09-08 20:47:00,755763.0,8.33,1
M3328,2025-09-08 20:48:00,385974.0,16.47,1
M3329,2025-09-08 20:49:00,352606.0,2.8,1
M3330,2025-09-08 20:50:00,296875.0,2.74,1
M3331,2025-09-08 20:51:00,635836.0,6.13,1
M3332,2025-09-08 20:52:00,329590.0,57.82,1
M3333,2025-09-08 20:53:00,479310.0,0.92,1
M3334,2025-09-08 20:54:00,683102.0,8.87,1
M3335,2025-09-08 20:55:00,522383.0,5.51,1
M3336,2025-09-08 20:56:00,343488.0,11.46,1
M3337,2025-09-08 20:57:00,386063.0,1.37,1
M3338,2025-09-08 20:58:00,367824.0,12.26,1
M3339,2025-09-08 20:59:00,1305334.0,6.41,1
M3340,2025-09-08 21:00:00,973637.0,3.73,1
M3341,2025-09-08 21:01:00,575882.0,6.36,1
M3342,2025-09-08 21:02:00,368106.0,4.92,1
M3343,2025-09-08 21:03:00,391758.0,5.5,1
M3344,2025-09-08 21:04:00,3980891.0,33.76,1
M3345,2025-09-08 21:05:00,2295214.0,29.65,1
M3346,2025-09-08 21:06:00,293587.0,3.7,1
M3347,2025-09-08 21:07:00,528816.0,11.79,1
M3348,2025-09-08 21:08:00,249570.0,7.39,1
M3349,2025-09-08 21:09:00,205939.0,14.91,1
M3350,2025-09-08 21:10:00,447495.0,9.59,1
M3351,2025-09-08 21:11:00,444782.0,8.44,1
M3352,2025-09-08 21:12:00,672450.0,2.0,1
M3353,2025-09-08 21:13:00,493913.0,16.62,1
M3354,2025-09-08 21:14:00,1974071.0,19.59,1
M3355,2025-09-08 21:15:00,805130.0,62.99,1
M3356,2025-09-08 21:16:00,513000.0,5.72,1
M3357,2025-09-08 21:17:00,463600.0,2.98,1
M3358,2025-09-08 21:18:00,584984.0,11.92,1
M3359,2025-09-08 21:19:00,637971.0,16.94,1
M3360,2025-09-08 21:20:00,494229.0,9.03,1
M3361,2025-09-08 21:21:00,1272048.0,9.48,1
M3362,2025-09-08 21:22:00,66073.0,19.23,1
M3363,2025-09-08 21:23:00,667797.0,19.28,1
M3364,2025-09-08 21:24:00,102425.0,4.79,1
M3365,2025-09-08 21:25:00,1106976.0,0.43,1
M3366,2025-09-08 21:26:00,672201.0,5.87,1
M3367,2025-09-08 21:27:00,375012.0,2.56,1
M3368,2025-09-08 21:28:00,826772.0,4.27,1
M3369,2025-09-08 21:29:00,126347.0,29.42,1
M3370,2025-09-08 21:30:00,626723.0,23.51,1
M3371,2025-09-08 21:31:00,312714.0,0.94,1
M3372,2025-09-08 21:32:00,210054.0,9.9,1
M3373,2025-09-08 21:33:00,969347.0,26.58,1
M3374,2025-09-08 21:34:00,80793.0,26.67,1
M3375,2025-09-08 21:35:00,165924.0,27.61,1
M3376,2025-09-08 21:36:00,725701.0,1.82,1
M3377,2025-09-08 21:37:00,4127229.0,1.74,1
M3378,2025-09-08 21:38:00,377635.0,3.92,1
M3379,2025-09-08 21:39:00,270057.0,8.9,1
M3380,2025-09-08 21:40:00,608485.0,3.77,1
M3381,2025-09-08 21:41:00,111087.0,6.29,1
M3382,2025-09-08 21:42:00,1437130.0,3.83,1
M3383,2025-09-08 21:43:00,197939.0,13.36,1
M3384,2025-09-08 21:44:00,212564.0,16.36,1
M3385,2025-09-08 21:45:00,379977.0,4.99,1
M3386,2025-09-08 21:46:00,1690235.0,7.65,1
M3387,2025-09-08 21:47:00,572773.0,6.45,1
M3388,2025-09-08 21:48:00,401269.0,40.39,1
M3389,2025-09-08 21:49:00,448754.0,6.24,1
M3390,2025-09-08 21:50:00,748667.0,1.02,1
M3391,2025-09-08 21:51:00,708568.0,2.24,1
M3392,2025-09-08 21:52:00,1483623.0,0.95,1
M3393,2025-09-08 21:53:00,423431.0,1.96,1
M3394,2025-09-08 21:54:00,556145.0,14.21,1
M3395,2025-09-08 21:55:00,277983.0,22.25,1
M3396,2025-09-08 21:56:00,117818.0,6.58,1
M3397,2025-09-08 21:57:00,259969.0,5.95,1
M3398,2025-09-08 21:58:00,290204.0,6.39,1
M3399,2025-09-08 21:59:00,1162869.0,11.67,1
M3400,2025-09-08 22:00:00,168151.0,6.6,1
M3401,2025-09-08 22:01:00,1084170.0,39.88,1
M3402,2025-09-08 22:02:00,334759.0,16.03,1
M3403,2025-09-08 22:03:00,171381.0,2.62,1
M3404,2025-09-08 22:04:00,278789.0,0.66,1
M3405,2025-09-08 22:05:00,213019.0,10.1,1
M3406,2025-09-08 22:06:00,364191.0,8.48,1
M3407,2025-09-08 22:07:00,406061.0,10.44,1
M3408,2025-09-08 22:08:00,1090027.0,15.46,1
M3409,2025-09-08 22:09:00,487353.0,12.67,1
M3410,2025-09-08 22:10:00,387362.0,3.92,1
M3411,2025-09-08 22:11:00,402566.0,6.83,1
M3412,2025-09-08 22:12:00,259431.0,6.3,1
M3413,2025-09-08 22:13:00,94845.0,2.42,1
M3414,2025-09-08 22:14:00,907289.0,13.49,1
M3415,2025-09-08 22:15:00,395438.0,4.44,1
M3416,2025-09-08 22:16:00,64956.0,0.96,1
M3417,2025-09-08 22:17:00,288910.0,12.0,1
M3418,2025-09-08 22:18:00,2454168.0,4.77,1
M3419,2025-09-08 22:19:00,533183.0,0.76,1
M3420,2025-09-08 22:20:00,248881.0,9.71,1
M3421,2025-09-08 22:21:00,2692614.0,7.5,1
M3422,2025-09-08 22:22:00,1435488.0,3.03,1
M3423,2025-09-08 22:23:00,74527.0,2.16,1
M3424,2025-09-08 22:24:00,1322835.0,7.58,1
M3425,2025-09-08 22:25:00,1190413.0,10.63,1
M3426,2025-09-08 22:26:00,2244480.0,5.05,1
M3427,2025-09-08 22:27:00,286682.0,17.39,1
M3428,2025-09-08 22:28:00,617816.0,5.27,1
M3429,2025-09-08 22:29:00,130510.0,7.58,1
M3430,2025-09-08 22:30:00,95362.0,12.03,1
M3431,2025-09-08 22:31:00,107586.0,11.79,1
M3432,2025-09-08 22:32:00,1394933.0,4.7,1
M3433,2025-09-08 22:33:00,766793.0,3.29,1
M3434,2025-09-08 22:34:00,461505.0,6.87,1
M3435,2025-09-08 22:35:00,279118.0,30.53,1
M3436,2025-09-08 22:36:00,680134.0,2.88,1
M3437,2025-09-08 22:37:00,520545.0,39.65,1
M3438,2025-09-08 22:38:00,200681.0,16.93,1
M3439,2025-09-08 22:39:00,446614.0,4.53,1
M3440,2025-09-08 22:40:00,2115295.0,7.29,1
M3441,2025-09-08 22:41:00,345886.0,2.4,1
M3442,2025-09-08 22:42:00,1079047.0,0.6,1
M3443,2025-09-08 22:43:00,856020.0,7.82,1
M3444,2025-09-08 22:44:00,536137.0,8.44,1
M3445,2025-09-08 22:45:00,7513648.0,2.12,1
M3446,2025-09-08 22:46:00,743889.0,7.13,1
M3447,2025-09-08 22:47:00,559463.0,9.7,1
M3448,2025-09-08 22:48:00,171934.0,12.68,1
M3449,2025-09-08 22:49:00,716817.0,1.38,1
M3450,2025-09-08 22:50:00,1193586.0,2.79,1
M3451,2025-09-08 22:51:00,593402.0,11.78,1
M3452,2025-09-08 22:52:00,198652.0,10.35,1
M3453,2025-09-08 22:53:00,363790.0,7.32,1
M3454,2025-09-08 22:54:00,240815.0,25.54,1
M3455,2025-09-08 22:55:00,222962.0,12.72,1
M3456,2025-09-08 22:56:00,371529.0,7.67,1
M3457,2025-09-08 22:57:00,249364.0,6.47,1
M3458,2025-09-08 22:58:00,976034.0,7.12,1
M3459,2025-09-08 22:59:00,589343.0,5.86,1
M3460,2025-09-08 23:00:00,194311.0,3.39,1
M3461,2025-09-08 23:01:00,758719.0,3.42,1
M3462,2025-09-08 23:02:00,566720.0,9.63,1
M3463,2025-09-08 23:03:00,94218.0,2.93,1
M3464,2025-09-08 23:04:00,63169.0,33.45,1
M3465,2025-09-08 23:05:00,2179436.0,2.88,1
M3466,2025-09-08 23:06:00,664288.0,4.01,1
M3467,2025-09-08 23:07:00,194292.0,3.12,1
M3468,2025-09-08 23:08:00,112247.0,1.44,1
M3469,2025-09-08 23:09:00,81195.0,3.62,1
M3470,2025-09-08 23:10:00,729431.0,12.22,1
M3471,2025-09-08 23:11:00,654940.0,29.31,1
M3472,2025-09-08 23:12:00,219082.0,3.46,1
M3473,2025-09-08 23:13:00,239409.0,3.3,1
M3474,2025-09-08 23:14:00,1020547.0,1.7,1
M3475,2025-09-08 23:15:00,2192073.0,4.86,1
M3476,2025-09-08 23:16:00,570404.0,1.71,1
M3477,2025-09-08 23:17:00,1148570.0,3.81,1
M3478,2025-09-08 23:18:00,604085.0,3.23,1
M3479,2025-09-08 23:19:00,222299.0,1.96,1
M3480,2025-09-08 23:20:00,920540.0,9.64,1
M3481,2025-09-08 23:21:00,304972.0,28.49,1
M3482,2025-09-08 23:22:00,167592.0,6.77,1
M3483,2025-09-08 23:23:00,425142.0,11.72,1
M3484,2025-09-08 23:24:00,110977.0,18.19,1
M3485,2025-09-08 23:25:00,1155766.0,5.92,1
M3486,2025-09-08 23:26:00,3388350.0,3.2,1
M3487,2025-09-08 23:27:00,232524.0,16.89,1
M3488,2025-09-08 23:28:00,944792.0,8.14,1
M3489,2025-09-08 23:29:00,725293.0,3.79,1
M3490,2025-09-08 23:30:00,147687.0,14.47,1
M3491,2025-09-08 23:31:00,536003.0,3.92,1
M3492,2025-09-08 23:32:00,344861.0,2.61,1
M3493,2025-09-08 23:33:00,821523.0,5.73,1
M3494,2025-09-08 23:34:00,493734.0,4.81,1
M3495,2025-09-08 23:35:00,892602.0,29.91,1
M3496,2025-09-08 23:36:00,593543.0,5.97,1
M3497,2025-09-08 23:37:00,159879.0,2.09,1
M3498,2025-09-08 23:38:00,152291.0,17.03,1
M3499,2025-09-08 23:39:00,287513.0,4.03,1
M3500,2025-09-08 23:40:00,575054.0,7.97,1
M3501,2025-09-08 23:41:00,1213237.0,39.76,1
M3502,2025-09-08 23:42:00,376030.0,29.49,1
M3503,2025-09-08 23:43:00,379869.0,1.24,1
M3504,2025-09-08 23:44:00,125772.0,6.48,1
M3505,2025-09-08 23:45:00,298089.0,1.39,1
M3506,2025-09-08 23:46:00,955638.0,19.95,1
M3507,2025-09-08 23:47:00,198226.0,2.8,1
M3508,2025-09-08 23:48:00,668765.0,18.29,1
M3509,2025-09-08 23:49:00,370202.0,5.41,1
M3510,2025-09-08 23:50:00,700707.0,1.85,1
M3511,2025-09-08 23:51:00,975825.0,21.91,1
M3512,2025-09-08 23:52:00,298912.0,1.28,1
M3513,2025-09-08 23:53:00,257090.0,3.1,1
M3514,2025-09-08 23:54:00,888836.0,3.16,1
M3515,2025-09-08 23:55:00,133684.0,7.1,1
M3516,2025-09-08 23:56:00,800617.0,3.73,1
M3517,2025-09-08 23:57:00,77575.0,2.77,1
M3518,2025-09-08 23:58:00,349988.0,6.02,1
M3519,2025-09-08 23:59:00,437963.0,9.98,1
M3520,2025-09-09 00:00:00,200291.0,5.67,1
M3521,2025-09-09 00:01:00,567049.0,4.21,1
M3522,2025-09-09 00:02:00,308617.0,1.11,1
M3523,2025-09-09 00:03:00,322368.0,0.39,1
M3524,2025-09-09 00:04:00,624596.0,4.35,1
M3525,2025-09-09 00:05:00,420644.0,4.72,1
M3526,2025-09-09 00:06:00,1132506.0,4.61,1
M3527,2025-09-09 00:07:00,1989119.0,3.11,1
M3528,2025-09-09 00:08:00,1184943.0,38.51,1
M3529,2025-09-09 00:09:00,340257.0,4.97,1
M3530,2025-09-09 00:10:00,817755.0,30.67,1
M3531,2025-09-09 00:11:00,149364.0,1.84,1
M3532,2025-09-09 00:12:00,131062.0,38.94,1
M3533,2025-09-09 00:13:00,1100165.0,11.0,1
M3534,2025-09-09 00:14:00,398425.0,39.35,1
M3535,2025-09-09 00:15:00,1686002.0,35.53,1
M3536,2025-09-09 00:16:00,360827.0,5.11,1
M3537,2025-09-09 00:17:00,865807.0,2.12,1
M3538,2025-09-09 00:18:00,661560.0,5.92,1
M3539,2025-09-09 00:19:00,201737.0,9.76,1
M3540,2025-09-09 00:20:00,326190.0,1.17,1
M3541,2025-09-09 00:21:00,937901.0,5.22,1
M3542,2025-09-09 00:22:00,259985.0,24.17,1
M3543,2025-09-09 00:23:00,251438.0,19.65,1
M3544,2025-09-09 00:24:00,266104.0,7.74,1
M3545,2025-09-09 00:25:00,240061.0,4.42,1
M3546,2025-09-09 00:26:00,831937.0,11.19,1
M3547,2025-09-09 00:27:00,648460.0,4.85,1
M3548,2025-09-09 00:28:00,176281.0,5.23,1
M3549,2025-09-09 00:29:00,1194531.0,10.45,1
M3550,2025-09-09 00:30:00,291330.0,1.4,1
M3551,2025-09-09 00:31:00,718747.0,3.88,1
M3552,2025-09-09 00:32:00,185147.0,44.87,1
M3553,2025-09-09 00:33:00,261580.0,10.7,1
M3554,2025-09-09 00:34:00,2067679.0,35.71,1
M3555,2025-09-09 00:35:00,717645.0,65.4,1
M3556,2025-09-09 00:36:00,307648.0,4.3,1
M3557,2025-09-09 00:37:00,359239.0,16.48,1
M3558,2025-09-09 00:38:00,84926.0,18.92,1
M3559,2025-09-09 00:39:00,783611.0,8.41,1
M3560,2025-09-09 00:40:00,381443.0,5.99,1
M3561,2025-09-09 00:41:00,596185.0,5.66,1
M3562,2025-09-09 00:42:00,239362.0,32.93,1
M3563,2025-09-09 00:43:00,103341.0,13.46,1
M3564,2025-09-09 00:44:00,243741.0,2.01,1
M3565,2025-09-09 00:45:00,1534466.0,4.77,1
M3566,2025-09-09 00:46:00,1853800.0,14.51,1
M3567,2025-09-09 00:47:00,135207.0,4.99,1
M3568,2025-09-09 00:48:00,308859.0,5.23,1
M3569,2025-09-09 00:49:00,79294.0,1.13,1
M3570,2025-09-09 00:50:00,288695.0,8.07,1
M3571,2025-09-09 00:51:00,138248.0,4.16,1
M3572,2025-09-09 00:52:00,598148.0,5.9,1
M3573,2025-09-09 00:53:00,1463236.0,1.23,1
M3574,2025-09-09 00:54:00,1076164.0,43.37,1
M3575,2025-09-09 00:55:00,1292749.0,2.36,1
M3576,2025-09-09 00:56:00,717547.0,1.41,1
M3577,2025-09-09 00:57:00,619448.0,20.42,1
M3578,2025-09-09 00:58:00,953747.0,23.72,1
M3579,2025-09-09 00:59:00,269291.0,3.17,1
M3580,2025-09-09 01:00:00,351203.0,3.18,1
M3581,2025-09-09 01:01:00,289047.0,4.8,1
M3582,2025-09-09 01:02:00,731062.0,9.73,1
M3583,2025-09-09 01:03:00,1275271.0,2.93,1
M3584,2025-09-09 01:04:00,103008.0,3.01,1
M3585,2025-09-09 01:05:00,109402.0,1.41,1
M3586,2025-09-09 01:06:00,921804.0,4.47,1
M3587,2025-09-09 01:07:00,305139.0,4.1,1
M3588,2025-09-09 01:08:00,114139.0,11.28,1
M3589,2025-09-09 01:09:00,225941.0,9.85,1
M3590,2025-09-09 01:10:00,847430.0,2.37,1
M3591,2025-09-09 01:11:00,1106805.0,23.04,1
M3592,2025-09-09 01:12:00,223506.0,1.94,1
M3593,2025-09-09 01:13:00,1106019.0,4.74,1
M3594,2025-09-09 01:14:00,503434.0,89.81,1
M3595,2025-09-09 01:15:00,308221.0,2.94,1
M3596,2025-09-09 01:16:00,115715.0,4.27,1
M3597,2025-09-09 01:17:00,233629.0,5.41,1
M3598,2025-09-09 01:18:00,778398.0,1.72,1
M3599,2025-09-09 01:19:00,255034.0,14.81,1
M3600,2025-09-09 01:20:00,602831.0,4.28,1
M3601,2025-09-09 01:21:00,271460.0,3.67,1
M3602,2025-09-09 01:22:00,442734.0,1.86,1
M3603,2025-09-09 01:23:00,579463.0,8.52,1
M3604,2025-09-09 01:24:00,650307.0,8.99,1
M3605,2025-09-09 01:25:00,122996.0,6.41,1
M3606,2025-09-09 01:26:00,663272.0,4.51,1
M3607,2025-09-09 01:27:00,97081.0,2.24,1
M3608,2025-09-09 01:28:00,734381.0,4.95,1
M3609,2025-09-09 01:29:00,357931.0,7.4,1
M3610,2025-09-09 01:30:00,642844.0,1.79,1
M3611,2025-09-09 01:31:00,221607.0,2.91,1
M3612,2025-09-09 01:32:00,198194.0,26.38,1
M3613,2025-09-09 01:33:00,567804.0,20.34,1
M3614,2025-09-09 01:34:00,111385.0,33.32,1
M3615,2025-09-09 01:35:00,778490.0,18.61,1
M3616,2025-09-09 01:36:00,2103514.0,6.64,1
M3617,2025-09-09 01:37:00,1090396.0,2.8,1
M3618,2025-09-09 01:38:00,241795.0,0.35,1
M3619,2025-09-09 01:39:00,248609.0,31.08,1
M3620,2025-09-09 01:40:00,225924.0,4.28,1
M3621,2025-09-09 01:41:00,124329.0,14.42,1
M3622,2025-09-09 01:42:00,885208.0,10.75,1
M3623,2025-09-09 01:43:00,84142.0,5.34,1
M3624,2025-09-09 01:44:00,1002796.0,8.59,1
M3625,2025-09-09 01:45:00,335784.0,17.16,1
M3626,2025-09-09 01:46:00,377710.0,5.94,1
M3627,2025-09-09 01:47:00,295458.0,4.32,1
M3628,2025-09-09 01:48:00,200084.0,1.83,1
M3629,2025-09-09 01:49:00,680972.0,25.33,1
M3630,2025-09-09 01:50:00,304192.0,26.5,1
M3631,2025-09-09 01:51:00,363322.0,22.44,1
M3632,2025-09-09 01:52:00,893275.0,8.11,1
M3633,2025-09-09 01:53:00,199676.0,3.04,1
M3634,2025-09-09 01:54:00,269592.0,2.58,1
M3635,2025-09-09 01:55:00,784570.0,11.89,1
M3636,2025-09-09 01:56:00,491352.0,5.5,1
M3637,2025-09-09 01:57:00,202599.0,2.77,1
M3638,2025-09-09 01:58:00,379994.0,31.63,1
M3639,2025-09-09 01:59:00,597068.0,10.14,1
M3640,2025-09-09 02:00:00,162710.0,13.56,1
M3641,2025-09-09 02:01:00,168196.0,19.23,1
M3642,2025-09-09 02:02:00,108777.0,9.4,1
M3643,2025-09-09 02:03:00,776011.0,7.95,1
M3644,2025-09-09 02:04:00,593726.0,2.41,1
M3645,2025-09-09 02:05:00,304168.0,5.98,1
M3646,2025-09-09 02:06:00,379378.0,15.4,1
M3647,2025-09-09 02:07:00,267153.0,1.88,1
M3648,2025-09-09 02:08:00,450937.0,4.22,1
M3649,2025-09-09 02:09:00,547057.0,10.32,1
M3650,2025-09-09 02:10:00,507807.0,1.24,1
M3651,2025-09-09 02:11:00,142681.0,1.86,1
M3652,2025-09-09 02:12:00,401008.0,10.52,1
M3653,2025-09-09 02:13:00,118582.0,38.68,1
M3654,2025-09-09 02:14:00,333582.0,45.57,1
M3655,2025-09-09 02:15:00,661089.0,18.72,1
M3656,2025-09-09 02:16:00,154288.0,47.21,1
M3657,2025-09-09 02:17:00,328756.0,5.53,1
M3658,2025-09-09 02:18:00,2120406.0,4.78,1
M3659,2025-09-09 02:19:00,113228.0,21.12,1
M3660,2025-09-09 02:20:00,311722.0,10.38,1
M3661,2025-09-09 02:21:00,651734.0,1.02,1
M3662,2025-09-09 02:22:00,722512.0,48.46,1
M3663,2025-09-09 02:23:00,205717.0,19.5,1
M3664,2025-09-09 02:24:00,532840.0,6.01,1
M3665,2025-09-09 02:25:00,300012.0,26.01,1
M3666,2025-09-09 02:26:00,341290.0,6.27,1
M3667,2025-09-09 02:27:00,2656307.0,6.21,1
M3668,2025-09-09 02:28:00,376184.0,1.23,1
M3669,2025-09-09 02:29:00,216713.0,29.12,1
M3670,2025-09-09 02:30:00,894181.0,14.22,1
M3671,2025-09-09 02:31:00,392827.0,2.58,1
M3672,2025-09-09 02:32:00,468113.0,18.35,1
M3673,2025-09-09 02:33:00,935095.0,10.39,1
M3674,2025-09-09 02:34:00,664911.0,3.11,1
M3675,2025-09-09 02:35:00,152336.0,13.36,1
M3676,2025-09-09 02:36:00,436870.0,3.37,1
M3677,2025-09-09 02:37:00,384905.0,14.4,1
M3678,2025-09-09 02:38:00,151027.0,6.94,1
M3679,2025-09-09 02:39:00,322834.0,26.56,1
M3680,2025-09-09 02:40:00,820746.0,6.58,1
M3681,2025-09-09 02:41:00,158802.0,3.0,1
M3682,2025-09-09 02:42:00,327110.0,0.98,1
M3683,2025-09-09 02:43:00,1226517.0,2.86,1
M3684,2025-09-09 02:44:00,112422.0,1.87,1
M3685,2025-09-09 02:45:00,908045.0,1.98,1
M3686,2025-09-09 02:46:00,1134831.0,0.54,1
M3687,2025-09-09 02:47:00,1628326.0,5.71,1
M3688,2025-09-09 02:48:00,504305.0,8.71,1
M3689,2025-09-09 02:49:00,495461.0,1.67,1
M3690,2025-09-09 02:50:00,365252.0,8.7,1
M3691,2025-09-09 02:51:00,174129.0,1.88,1
M3692,2025-09-09 02:52:00,552483.0,46.43,1
M3693,2025-09-09 02:53:00,765432.0,4.36,1
M3694,2025-09-09 02:54:00,1156167.0,5.54,1
M3695,2025-09-09 02:55:00,500975.0,13.23,1
M3696,2025-09-09 02:56:00,647199.0,5.01,1
M3697,2025-09-09 02:57:00,2171128.0,2.41,1
M3698,2025-09-09 02:58:00,1840207.0,3.92,1
M3699,2025-09-09 02:59:00,301790.0,10.51,1
M3700,2025-09-09 03:00:00,1103969.0,2.14,1
M3701,2025-09-09 03:01:00,987723.0,6.23,1
M3702,2025-09-09 03:02:00,1063645.0,6.05,1
M3703,2025-09-09 03:03:00,116445.0,10.44,1
M3704,2025-09-09 03:04:00,242001.0,1.05,1
M3705,2025-09-09 03:05:00,239112.0,3.19,1
M3706,2025-09-09 03:06:00,577022.0,9.5,1
M3707,2025-09-09 03:07:00,1027601.0,2.54,1
M3708,2025-09-09 03:08:00,3031775.0,24.97,1
M3709,2025-09-09 03:09:00,719468.0,3.04,1
M3710,2025-09-09 03:10:00,115129.0,6.73,1
M3711,2025-09-09 03:11:00,212681.0,11.57,1
M3712,2025-09-09 03:12:00,48254.0,3.63,1
M3713,2025-09-09 03:13:00,139738.0,5.99,1
M3714,2025-09-09 03:14:00,1213494.0,3.39,1
M3715,2025-09-09 03:15:00,778891.0,7.37,1
M3716,2025-09-09 03:16:00,688063.0,15.37,1
M3717,2025-09-09 03:17:00,520702.0,8.53,1
M3718,2025-09-09 03:18:00,1140997.0,17.05,1
M3719,2025-09-09 03:19:00,216856.0,15.88,1
M3720,2025-09-09 03:20:00,793046.0,6.94,1
M3721,2025-09-09 03:21:00,942606.0,0.37,1
M3722,2025-09-09 03:22:00,128268.0,1.19,1
M3723,2025-09-09 03:23:00,183729.0,16.41,1
M3724,2025-09-09 03:24:00,610206.0,8.53,1
M3725,2025-09-09 03:25:00,313515.0,25.32,1
M3726,2025-09-09 03:26:00,300108.0,9.89,1
M3727,2025-09-09 03:27:00,1447284.0,36.65,1
M3728,2025-09-09 03:28:00,1019583.0,3.8,1
M3729,2025-09-09 03:29:00,369231.0,8.68,1
M3730,2025-09-09 03:30:00,179465.0,1.98,1
M3731,2025-09-09 03:31:00,1380854.0,29.18,1
M3732,2025-09-09 03:32:00,431099.0,33.75,1
M3733,2025-09-09 03:33:00,126488.0,1.06,1
M3734,2025-09-09 03:34:00,658862.0,4.1,1
M3735,2025-09-09 03:35:00,312999.0,6.2,1
M3736,2025-09-09 03:36:00,2472804.0,5.36,1
M3737,2025-09-09 03:37:00,385005.0,2.17,1
M3738,2025-09-09 03:38:00,425944.0,8.84,1
M3739,2025-09-09 03:39:00,317643.0,2.38,1
M3740,2025-09-09 03:40:00,390174.0,1.88,1
M3741,2025-09-09 03:41:00,514076.0,6.95,1
M3742,2025-09-09 03:42:00,335176.0,17.97,1
M3743,2025-09-09 03:43:00,625824.0,21.38,1
M3744,2025-09-09 03:44:00,185743.0,11.32,1
M3745,2025-09-09 03:45:00,752607.0,2.47,1
M3746,2025-09-09 03:46:00,687827.0,2.65,1
M3747,2025-09-09 03:47:00,178190.0,19.52,1
M3748,2025-09-09 03:48:00,328246.0,18.61,1
M3749,2025-09-09 03:49:00,611635.0,1.66,1
M3750,2025-09-09 03:50:00,56509.0,17.54,1
M3751,2025-09-09 03:51:00,540867.0,12.85,1
M3752,2025-09-09 03:52:00,1101570.0,7.32,1
M3753,2025-09-09 03:53:00,210465.0,9.99,1
M3754,2025-09-09 03:54:00,671583.0,11.28,1
M3755,2025-09-09 03:55:00,668164.0,30.02,1
M3756,2025-09-09 03:56:00,293241.0,4.66,1
M3757,2025-09-09 03:57:00,120083.0,1.28,1
M3758,2025-09-09 03:58:00,807806.0,3.76,1
M3759,2025-09-09 03:59:00,484914.0,3.67,1
M3760,2025-09-09 04:00:00,1742654.0,5.63,1
M3761,2025-09-09 04:01:00,548229.0,11.57,1
M3762,2025-09-09 04:02:00,1052039.0,22.77,1
M3763,2025-09-09 04:03:00,61711.0,9.64,1
M3764,2025-09-09 04:04:00,779238.0,3.59,1
M3765,2025-09-09 04:05:00,425186.0,6.53,1
M3766,2025-09-09 04:06:00,355704.0,13.16,1
M3767,2025-09-09 04:07:00,285416.0,7.67,1
M3768,2025-09-09 04:08:00,1168831.0,13.05,1
M3769,2025-09-09 04:09:00,1605891.0,4.4,1
M3770,2025-09-09 04:10:00,114665.0,15.81,1
M3771,2025-09-09 04:11:00,233473.0,3.24,1
M3772,2025-09-09 04:12:00,113618.0,3.43,1
M3773,2025-09-09 04:13:00,396302.0,1.78,1
M3774,2025-09-09 04:14:00,456114.0,3.0,1
M3775,2025-09-09 04:15:00,1311668.0,4.34,1
M3776,2025-09-09 04:16:00,430641.0,2.59,1
M3777,2025-09-09 04:17:00,1063687.0,12.03,1
M3778,2025-09-09 04:18:00,2902933.0,2.27,1
M3779,2025-09-09 04:19:00,255205.0,17.52,1
M3780,2025-09-09 04:20:00,766696.0,33.43,1
M3781,2025-09-09 04:21:00,150355.0,0.98,1
M3782,2025-09-09 04:22:00,132764.0,12.48,1
M3783,2025-09-09 04:23:00,3015025.0,5.58,1
M3784,2025-09-09 04:24:00,226546.0,4.92,1
M3785,2025-09-09 04:25:00,222594.0,13.59,1
M3786,2025-09-09 04:26:00,557304.0,3.66,1
M3787,2025-09-09 04:27:00,244492.0,2.39,1
M3788,2025-09-09 04:28:00,384620.0,1.6,1
M3789,2025-09-09 04:29:00,741389.0,7.62,1
M3790,2025-09-09 04:30:00,738205.0,1.53,1
M3791,2025-09-09 04:31:00,3269394.0,14.81,1
M3792,2025-09-09 04:32:00,854763.0,3.72,1
M3793,2025-09-09 04:33:00,480093.0,22.88,1
M3794,2025-09-09 04:34:00,572345.0,2.54,1
M3795,2025-09-09 04:35:00,924638.0,1.79,1
M3796,2025-09-09 04:36:00,882038.0,2.63,1
M3797,2025-09-09 04:37:00,308509.0,7.5,1
M3798,2025-09-09 04:38:00,476232.0,6.49,1
M3799,2025-09-09 04:39:00,262216.0,8.75,1
M3800,2025-09-09 04:40:00,127826.0,7.76,1
M3801,2025-09-09 04:41:00,728554.0,4.36,1
M3802,2025-09-09 04:42:00,244838.0,2.61,1
M3803,2025-09-09 04:43:00,188062.0,6.35,1
M3804,2025-09-09 04:44:00,823562.0,7.56,1
M3805,2025-09-09 04:45:00,444513.0,1.77,1
M3806,2025-09-09 04:46:00,1147106.0,6.32,1
M3807,2025-09-09 04:47:00,217068.0,9.21,1
M3808,2025-09-09 04:48:00,874460.0,1.15,1
M3809,2025-09-09 04:49:00,254085.0,11.24,1
M3810,2025-09-09 04:50:00,2997546.0,5.86,1
M3811,2025-09-09 04:51:00,163805.0,7.59,1
M3812,2025-09-09 04:52:00,375098.0,2.37,1
M3813,2025-09-09 04:53:00,245585.0,3.02,1
M3814,2025-09-09 04:54:00,204620.0,3.21,1
M3815,2025-09-09 04:55:00,465270.0,3.28,1
M3816,2025-09-09 04:56:00,1021484.0,8.96,1
M3817,2025-09-09 04:57:00,349038.0,12.03,1
M3818,2025-09-09 04:58:00,199347.0,42.86,1
M3819,2025-09-09 04:59:00,525530.0,2.02,1
M3820,2025-09-09 05:00:00,2994929.0,18.21,1
M3821,2025-09-09 05:01:00,566662.0,27.91,1
M3822,2025-09-09 05:02:00,741313.0,8.46,1
M3823,2025-09-09 05:03:00,549296.0,22.58,1
M3824,2025-09-09 05:04:00,223631.0,20.28,1
M3825,2025-09-09 05:05:00,227323.0,13.57,1
M3826,2025-09-09 05:06:00,854853.0,0.86,1
M3827,2025-09-09 05:07:00,535471.0,3.52,1
M3828,2025-09-09 05:08:00,498545.0,5.0,1
M3829,2025-09-09 05:09:00,527695.0,13.67,1
M3830,2025-09-09 05:10:00,490398.0,37.29,1
M3831,2025-09-09 05:11:00,1323178.0,14.1,1
M3832,2025-09-09 05:12:00,600508.0,2.3,1
M3833,2025-09-09 05:13:00,340690.0,7.4,1
M3834,2025-09-09 05:14:00,129831.0,7.79,1
M3835,2025-09-09 05:15:00,762517.0,4.33,1
M3836,2025-09-09 05:16:00,76947.0,16.77,1
M3837,2025-09-09 05:17:00,369056.0,3.17,1
M3838,2025-09-09 05:18:00,597335.0,11.6,1
M3839,2025-09-09 05:19:00,510342.0,13.1,1
M3840,2025-09-09 05:20:00,80101.0,3.9,1
M3841,2025-09-09 05:21:00,1354402.0,6.82,1
M3842,2025-09-09 05:22:00,355194.0,5.97,1
M3843,2025-09-09 05:23:00,280362.0,21.44,1
M3844,2025-09-09 05:24:00,357639.0,5.42,1
M3845,2025-09-09 05:25:00,341866.0,0.59,1
M3846,2025-09-09 05:26:00,1031139.0,0.81,1
M3847,2025-09-09 05:27:00,294611.0,96.29,1
M3848,2025-09-09 05:28:00,268477.0,13.39,1
M3849,2025-09-09 05:29:00,620537.0,2.84,1
M3850,2025-09-09 05:30:00,172772.0,35.94,1
M3851,2025-09-09 05:31:00,405312.0,10.41,1
M3852,2025-09-09 05:32:00,2054664.0,4.4,1
M3853,2025-09-09 05:33:00,99644.0,2.93,1
M3854,2025-09-09 05:34:00,52001.0,1.82,1
M3855,2025-09-09 05:35:00,167922.0,23.3,1
M3856,2025-09-09 05:36:00,532795.0,11.7,1
M3857,2025-09-09 05:37:00,45189.0,19.45,1
M3858,2025-09-09 05:38:00,825147.0,9.4,1
M3859,2025-09-09 05:39:00,431103.0,4.51,1
M3860,2025-09-09 05:40:00,1782314.0,5.69,1
M3861,2025-09-09 05:41:00,246387.0,7.75,1
M3862,2025-09-09 05:42:00,295671.0,13.49,1
M3863,2025-09-09 05:43:00,1330062.0,10.94,1
M3864,2025-09-09 05:44:00,89480.0,20.61,1
M3865,2025-09-09 05:45:00,382242.0,1.94,1
M3866,2025-09-09 05:46:00,28688.0,1.25,1
M3867,2025-09-09 05:47:00,553811.0,3.22,1
M3868,2025-09-09 05:48:00,185649.0,3.09,1
M3869,2025-09-09 05:49:00,816132.0,6.32,1
M3870,2025-09-09 05:50:00,431838.0,2.94,1
M3871,2025-09-09 05:51:00,714745.0,3.47,1
M3872,2025-09-09 05:52:00,968921.0,12.29,1
M3873,2025-09-09 05:53:00,924806.0,6.91,1
M3874,2025-09-09 05:54:00,769003.0,8.9,1
M3875,2025-09-09 05:55:00,656746.0,14.36,1
M3876,2025-09-09 05:56:00,450327.0,13.97,1
M3877,2025-09-09 05:57:00,1302413.0,20.3,1
M3878,2025-09-09 05:58:00,858300.0,8.11,1
M3879,2025-09-09 05:59:00,217289.0,6.53,1
M3880,2025-09-09 06:00:00,408725.0,7.19,1
M3881,2025-09-09 06:01:00,174473.0,8.24,1
M3882,2025-09-09 06:02:00,482316.0,10.67,1
M3883,2025-09-09 06:03:00,106478.0,3.03,1
M3884,2025-09-09 06:04:00,434802.0,9.6,1
M3885,2025-09-09 06:05:00,1840554.0,1.02,1
M3886,2025-09-09 06:06:00,1254282.0,6.51,1
M3887,2025-09-09 06:07:00,390847.0,17.69,1
M3888,2025-09-09 06:08:00,334690.0,19.63,1
M3889,2025-09-09 06:09:00,406364.0,1.38,1
M3890,2025-09-09 06:10:00,256918.0,2.66,1
M3891,2025-09-09 06:11:00,799392.0,2.61,1
M3892,2025-09-09 06:12:00,217065.0,53.85,1
M3893,2025-09-09 06:13:00,555912.0,19.74,1
M3894,2025-09-09 06:14:00,340214.0,29.44,1
M3895,2025-09-09 06:15:00,1223677.0,41.41,1
M3896,2025-09-09 06:16:00,414100.0,3.98,1
M3897,2025-09-09 06:17:00,68222.0,9.94,1
M3898,2025-09-09 06:18:00,175289.0,2.81,1
M3899,2025-09-09 06:19:00,518356.0,1.25,1
M3900,2025-09-09 06:20:00,1267485.0,6.27,1
M3901,2025-09-09 06:21:00,995104.0,37.17,1
M3902,2025-09-09 06:22:00,708722.0,1.73,1
M3903,2025-09-09 06:23:00,141664.0,6.79,1
M3904,2025-09-09 06:24:00,227948.0,17.91,1
M3905,2025-09-09 06:25:00,593731.0,3.23,1
M3906,2025-09-09 06:26:00,562771.0,5.33,1
M3907,2025-09-09 06:27:00,168454.0,1.3,1
M3908,2025-09-09 06:28:00,1057245.0,1.78,1
M3909,2025-09-09 06:29:00,586125.0,14.38,1
M3910,2025-09-09 06:30:00,115743.0,5.59,1
M3911,2025-09-09 06:31:00,1284228.0,2.0,1
M3912,2025-09-09 06:32:00,115530.0,12.44,1
M3913,2025-09-09 06:33:00,1931517.0,10.88,1
M3914,2025-09-09 06:34:00,263737.0,2.39,1
M3915,2025-09-09 06:35:00,701827.0,3.84,1
M3916,2025-09-09 06:36:00,857656.0,52.05,1
M3917,2025-09-09 06:37:00,1072722.0,7.23,1
M3918,2025-09-09 06:38:00,259197.0,93.33,1
M3919,2025-09-09 06:39:00,238968.0,5.2,1
M3920,2025-09-09 06:40:00,196050.0,4.15,1
M3921,2025-09-09 06:41:00,304203.0,0.9,1
M3922,2025-09-09 06:42:00,556623.0,12.21,1
M3923,2025-09-09 06:43:00,774990.0,5.91,1
M3924,2025-09-09 06:44:00,160077.0,0.63,1
M3925,2025-09-09 06:45:00,704817.0,2.36,1
M3926,2025-09-09 06:46:00,1443414.0,5.22,1
M3927,2025-09-09 06:47:00,689583.0,1.69,1
M3928,2025-09-09 06:48:00,368217.0,12.95,1
M3929,2025-09-09 06:49:00,202778.0,4.71,1
M3930,2025-09-09 06:50:00,862484.0,1.71,1
M3931,2025-09-09 06:51:00,255337.0,4.62,1
M3932,2025-09-09 06:52:00,90847.0,8.78,1
M3933,2025-09-09 06:53:00,994829.0,39.3,1
M3934,2025-09-09 06:54:00,1520828.0,28.84,1
M3935,2025-09-09 06:55:00,347871.0,33.4,1
M3936,2025-09-09 06:56:00,512701.0,35.0,1
M3937,2025-09-09 06:57:00,295486.0,15.84,1
M3938,2025-09-09 06:58:00,195918.0,5.89,1
M3939,2025-09-09 06:59:00,2445359.0,10.14,1
M3940,2025-09-09 07:00:00,160006.0,3.57,1
M3941,2025-09-09 07:01:00,102687.0,8.78,1
M3942,2025-09-09 07:02:00,250672.0,6.11,1
M3943,2025-09-09 07:03:00,138888.0,17.78,1
M3944,2025-09-09 07:04:00,1331497.0,10.73,1
M3945,2025-09-09 07:05:00,206971.0,17.17,1
M3946,2025-09-09 07:06:00,863160.0,6.11,1
M3947,2025-09-09 07:07:00,402898.0,3.68,1
M3948,2025-09-09 07:08:00,498919.0,10.65,1
M3949,2025-09-09 07:09:00,990274.0,11.63,1
M3950,2025-09-09 07:10:00,457312.0,1.75,1
M3951,2025-09-09 07:11:00,2410114.0,18.36,1
M3952,2025-09-09 07:12:00,527507.0,7.91,1
M3953,2025-09-09 07:13:00,43313.0,4.98,1
M3954,2025-09-09 07:14:00,934041.0,2.44,1
M3955,2025-09-09 07:15:00,692607.0,10.92,1
M3956,2025-09-09 07:16:00,366658.0,9.66,1
M3957,2025-09-09 07:17:00,564627.0,9.06,1
M3958,2025-09-09 07:18:00,291730.0,8.8,1
M3959,2025-09-09 07:19:00,312928.0,5.99,1
M3960,2025-09-09 07:20:00,1137034.0,9.7,1
M3961,2025-09-09 07:21:00,715048.0,9.55,1
M3962,2025-09-09 07:22:00,543929.0,52.68,1
M3963,2025-09-09 07:23:00,206650.0,4.44,1
M3964,2025-09-09 07:24:00,491890.0,58.41,1
M3965,2025-09-09 07:25:00,1850069.0,0.25,1
M3966,2025-09-09 07:26:00,1057679.0,3.34,1
M3967,2025-09-09 07:27:00,638776.0,6.63,1
M3968,2025-09-09 07:28:00,530481.0,65.86,1
M3969,2025-09-09 07:29:00,339018.0,8.68,1
M3970,2025-09-09 07:30:00,73761.0,9.07,1
M3971,2025-09-09 07:31:00,470111.0,8.82,1
M3972,2025-09-09 07:32:00,338961.0,1.11,1
M3973,2025-09-09 07:33:00,295445.0,16.8,1
M3974,2025-09-09 07:34:00,5186874.0,10.44,1
M3975,2025-09-09 07:35:00,654691.0,7.41,1
M3976,2025-09-09 07:36:00,183341.0,47.1,1
M3977,2025-09-09 07:37:00,754823.0,16.2,1
M3978,2025-09-09 07:38:00,189925.0,7.25,1
M3979,2025-09-09 07:39:00,158472.0,8.74,1
M3980,2025-09-09 07:40:00,702067.0,4.73,1
M3981,2025-09-09 07:41:00,461118.0,5.86,1
M3982,2025-09-09 07:42:00,97230.0,3.23,1
M3983,2025-09-09 07:43:00,477057.0,7.92,1
M3984,2025-09-09 07:44:00,220558.0,3.9,1
M3985,2025-09-09 07:45:00,497166.0,8.99,1
M3986,2025-09-09 07:46:00,418742.0,7.51,1
M3987,2025-09-09 07:47:00,1381285.0,8.33,1
M3988,2025-09-09 07:48:00,377082.0,2.23,1
M3989,2025-09-09 07:49:00,119712.0,129.64,1
M3990,2025-09-09 07:50:00,736613.0,18.33,1
M3991,2025-09-09 07:51:00,383213.0,15.19,1
M3992,2025-09-09 07:52:00,846923.0,11.13,1
M3993,2025-09-09 07:53:00,402638.0,11.93,1
M3994,2025-09-09 07:54:00,265099.0,17.07,1
M3995,2025-09-09 07:55:00,943235.0,2.87,1
M3996,2025-09-09 07:56:00,629249.0,5.71,1
M3997,2025-09-09 07:57:00,6250321.0,1.82,1
M3998,2025-09-09 07:58:00,198099.0,21.0,1
M3999,2025-09-09 07:59:00,378523.0,10.69,1
