cif,tran_datetime,tran_amount_equal,gap_minutes,target
N0,2025-09-01 00:00:00,25248.0,89.72,0
N1,2025-09-01 00:01:00,58035.0,47.55,0
N2,2025-09-01 00:02:00,60963.0,104.34,0
N3,2025-09-01 00:03:00,96051.0,250.39,0
N4,2025-09-01 00:04:00,15262.0,43.2,0
N5,2025-09-01 00:05:00,108290.0,43.2,0
N6,2025-09-01 00:06:00,4006.0,264.86,0
N7,2025-09-01 00:07:00,31892.0,117.62,0
N8,2025-09-01 00:08:00,36744.0,34.14,0
N9,2025-09-01 00:09:00,112795.0,93.93,0
N10,2025-09-01 00:10:00,61245.0,34.35,0
N11,2025-09-01 00:11:00,14683.0,34.27,0
N12,2025-09-01 00:12:00,22360.0,69.54,0
N13,2025-09-01 00:13:00,73034.0,8.06,0
N14,2025-09-01 00:14:00,55322.0,9.73,0
N15,2025-09-01 00:15:00,33553.0,31.12,0
N16,2025-09-01 00:16:00,37018.0,19.83,0
N17,2025-09-01 00:17:00,120111.0,74.76,0
N18,2025-09-01 00:18:00,35679.0,22.02,0
N19,2025-09-01 00:19:00,54825.0,13.3,0
N20,2025-09-01 00:20:00,524361.0,236.43,0
N21,2025-09-01 00:21:00,14419.0,43.56,0
N22,2025-09-01 00:22:00,9397.0,58.41,0
N23,2025-09-01 00:23:00,131083.0,13.13,0
N24,2025-09-01 00:24:00,30374.0,31.68,0
N25,2025-09-01 00:25:00,43554.0,61.0,0
N26,2025-09-01 00:26:00,27415.0,17.27,0
N27,2025-09-01 00:27:00,46175.0,79.5,0
N28,2025-09-01 00:28:00,296125.0,29.94,0
N29,2025-09-01 00:29:00,133536.0,40.78,0
N30,2025-09-01 00:30:00,141807.0,29.91,0
N31,2025-09-01 00:31:00,14527.0,348.03,0
N32,2025-09-01 00:32:00,18936.0,53.87,0
N33,2025-09-01 00:33:00,3501.0,18.96,0
N34,2025-09-01 00:34:00,26652.0,124.28,0
N35,2025-09-01 00:35:00,155858.0,16.11,0
N36,2025-09-01 00:36:00,100403.0,67.28,0
N37,2025-09-01 00:37:00,47977.0,7.69,0
N38,2025-09-01 00:38:00,58554.0,14.47,0
N39,2025-09-01 00:39:00,30065.0,66.48,0
N40,2025-09-01 00:40:00,73479.0,114.26,0
N41,2025-09-01 00:41:00,128782.0,64.8,0
N42,2025-09-01 00:42:00,11898.0,48.64,0
N43,2025-09-01 00:43:00,80793.0,40.4,0
N44,2025-09-01 00:44:00,152122.0,12.45,0
N45,2025-09-01 00:45:00,39533.0,26.58,0
N46,2025-09-01 00:46:00,120656.0,34.44,0
N47,2025-09-01 00:47:00,999144.0,157.14,0
N48,2025-09-01 00:48:00,53942.0,76.99,0
N49,2025-09-01 00:49:00,88726.0,9.36,0
N50,2025-09-01 00:50:00,28622.0,75.5,0
N51,2025-09-01 00:51:00,71772.0,37.15,0
N52,2025-09-01 00:52:00,94871.0,27.75,0
N53,2025-09-01 00:53:00,72754.0,100.65,0
N54,2025-09-01 00:54:00,21597.0,153.09,0
N55,2025-09-01 00:55:00,73597.0,138.56,0
N56,2025-09-01 00:56:00,258382.0,23.59,0
N57,2025-09-01 00:57:00,93773.0,40.08,0
N58,2025-09-01 00:58:00,156684.0,76.04,0
N59,2025-09-01 00:59:00,47240.0,144.83,0
N60,2025-09-01 01:00:00,126741.0,33.81,0
N61,2025-09-01 01:01:00,79163.0,45.35,0
N62,2025-09-01 01:02:00,23135.0,18.06,0
N63,2025-09-01 01:03:00,82332.0,16.51,0
N64,2025-09-01 01:04:00,22210.0,123.04,0
N65,2025-09-01 01:05:00,31797.0,211.93,0
N66,2025-09-01 01:06:00,72354.0,50.8,0
N67,2025-09-01 01:07:00,80599.0,148.94,0
N68,2025-09-01 01:08:00,18229.0,78.39,0
N69,2025-09-01 01:09:00,171783.0,28.64,0
N70,2025-09-01 01:10:00,106086.0,78.37,0
N71,2025-09-01 01:11:00,29592.0,254.18,0
N72,2025-09-01 01:12:00,12867.0,52.68,0
N73,2025-09-01 01:13:00,51797.0,261.03,0
N74,2025-09-01 01:14:00,38333.0,3.98,0
N75,2025-09-01 01:15:00,67046.0,124.2,0
N76,2025-09-01 01:16:00,41643.0,59.56,0
N77,2025-09-01 01:17:00,8043.0,40.49,0
N78,2025-09-01 01:18:00,40605.0,59.85,0
N79,2025-09-01 01:19:00,44107.0,7.48,0
N80,2025-09-01 01:20:00,112833.0,43.83,0
N81,2025-09-01 01:21:00,29786.0,78.03,0
N82,2025-09-01 01:22:00,320833.0,239.34,0
N83,2025-09-01 01:23:00,8852.0,32.52,0
N84,2025-09-01 01:24:00,222163.0,24.33,0
N85,2025-09-01 01:25:00,47843.0,33.06,0
N86,2025-09-01 01:26:00,141433.0,136.37,0
N87,2025-09-01 01:27:00,64848.0,75.85,0
N88,2025-09-01 01:28:00,187129.0,32.14,0
N89,2025-09-01 01:29:00,40645.0,91.22,0
N90,2025-09-01 01:30:00,19958.0,60.16,0
N91,2025-09-01 01:31:00,247831.0,143.83,0
N92,2025-09-01 01:32:00,53451.0,27.06,0
N93,2025-09-01 01:33:00,74724.0,39.34,0
N94,2025-09-01 01:34:00,205819.0,36.89,0
N95,2025-09-01 01:35:00,21334.0,12.64,0
N96,2025-09-01 01:36:00,108607.0,73.41,0
N97,2025-09-01 01:37:00,33193.0,70.88,0
N98,2025-09-01 01:38:00,52461.0,54.88,0
N99,2025-09-01 01:39:00,64362.0,43.18,0
N100,2025-09-01 01:40:00,13357.0,13.26,0
N101,2025-09-01 01:41:00,27479.0,35.85,0
N102,2025-09-01 01:42:00,231208.0,38.76,0
N103,2025-09-01 01:43:00,145247.0,24.48,0
N104,2025-09-01 01:44:00,56239.0,46.47,0
N105,2025-09-01 01:45:00,76353.0,81.78,0
N106,2025-09-01 01:46:00,44612.0,360.03,0
N107,2025-09-01 01:47:00,232486.0,65.01,0
N108,2025-09-01 01:48:00,49004.0,70.64,0
N109,2025-09-01 01:49:00,75497.0,50.68,0
N110,2025-09-01 01:50:00,188345.0,8.01,0
N111,2025-09-01 01:51:00,27519.0,53.17,0
N112,2025-09-01 01:52:00,284586.0,57.99,0
N113,2025-09-01 01:53:00,12959.0,641.14,0
N114,2025-09-01 01:54:00,305481.0,45.04,0
N115,2025-09-01 01:55:00,41247.0,73.81,0
N116,2025-09-01 01:56:00,46972.0,52.74,0
N117,2025-09-01 01:57:00,9045.0,16.97,0
N118,2025-09-01 01:58:00,37995.0,171.2,0
N119,2025-09-01 01:59:00,21167.0,115.81,0
N120,2025-09-01 02:00:00,32609.0,120.43,0
N121,2025-09-01 02:01:00,52192.0,21.99,0
N122,2025-09-01 02:02:00,156028.0,222.03,0
N123,2025-09-01 02:03:00,73689.0,13.44,0
N124,2025-09-01 02:04:00,81444.0,98.19,0
N125,2025-09-01 02:05:00,20020.0,488.07,0
N126,2025-09-01 02:06:00,24816.0,20.28,0
N127,2025-09-01 02:07:00,361756.0,30.99,0
N128,2025-09-01 02:08:00,28704.0,60.32,0
N129,2025-09-01 02:09:00,313705.0,33.0,0
N130,2025-09-01 02:10:00,46955.0,11.58,0
N131,2025-09-01 02:11:00,60011.0,58.47,0
N132,2025-09-01 02:12:00,174620.0,18.87,0
N133,2025-09-01 02:13:00,213607.0,87.67,0
N134,2025-09-01 02:14:00,53594.0,21.77,0
N135,2025-09-01 02:15:00,40609.0,257.22,0
N136,2025-09-01 02:16:00,56618.0,24.95,0
N137,2025-09-01 02:17:00,83948.0,39.56,0
N138,2025-09-01 02:18:00,145992.0,123.16,0
N139,2025-09-01 02:19:00,60128.0,15.94,0
N140,2025-09-01 02:20:00,111178.0,68.54,0
N141,2025-09-01 02:21:00,308155.0,201.77,0
N142,2025-09-01 02:22:00,87668.0,10.94,0
N143,2025-09-01 02:23:00,81769.0,65.67,0
N144,2025-09-01 02:24:00,13109.0,70.8,0
N145,2025-09-01 02:25:00,4312.0,119.32,0
N146,2025-09-01 02:26:00,88289.0,15.85,0
N147,2025-09-01 02:27:00,54457.0,14.58,0
N148,2025-09-01 02:28:00,35783.0,92.01,0
N149,2025-09-01 02:29:00,76384.0,73.48,0
N150,2025-09-01 02:30:00,56365.0,70.14,0
N151,2025-09-01 02:31:00,184939.0,77.2,0
N152,2025-09-01 02:32:00,65258.0,27.66,0
N153,2025-09-01 02:33:00,28370.0,68.87,0
N154,2025-09-01 02:34:00,161162.0,73.19,0
N155,2025-09-01 02:35:00,48188.0,26.73,0
N156,2025-09-01 02:36:00,101370.0,352.76,0
N157,2025-09-01 02:37:00,37145.0,87.69,0
N158,2025-09-01 02:38:00,31262.0,16.59,0
N159,2025-09-01 02:39:00,65132.0,105.27,0
N160,2025-09-01 02:40:00,60647.0,20.6,0
N161,2025-09-01 02:41:00,96744.0,119.95,0
N162,2025-09-01 02:42:00,45769.0,173.92,0
N163,2025-09-01 02:43:00,9544.0,24.03,0
N164,2025-09-01 02:44:00,38841.0,143.08,0
N165,2025-09-01 02:45:00,132431.0,82.5,0
N166,2025-09-01 02:46:00,44472.0,124.22,0
N167,2025-09-01 02:47:00,46799.0,363.87,0
N168,2025-09-01 02:48:00,160553.0,42.72,0
N169,2025-09-01 02:49:00,29379.0,25.69,0
N170,2025-09-01 02:50:00,12800.0,22.43,0
N171,2025-09-01 02:51:00,50989.0,24.15,0
N172,2025-09-01 02:52:00,36895.0,50.55,0
N173,2025-09-01 02:53:00,22783.0,76.8,0
N174,2025-09-01 02:54:00,50243.0,72.0,0
N175,2025-09-01 02:55:00,97881.0,124.86,0
N176,2025-09-01 02:56:00,59321.0,55.31,0
N177,2025-09-01 02:57:00,81388.0,233.58,0
N178,2025-09-01 02:58:00,367107.0,41.9,0
N179,2025-09-01 02:59:00,42494.0,828.96,0
N180,2025-09-01 03:00:00,79091.0,102.07,0
N181,2025-09-01 03:01:00,35982.0,23.17,0
N182,2025-09-01 03:02:00,25684.0,18.71,0
N183,2025-09-01 03:03:00,33359.0,88.45,0
N184,2025-09-01 03:04:00,37095.0,43.66,0
N185,2025-09-01 03:05:00,85774.0,111.5,0
N186,2025-09-01 03:06:00,627235.0,87.64,0
N187,2025-09-01 03:07:00,29259.0,50.76,0
N188,2025-09-01 03:08:00,39473.0,23.41,0
N189,2025-09-01 03:09:00,56212.0,12.0,0
N190,2025-09-01 03:10:00,88947.0,34.93,0
N191,2025-09-01 03:11:00,77929.0,128.56,0
N192,2025-09-01 03:12:00,216230.0,67.63,0
N193,2025-09-01 03:13:00,5290.0,15.71,0
N194,2025-09-01 03:14:00,5503.0,64.92,0
N195,2025-09-01 03:15:00,36465.0,80.26,0
N196,2025-09-01 03:16:00,179387.0,22.56,0
N197,2025-09-01 03:17:00,12511.0,63.67,0
N198,2025-09-01 03:18:00,2958.0,57.87,0
N199,2025-09-01 03:19:00,105998.0,17.41,0
N200,2025-09-01 03:20:00,76394.0,78.08,0
N201,2025-09-01 03:21:00,20126.0,95.66,0
N202,2025-09-01 03:22:00,22347.0,161.27,0
N203,2025-09-01 03:23:00,22703.0,156.62,0
N204,2025-09-01 03:24:00,66872.0,13.77,0
N205,2025-09-01 03:25:00,32006.0,21.37,0
N206,2025-09-01 03:26:00,98132.0,91.38,0
N207,2025-09-01 03:27:00,3447.0,91.27,0
N208,2025-09-01 03:28:00,25416.0,91.38,0
N209,2025-09-01 03:29:00,19418.0,2572.75,0
N210,2025-09-01 03:30:00,46335.0,96.63,0
N211,2025-09-01 03:31:00,34960.0,169.96,0
N212,2025-09-01 03:32:00,132965.0,141.74,0
N213,2025-09-01 03:33:00,9327.0,104.73,0
N214,2025-09-01 03:34:00,62661.0,39.83,0
N215,2025-09-01 03:35:00,104646.0,116.63,0
N216,2025-09-01 03:36:00,383328.0,25.21,0
N217,2025-09-01 03:37:00,36984.0,43.09,0
N218,2025-09-01 03:38:00,82823.0,33.6,0
N219,2025-09-01 03:39:00,9859.0,59.26,0
N220,2025-09-01 03:40:00,5476.0,552.61,0
N221,2025-09-01 03:41:00,139354.0,8.44,0
N222,2025-09-01 03:42:00,59542.0,108.45,0
N223,2025-09-01 03:43:00,194563.0,10.88,0
N224,2025-09-01 03:44:00,15163.0,34.06,0
N225,2025-09-01 03:45:00,100700.0,162.22,0
N226,2025-09-01 03:46:00,388022.0,58.22,0
N227,2025-09-01 03:47:00,91099.0,18.58,0
N228,2025-09-01 03:48:00,78951.0,26.7,0
N229,2025-09-01 03:49:00,60389.0,107.73,0
N230,2025-09-01 03:50:00,12446.0,26.3,0
N231,2025-09-01 03:51:00,232251.0,67.79,0
N232,2025-09-01 03:52:00,32505.0,57.14,0
N233,2025-09-01 03:53:00,99159.0,28.46,0
N234,2025-09-01 03:54:00,12544.0,465.89,0
N235,2025-09-01 03:55:00,18408.0,102.92,0
N236,2025-09-01 03:56:00,251472.0,7.21,0
N237,2025-09-01 03:57:00,42307.0,65.79,0
N238,2025-09-01 03:58:00,256088.0,28.17,0
N239,2025-09-01 03:59:00,55369.0,128.05,0
N240,2025-09-01 04:00:00,9491.0,24.72,0
N241,2025-09-01 04:01:00,146103.0,48.68,0
N242,2025-09-01 04:02:00,33193.0,90.47,0
N243,2025-09-01 04:03:00,120414.0,129.77,0
N244,2025-09-01 04:04:00,61403.0,16.44,0
N245,2025-09-01 04:05:00,12796.0,39.08,0
N246,2025-09-01 04:06:00,70565.0,33.96,0
N247,2025-09-01 04:07:00,538328.0,28.41,0
N248,2025-09-01 04:08:00,98026.0,319.08,0
N249,2025-09-01 04:09:00,56527.0,81.86,0
N250,2025-09-01 04:10:00,175491.0,15.47,0
N251,2025-09-01 04:11:00,73915.0,136.71,0
N252,2025-09-01 04:12:00,73831.0,455.85,0
N253,2025-09-01 04:13:00,20098.0,153.31,0
N254,2025-09-01 04:14:00,75648.0,11.95,0
N255,2025-09-01 04:15:00,168627.0,33.64,0
N256,2025-09-01 04:16:00,25950.0,193.82,0
N257,2025-09-01 04:17:00,248823.0,26.91,0
N258,2025-09-01 04:18:00,54628.0,85.1,0
N259,2025-09-01 04:19:00,24643.0,118.47,0
N260,2025-09-01 04:20:00,162370.0,21.61,0
N261,2025-09-01 04:21:00,44945.0,51.44,0
N262,2025-09-01 04:22:00,127965.0,2.14,0
N263,2025-09-01 04:23:00,44723.0,19.6,0
N264,2025-09-01 04:24:00,56397.0,42.41,0
N265,2025-09-01 04:25:00,98082.0,15.68,0
N266,2025-09-01 04:26:00,80089.0,279.33,0
N267,2025-09-01 04:27:00,8139.0,13.06,0
N268,2025-09-01 04:28:00,19511.0,35.16,0
N269,2025-09-01 04:29:00,151662.0,62.22,0
N270,2025-09-01 04:30:00,52463.0,230.74,0
N271,2025-09-01 04:31:00,35464.0,12.99,0
N272,2025-09-01 04:32:00,15389.0,174.72,0
N273,2025-09-01 04:33:00,20338.0,55.16,0
N274,2025-09-01 04:34:00,7928.0,20.46,0
N275,2025-09-01 04:35:00,54107.0,86.67,0
N276,2025-09-01 04:36:00,32911.0,66.62,0
N277,2025-09-01 04:37:00,22775.0,29.96,0
N278,2025-09-01 04:38:00,55931.0,58.55,0
N279,2025-09-01 04:39:00,86161.0,37.14,0
N280,2025-09-01 04:40:00,485628.0,61.16,0
N281,2025-09-01 04:41:00,13202.0,105.86,0
N282,2025-09-01 04:42:00,190876.0,266.67,0
N283,2025-09-01 04:43:00,158435.0,15.83,0
N284,2025-09-01 04:44:00,27472.0,460.83,0
N285,2025-09-01 04:45:00,73367.0,7.75,0
N286,2025-09-01 04:46:00,37887.0,46.91,0
N287,2025-09-01 04:47:00,72091.0,98.33,0
N288,2025-09-01 04:48:00,270799.0,72.31,0
N289,2025-09-01 04:49:00,109711.0,29.29,0
N290,2025-09-01 04:50:00,99569.0,44.34,0
N291,2025-09-01 04:51:00,38937.0,33.35,0
N292,2025-09-01 04:52:00,13574.0,30.28,0
N293,2025-09-01 04:53:00,48607.0,127.69,0
N294,2025-09-01 04:54:00,200107.0,78.02,0
N295,2025-09-01 04:55:00,13002.0,27.31,0
N296,2025-09-01 04:56:00,20846.0,134.24,0
N297,2025-09-01 04:57:00,67932.0,74.24,0
N298,2025-09-01 04:58:00,22367.0,123.08,0
N299,2025-09-01 04:59:00,27105.0,102.48,0
N300,2025-09-01 05:00:00,39199.0,23.83,0
N301,2025-09-01 05:01:00,15281.0,31.18,0
N302,2025-09-01 05:02:00,22604.0,115.27,0
N303,2025-09-01 05:03:00,120986.0,100.52,0
N304,2025-09-01 05:04:00,16198.0,53.47,0
N305,2025-09-01 05:05:00,12114.0,61.39,0
N306,2025-09-01 05:06:00,31888.0,195.91,0
N307,2025-09-01 05:07:00,124487.0,30.22,0
N308,2025-09-01 05:08:00,49172.0,94.36,0
N309,2025-09-01 05:09:00,37625.0,44.6,0
N310,2025-09-01 05:10:00,62590.0,43.92,0
N311,2025-09-01 05:11:00,10449.0,163.82,0
N312,2025-09-01 05:12:00,98195.0,124.64,0
N313,2025-09-01 05:13:00,87854.0,123.16,0
N314,2025-09-01 05:14:00,39763.0,201.44,0
N315,2025-09-01 05:15:00,163722.0,55.76,0
N316,2025-09-01 05:16:00,19390.0,107.98,0
N317,2025-09-01 05:17:00,184963.0,40.03,0
N318,2025-09-01 05:18:00,69877.0,75.5,0
N319,2025-09-01 05:19:00,42764.0,47.94,0
N320,2025-09-01 05:20:00,58696.0,60.16,0
N321,2025-09-01 05:21:00,53784.0,99.0,0
N322,2025-09-01 05:22:00,202862.0,24.09,0
N323,2025-09-01 05:23:00,20401.0,442.48,0
N324,2025-09-01 05:24:00,27931.0,19.97,0
N325,2025-09-01 05:25:00,168772.0,16.21,0
N326,2025-09-01 05:26:00,33007.0,173.84,0
N327,2025-09-01 05:27:00,147345.0,120.5,0
N328,2025-09-01 05:28:00,327563.0,101.91,0
N329,2025-09-01 05:29:00,40063.0,102.34,0
N330,2025-09-01 05:30:00,118345.0,53.93,0
N331,2025-09-01 05:31:00,18888.0,22.26,0
N332,2025-09-01 05:32:00,127355.0,58.9,0
N333,2025-09-01 05:33:00,73088.0,27.74,0
N334,2025-09-01 05:34:00,96090.0,144.77,0
N335,2025-09-01 05:35:00,31396.0,47.13,0
N336,2025-09-01 05:36:00,11372.0,23.91,0
N337,2025-09-01 05:37:00,99037.0,39.59,0
N338,2025-09-01 05:38:00,7605.0,82.51,0
N339,2025-09-01 05:39:00,43593.0,31.07,0
N340,2025-09-01 05:40:00,153458.0,23.99,0
N341,2025-09-01 05:41:00,72540.0,69.66,0
N342,2025-09-01 05:42:00,420140.0,69.75,0
N343,2025-09-01 05:43:00,166893.0,32.89,0
N344,2025-09-01 05:44:00,31135.0,34.09,0
N345,2025-09-01 05:45:00,61532.0,68.86,0
N346,2025-09-01 05:46:00,57104.0,12.83,0
N347,2025-09-01 05:47:00,12306.0,13.36,0
N348,2025-09-01 05:48:00,23379.0,26.62,0
N349,2025-09-01 05:49:00,34175.0,44.1,0
N350,2025-09-01 05:50:00,7815.0,74.51,0
N351,2025-09-01 05:51:00,62786.0,238.74,0
N352,2025-09-01 05:52:00,46673.0,128.72,0
N353,2025-09-01 05:53:00,11239.0,46.53,0
N354,2025-09-01 05:54:00,89699.0,53.57,0
N355,2025-09-01 05:55:00,122501.0,20.03,0
N356,2025-09-01 05:56:00,75134.0,53.6,0
N357,2025-09-01 05:57:00,43301.0,40.91,0
N358,2025-09-01 05:58:00,108168.0,75.39,0
N359,2025-09-01 05:59:00,118210.0,23.87,0
N360,2025-09-01 06:00:00,81422.0,91.78,0
N361,2025-09-01 06:01:00,26249.0,252.84,0
N362,2025-09-01 06:02:00,78952.0,48.97,0
N363,2025-09-01 06:03:00,197893.0,81.59,0
N364,2025-09-01 06:04:00,32971.0,108.87,0
N365,2025-09-01 06:05:00,487936.0,36.55,0
N366,2025-09-01 06:06:00,35397.0,68.31,0
N367,2025-09-01 06:07:00,61846.0,55.29,0
N368,2025-09-01 06:08:00,30562.0,60.2,0
N369,2025-09-01 06:09:00,74852.0,25.2,0
N370,2025-09-01 06:10:00,10486.0,55.95,0
N371,2025-09-01 06:11:00,34681.0,89.84,0
N372,2025-09-01 06:12:00,20088.0,233.02,0
N373,2025-09-01 06:13:00,68551.0,142.49,0
N374,2025-09-01 06:14:00,161854.0,470.21,0
N375,2025-09-01 06:15:00,114234.0,25.35,0
N376,2025-09-01 06:16:00,5588.0,130.62,0
N377,2025-09-01 06:17:00,461423.0,65.58,0
N378,2025-09-01 06:18:00,80441.0,487.75,0
N379,2025-09-01 06:19:00,27543.0,24.33,0
N380,2025-09-01 06:20:00,70061.0,23.58,0
N381,2025-09-01 06:21:00,71410.0,29.98,0
N382,2025-09-01 06:22:00,30735.0,6.53,0
N383,2025-09-01 06:23:00,72978.0,32.27,0
N384,2025-09-01 06:24:00,32615.0,25.56,0
N385,2025-09-01 06:25:00,39960.0,63.46,0
N386,2025-09-01 06:26:00,30143.0,76.84,0
N387,2025-09-01 06:27:00,14290.0,356.44,0
N388,2025-09-01 06:28:00,69275.0,141.23,0
N389,2025-09-01 06:29:00,107506.0,30.66,0
N390,2025-09-01 06:30:00,100196.0,22.23,0
N391,2025-09-01 06:31:00,135934.0,89.29,0
N392,2025-09-01 06:32:00,82813.0,14.58,0
N393,2025-09-01 06:33:00,35146.0,340.86,0
N394,2025-09-01 06:34:00,138644.0,177.58,0
N395,2025-09-01 06:35:00,15406.0,34.15,0
N396,2025-09-01 06:36:00,24327.0,9.84,0
N397,2025-09-01 06:37:00,22829.0,211.43,0
N398,2025-09-01 06:38:00,176320.0,48.69,0
N399,2025-09-01 06:39:00,153705.0,188.26,0
N400,2025-09-01 06:40:00,97471.0,11.08,0
N401,2025-09-01 06:41:00,174893.0,29.98,0
N402,2025-09-01 06:42:00,24853.0,54.89,0
N403,2025-09-01 06:43:00,84846.0,57.22,0
N404,2025-09-01 06:44:00,52830.0,34.81,0
N405,2025-09-01 06:45:00,139648.0,101.78,0
N406,2025-09-01 06:46:00,53358.0,18.77,0
N407,2025-09-01 06:47:00,40744.0,47.35,0
N408,2025-09-01 06:48:00,102838.0,61.58,0
N409,2025-09-01 06:49:00,143799.0,91.33,0
N410,2025-09-01 06:50:00,30689.0,111.23,0
N411,2025-09-01 06:51:00,56327.0,17.73,0
N412,2025-09-01 06:52:00,20776.0,11.77,0
N413,2025-09-01 06:53:00,4924.0,195.91,0
N414,2025-09-01 06:54:00,73164.0,76.12,0
N415,2025-09-01 06:55:00,110074.0,25.83,0
N416,2025-09-01 06:56:00,77813.0,257.53,0
N417,2025-09-01 06:57:00,8522.0,61.29,0
N418,2025-09-01 06:58:00,42157.0,177.56,0
N419,2025-09-01 06:59:00,6514.0,58.41,0
N420,2025-09-01 07:00:00,235555.0,428.7,0
N421,2025-09-01 07:01:00,20210.0,315.87,0
N422,2025-09-01 07:02:00,210114.0,42.57,0
N423,2025-09-01 07:03:00,154179.0,144.25,0
N424,2025-09-01 07:04:00,24329.0,104.1,0
N425,2025-09-01 07:05:00,19288.0,214.57,0
N426,2025-09-01 07:06:00,84997.0,20.8,0
N427,2025-09-01 07:07:00,25737.0,108.42,0
N428,2025-09-01 07:08:00,66336.0,157.34,0
N429,2025-09-01 07:09:00,36945.0,9.41,0
N430,2025-09-01 07:10:00,10085.0,16.72,0
N431,2025-09-01 07:11:00,6435.0,7.1,0
N432,2025-09-01 07:12:00,75108.0,41.7,0
N433,2025-09-01 07:13:00,34147.0,111.89,0
N434,2025-09-01 07:14:00,34438.0,245.27,0
N435,2025-09-01 07:15:00,120074.0,58.8,0
N436,2025-09-01 07:16:00,193579.0,278.28,0
N437,2025-09-01 07:17:00,45591.0,13.73,0
N438,2025-09-01 07:18:00,42591.0,9.94,0
N439,2025-09-01 07:19:00,98730.0,51.65,0
N440,2025-09-01 07:20:00,15415.0,80.16,0
N441,2025-09-01 07:21:00,74843.0,52.84,0
N442,2025-09-01 07:22:00,103973.0,6.91,0
N443,2025-09-01 07:23:00,118211.0,49.94,0
N444,2025-09-01 07:24:00,8632.0,14.81,0
N445,2025-09-01 07:25:00,27963.0,106.66,0
N446,2025-09-01 07:26:00,24878.0,78.78,0
N447,2025-09-01 07:27:00,66164.0,21.33,0
N448,2025-09-01 07:28:00,96833.0,32.66,0
N449,2025-09-01 07:29:00,267456.0,18.93,0
N450,2025-09-01 07:30:00,36499.0,51.28,0
N451,2025-09-01 07:31:00,36404.0,141.9,0
N452,2025-09-01 07:32:00,189032.0,20.37,0
N453,2025-09-01 07:33:00,80545.0,90.38,0
N454,2025-09-01 07:34:00,212703.0,32.13,0
N455,2025-09-01 07:35:00,79916.0,24.71,0
N456,2025-09-01 07:36:00,18824.0,49.06,0
N457,2025-09-01 07:37:00,15786.0,19.39,0
N458,2025-09-01 07:38:00,12689.0,31.39,0
N459,2025-09-01 07:39:00,116082.0,16.48,0
N460,2025-09-01 07:40:00,196535.0,389.45,0
N461,2025-09-01 07:41:00,380546.0,56.56,0
N462,2025-09-01 07:42:00,139122.0,27.12,0
N463,2025-09-01 07:43:00,191537.0,67.63,0
N464,2025-09-01 07:44:00,33523.0,48.8,0
N465,2025-09-01 07:45:00,18837.0,43.77,0
N466,2025-09-01 07:46:00,140095.0,100.9,0
N467,2025-09-01 07:47:00,90915.0,116.46,0
N468,2025-09-01 07:48:00,66666.0,32.12,0
N469,2025-09-01 07:49:00,88201.0,30.7,0
N470,2025-09-01 07:50:00,82717.0,41.47,0
N471,2025-09-01 07:51:00,216169.0,5.46,0
N472,2025-09-01 07:52:00,218597.0,12.0,0
N473,2025-09-01 07:53:00,103179.0,214.19,0
N474,2025-09-01 07:54:00,139498.0,282.86,0
N475,2025-09-01 07:55:00,100114.0,42.56,0
N476,2025-09-01 07:56:00,37753.0,97.18,0
N477,2025-09-01 07:57:00,127588.0,74.53,0
N478,2025-09-01 07:58:00,14846.0,1186.64,0
N479,2025-09-01 07:59:00,171767.0,167.26,0
N480,2025-09-01 08:00:00,18133.0,48.04,0
N481,2025-09-01 08:01:00,79682.0,21.0,0
N482,2025-09-01 08:02:00,25715.0,10.95,0
N483,2025-09-01 08:03:00,104129.0,66.92,0
N484,2025-09-01 08:04:00,57877.0,25.63,0
N485,2025-09-01 08:05:00,12152.0,13.17,0
N486,2025-09-01 08:06:00,91190.0,28.6,0
N487,2025-09-01 08:07:00,33593.0,18.51,0
N488,2025-09-01 08:08:00,144516.0,295.05,0
N489,2025-09-01 08:09:00,59954.0,131.85,0
N490,2025-09-01 08:10:00,88914.0,54.16,0
N491,2025-09-01 08:11:00,22981.0,239.83,0
N492,2025-09-01 08:12:00,33212.0,58.99,0
N493,2025-09-01 08:13:00,37849.0,23.07,0
N494,2025-09-01 08:14:00,141026.0,250.42,0
N495,2025-09-01 08:15:00,320417.0,93.59,0
N496,2025-09-01 08:16:00,26764.0,19.35,0
N497,2025-09-01 08:17:00,175755.0,45.14,0
N498,2025-09-01 08:18:00,6838.0,22.75,0
N499,2025-09-01 08:19:00,18139.0,13.7,0
N500,2025-09-01 08:20:00,22953.0,137.85,0
N501,2025-09-01 08:21:00,15483.0,368.49,0
N502,2025-09-01 08:22:00,12288.0,13.48,0
N503,2025-09-01 08:23:00,90490.0,95.87,0
N504,2025-09-01 08:24:00,48336.0,28.48,0
N505,2025-09-01 08:25:00,87501.0,33.54,0
N506,2025-09-01 08:26:00,119428.0,30.19,0
N507,2025-09-01 08:27:00,78090.0,23.01,0
N508,2025-09-01 08:28:00,115585.0,57.31,0
N509,2025-09-01 08:29:00,55852.0,23.78,0
N510,2025-09-01 08:30:00,18270.0,71.55,0
N511,2025-09-01 08:31:00,172442.0,51.92,0
N512,2025-09-01 08:32:00,33219.0,42.99,0
N513,2025-09-01 08:33:00,23492.0,22.03,0
N514,2025-09-01 08:34:00,50115.0,30.67,0
N515,2025-09-01 08:35:00,24033.0,116.21,0
N516,2025-09-01 08:36:00,39441.0,90.1,0
N517,2025-09-01 08:37:00,84462.0,20.54,0
N518,2025-09-01 08:38:00,84825.0,60.3,0
N519,2025-09-01 08:39:00,24396.0,115.74,0
N520,2025-09-01 08:40:00,36765.0,10.28,0
N521,2025-09-01 08:41:00,175314.0,94.01,0
N522,2025-09-01 08:42:00,98361.0,28.15,0
N523,2025-09-01 08:43:00,476901.0,96.6,0
N524,2025-09-01 08:44:00,194878.0,25.45,0
N525,2025-09-01 08:45:00,188018.0,8.98,0
N526,2025-09-01 08:46:00,14945.0,10.72,0
N527,2025-09-01 08:47:00,128523.0,57.29,0
N528,2025-09-01 08:48:00,56777.0,70.79,0
N529,2025-09-01 08:49:00,34510.0,22.1,0
N530,2025-09-01 08:50:00,70828.0,103.4,0
N531,2025-09-01 08:51:00,154078.0,10.37,0
N532,2025-09-01 08:52:00,98798.0,51.11,0
N533,2025-09-01 08:53:00,24873.0,16.26,0
N534,2025-09-01 08:54:00,125801.0,28.45,0
N535,2025-09-01 08:55:00,31647.0,57.25,0
N536,2025-09-01 08:56:00,74361.0,23.09,0
N537,2025-09-01 08:57:00,44208.0,37.17,0
N538,2025-09-01 08:58:00,48105.0,149.35,0
N539,2025-09-01 08:59:00,128829.0,30.66,0
N540,2025-09-01 09:00:00,21159.0,125.93,0
N541,2025-09-01 09:01:00,418819.0,17.64,0
N542,2025-09-01 09:02:00,9691.0,92.74,0
N543,2025-09-01 09:03:00,32936.0,230.8,0
N544,2025-09-01 09:04:00,86700.0,4.61,0
N545,2025-09-01 09:05:00,107400.0,24.61,0
N546,2025-09-01 09:06:00,54151.0,97.23,0
N547,2025-09-01 09:07:00,56535.0,44.57,0
N548,2025-09-01 09:08:00,90269.0,79.13,0
N549,2025-09-01 09:09:00,47521.0,29.84,0
N550,2025-09-01 09:10:00,241152.0,59.54,0
N551,2025-09-01 09:11:00,138600.0,46.73,0
N552,2025-09-01 09:12:00,143318.0,175.53,0
N553,2025-09-01 09:13:00,22785.0,70.42,0
N554,2025-09-01 09:14:00,55305.0,76.52,0
N555,2025-09-01 09:15:00,44335.0,36.17,0
N556,2025-09-01 09:16:00,21903.0,33.53,0
N557,2025-09-01 09:17:00,85833.0,35.43,0
N558,2025-09-01 09:18:00,34974.0,81.0,0
N559,2025-09-01 09:19:00,115313.0,35.84,0
N560,2025-09-01 09:20:00,20533.0,72.95,0
N561,2025-09-01 09:21:00,334048.0,435.02,0
N562,2025-09-01 09:22:00,24432.0,130.47,0
N563,2025-09-01 09:23:00,74556.0,39.41,0
N564,2025-09-01 09:24:00,132172.0,181.49,0
N565,2025-09-01 09:25:00,33839.0,36.3,0
N566,2025-09-01 09:26:00,140431.0,7.11,0
N567,2025-09-01 09:27:00,17515.0,19.92,0
N568,2025-09-01 09:28:00,255791.0,8.41,0
N569,2025-09-01 09:29:00,60727.0,38.42,0
N570,2025-09-01 09:30:00,32978.0,55.61,0
N571,2025-09-01 09:31:00,44392.0,291.91,0
N572,2025-09-01 09:32:00,134446.0,75.71,0
N573,2025-09-01 09:33:00,33374.0,43.86,0
N574,2025-09-01 09:34:00,28301.0,125.14,0
N575,2025-09-01 09:35:00,47976.0,5.98,0
N576,2025-09-01 09:36:00,18454.0,69.1,0
N577,2025-09-01 09:37:00,369736.0,118.02,0
N578,2025-09-01 09:38:00,33983.0,12.45,0
N579,2025-09-01 09:39:00,137533.0,171.36,0
N580,2025-09-01 09:40:00,73826.0,76.59,0
N581,2025-09-01 09:41:00,22370.0,36.04,0
N582,2025-09-01 09:42:00,59519.0,102.8,0
N583,2025-09-01 09:43:00,131138.0,528.84,0
N584,2025-09-01 09:44:00,49600.0,65.49,0
N585,2025-09-01 09:45:00,197425.0,69.98,0
N586,2025-09-01 09:46:00,166294.0,34.49,0
N587,2025-09-01 09:47:00,150079.0,23.34,0
N588,2025-09-01 09:48:00,37811.0,125.25,0
N589,2025-09-01 09:49:00,20336.0,23.19,0
N590,2025-09-01 09:50:00,32416.0,58.65,0
N591,2025-09-01 09:51:00,72856.0,33.86,0
N592,2025-09-01 09:52:00,103341.0,88.14,0
N593,2025-09-01 09:53:00,6826.0,76.22,0
N594,2025-09-01 09:54:00,59390.0,154.09,0
N595,2025-09-01 09:55:00,70129.0,32.79,0
N596,2025-09-01 09:56:00,45363.0,41.68,0
N597,2025-09-01 09:57:00,217787.0,20.52,0
N598,2025-09-01 09:58:00,91288.0,35.01,0
N599,2025-09-01 09:59:00,221947.0,79.62,0
N600,2025-09-01 10:00:00,48245.0,116.39,0
N601,2025-09-01 10:01:00,152891.0,21.71,0
N602,2025-09-01 10:02:00,307142.0,130.27,0
N603,2025-09-01 10:03:00,222280.0,211.8,0
N604,2025-09-01 10:04:00,20088.0,82.55,0
N605,2025-09-01 10:05:00,46459.0,356.66,0
N606,2025-09-01 10:06:00,42397.0,25.18,0
N607,2025-09-01 10:07:00,97661.0,15.73,0
N608,2025-09-01 10:08:00,118938.0,9.22,0
N609,2025-09-01 10:09:00,25877.0,243.73,0
N610,2025-09-01 10:10:00,64077.0,105.04,0
N611,2025-09-01 10:11:00,7943.0,51.65,0
N612,2025-09-01 10:12:00,253203.0,72.24,0
N613,2025-09-01 10:13:00,35869.0,17.72,0
N614,2025-09-01 10:14:00,63314.0,630.02,0
N615,2025-09-01 10:15:00,43930.0,62.13,0
N616,2025-09-01 10:16:00,188344.0,60.91,0
N617,2025-09-01 10:17:00,3507.0,112.82,0
N618,2025-09-01 10:18:00,58888.0,88.32,0
N619,2025-09-01 10:19:00,53862.0,68.3,0
N620,2025-09-01 10:20:00,38039.0,24.77,0
N621,2025-09-01 10:21:00,336457.0,87.49,0
N622,2025-09-01 10:22:00,24653.0,358.53,0
N623,2025-09-01 10:23:00,129547.0,209.65,0
N624,2025-09-01 10:24:00,85498.0,268.59,0
N625,2025-09-01 10:25:00,211403.0,32.75,0
N626,2025-09-01 10:26:00,30724.0,20.3,0
N627,2025-09-01 10:27:00,28768.0,48.14,0
N628,2025-09-01 10:28:00,179166.0,57.73,0
N629,2025-09-01 10:29:00,91612.0,163.07,0
N630,2025-09-01 10:30:00,12773.0,10.05,0
N631,2025-09-01 10:31:00,34916.0,252.03,0
N632,2025-09-01 10:32:00,88114.0,46.62,0
N633,2025-09-01 10:33:00,138381.0,35.63,0
N634,2025-09-01 10:34:00,30357.0,19.84,0
N635,2025-09-01 10:35:00,3248.0,10.43,0
N636,2025-09-01 10:36:00,101035.0,124.36,0
N637,2025-09-01 10:37:00,17671.0,58.75,0
N638,2025-09-01 10:38:00,7964.0,15.03,0
N639,2025-09-01 10:39:00,3525.0,14.95,0
N640,2025-09-01 10:40:00,135128.0,39.03,0
N641,2025-09-01 10:41:00,68092.0,289.75,0
N642,2025-09-01 10:42:00,47779.0,42.12,0
N643,2025-09-01 10:43:00,240151.0,12.14,0
N644,2025-09-01 10:44:00,113247.0,42.7,0
N645,2025-09-01 10:45:00,301432.0,41.57,0
N646,2025-09-01 10:46:00,14872.0,3.68,0
N647,2025-09-01 10:47:00,57841.0,51.71,0
N648,2025-09-01 10:48:00,11888.0,43.34,0
N649,2025-09-01 10:49:00,47601.0,109.53,0
N650,2025-09-01 10:50:00,46695.0,346.87,0
N651,2025-09-01 10:51:00,112040.0,168.44,0
N652,2025-09-01 10:52:00,62665.0,41.73,0
N653,2025-09-01 10:53:00,111682.0,18.06,0
N654,2025-09-01 10:54:00,120987.0,715.77,0
N655,2025-09-01 10:55:00,516551.0,57.93,0
N656,2025-09-01 10:56:00,43683.0,55.36,0
N657,2025-09-01 10:57:00,23365.0,53.3,0
N658,2025-09-01 10:58:00,76579.0,66.56,0
N659,2025-09-01 10:59:00,26842.0,47.26,0
N660,2025-09-01 11:00:00,263540.0,30.76,0
N661,2025-09-01 11:01:00,45107.0,31.6,0
N662,2025-09-01 11:02:00,34010.0,52.84,0
N663,2025-09-01 11:03:00,37372.0,31.71,0
N664,2025-09-01 11:04:00,122813.0,26.77,0
N665,2025-09-01 11:05:00,51136.0,60.73,0
N666,2025-09-01 11:06:00,31519.0,42.31,0
N667,2025-09-01 11:07:00,316587.0,245.67,0
N668,2025-09-01 11:08:00,25434.0,3.85,0
N669,2025-09-01 11:09:00,62042.0,162.63,0
N670,2025-09-01 11:10:00,114956.0,189.82,0
N671,2025-09-01 11:11:00,11715.0,6.87,0
N672,2025-09-01 11:12:00,96786.0,38.76,0
N673,2025-09-01 11:13:00,20845.0,37.66,0
N674,2025-09-01 11:14:00,136323.0,13.36,0
N675,2025-09-01 11:15:00,22865.0,25.08,0
N676,2025-09-01 11:16:00,119703.0,17.98,0
N677,2025-09-01 11:17:00,180924.0,314.9,0
N678,2025-09-01 11:18:00,141696.0,139.17,0
N679,2025-09-01 11:19:00,76981.0,194.72,0
N680,2025-09-01 11:20:00,47510.0,112.36,0
N681,2025-09-01 11:21:00,33644.0,17.65,0
N682,2025-09-01 11:22:00,260676.0,32.31,0
N683,2025-09-01 11:23:00,29748.0,89.07,0
N684,2025-09-01 11:24:00,21225.0,16.08,0
N685,2025-09-01 11:25:00,116468.0,111.39,0
N686,2025-09-01 11:26:00,27007.0,42.93,0
N687,2025-09-01 11:27:00,23154.0,37.53,0
N688,2025-09-01 11:28:00,14135.0,111.16,0
N689,2025-09-01 11:29:00,36941.0,85.14,0
N690,2025-09-01 11:30:00,55121.0,38.06,0
N691,2025-09-01 11:31:00,76351.0,174.05,0
N692,2025-09-01 11:32:00,155020.0,18.52,0
N693,2025-09-01 11:33:00,101407.0,101.08,0
N694,2025-09-01 11:34:00,49470.0,98.8,0
N695,2025-09-01 11:35:00,49109.0,40.06,0
N696,2025-09-01 11:36:00,99724.0,75.65,0
N697,2025-09-01 11:37:00,213752.0,15.63,0
N698,2025-09-01 11:38:00,67936.0,137.56,0
N699,2025-09-01 11:39:00,37454.0,45.38,0
N700,2025-09-01 11:40:00,22184.0,32.37,0
N701,2025-09-01 11:41:00,14112.0,155.87,0
N702,2025-09-01 11:42:00,116573.0,27.0,0
N703,2025-09-01 11:43:00,106722.0,13.35,0
N704,2025-09-01 11:44:00,106656.0,11.51,0
N705,2025-09-01 11:45:00,52646.0,100.08,0
N706,2025-09-01 11:46:00,244491.0,15.17,0
N707,2025-09-01 11:47:00,36897.0,315.7,0
N708,2025-09-01 11:48:00,155635.0,6.81,0
N709,2025-09-01 11:49:00,57599.0,297.81,0
N710,2025-09-01 11:50:00,32586.0,67.43,0
N711,2025-09-01 11:51:00,108286.0,49.57,0
N712,2025-09-01 11:52:00,90187.0,31.66,0
N713,2025-09-01 11:53:00,85560.0,81.38,0
N714,2025-09-01 11:54:00,64944.0,52.58,0
N715,2025-09-01 11:55:00,57648.0,164.56,0
N716,2025-09-01 11:56:00,652373.0,61.2,0
N717,2025-09-01 11:57:00,195684.0,63.45,0
N718,2025-09-01 11:58:00,123356.0,37.95,0
N719,2025-09-01 11:59:00,66957.0,51.58,0
N720,2025-09-01 12:00:00,163924.0,74.28,0
N721,2025-09-01 12:01:00,100508.0,9.87,0
N722,2025-09-01 12:02:00,61464.0,14.18,0
N723,2025-09-01 12:03:00,44198.0,114.81,0
N724,2025-09-01 12:04:00,55220.0,64.77,0
N725,2025-09-01 12:05:00,2514.0,45.42,0
N726,2025-09-01 12:06:00,73910.0,55.61,0
N727,2025-09-01 12:07:00,36736.0,77.29,0
N728,2025-09-01 12:08:00,294393.0,31.82,0
N729,2025-09-01 12:09:00,61044.0,25.07,0
N730,2025-09-01 12:10:00,18234.0,66.41,0
N731,2025-09-01 12:11:00,56961.0,20.52,0
N732,2025-09-01 12:12:00,21034.0,82.13,0
N733,2025-09-01 12:13:00,96125.0,9.95,0
N734,2025-09-01 12:14:00,80093.0,152.8,0
N735,2025-09-01 12:15:00,156036.0,87.58,0
N736,2025-09-01 12:16:00,27150.0,70.53,0
N737,2025-09-01 12:17:00,61945.0,145.87,0
N738,2025-09-01 12:18:00,15290.0,288.72,0
N739,2025-09-01 12:19:00,120752.0,150.56,0
N740,2025-09-01 12:20:00,100596.0,8.66,0
N741,2025-09-01 12:21:00,98303.0,15.19,0
N742,2025-09-01 12:22:00,59971.0,29.23,0
N743,2025-09-01 12:23:00,90651.0,56.04,0
N744,2025-09-01 12:24:00,297848.0,91.62,0
N745,2025-09-01 12:25:00,45022.0,26.42,0
N746,2025-09-01 12:26:00,68778.0,65.81,0
N747,2025-09-01 12:27:00,20209.0,25.65,0
N748,2025-09-01 12:28:00,25128.0,29.62,0
N749,2025-09-01 12:29:00,66027.0,13.37,0
N750,2025-09-01 12:30:00,180581.0,21.69,0
N751,2025-09-01 12:31:00,46338.0,14.13,0
N752,2025-09-01 12:32:00,47291.0,20.58,0
N753,2025-09-01 12:33:00,39859.0,156.59,0
N754,2025-09-01 12:34:00,35075.0,21.13,0
N755,2025-09-01 12:35:00,80416.0,759.29,0
N756,2025-09-01 12:36:00,13396.0,89.42,0
N757,2025-09-01 12:37:00,215548.0,65.68,0
N758,2025-09-01 12:38:00,30779.0,23.14,0
N759,2025-09-01 12:39:00,123242.0,109.98,0
N760,2025-09-01 12:40:00,16815.0,30.7,0
N761,2025-09-01 12:41:00,116873.0,61.68,0
N762,2025-09-01 12:42:00,117236.0,706.33,0
N763,2025-09-01 12:43:00,87922.0,49.6,0
N764,2025-09-01 12:44:00,22150.0,172.31,0
N765,2025-09-01 12:45:00,76845.0,27.03,0
N766,2025-09-01 12:46:00,18342.0,52.72,0
N767,2025-09-01 12:47:00,46501.0,320.79,0
N768,2025-09-01 12:48:00,167613.0,29.17,0
N769,2025-09-01 12:49:00,132814.0,334.44,0
N770,2025-09-01 12:50:00,60790.0,110.8,0
N771,2025-09-01 12:51:00,22588.0,31.11,0
N772,2025-09-01 12:52:00,114186.0,102.76,0
N773,2025-09-01 12:53:00,61046.0,144.4,0
N774,2025-09-01 12:54:00,5882.0,101.68,0
N775,2025-09-01 12:55:00,130958.0,11.36,0
N776,2025-09-01 12:56:00,58441.0,26.39,0
N777,2025-09-01 12:57:00,199277.0,42.63,0
N778,2025-09-01 12:58:00,20025.0,50.68,0
N779,2025-09-01 12:59:00,2498.0,101.56,0
N780,2025-09-01 13:00:00,79149.0,65.22,0
N781,2025-09-01 13:01:00,80143.0,14.36,0
N782,2025-09-01 13:02:00,11041.0,79.85,0
N783,2025-09-01 13:03:00,22505.0,100.54,0
N784,2025-09-01 13:04:00,941489.0,95.56,0
N785,2025-09-01 13:05:00,44108.0,160.9,0
N786,2025-09-01 13:06:00,124363.0,125.7,0
N787,2025-09-01 13:07:00,31236.0,86.42,0
N788,2025-09-01 13:08:00,7403.0,50.9,0
N789,2025-09-01 13:09:00,50501.0,10.37,0
N790,2025-09-01 13:10:00,45908.0,83.9,0
N791,2025-09-01 13:11:00,40140.0,67.2,0
N792,2025-09-01 13:12:00,53389.0,71.63,0
N793,2025-09-01 13:13:00,77985.0,15.23,0
N794,2025-09-01 13:14:00,51528.0,18.52,0
N795,2025-09-01 13:15:00,16916.0,156.52,0
N796,2025-09-01 13:16:00,97361.0,52.48,0
N797,2025-09-01 13:17:00,8524.0,107.93,0
N798,2025-09-01 13:18:00,7705.0,56.17,0
N799,2025-09-01 13:19:00,125390.0,56.25,0
N800,2025-09-01 13:20:00,99411.0,139.53,0
N801,2025-09-01 13:21:00,56534.0,32.59,0
N802,2025-09-01 13:22:00,14832.0,60.11,0
N803,2025-09-01 13:23:00,29498.0,34.39,0
N804,2025-09-01 13:24:00,46039.0,35.36,0
N805,2025-09-01 13:25:00,12138.0,40.08,0
N806,2025-09-01 13:26:00,28595.0,68.18,0
N807,2025-09-01 13:27:00,114959.0,33.83,0
N808,2025-09-01 13:28:00,249523.0,191.67,0
N809,2025-09-01 13:29:00,39362.0,22.32,0
N810,2025-09-01 13:30:00,127579.0,45.29,0
N811,2025-09-01 13:31:00,8830.0,35.17,0
N812,2025-09-01 13:32:00,115780.0,232.06,0
N813,2025-09-01 13:33:00,26797.0,66.46,0
N814,2025-09-01 13:34:00,81418.0,153.22,0
N815,2025-09-01 13:35:00,46735.0,12.36,0
N816,2025-09-01 13:36:00,224227.0,71.31,0
N817,2025-09-01 13:37:00,24973.0,132.9,0
N818,2025-09-01 13:38:00,112152.0,59.28,0
N819,2025-09-01 13:39:00,45274.0,158.46,0
N820,2025-09-01 13:40:00,51108.0,32.55,0
N821,2025-09-01 13:41:00,49819.0,223.49,0
N822,2025-09-01 13:42:00,25702.0,543.97,0
N823,2025-09-01 13:43:00,59036.0,37.98,0
N824,2025-09-01 13:44:00,56238.0,34.97,0
N825,2025-09-01 13:45:00,76209.0,233.55,0
N826,2025-09-01 13:46:00,65154.0,264.96,0
N827,2025-09-01 13:47:00,132985.0,32.37,0
N828,2025-09-01 13:48:00,150770.0,35.87,0
N829,2025-09-01 13:49:00,20939.0,41.19,0
N830,2025-09-01 13:50:00,142739.0,14.23,0
N831,2025-09-01 13:51:00,18282.0,21.79,0
N832,2025-09-01 13:52:00,107781.0,20.0,0
N833,2025-09-01 13:53:00,111273.0,25.34,0
N834,2025-09-01 13:54:00,8855.0,52.74,0
N835,2025-09-01 13:55:00,65708.0,69.01,0
N836,2025-09-01 13:56:00,37478.0,257.37,0
N837,2025-09-01 13:57:00,28036.0,20.12,0
N838,2025-09-01 13:58:00,231157.0,146.1,0
N839,2025-09-01 13:59:00,31142.0,44.08,0
N840,2025-09-01 14:00:00,26732.0,51.96,0
N841,2025-09-01 14:01:00,64582.0,107.21,0
N842,2025-09-01 14:02:00,118847.0,17.77,0
N843,2025-09-01 14:03:00,51966.0,80.03,0
N844,2025-09-01 14:04:00,192215.0,64.49,0
N845,2025-09-01 14:05:00,101821.0,89.34,0
N846,2025-09-01 14:06:00,6780.0,72.91,0
N847,2025-09-01 14:07:00,35261.0,636.06,0
N848,2025-09-01 14:08:00,34138.0,28.85,0
N849,2025-09-01 14:09:00,96699.0,32.1,0
N850,2025-09-01 14:10:00,4338.0,29.28,0
N851,2025-09-01 14:11:00,766055.0,31.33,0
N852,2025-09-01 14:12:00,101827.0,28.86,0
N853,2025-09-01 14:13:00,69486.0,179.29,0
N854,2025-09-01 14:14:00,195159.0,225.99,0
N855,2025-09-01 14:15:00,623843.0,30.85,0
N856,2025-09-01 14:16:00,143021.0,23.75,0
N857,2025-09-01 14:17:00,154634.0,87.48,0
N858,2025-09-01 14:18:00,68233.0,31.43,0
N859,2025-09-01 14:19:00,51973.0,102.82,0
N860,2025-09-01 14:20:00,37205.0,66.88,0
N861,2025-09-01 14:21:00,26210.0,11.99,0
N862,2025-09-01 14:22:00,30121.0,256.6,0
N863,2025-09-01 14:23:00,15513.0,328.94,0
N864,2025-09-01 14:24:00,55499.0,29.58,0
N865,2025-09-01 14:25:00,11107.0,37.05,0
N866,2025-09-01 14:26:00,72469.0,72.67,0
N867,2025-09-01 14:27:00,57738.0,76.28,0
N868,2025-09-01 14:28:00,69351.0,105.48,0
N869,2025-09-01 14:29:00,35521.0,407.57,0
N870,2025-09-01 14:30:00,1298682.0,45.74,0
N871,2025-09-01 14:31:00,233308.0,24.57,0
N872,2025-09-01 14:32:00,17248.0,13.75,0
N873,2025-09-01 14:33:00,75574.0,26.29,0
N874,2025-09-01 14:34:00,32598.0,52.82,0
N875,2025-09-01 14:35:00,21710.0,328.51,0
N876,2025-09-01 14:36:00,15677.0,32.54,0
N877,2025-09-01 14:37:00,92246.0,68.29,0
N878,2025-09-01 14:38:00,30291.0,53.71,0
N879,2025-09-01 14:39:00,157602.0,179.18,0
N880,2025-09-01 14:40:00,161746.0,683.3,0
N881,2025-09-01 14:41:00,236550.0,32.11,0
N882,2025-09-01 14:42:00,25530.0,33.47,0
N883,2025-09-01 14:43:00,96314.0,155.11,0
N884,2025-09-01 14:44:00,112697.0,107.97,0
N885,2025-09-01 14:45:00,37265.0,346.09,0
N886,2025-09-01 14:46:00,27673.0,97.9,0
N887,2025-09-01 14:47:00,299395.0,38.12,0
N888,2025-09-01 14:48:00,75169.0,98.56,0
N889,2025-09-01 14:49:00,113093.0,165.46,0
N890,2025-09-01 14:50:00,26316.0,124.02,0
N891,2025-09-01 14:51:00,17689.0,90.67,0
N892,2025-09-01 14:52:00,33879.0,158.65,0
N893,2025-09-01 14:53:00,52890.0,175.79,0
N894,2025-09-01 14:54:00,20656.0,217.49,0
N895,2025-09-01 14:55:00,59288.0,104.45,0
N896,2025-09-01 14:56:00,11064.0,46.2,0
N897,2025-09-01 14:57:00,19535.0,63.23,0
N898,2025-09-01 14:58:00,117115.0,182.46,0
N899,2025-09-01 14:59:00,109512.0,24.12,0
N900,2025-09-01 15:00:00,40462.0,78.94,0
N901,2025-09-01 15:01:00,21639.0,36.84,0
N902,2025-09-01 15:02:00,21431.0,56.19,0
N903,2025-09-01 15:03:00,41222.0,196.07,0
N904,2025-09-01 15:04:00,114064.0,66.1,0
N905,2025-09-01 15:05:00,151486.0,57.19,0
N906,2025-09-01 15:06:00,36442.0,14.02,0
N907,2025-09-01 15:07:00,18892.0,115.15,0
N908,2025-09-01 15:08:00,78264.0,104.11,0
N909,2025-09-01 15:09:00,26277.0,474.97,0
N910,2025-09-01 15:10:00,35659.0,40.13,0
N911,2025-09-01 15:11:00,225320.0,67.98,0
N912,2025-09-01 15:12:00,136915.0,70.06,0
N913,2025-09-01 15:13:00,70121.0,264.4,0
N914,2025-09-01 15:14:00,16782.0,49.64,0
N915,2025-09-01 15:15:00,73969.0,72.17,0
N916,2025-09-01 15:16:00,173279.0,100.27,0
N917,2025-09-01 15:17:00,41125.0,65.8,0
N918,2025-09-01 15:18:00,231217.0,34.94,0
N919,2025-09-01 15:19:00,218108.0,66.29,0
N920,2025-09-01 15:20:00,316074.0,159.75,0
N921,2025-09-01 15:21:00,81247.0,19.56,0
N922,2025-09-01 15:22:00,107731.0,62.36,0
N923,2025-09-01 15:23:00,246271.0,27.11,0
N924,2025-09-01 15:24:00,93657.0,180.38,0
N925,2025-09-01 15:25:00,36271.0,11.9,0
N926,2025-09-01 15:26:00,38233.0,31.22,0
N927,2025-09-01 15:27:00,76005.0,79.62,0
N928,2025-09-01 15:28:00,16472.0,261.26,0
N929,2025-09-01 15:29:00,51883.0,51.12,0
N930,2025-09-01 15:30:00,179252.0,31.34,0
N931,2025-09-01 15:31:00,6693.0,358.22,0
N932,2025-09-01 15:32:00,277751.0,12.83,0
N933,2025-09-01 15:33:00,183942.0,6.06,0
N934,2025-09-01 15:34:00,37806.0,84.78,0
N935,2025-09-01 15:35:00,103093.0,33.05,0
N936,2025-09-01 15:36:00,60063.0,19.66,0
N937,2025-09-01 15:37:00,204841.0,110.87,0
N938,2025-09-01 15:38:00,159961.0,69.67,0
N939,2025-09-01 15:39:00,14764.0,31.06,0
N940,2025-09-01 15:40:00,107717.0,15.18,0
N941,2025-09-01 15:41:00,48746.0,130.64,0
N942,2025-09-01 15:42:00,65045.0,104.61,0
N943,2025-09-01 15:43:00,28907.0,49.44,0
N944,2025-09-01 15:44:00,343911.0,346.07,0
N945,2025-09-01 15:45:00,169407.0,18.73,0
N946,2025-09-01 15:46:00,28573.0,11.88,0
N947,2025-09-01 15:47:00,15763.0,27.33,0
N948,2025-09-01 15:48:00,40714.0,52.17,0
N949,2025-09-01 15:49:00,92457.0,69.64,0
N950,2025-09-01 15:50:00,76131.0,42.9,0
N951,2025-09-01 15:51:00,209637.0,77.64,0
N952,2025-09-01 15:52:00,131916.0,15.62,0
N953,2025-09-01 15:53:00,157877.0,231.31,0
N954,2025-09-01 15:54:00,83022.0,50.29,0
N955,2025-09-01 15:55:00,14924.0,166.88,0
N956,2025-09-01 15:56:00,49232.0,76.92,0
N957,2025-09-01 15:57:00,172834.0,86.21,0
N958,2025-09-01 15:58:00,56867.0,96.52,0
N959,2025-09-01 15:59:00,99021.0,85.43,0
N960,2025-09-01 16:00:00,43532.0,103.83,0
N961,2025-09-01 16:01:00,21380.0,206.26,0
N962,2025-09-01 16:02:00,52926.0,66.45,0
N963,2025-09-01 16:03:00,81556.0,110.94,0
N964,2025-09-01 16:04:00,31080.0,49.91,0
N965,2025-09-01 16:05:00,47301.0,230.47,0
N966,2025-09-01 16:06:00,23401.0,27.76,0
N967,2025-09-01 16:07:00,183367.0,330.61,0
N968,2025-09-01 16:08:00,44602.0,52.45,0
N969,2025-09-01 16:09:00,255955.0,13.06,0
N970,2025-09-01 16:10:00,276163.0,62.06,0
N971,2025-09-01 16:11:00,55213.0,27.63,0
N972,2025-09-01 16:12:00,21841.0,126.55,0
N973,2025-09-01 16:13:00,7436.0,28.43,0
N974,2025-09-01 16:14:00,13739.0,34.95,0
N975,2025-09-01 16:15:00,15156.0,8.25,0
N976,2025-09-01 16:16:00,237630.0,34.73,0
N977,2025-09-01 16:17:00,67227.0,4.84,0
N978,2025-09-01 16:18:00,88398.0,11.2,0
N979,2025-09-01 16:19:00,6500.0,116.79,0
N980,2025-09-01 16:20:00,18070.0,119.8,0
N981,2025-09-01 16:21:00,145376.0,83.55,0
N982,2025-09-01 16:22:00,79760.0,20.76,0
N983,2025-09-01 16:23:00,51678.0,52.05,0
N984,2025-09-01 16:24:00,105329.0,54.4,0
N985,2025-09-01 16:25:00,307367.0,17.14,0
N986,2025-09-01 16:26:00,48000.0,245.52,0
N987,2025-09-01 16:27:00,64175.0,131.28,0
N988,2025-09-01 16:28:00,72591.0,43.77,0
N989,2025-09-01 16:29:00,654816.0,56.09,0
N990,2025-09-01 16:30:00,7337.0,67.25,0
N991,2025-09-01 16:31:00,118566.0,7.09,0
N992,2025-09-01 16:32:00,53380.0,42.64,0
N993,2025-09-01 16:33:00,105532.0,27.61,0
N994,2025-09-01 16:34:00,31027.0,20.05,0
N995,2025-09-01 16:35:00,57013.0,41.22,0
N996,2025-09-01 16:36:00,121955.0,329.54,0
N997,2025-09-01 16:37:00,1346353.0,103.63,0
N998,2025-09-01 16:38:00,134328.0,30.84,0
N999,2025-09-01 16:39:00,25641.0,96.79,0
N1000,2025-09-01 16:40:00,39192.0,221.26,0
N1001,2025-09-01 16:41:00,38047.0,137.64,0
N1002,2025-09-01 16:42:00,9940.0,57.95,0
N1003,2025-09-01 16:43:00,43041.0,28.59,0
N1004,2025-09-01 16:44:00,124596.0,109.75,0
N1005,2025-09-01 16:45:00,16744.0,80.92,0
N1006,2025-09-01 16:46:00,170840.0,133.65,0
N1007,2025-09-01 16:47:00,97516.0,103.05,0
N1008,2025-09-01 16:48:00,28732.0,155.95,0
N1009,2025-09-01 16:49:00,51973.0,31.97,0
N1010,2025-09-01 16:50:00,296061.0,203.85,0
N1011,2025-09-01 16:51:00,124685.0,66.53,0
N1012,2025-09-01 16:52:00,60402.0,434.96,0
N1013,2025-09-01 16:53:00,47208.0,27.41,0
N1014,2025-09-01 16:54:00,64641.0,309.81,0
N1015,2025-09-01 16:55:00,35891.0,66.55,0
N1016,2025-09-01 16:56:00,7297.0,28.46,0
N1017,2025-09-01 16:57:00,461473.0,33.65,0
N1018,2025-09-01 16:58:00,69935.0,39.63,0
N1019,2025-09-01 16:59:00,89156.0,83.44,0
N1020,2025-09-01 17:00:00,56505.0,92.1,0
N1021,2025-09-01 17:01:00,28707.0,30.76,0
N1022,2025-09-01 17:02:00,49716.0,53.28,0
N1023,2025-09-01 17:03:00,12096.0,465.11,0
N1024,2025-09-01 17:04:00,583667.0,307.21,0
N1025,2025-09-01 17:05:00,17422.0,84.46,0
N1026,2025-09-01 17:06:00,21333.0,56.71,0
N1027,2025-09-01 17:07:00,38551.0,61.56,0
N1028,2025-09-01 17:08:00,217092.0,100.84,0
N1029,2025-09-01 17:09:00,60749.0,19.63,0
N1030,2025-09-01 17:10:00,17394.0,42.21,0
N1031,2025-09-01 17:11:00,209890.0,10.29,0
N1032,2025-09-01 17:12:00,124368.0,81.39,0
N1033,2025-09-01 17:13:00,102584.0,104.29,0
N1034,2025-09-01 17:14:00,122484.0,33.68,0
N1035,2025-09-01 17:15:00,656293.0,263.48,0
N1036,2025-09-01 17:16:00,532370.0,16.03,0
N1037,2025-09-01 17:17:00,30130.0,12.62,0
N1038,2025-09-01 17:18:00,303727.0,68.34,0
N1039,2025-09-01 17:19:00,87831.0,155.57,0
N1040,2025-09-01 17:20:00,98627.0,294.1,0
N1041,2025-09-01 17:21:00,11023.0,34.51,0
N1042,2025-09-01 17:22:00,50494.0,160.56,0
N1043,2025-09-01 17:23:00,26560.0,52.54,0
N1044,2025-09-01 17:24:00,137044.0,45.94,0
N1045,2025-09-01 17:25:00,174745.0,132.11,0
N1046,2025-09-01 17:26:00,7521.0,104.83,0
N1047,2025-09-01 17:27:00,58569.0,11.29,0
N1048,2025-09-01 17:28:00,183847.0,239.02,0
N1049,2025-09-01 17:29:00,49678.0,217.04,0
N1050,2025-09-01 17:30:00,124127.0,29.21,0
N1051,2025-09-01 17:31:00,85065.0,81.11,0
N1052,2025-09-01 17:32:00,84260.0,89.48,0
N1053,2025-09-01 17:33:00,45647.0,70.86,0
N1054,2025-09-01 17:34:00,17737.0,31.49,0
N1055,2025-09-01 17:35:00,19506.0,27.89,0
N1056,2025-09-01 17:36:00,121705.0,53.22,0
N1057,2025-09-01 17:37:00,61051.0,176.4,0
N1058,2025-09-01 17:38:00,52130.0,94.03,0
N1059,2025-09-01 17:39:00,39187.0,37.69,0
N1060,2025-09-01 17:40:00,44126.0,118.12,0
N1061,2025-09-01 17:41:00,170572.0,3.16,0
N1062,2025-09-01 17:42:00,42820.0,172.22,0
N1063,2025-09-01 17:43:00,15661.0,9.59,0
N1064,2025-09-01 17:44:00,125951.0,38.0,0
N1065,2025-09-01 17:45:00,48782.0,17.82,0
N1066,2025-09-01 17:46:00,61784.0,14.96,0
N1067,2025-09-01 17:47:00,298815.0,174.31,0
N1068,2025-09-01 17:48:00,58656.0,34.2,0
N1069,2025-09-01 17:49:00,79952.0,77.21,0
N1070,2025-09-01 17:50:00,18418.0,52.1,0
N1071,2025-09-01 17:51:00,48066.0,87.97,0
N1072,2025-09-01 17:52:00,110142.0,58.96,0
N1073,2025-09-01 17:53:00,12640.0,15.13,0
N1074,2025-09-01 17:54:00,73192.0,147.86,0
N1075,2025-09-01 17:55:00,66224.0,33.32,0
N1076,2025-09-01 17:56:00,62398.0,11.51,0
N1077,2025-09-01 17:57:00,168916.0,35.58,0
N1078,2025-09-01 17:58:00,83653.0,244.88,0
N1079,2025-09-01 17:59:00,262517.0,127.77,0
N1080,2025-09-01 18:00:00,22168.0,38.53,0
N1081,2025-09-01 18:01:00,68592.0,38.5,0
N1082,2025-09-01 18:02:00,65151.0,39.58,0
N1083,2025-09-01 18:03:00,20553.0,435.61,0
N1084,2025-09-01 18:04:00,155795.0,79.99,0
N1085,2025-09-01 18:05:00,612114.0,83.93,0
N1086,2025-09-01 18:06:00,58865.0,152.98,0
N1087,2025-09-01 18:07:00,99213.0,69.32,0
N1088,2025-09-01 18:08:00,65155.0,42.14,0
N1089,2025-09-01 18:09:00,29331.0,44.86,0
N1090,2025-09-01 18:10:00,9694.0,50.83,0
N1091,2025-09-01 18:11:00,29561.0,52.6,0
N1092,2025-09-01 18:12:00,14884.0,113.03,0
N1093,2025-09-01 18:13:00,329095.0,57.51,0
N1094,2025-09-01 18:14:00,53364.0,113.6,0
N1095,2025-09-01 18:15:00,42365.0,50.36,0
N1096,2025-09-01 18:16:00,145678.0,59.06,0
N1097,2025-09-01 18:17:00,19502.0,7.4,0
N1098,2025-09-01 18:18:00,27810.0,136.5,0
N1099,2025-09-01 18:19:00,64092.0,77.21,0
N1100,2025-09-01 18:20:00,167505.0,148.12,0
N1101,2025-09-01 18:21:00,98882.0,3.02,0
N1102,2025-09-01 18:22:00,76751.0,440.7,0
N1103,2025-09-01 18:23:00,64739.0,47.48,0
N1104,2025-09-01 18:24:00,89343.0,165.37,0
N1105,2025-09-01 18:25:00,73251.0,19.3,0
N1106,2025-09-01 18:26:00,21376.0,100.76,0
N1107,2025-09-01 18:27:00,62698.0,19.04,0
N1108,2025-09-01 18:28:00,20462.0,29.26,0
N1109,2025-09-01 18:29:00,64931.0,370.2,0
N1110,2025-09-01 18:30:00,37025.0,45.12,0
N1111,2025-09-01 18:31:00,758715.0,67.86,0
N1112,2025-09-01 18:32:00,57533.0,130.33,0
N1113,2025-09-01 18:33:00,14702.0,89.63,0
N1114,2025-09-01 18:34:00,52356.0,63.46,0
N1115,2025-09-01 18:35:00,100645.0,78.65,0
N1116,2025-09-01 18:36:00,319133.0,603.9,0
N1117,2025-09-01 18:37:00,33208.0,51.54,0
N1118,2025-09-01 18:38:00,12303.0,66.76,0
N1119,2025-09-01 18:39:00,135515.0,156.12,0
N1120,2025-09-01 18:40:00,15054.0,164.93,0
N1121,2025-09-01 18:41:00,38710.0,178.94,0
N1122,2025-09-01 18:42:00,46276.0,103.41,0
N1123,2025-09-01 18:43:00,55847.0,17.41,0
N1124,2025-09-01 18:44:00,119272.0,279.62,0
N1125,2025-09-01 18:45:00,30223.0,17.35,0
N1126,2025-09-01 18:46:00,45537.0,73.89,0
N1127,2025-09-01 18:47:00,59026.0,25.68,0
N1128,2025-09-01 18:48:00,69536.0,51.21,0
N1129,2025-09-01 18:49:00,66028.0,75.85,0
N1130,2025-09-01 18:50:00,92596.0,75.29,0
N1131,2025-09-01 18:51:00,139224.0,83.26,0
N1132,2025-09-01 18:52:00,88666.0,274.16,0
N1133,2025-09-01 18:53:00,94239.0,85.93,0
N1134,2025-09-01 18:54:00,12305.0,42.77,0
N1135,2025-09-01 18:55:00,62958.0,143.18,0
N1136,2025-09-01 18:56:00,96713.0,179.37,0
N1137,2025-09-01 18:57:00,124112.0,16.0,0
N1138,2025-09-01 18:58:00,29961.0,99.23,0
N1139,2025-09-01 18:59:00,30976.0,110.08,0
N1140,2025-09-01 19:00:00,33722.0,40.55,0
N1141,2025-09-01 19:01:00,102377.0,216.09,0
N1142,2025-09-01 19:02:00,168364.0,46.99,0
N1143,2025-09-01 19:03:00,39837.0,61.9,0
N1144,2025-09-01 19:04:00,148444.0,45.92,0
N1145,2025-09-01 19:05:00,67743.0,55.46,0
N1146,2025-09-01 19:06:00,52876.0,18.24,0
N1147,2025-09-01 19:07:00,48466.0,12.94,0
N1148,2025-09-01 19:08:00,126325.0,268.94,0
N1149,2025-09-01 19:09:00,82916.0,23.41,0
N1150,2025-09-01 19:10:00,582932.0,20.26,0
N1151,2025-09-01 19:11:00,25534.0,6.34,0
N1152,2025-09-01 19:12:00,100519.0,28.82,0
N1153,2025-09-01 19:13:00,35270.0,14.54,0
N1154,2025-09-01 19:14:00,25102.0,282.03,0
N1155,2025-09-01 19:15:00,59227.0,149.88,0
N1156,2025-09-01 19:16:00,68690.0,27.44,0
N1157,2025-09-01 19:17:00,1108118.0,519.28,0
N1158,2025-09-01 19:18:00,49804.0,145.73,0
N1159,2025-09-01 19:19:00,19338.0,39.46,0
N1160,2025-09-01 19:20:00,78669.0,4.48,0
N1161,2025-09-01 19:21:00,7520.0,539.66,0
N1162,2025-09-01 19:22:00,54614.0,13.6,0
N1163,2025-09-01 19:23:00,60841.0,10.53,0
N1164,2025-09-01 19:24:00,132535.0,151.8,0
N1165,2025-09-01 19:25:00,158518.0,626.25,0
N1166,2025-09-01 19:26:00,36186.0,217.95,0
N1167,2025-09-01 19:27:00,51503.0,95.96,0
N1168,2025-09-01 19:28:00,27830.0,98.96,0
N1169,2025-09-01 19:29:00,19379.0,128.18,0
N1170,2025-09-01 19:30:00,81625.0,116.62,0
N1171,2025-09-01 19:31:00,16754.0,72.33,0
N1172,2025-09-01 19:32:00,39552.0,60.59,0
N1173,2025-09-01 19:33:00,22133.0,51.29,0
N1174,2025-09-01 19:34:00,103744.0,25.69,0
N1175,2025-09-01 19:35:00,362736.0,41.24,0
N1176,2025-09-01 19:36:00,16292.0,10.04,0
N1177,2025-09-01 19:37:00,9386.0,49.48,0
N1178,2025-09-01 19:38:00,52845.0,20.32,0
N1179,2025-09-01 19:39:00,60821.0,18.11,0
N1180,2025-09-01 19:40:00,74508.0,65.36,0
N1181,2025-09-01 19:41:00,38318.0,219.64,0
N1182,2025-09-01 19:42:00,48989.0,136.77,0
N1183,2025-09-01 19:43:00,86466.0,11.35,0
N1184,2025-09-01 19:44:00,169470.0,20.29,0
N1185,2025-09-01 19:45:00,8476.0,139.88,0
N1186,2025-09-01 19:46:00,41401.0,20.44,0
N1187,2025-09-01 19:47:00,74147.0,43.61,0
N1188,2025-09-01 19:48:00,23909.0,94.64,0
N1189,2025-09-01 19:49:00,338125.0,20.73,0
N1190,2025-09-01 19:50:00,31716.0,60.67,0
N1191,2025-09-01 19:51:00,57452.0,14.38,0
N1192,2025-09-01 19:52:00,104404.0,29.92,0
N1193,2025-09-01 19:53:00,33147.0,75.17,0
N1194,2025-09-01 19:54:00,9447.0,11.1,0
N1195,2025-09-01 19:55:00,39001.0,84.82,0
N1196,2025-09-01 19:56:00,167618.0,53.54,0
N1197,2025-09-01 19:57:00,42749.0,94.87,0
N1198,2025-09-01 19:58:00,25683.0,68.3,0
N1199,2025-09-01 19:59:00,151096.0,213.61,0
N1200,2025-09-01 20:00:00,43012.0,61.88,0
N1201,2025-09-01 20:01:00,35948.0,35.54,0
N1202,2025-09-01 20:02:00,69526.0,61.7,0
N1203,2025-09-01 20:03:00,129411.0,94.0,0
N1204,2025-09-01 20:04:00,648044.0,57.33,0
N1205,2025-09-01 20:05:00,136932.0,56.86,0
N1206,2025-09-01 20:06:00,190964.0,27.06,0
N1207,2025-09-01 20:07:00,36099.0,28.14,0
N1208,2025-09-01 20:08:00,21464.0,13.43,0
N1209,2025-09-01 20:09:00,63725.0,314.06,0
N1210,2025-09-01 20:10:00,66647.0,15.74,0
N1211,2025-09-01 20:11:00,20363.0,27.31,0
N1212,2025-09-01 20:12:00,50247.0,26.62,0
N1213,2025-09-01 20:13:00,89261.0,133.61,0
N1214,2025-09-01 20:14:00,85853.0,40.65,0
N1215,2025-09-01 20:15:00,99140.0,190.14,0
N1216,2025-09-01 20:16:00,80095.0,27.84,0
N1217,2025-09-01 20:17:00,36062.0,72.17,0
N1218,2025-09-01 20:18:00,35814.0,23.68,0
N1219,2025-09-01 20:19:00,18053.0,466.45,0
N1220,2025-09-01 20:20:00,356744.0,16.65,0
N1221,2025-09-01 20:21:00,60685.0,74.43,0
N1222,2025-09-01 20:22:00,47817.0,102.9,0
N1223,2025-09-01 20:23:00,23652.0,82.58,0
N1224,2025-09-01 20:24:00,1127663.0,45.36,0
N1225,2025-09-01 20:25:00,20469.0,47.95,0
N1226,2025-09-01 20:26:00,38994.0,57.04,0
N1227,2025-09-01 20:27:00,90748.0,47.13,0
N1228,2025-09-01 20:28:00,109121.0,143.15,0
N1229,2025-09-01 20:29:00,156050.0,497.96,0
N1230,2025-09-01 20:30:00,364984.0,31.27,0
N1231,2025-09-01 20:31:00,99326.0,13.88,0
N1232,2025-09-01 20:32:00,20826.0,49.98,0
N1233,2025-09-01 20:33:00,46307.0,720.33,0
N1234,2025-09-01 20:34:00,81457.0,24.44,0
N1235,2025-09-01 20:35:00,473651.0,281.21,0
N1236,2025-09-01 20:36:00,14797.0,292.28,0
N1237,2025-09-01 20:37:00,199302.0,31.39,0
N1238,2025-09-01 20:38:00,71676.0,96.45,0
N1239,2025-09-01 20:39:00,138390.0,278.22,0
N1240,2025-09-01 20:40:00,54068.0,37.37,0
N1241,2025-09-01 20:41:00,25785.0,44.54,0
N1242,2025-09-01 20:42:00,126864.0,30.52,0
N1243,2025-09-01 20:43:00,115201.0,19.79,0
N1244,2025-09-01 20:44:00,158270.0,28.52,0
N1245,2025-09-01 20:45:00,59083.0,16.06,0
N1246,2025-09-01 20:46:00,32865.0,56.49,0
N1247,2025-09-01 20:47:00,12597.0,25.28,0
N1248,2025-09-01 20:48:00,135859.0,68.98,0
N1249,2025-09-01 20:49:00,91481.0,11.52,0
N1250,2025-09-01 20:50:00,22793.0,76.01,0
N1251,2025-09-01 20:51:00,34941.0,125.65,0
N1252,2025-09-01 20:52:00,37543.0,7.44,0
N1253,2025-09-01 20:53:00,13589.0,79.36,0
N1254,2025-09-01 20:54:00,26432.0,186.36,0
N1255,2025-09-01 20:55:00,19267.0,16.29,0
N1256,2025-09-01 20:56:00,39637.0,290.78,0
N1257,2025-09-01 20:57:00,28604.0,83.01,0
N1258,2025-09-01 20:58:00,11766.0,26.98,0
N1259,2025-09-01 20:59:00,452521.0,51.64,0
N1260,2025-09-01 21:00:00,209513.0,95.42,0
N1261,2025-09-01 21:01:00,27474.0,58.91,0
N1262,2025-09-01 21:02:00,78623.0,93.57,0
N1263,2025-09-01 21:03:00,90895.0,21.74,0
N1264,2025-09-01 21:04:00,197025.0,64.67,0
N1265,2025-09-01 21:05:00,26407.0,13.28,0
N1266,2025-09-01 21:06:00,178458.0,48.85,0
N1267,2025-09-01 21:07:00,34617.0,22.11,0
N1268,2025-09-01 21:08:00,15743.0,26.17,0
N1269,2025-09-01 21:09:00,123517.0,187.93,0
N1270,2025-09-01 21:10:00,217675.0,162.6,0
N1271,2025-09-01 21:11:00,796442.0,100.4,0
N1272,2025-09-01 21:12:00,18039.0,18.31,0
N1273,2025-09-01 21:13:00,120442.0,39.79,0
N1274,2025-09-01 21:14:00,39743.0,183.66,0
N1275,2025-09-01 21:15:00,131053.0,62.91,0
N1276,2025-09-01 21:16:00,13760.0,555.2,0
N1277,2025-09-01 21:17:00,16937.0,80.91,0
N1278,2025-09-01 21:18:00,27560.0,66.16,0
N1279,2025-09-01 21:19:00,64794.0,40.08,0
N1280,2025-09-01 21:20:00,31537.0,62.4,0
N1281,2025-09-01 21:21:00,115735.0,46.88,0
N1282,2025-09-01 21:22:00,167191.0,110.84,0
N1283,2025-09-01 21:23:00,109052.0,142.12,0
N1284,2025-09-01 21:24:00,302183.0,24.88,0
N1285,2025-09-01 21:25:00,90747.0,14.42,0
N1286,2025-09-01 21:26:00,17732.0,8.7,0
N1287,2025-09-01 21:27:00,234070.0,90.74,0
N1288,2025-09-01 21:28:00,32691.0,18.11,0
N1289,2025-09-01 21:29:00,148809.0,6.34,0
N1290,2025-09-01 21:30:00,288871.0,80.53,0
N1291,2025-09-01 21:31:00,94531.0,660.5,0
N1292,2025-09-01 21:32:00,13411.0,54.27,0
N1293,2025-09-01 21:33:00,23904.0,126.28,0
N1294,2025-09-01 21:34:00,224750.0,59.25,0
N1295,2025-09-01 21:35:00,50558.0,49.46,0
N1296,2025-09-01 21:36:00,64833.0,136.88,0
N1297,2025-09-01 21:37:00,127877.0,40.84,0
N1298,2025-09-01 21:38:00,120129.0,71.34,0
N1299,2025-09-01 21:39:00,79126.0,75.32,0
N1300,2025-09-01 21:40:00,48598.0,27.99,0
N1301,2025-09-01 21:41:00,43797.0,147.24,0
N1302,2025-09-01 21:42:00,141195.0,45.83,0
N1303,2025-09-01 21:43:00,104148.0,25.64,0
N1304,2025-09-01 21:44:00,46291.0,93.36,0
N1305,2025-09-01 21:45:00,176683.0,22.23,0
N1306,2025-09-01 21:46:00,52626.0,56.16,0
N1307,2025-09-01 21:47:00,25549.0,54.1,0
N1308,2025-09-01 21:48:00,28030.0,161.72,0
N1309,2025-09-01 21:49:00,22500.0,87.77,0
N1310,2025-09-01 21:50:00,45597.0,53.25,0
N1311,2025-09-01 21:51:00,205607.0,123.69,0
N1312,2025-09-01 21:52:00,26766.0,219.25,0
N1313,2025-09-01 21:53:00,72293.0,95.37,0
N1314,2025-09-01 21:54:00,31049.0,55.17,0
N1315,2025-09-01 21:55:00,46152.0,14.7,0
N1316,2025-09-01 21:56:00,13226.0,18.82,0
N1317,2025-09-01 21:57:00,48024.0,40.24,0
N1318,2025-09-01 21:58:00,49330.0,29.68,0
N1319,2025-09-01 21:59:00,102774.0,45.29,0
N1320,2025-09-01 22:00:00,74853.0,57.78,0
N1321,2025-09-01 22:01:00,18063.0,92.73,0
N1322,2025-09-01 22:02:00,177052.0,50.88,0
N1323,2025-09-01 22:03:00,73888.0,88.81,0
N1324,2025-09-01 22:04:00,73013.0,58.23,0
N1325,2025-09-01 22:05:00,59327.0,7.57,0
N1326,2025-09-01 22:06:00,35676.0,21.34,0
N1327,2025-09-01 22:07:00,74444.0,47.27,0
N1328,2025-09-01 22:08:00,96335.0,16.29,0
N1329,2025-09-01 22:09:00,10437.0,99.48,0
N1330,2025-09-01 22:10:00,34935.0,252.33,0
N1331,2025-09-01 22:11:00,46400.0,184.71,0
N1332,2025-09-01 22:12:00,77356.0,44.1,0
N1333,2025-09-01 22:13:00,197464.0,242.43,0
N1334,2025-09-01 22:14:00,27674.0,63.35,0
N1335,2025-09-01 22:15:00,36390.0,38.97,0
N1336,2025-09-01 22:16:00,35863.0,29.57,0
N1337,2025-09-01 22:17:00,26862.0,40.35,0
N1338,2025-09-01 22:18:00,42311.0,37.03,0
N1339,2025-09-01 22:19:00,129418.0,64.74,0
N1340,2025-09-01 22:20:00,20872.0,64.11,0
N1341,2025-09-01 22:21:00,91841.0,54.76,0
N1342,2025-09-01 22:22:00,10917.0,84.52,0
N1343,2025-09-01 22:23:00,34155.0,179.58,0
N1344,2025-09-01 22:24:00,43067.0,141.11,0
N1345,2025-09-01 22:25:00,319611.0,12.37,0
N1346,2025-09-01 22:26:00,45488.0,4.25,0
N1347,2025-09-01 22:27:00,6626.0,138.98,0
N1348,2025-09-01 22:28:00,8112.0,13.92,0
N1349,2025-09-01 22:29:00,61947.0,43.61,0
N1350,2025-09-01 22:30:00,110611.0,16.94,0
N1351,2025-09-01 22:31:00,87156.0,9.01,0
N1352,2025-09-01 22:32:00,70797.0,93.83,0
N1353,2025-09-01 22:33:00,191427.0,116.65,0
N1354,2025-09-01 22:34:00,34906.0,30.68,0
N1355,2025-09-01 22:35:00,146519.0,4.09,0
N1356,2025-09-01 22:36:00,11708.0,31.62,0
N1357,2025-09-01 22:37:00,24223.0,80.79,0
N1358,2025-09-01 22:38:00,9828.0,12.44,0
N1359,2025-09-01 22:39:00,45486.0,65.59,0
N1360,2025-09-01 22:40:00,57167.0,53.77,0
N1361,2025-09-01 22:41:00,67111.0,97.45,0
N1362,2025-09-01 22:42:00,63696.0,61.53,0
N1363,2025-09-01 22:43:00,23681.0,20.63,0
N1364,2025-09-01 22:44:00,49502.0,180.65,0
N1365,2025-09-01 22:45:00,13394.0,46.59,0
N1366,2025-09-01 22:46:00,234036.0,53.13,0
N1367,2025-09-01 22:47:00,44195.0,21.47,0
N1368,2025-09-01 22:48:00,36721.0,35.05,0
N1369,2025-09-01 22:49:00,293297.0,22.54,0
N1370,2025-09-01 22:50:00,17288.0,45.93,0
N1371,2025-09-01 22:51:00,19427.0,302.39,0
N1372,2025-09-01 22:52:00,20006.0,13.85,0
N1373,2025-09-01 22:53:00,55945.0,10.87,0
N1374,2025-09-01 22:54:00,92192.0,237.74,0
N1375,2025-09-01 22:55:00,125452.0,44.29,0
N1376,2025-09-01 22:56:00,783868.0,27.96,0
N1377,2025-09-01 22:57:00,6314.0,154.46,0
N1378,2025-09-01 22:58:00,110055.0,29.8,0
N1379,2025-09-01 22:59:00,34299.0,339.0,0
N1380,2025-09-01 23:00:00,33309.0,107.55,0
N1381,2025-09-01 23:01:00,32216.0,33.52,0
N1382,2025-09-01 23:02:00,24130.0,472.16,0
N1383,2025-09-01 23:03:00,322715.0,29.79,0
N1384,2025-09-01 23:04:00,139009.0,114.67,0
N1385,2025-09-01 23:05:00,61279.0,73.65,0
N1386,2025-09-01 23:06:00,231195.0,200.69,0
N1387,2025-09-01 23:07:00,13193.0,260.22,0
N1388,2025-09-01 23:08:00,15824.0,56.37,0
N1389,2025-09-01 23:09:00,6782.0,25.7,0
N1390,2025-09-01 23:10:00,29750.0,86.49,0
N1391,2025-09-01 23:11:00,70382.0,27.72,0
N1392,2025-09-01 23:12:00,66361.0,408.87,0
N1393,2025-09-01 23:13:00,69518.0,62.59,0
N1394,2025-09-01 23:14:00,14602.0,37.89,0
N1395,2025-09-01 23:15:00,133673.0,65.67,0
N1396,2025-09-01 23:16:00,76087.0,14.19,0
N1397,2025-09-01 23:17:00,124624.0,20.66,0
N1398,2025-09-01 23:18:00,9020.0,181.35,0
N1399,2025-09-01 23:19:00,81756.0,28.31,0
N1400,2025-09-01 23:20:00,18256.0,19.17,0
N1401,2025-09-01 23:21:00,40242.0,93.38,0
N1402,2025-09-01 23:22:00,102167.0,178.7,0
N1403,2025-09-01 23:23:00,65584.0,112.05,0
N1404,2025-09-01 23:24:00,25552.0,147.83,0
N1405,2025-09-01 23:25:00,60251.0,25.62,0
N1406,2025-09-01 23:26:00,12945.0,13.17,0
N1407,2025-09-01 23:27:00,189145.0,245.02,0
N1408,2025-09-01 23:28:00,48762.0,39.54,0
N1409,2025-09-01 23:29:00,183240.0,42.49,0
N1410,2025-09-01 23:30:00,35365.0,206.07,0
N1411,2025-09-01 23:31:00,35469.0,95.22,0
N1412,2025-09-01 23:32:00,27884.0,86.13,0
N1413,2025-09-01 23:33:00,143799.0,475.8,0
N1414,2025-09-01 23:34:00,29454.0,28.69,0
N1415,2025-09-01 23:35:00,114073.0,138.08,0
N1416,2025-09-01 23:36:00,40845.0,57.8,0
N1417,2025-09-01 23:37:00,8300.0,71.42,0
N1418,2025-09-01 23:38:00,33850.0,251.76,0
N1419,2025-09-01 23:39:00,18414.0,90.73,0
N1420,2025-09-01 23:40:00,61939.0,93.53,0
N1421,2025-09-01 23:41:00,18208.0,159.57,0
N1422,2025-09-01 23:42:00,151142.0,37.9,0
N1423,2025-09-01 23:43:00,54662.0,23.59,0
N1424,2025-09-01 23:44:00,50131.0,19.21,0
N1425,2025-09-01 23:45:00,115369.0,7.64,0
N1426,2025-09-01 23:46:00,156985.0,426.75,0
N1427,2025-09-01 23:47:00,58683.0,18.12,0
N1428,2025-09-01 23:48:00,27689.0,43.76,0
N1429,2025-09-01 23:49:00,10158.0,41.4,0
N1430,2025-09-01 23:50:00,30150.0,74.25,0
N1431,2025-09-01 23:51:00,32299.0,123.44,0
N1432,2025-09-01 23:52:00,66640.0,129.09,0
N1433,2025-09-01 23:53:00,42398.0,30.48,0
N1434,2025-09-01 23:54:00,119126.0,46.2,0
N1435,2025-09-01 23:55:00,32436.0,72.43,0
N1436,2025-09-01 23:56:00,56554.0,42.58,0
N1437,2025-09-01 23:57:00,195631.0,272.42,0
N1438,2025-09-01 23:58:00,84274.0,89.21,0
N1439,2025-09-01 23:59:00,56385.0,113.85,0
N1440,2025-09-02 00:00:00,32796.0,105.94,0
N1441,2025-09-02 00:01:00,31786.0,176.53,0
N1442,2025-09-02 00:02:00,25575.0,65.43,0
N1443,2025-09-02 00:03:00,34856.0,14.93,0
N1444,2025-09-02 00:04:00,127474.0,81.43,0
N1445,2025-09-02 00:05:00,47959.0,28.46,0
N1446,2025-09-02 00:06:00,15525.0,32.18,0
N1447,2025-09-02 00:07:00,350869.0,98.14,0
N1448,2025-09-02 00:08:00,82451.0,188.35,0
N1449,2025-09-02 00:09:00,14663.0,55.77,0
N1450,2025-09-02 00:10:00,38490.0,74.35,0
N1451,2025-09-02 00:11:00,66895.0,299.53,0
N1452,2025-09-02 00:12:00,329256.0,69.46,0
N1453,2025-09-02 00:13:00,19769.0,736.33,0
N1454,2025-09-02 00:14:00,158902.0,96.11,0
N1455,2025-09-02 00:15:00,242677.0,9.39,0
N1456,2025-09-02 00:16:00,31931.0,115.97,0
N1457,2025-09-02 00:17:00,45365.0,79.93,0
N1458,2025-09-02 00:18:00,21241.0,198.29,0
N1459,2025-09-02 00:19:00,48851.0,107.04,0
N1460,2025-09-02 00:20:00,57723.0,47.54,0
N1461,2025-09-02 00:21:00,115803.0,16.05,0
N1462,2025-09-02 00:22:00,178115.0,44.3,0
N1463,2025-09-02 00:23:00,28336.0,23.32,0
N1464,2025-09-02 00:24:00,8372.0,30.55,0
N1465,2025-09-02 00:25:00,58616.0,98.35,0
N1466,2025-09-02 00:26:00,80301.0,290.01,0
N1467,2025-09-02 00:27:00,76835.0,81.02,0
N1468,2025-09-02 00:28:00,43188.0,16.51,0
N1469,2025-09-02 00:29:00,67829.0,85.17,0
N1470,2025-09-02 00:30:00,272514.0,180.66,0
N1471,2025-09-02 00:31:00,87705.0,29.67,0
N1472,2025-09-02 00:32:00,41218.0,47.75,0
N1473,2025-09-02 00:33:00,36308.0,55.41,0
N1474,2025-09-02 00:34:00,50521.0,24.91,0
N1475,2025-09-02 00:35:00,307657.0,104.41,0
N1476,2025-09-02 00:36:00,49846.0,48.38,0
N1477,2025-09-02 00:37:00,58701.0,83.06,0
N1478,2025-09-02 00:38:00,36964.0,22.48,0
N1479,2025-09-02 00:39:00,179689.0,35.25,0
N1480,2025-09-02 00:40:00,424997.0,112.44,0
N1481,2025-09-02 00:41:00,93959.0,37.61,0
N1482,2025-09-02 00:42:00,65041.0,307.04,0
N1483,2025-09-02 00:43:00,62117.0,36.61,0
N1484,2025-09-02 00:44:00,5518.0,68.35,0
N1485,2025-09-02 00:45:00,126140.0,138.74,0
N1486,2025-09-02 00:46:00,68471.0,13.22,0
N1487,2025-09-02 00:47:00,91890.0,9.39,0
N1488,2025-09-02 00:48:00,29394.0,11.87,0
N1489,2025-09-02 00:49:00,40764.0,192.98,0
N1490,2025-09-02 00:50:00,39695.0,31.44,0
N1491,2025-09-02 00:51:00,166312.0,705.0,0
N1492,2025-09-02 00:52:00,40996.0,31.05,0
N1493,2025-09-02 00:53:00,480537.0,65.66,0
N1494,2025-09-02 00:54:00,92121.0,255.22,0
N1495,2025-09-02 00:55:00,16719.0,405.89,0
N1496,2025-09-02 00:56:00,52652.0,429.02,0
N1497,2025-09-02 00:57:00,31205.0,182.8,0
N1498,2025-09-02 00:58:00,6672.0,152.03,0
N1499,2025-09-02 00:59:00,296402.0,98.74,0
N1500,2025-09-02 01:00:00,120951.0,118.91,0
N1501,2025-09-02 01:01:00,102049.0,31.46,0
N1502,2025-09-02 01:02:00,70644.0,24.09,0
N1503,2025-09-02 01:03:00,15033.0,54.41,0
N1504,2025-09-02 01:04:00,36915.0,46.05,0
N1505,2025-09-02 01:05:00,138938.0,34.7,0
N1506,2025-09-02 01:06:00,20927.0,109.55,0
N1507,2025-09-02 01:07:00,4761.0,141.93,0
N1508,2025-09-02 01:08:00,47710.0,59.64,0
N1509,2025-09-02 01:09:00,51961.0,239.26,0
N1510,2025-09-02 01:10:00,68567.0,17.43,0
N1511,2025-09-02 01:11:00,124060.0,44.99,0
N1512,2025-09-02 01:12:00,113279.0,26.66,0
N1513,2025-09-02 01:13:00,77557.0,8.44,0
N1514,2025-09-02 01:14:00,197903.0,50.27,0
N1515,2025-09-02 01:15:00,13109.0,48.34,0
N1516,2025-09-02 01:16:00,99169.0,248.01,0
N1517,2025-09-02 01:17:00,112032.0,102.6,0
N1518,2025-09-02 01:18:00,17334.0,19.61,0
N1519,2025-09-02 01:19:00,13321.0,348.66,0
N1520,2025-09-02 01:20:00,28398.0,185.13,0
N1521,2025-09-02 01:21:00,30898.0,97.72,0
N1522,2025-09-02 01:22:00,127188.0,43.53,0
N1523,2025-09-02 01:23:00,32385.0,20.92,0
N1524,2025-09-02 01:24:00,25429.0,37.63,0
N1525,2025-09-02 01:25:00,32480.0,162.19,0
N1526,2025-09-02 01:26:00,183255.0,359.45,0
N1527,2025-09-02 01:27:00,60660.0,255.51,0
N1528,2025-09-02 01:28:00,50049.0,33.49,0
N1529,2025-09-02 01:29:00,53637.0,17.82,0
N1530,2025-09-02 01:30:00,217959.0,62.86,0
N1531,2025-09-02 01:31:00,28306.0,9.31,0
N1532,2025-09-02 01:32:00,223130.0,75.43,0
N1533,2025-09-02 01:33:00,73902.0,47.11,0
N1534,2025-09-02 01:34:00,51000.0,34.26,0
N1535,2025-09-02 01:35:00,730074.0,11.08,0
N1536,2025-09-02 01:36:00,20834.0,91.25,0
N1537,2025-09-02 01:37:00,42037.0,32.05,0
N1538,2025-09-02 01:38:00,17458.0,16.95,0
N1539,2025-09-02 01:39:00,155199.0,3.09,0
N1540,2025-09-02 01:40:00,324224.0,53.12,0
N1541,2025-09-02 01:41:00,318037.0,321.26,0
N1542,2025-09-02 01:42:00,203607.0,287.51,0
N1543,2025-09-02 01:43:00,49138.0,34.57,0
N1544,2025-09-02 01:44:00,41554.0,29.9,0
N1545,2025-09-02 01:45:00,11258.0,87.25,0
N1546,2025-09-02 01:46:00,458572.0,20.12,0
N1547,2025-09-02 01:47:00,95700.0,73.83,0
N1548,2025-09-02 01:48:00,36609.0,117.46,0
N1549,2025-09-02 01:49:00,225947.0,186.22,0
N1550,2025-09-02 01:50:00,22635.0,49.39,0
N1551,2025-09-02 01:51:00,89915.0,44.54,0
N1552,2025-09-02 01:52:00,50381.0,22.69,0
N1553,2025-09-02 01:53:00,113400.0,23.88,0
N1554,2025-09-02 01:54:00,56186.0,43.53,0
N1555,2025-09-02 01:55:00,14032.0,78.84,0
N1556,2025-09-02 01:56:00,64575.0,136.13,0
N1557,2025-09-02 01:57:00,170905.0,24.45,0
N1558,2025-09-02 01:58:00,58150.0,242.91,0
N1559,2025-09-02 01:59:00,129977.0,41.63,0
N1560,2025-09-02 02:00:00,21046.0,53.44,0
N1561,2025-09-02 02:01:00,58322.0,25.86,0
N1562,2025-09-02 02:02:00,32064.0,4.83,0
N1563,2025-09-02 02:03:00,126371.0,132.16,0
N1564,2025-09-02 02:04:00,61790.0,114.07,0
N1565,2025-09-02 02:05:00,119381.0,41.21,0
N1566,2025-09-02 02:06:00,177675.0,58.38,0
N1567,2025-09-02 02:07:00,119565.0,91.46,0
N1568,2025-09-02 02:08:00,78678.0,11.44,0
N1569,2025-09-02 02:09:00,22066.0,32.17,0
N1570,2025-09-02 02:10:00,59708.0,120.82,0
N1571,2025-09-02 02:11:00,35133.0,15.58,0
N1572,2025-09-02 02:12:00,42444.0,73.23,0
N1573,2025-09-02 02:13:00,41170.0,14.06,0
N1574,2025-09-02 02:14:00,22473.0,87.05,0
N1575,2025-09-02 02:15:00,8456.0,52.69,0
N1576,2025-09-02 02:16:00,30695.0,10.86,0
N1577,2025-09-02 02:17:00,72648.0,174.99,0
N1578,2025-09-02 02:18:00,15550.0,26.19,0
N1579,2025-09-02 02:19:00,60821.0,24.28,0
N1580,2025-09-02 02:20:00,400420.0,66.72,0
N1581,2025-09-02 02:21:00,166551.0,172.2,0
N1582,2025-09-02 02:22:00,309756.0,19.77,0
N1583,2025-09-02 02:23:00,88533.0,58.07,0
N1584,2025-09-02 02:24:00,192434.0,83.83,0
N1585,2025-09-02 02:25:00,29029.0,109.19,0
N1586,2025-09-02 02:26:00,31434.0,65.13,0
N1587,2025-09-02 02:27:00,3869.0,37.83,0
N1588,2025-09-02 02:28:00,196054.0,23.86,0
N1589,2025-09-02 02:29:00,279379.0,59.51,0
N1590,2025-09-02 02:30:00,34435.0,18.69,0
N1591,2025-09-02 02:31:00,46446.0,2.94,0
N1592,2025-09-02 02:32:00,28174.0,84.48,0
N1593,2025-09-02 02:33:00,87786.0,134.82,0
N1594,2025-09-02 02:34:00,184413.0,5.14,0
N1595,2025-09-02 02:35:00,10480.0,19.89,0
N1596,2025-09-02 02:36:00,90169.0,101.41,0
N1597,2025-09-02 02:37:00,45403.0,427.3,0
N1598,2025-09-02 02:38:00,67063.0,55.75,0
N1599,2025-09-02 02:39:00,94750.0,26.36,0
N1600,2025-09-02 02:40:00,49603.0,45.47,0
N1601,2025-09-02 02:41:00,53982.0,215.91,0
N1602,2025-09-02 02:42:00,48345.0,28.62,0
N1603,2025-09-02 02:43:00,157995.0,24.55,0
N1604,2025-09-02 02:44:00,91013.0,33.69,0
N1605,2025-09-02 02:45:00,74651.0,21.05,0
N1606,2025-09-02 02:46:00,16799.0,61.72,0
N1607,2025-09-02 02:47:00,41004.0,277.18,0
N1608,2025-09-02 02:48:00,147071.0,75.42,0
N1609,2025-09-02 02:49:00,62174.0,42.42,0
N1610,2025-09-02 02:50:00,115790.0,40.78,0
N1611,2025-09-02 02:51:00,350288.0,11.44,0
N1612,2025-09-02 02:52:00,169161.0,132.04,0
N1613,2025-09-02 02:53:00,65720.0,50.51,0
N1614,2025-09-02 02:54:00,35919.0,45.58,0
N1615,2025-09-02 02:55:00,4659.0,1330.23,0
N1616,2025-09-02 02:56:00,50595.0,73.61,0
N1617,2025-09-02 02:57:00,43217.0,25.74,0
N1618,2025-09-02 02:58:00,88465.0,35.65,0
N1619,2025-09-02 02:59:00,51333.0,172.16,0
N1620,2025-09-02 03:00:00,43461.0,61.15,0
N1621,2025-09-02 03:01:00,10103.0,12.96,0
N1622,2025-09-02 03:02:00,23389.0,136.9,0
N1623,2025-09-02 03:03:00,96438.0,27.99,0
N1624,2025-09-02 03:04:00,333003.0,355.42,0
N1625,2025-09-02 03:05:00,54311.0,160.78,0
N1626,2025-09-02 03:06:00,83101.0,34.91,0
N1627,2025-09-02 03:07:00,155201.0,196.57,0
N1628,2025-09-02 03:08:00,26612.0,58.43,0
N1629,2025-09-02 03:09:00,86406.0,128.1,0
N1630,2025-09-02 03:10:00,28553.0,88.65,0
N1631,2025-09-02 03:11:00,142176.0,23.42,0
N1632,2025-09-02 03:12:00,69661.0,28.69,0
N1633,2025-09-02 03:13:00,80697.0,152.93,0
N1634,2025-09-02 03:14:00,27375.0,39.06,0
N1635,2025-09-02 03:15:00,121423.0,36.46,0
N1636,2025-09-02 03:16:00,481525.0,21.01,0
N1637,2025-09-02 03:17:00,21853.0,83.4,0
N1638,2025-09-02 03:18:00,42627.0,429.46,0
N1639,2025-09-02 03:19:00,75479.0,18.77,0
N1640,2025-09-02 03:20:00,131453.0,55.94,0
N1641,2025-09-02 03:21:00,34216.0,224.13,0
N1642,2025-09-02 03:22:00,3523.0,50.42,0
N1643,2025-09-02 03:23:00,233092.0,85.83,0
N1644,2025-09-02 03:24:00,128092.0,18.87,0
N1645,2025-09-02 03:25:00,10478.0,83.79,0
N1646,2025-09-02 03:26:00,32612.0,45.28,0
N1647,2025-09-02 03:27:00,287271.0,146.31,0
N1648,2025-09-02 03:28:00,254688.0,179.0,0
N1649,2025-09-02 03:29:00,153068.0,727.46,0
N1650,2025-09-02 03:30:00,50206.0,97.48,0
N1651,2025-09-02 03:31:00,65055.0,75.63,0
N1652,2025-09-02 03:32:00,52527.0,66.31,0
N1653,2025-09-02 03:33:00,185024.0,38.35,0
N1654,2025-09-02 03:34:00,24938.0,76.59,0
N1655,2025-09-02 03:35:00,26748.0,40.63,0
N1656,2025-09-02 03:36:00,164436.0,64.62,0
N1657,2025-09-02 03:37:00,57276.0,203.89,0
N1658,2025-09-02 03:38:00,237629.0,19.95,0
N1659,2025-09-02 03:39:00,30592.0,170.7,0
N1660,2025-09-02 03:40:00,56683.0,203.8,0
N1661,2025-09-02 03:41:00,23803.0,48.52,0
N1662,2025-09-02 03:42:00,60317.0,6.54,0
N1663,2025-09-02 03:43:00,13649.0,29.73,0
N1664,2025-09-02 03:44:00,36767.0,199.74,0
N1665,2025-09-02 03:45:00,14239.0,53.36,0
N1666,2025-09-02 03:46:00,119841.0,20.1,0
N1667,2025-09-02 03:47:00,122589.0,32.96,0
N1668,2025-09-02 03:48:00,10612.0,126.55,0
N1669,2025-09-02 03:49:00,227268.0,94.32,0
N1670,2025-09-02 03:50:00,727533.0,42.99,0
N1671,2025-09-02 03:51:00,62693.0,37.83,0
N1672,2025-09-02 03:52:00,31536.0,36.9,0
N1673,2025-09-02 03:53:00,1008859.0,21.71,0
N1674,2025-09-02 03:54:00,16011.0,274.62,0
N1675,2025-09-02 03:55:00,61090.0,39.55,0
N1676,2025-09-02 03:56:00,71655.0,184.41,0
N1677,2025-09-02 03:57:00,229842.0,249.96,0
N1678,2025-09-02 03:58:00,85797.0,148.16,0
N1679,2025-09-02 03:59:00,36365.0,35.46,0
N1680,2025-09-02 04:00:00,23128.0,81.76,0
N1681,2025-09-02 04:01:00,42539.0,53.29,0
N1682,2025-09-02 04:02:00,21874.0,22.12,0
N1683,2025-09-02 04:03:00,62807.0,75.52,0
N1684,2025-09-02 04:04:00,34057.0,16.79,0
N1685,2025-09-02 04:05:00,13440.0,179.05,0
N1686,2025-09-02 04:06:00,210059.0,34.31,0
N1687,2025-09-02 04:07:00,36400.0,66.76,0
N1688,2025-09-02 04:08:00,16846.0,72.48,0
N1689,2025-09-02 04:09:00,50602.0,42.14,0
N1690,2025-09-02 04:10:00,64111.0,98.17,0
N1691,2025-09-02 04:11:00,10441.0,33.96,0
N1692,2025-09-02 04:12:00,83420.0,130.49,0
N1693,2025-09-02 04:13:00,21012.0,14.21,0
N1694,2025-09-02 04:14:00,331383.0,61.95,0
N1695,2025-09-02 04:15:00,101110.0,379.53,0
N1696,2025-09-02 04:16:00,40139.0,20.08,0
N1697,2025-09-02 04:17:00,28420.0,27.72,0
N1698,2025-09-02 04:18:00,53908.0,91.28,0
N1699,2025-09-02 04:19:00,110502.0,65.34,0
N1700,2025-09-02 04:20:00,58367.0,77.53,0
N1701,2025-09-02 04:21:00,48187.0,89.05,0
N1702,2025-09-02 04:22:00,63473.0,103.0,0
N1703,2025-09-02 04:23:00,32733.0,165.62,0
N1704,2025-09-02 04:24:00,42480.0,82.25,0
N1705,2025-09-02 04:25:00,7437.0,42.89,0
N1706,2025-09-02 04:26:00,158534.0,106.97,0
N1707,2025-09-02 04:27:00,80725.0,364.99,0
N1708,2025-09-02 04:28:00,27627.0,47.82,0
N1709,2025-09-02 04:29:00,399806.0,20.6,0
N1710,2025-09-02 04:30:00,65318.0,165.19,0
N1711,2025-09-02 04:31:00,21245.0,48.41,0
N1712,2025-09-02 04:32:00,141031.0,6.22,0
N1713,2025-09-02 04:33:00,89148.0,127.41,0
N1714,2025-09-02 04:34:00,88839.0,31.97,0
N1715,2025-09-02 04:35:00,39114.0,49.87,0
N1716,2025-09-02 04:36:00,93948.0,76.09,0
N1717,2025-09-02 04:37:00,46085.0,66.06,0
N1718,2025-09-02 04:38:00,104395.0,110.99,0
N1719,2025-09-02 04:39:00,8911.0,35.32,0
N1720,2025-09-02 04:40:00,38798.0,91.2,0
N1721,2025-09-02 04:41:00,335090.0,42.12,0
N1722,2025-09-02 04:42:00,27804.0,114.3,0
N1723,2025-09-02 04:43:00,32734.0,101.02,0
N1724,2025-09-02 04:44:00,38255.0,21.43,0
N1725,2025-09-02 04:45:00,17769.0,161.74,0
N1726,2025-09-02 04:46:00,6580.0,31.95,0
N1727,2025-09-02 04:47:00,47544.0,122.49,0
N1728,2025-09-02 04:48:00,68587.0,78.83,0
N1729,2025-09-02 04:49:00,56812.0,343.16,0
N1730,2025-09-02 04:50:00,51799.0,43.66,0
N1731,2025-09-02 04:51:00,62507.0,38.5,0
N1732,2025-09-02 04:52:00,166515.0,53.55,0
N1733,2025-09-02 04:53:00,49491.0,40.32,0
N1734,2025-09-02 04:54:00,33722.0,121.5,0
N1735,2025-09-02 04:55:00,45201.0,10.84,0
N1736,2025-09-02 04:56:00,106868.0,19.04,0
N1737,2025-09-02 04:57:00,245739.0,18.77,0
N1738,2025-09-02 04:58:00,31948.0,141.22,0
N1739,2025-09-02 04:59:00,66101.0,302.06,0
N1740,2025-09-02 05:00:00,83982.0,49.18,0
N1741,2025-09-02 05:01:00,22191.0,46.12,0
N1742,2025-09-02 05:02:00,61109.0,58.56,0
N1743,2025-09-02 05:03:00,13826.0,174.49,0
N1744,2025-09-02 05:04:00,10208.0,21.6,0
N1745,2025-09-02 05:05:00,86400.0,69.29,0
N1746,2025-09-02 05:06:00,40787.0,144.78,0
N1747,2025-09-02 05:07:00,73297.0,90.12,0
N1748,2025-09-02 05:08:00,58812.0,66.0,0
N1749,2025-09-02 05:09:00,22552.0,148.57,0
N1750,2025-09-02 05:10:00,57225.0,3.66,0
N1751,2025-09-02 05:11:00,17447.0,107.54,0
N1752,2025-09-02 05:12:00,240620.0,28.39,0
N1753,2025-09-02 05:13:00,15429.0,8.75,0
N1754,2025-09-02 05:14:00,49228.0,91.03,0
N1755,2025-09-02 05:15:00,21115.0,215.65,0
N1756,2025-09-02 05:16:00,105918.0,47.59,0
N1757,2025-09-02 05:17:00,42983.0,141.58,0
N1758,2025-09-02 05:18:00,35644.0,273.77,0
N1759,2025-09-02 05:19:00,140534.0,203.35,0
N1760,2025-09-02 05:20:00,61662.0,281.45,0
N1761,2025-09-02 05:21:00,100373.0,114.68,0
N1762,2025-09-02 05:22:00,22442.0,58.88,0
N1763,2025-09-02 05:23:00,14694.0,11.0,0
N1764,2025-09-02 05:24:00,66650.0,42.69,0
N1765,2025-09-02 05:25:00,43528.0,23.49,0
N1766,2025-09-02 05:26:00,112020.0,478.64,0
N1767,2025-09-02 05:27:00,55276.0,45.79,0
N1768,2025-09-02 05:28:00,73503.0,61.76,0
N1769,2025-09-02 05:29:00,11809.0,94.77,0
N1770,2025-09-02 05:30:00,395710.0,57.03,0
N1771,2025-09-02 05:31:00,50805.0,297.39,0
N1772,2025-09-02 05:32:00,120281.0,29.29,0
N1773,2025-09-02 05:33:00,25950.0,66.33,0
N1774,2025-09-02 05:34:00,81472.0,25.99,0
N1775,2025-09-02 05:35:00,16271.0,14.58,0
N1776,2025-09-02 05:36:00,94096.0,29.61,0
N1777,2025-09-02 05:37:00,41941.0,52.61,0
N1778,2025-09-02 05:38:00,61648.0,35.54,0
N1779,2025-09-02 05:39:00,120328.0,27.32,0
N1780,2025-09-02 05:40:00,17456.0,13.38,0
N1781,2025-09-02 05:41:00,30197.0,50.24,0
N1782,2025-09-02 05:42:00,94592.0,12.13,0
N1783,2025-09-02 05:43:00,488074.0,116.75,0
N1784,2025-09-02 05:44:00,52152.0,59.29,0
N1785,2025-09-02 05:45:00,108135.0,12.71,0
N1786,2025-09-02 05:46:00,53800.0,40.08,0
N1787,2025-09-02 05:47:00,417586.0,25.73,0
N1788,2025-09-02 05:48:00,10434.0,75.13,0
N1789,2025-09-02 05:49:00,65816.0,208.61,0
N1790,2025-09-02 05:50:00,11784.0,8.37,0
N1791,2025-09-02 05:51:00,4883.0,61.25,0
N1792,2025-09-02 05:52:00,80617.0,46.52,0
N1793,2025-09-02 05:53:00,68837.0,106.84,0
N1794,2025-09-02 05:54:00,45034.0,67.57,0
N1795,2025-09-02 05:55:00,53842.0,25.74,0
N1796,2025-09-02 05:56:00,1326825.0,39.68,0
N1797,2025-09-02 05:57:00,46250.0,24.63,0
N1798,2025-09-02 05:58:00,99720.0,160.13,0
N1799,2025-09-02 05:59:00,31277.0,55.77,0
N1800,2025-09-02 06:00:00,80437.0,365.47,0
N1801,2025-09-02 06:01:00,47182.0,51.38,0
N1802,2025-09-02 06:02:00,39715.0,26.89,0
N1803,2025-09-02 06:03:00,369128.0,12.02,0
N1804,2025-09-02 06:04:00,194305.0,9.0,0
N1805,2025-09-02 06:05:00,68648.0,11.2,0
N1806,2025-09-02 06:06:00,5978.0,71.32,0
N1807,2025-09-02 06:07:00,41731.0,90.81,0
N1808,2025-09-02 06:08:00,893613.0,11.23,0
N1809,2025-09-02 06:09:00,47541.0,133.63,0
N1810,2025-09-02 06:10:00,180452.0,33.68,0
N1811,2025-09-02 06:11:00,253202.0,63.23,0
N1812,2025-09-02 06:12:00,74531.0,273.75,0
N1813,2025-09-02 06:13:00,25801.0,133.87,0
N1814,2025-09-02 06:14:00,5243.0,41.74,0
N1815,2025-09-02 06:15:00,118677.0,22.39,0
N1816,2025-09-02 06:16:00,26509.0,6.35,0
N1817,2025-09-02 06:17:00,71407.0,26.6,0
N1818,2025-09-02 06:18:00,17157.0,44.21,0
N1819,2025-09-02 06:19:00,45925.0,20.34,0
N1820,2025-09-02 06:20:00,61927.0,47.88,0
N1821,2025-09-02 06:21:00,78323.0,58.96,0
N1822,2025-09-02 06:22:00,19637.0,43.6,0
N1823,2025-09-02 06:23:00,198176.0,28.5,0
N1824,2025-09-02 06:24:00,32962.0,64.63,0
N1825,2025-09-02 06:25:00,11221.0,84.94,0
N1826,2025-09-02 06:26:00,53690.0,18.35,0
N1827,2025-09-02 06:27:00,61968.0,223.84,0
N1828,2025-09-02 06:28:00,70304.0,49.47,0
N1829,2025-09-02 06:29:00,233779.0,55.64,0
N1830,2025-09-02 06:30:00,47266.0,110.85,0
N1831,2025-09-02 06:31:00,53124.0,68.94,0
N1832,2025-09-02 06:32:00,19867.0,141.62,0
N1833,2025-09-02 06:33:00,136019.0,72.76,0
N1834,2025-09-02 06:34:00,71992.0,29.59,0
N1835,2025-09-02 06:35:00,39339.0,78.37,0
N1836,2025-09-02 06:36:00,8914.0,17.4,0
N1837,2025-09-02 06:37:00,253828.0,60.86,0
N1838,2025-09-02 06:38:00,17541.0,52.81,0
N1839,2025-09-02 06:39:00,33147.0,44.34,0
N1840,2025-09-02 06:40:00,85677.0,48.01,0
N1841,2025-09-02 06:41:00,18096.0,8.32,0
N1842,2025-09-02 06:42:00,13447.0,31.54,0
N1843,2025-09-02 06:43:00,7158.0,59.91,0
N1844,2025-09-02 06:44:00,123130.0,64.06,0
N1845,2025-09-02 06:45:00,34711.0,19.54,0
N1846,2025-09-02 06:46:00,1118244.0,193.58,0
N1847,2025-09-02 06:47:00,22151.0,22.96,0
N1848,2025-09-02 06:48:00,23826.0,143.95,0
N1849,2025-09-02 06:49:00,34017.0,83.7,0
N1850,2025-09-02 06:50:00,76354.0,28.61,0
N1851,2025-09-02 06:51:00,37414.0,322.24,0
N1852,2025-09-02 06:52:00,110452.0,16.55,0
N1853,2025-09-02 06:53:00,22503.0,136.89,0
N1854,2025-09-02 06:54:00,15039.0,148.5,0
N1855,2025-09-02 06:55:00,9915.0,27.92,0
N1856,2025-09-02 06:56:00,6480.0,219.74,0
N1857,2025-09-02 06:57:00,35665.0,42.52,0
N1858,2025-09-02 06:58:00,44312.0,72.87,0
N1859,2025-09-02 06:59:00,31843.0,70.83,0
N1860,2025-09-02 07:00:00,207608.0,47.74,0
N1861,2025-09-02 07:01:00,204440.0,122.83,0
N1862,2025-09-02 07:02:00,42839.0,120.72,0
N1863,2025-09-02 07:03:00,9957.0,9.5,0
N1864,2025-09-02 07:04:00,33972.0,201.21,0
N1865,2025-09-02 07:05:00,32865.0,10.36,0
N1866,2025-09-02 07:06:00,31035.0,153.32,0
N1867,2025-09-02 07:07:00,29801.0,168.46,0
N1868,2025-09-02 07:08:00,31149.0,18.34,0
N1869,2025-09-02 07:09:00,40679.0,36.2,0
N1870,2025-09-02 07:10:00,31712.0,18.07,0
N1871,2025-09-02 07:11:00,73742.0,44.04,0
N1872,2025-09-02 07:12:00,85851.0,40.12,0
N1873,2025-09-02 07:13:00,24085.0,119.06,0
N1874,2025-09-02 07:14:00,213430.0,202.41,0
N1875,2025-09-02 07:15:00,22470.0,220.45,0
N1876,2025-09-02 07:16:00,11875.0,31.12,0
N1877,2025-09-02 07:17:00,87621.0,44.29,0
N1878,2025-09-02 07:18:00,26439.0,10.14,0
N1879,2025-09-02 07:19:00,82561.0,24.39,0
N1880,2025-09-02 07:20:00,5412.0,143.29,0
N1881,2025-09-02 07:21:00,240977.0,274.67,0
N1882,2025-09-02 07:22:00,117277.0,15.89,0
N1883,2025-09-02 07:23:00,13353.0,30.19,0
N1884,2025-09-02 07:24:00,13646.0,53.18,0
N1885,2025-09-02 07:25:00,318783.0,72.25,0
N1886,2025-09-02 07:26:00,28642.0,24.3,0
N1887,2025-09-02 07:27:00,25999.0,83.43,0
N1888,2025-09-02 07:28:00,6210.0,33.99,0
N1889,2025-09-02 07:29:00,42160.0,53.81,0
N1890,2025-09-02 07:30:00,47681.0,94.28,0
N1891,2025-09-02 07:31:00,122454.0,54.95,0
N1892,2025-09-02 07:32:00,14778.0,35.29,0
N1893,2025-09-02 07:33:00,13091.0,48.93,0
N1894,2025-09-02 07:34:00,93992.0,49.98,0
N1895,2025-09-02 07:35:00,163854.0,37.71,0
N1896,2025-09-02 07:36:00,12442.0,42.15,0
N1897,2025-09-02 07:37:00,176577.0,270.06,0
N1898,2025-09-02 07:38:00,62165.0,95.67,0
N1899,2025-09-02 07:39:00,178404.0,40.63,0
N1900,2025-09-02 07:40:00,55814.0,109.61,0
N1901,2025-09-02 07:41:00,4806.0,39.1,0
N1902,2025-09-02 07:42:00,51433.0,176.47,0
N1903,2025-09-02 07:43:00,172844.0,79.02,0
N1904,2025-09-02 07:44:00,24496.0,49.04,0
N1905,2025-09-02 07:45:00,40621.0,85.43,0
N1906,2025-09-02 07:46:00,50205.0,11.35,0
N1907,2025-09-02 07:47:00,3296.0,17.69,0
N1908,2025-09-02 07:48:00,318490.0,16.54,0
N1909,2025-09-02 07:49:00,24310.0,62.99,0
N1910,2025-09-02 07:50:00,99284.0,308.74,0
N1911,2025-09-02 07:51:00,54902.0,508.42,0
N1912,2025-09-02 07:52:00,210580.0,103.34,0
N1913,2025-09-02 07:53:00,89864.0,90.09,0
N1914,2025-09-02 07:54:00,47338.0,9.02,0
N1915,2025-09-02 07:55:00,24501.0,31.73,0
N1916,2025-09-02 07:56:00,132966.0,24.83,0
N1917,2025-09-02 07:57:00,9196.0,29.35,0
N1918,2025-09-02 07:58:00,114221.0,46.15,0
N1919,2025-09-02 07:59:00,19949.0,34.05,0
N1920,2025-09-02 08:00:00,209459.0,7.54,0
N1921,2025-09-02 08:01:00,70354.0,115.34,0
N1922,2025-09-02 08:02:00,114019.0,18.68,0
N1923,2025-09-02 08:03:00,64990.0,69.36,0
N1924,2025-09-02 08:04:00,10380.0,434.45,0
N1925,2025-09-02 08:05:00,25318.0,21.77,0
N1926,2025-09-02 08:06:00,117288.0,4.35,0
N1927,2025-09-02 08:07:00,70732.0,41.02,0
N1928,2025-09-02 08:08:00,195046.0,164.18,0
N1929,2025-09-02 08:09:00,89615.0,386.97,0
N1930,2025-09-02 08:10:00,22772.0,15.97,0
N1931,2025-09-02 08:11:00,27009.0,89.72,0
N1932,2025-09-02 08:12:00,66364.0,34.28,0
N1933,2025-09-02 08:13:00,5919.0,49.11,0
N1934,2025-09-02 08:14:00,319158.0,768.43,0
N1935,2025-09-02 08:15:00,93130.0,12.15,0
N1936,2025-09-02 08:16:00,204237.0,70.37,0
N1937,2025-09-02 08:17:00,12325.0,87.16,0
N1938,2025-09-02 08:18:00,207849.0,161.71,0
N1939,2025-09-02 08:19:00,557657.0,60.22,0
N1940,2025-09-02 08:20:00,15980.0,74.3,0
N1941,2025-09-02 08:21:00,129496.0,36.91,0
N1942,2025-09-02 08:22:00,59941.0,71.46,0
N1943,2025-09-02 08:23:00,12779.0,38.74,0
N1944,2025-09-02 08:24:00,98016.0,101.65,0
N1945,2025-09-02 08:25:00,137806.0,37.73,0
N1946,2025-09-02 08:26:00,32823.0,79.61,0
N1947,2025-09-02 08:27:00,192128.0,53.02,0
N1948,2025-09-02 08:28:00,11308.0,168.35,0
N1949,2025-09-02 08:29:00,13430.0,51.86,0
N1950,2025-09-02 08:30:00,68638.0,9.27,0
N1951,2025-09-02 08:31:00,61414.0,192.85,0
N1952,2025-09-02 08:32:00,29244.0,22.07,0
N1953,2025-09-02 08:33:00,134537.0,28.4,0
N1954,2025-09-02 08:34:00,101813.0,30.09,0
N1955,2025-09-02 08:35:00,141229.0,215.82,0
N1956,2025-09-02 08:36:00,52937.0,6.45,0
N1957,2025-09-02 08:37:00,109380.0,1258.59,0
N1958,2025-09-02 08:38:00,38344.0,156.97,0
N1959,2025-09-02 08:39:00,466876.0,68.25,0
N1960,2025-09-02 08:40:00,26568.0,51.68,0
N1961,2025-09-02 08:41:00,491539.0,72.64,0
N1962,2025-09-02 08:42:00,62000.0,91.94,0
N1963,2025-09-02 08:43:00,15131.0,104.09,0
N1964,2025-09-02 08:44:00,235174.0,95.16,0
N1965,2025-09-02 08:45:00,67907.0,59.71,0
N1966,2025-09-02 08:46:00,140242.0,44.82,0
N1967,2025-09-02 08:47:00,203588.0,46.93,0
N1968,2025-09-02 08:48:00,83948.0,44.93,0
N1969,2025-09-02 08:49:00,33116.0,169.66,0
N1970,2025-09-02 08:50:00,158850.0,98.85,0
N1971,2025-09-02 08:51:00,59919.0,2.89,0
N1972,2025-09-02 08:52:00,118879.0,105.2,0
N1973,2025-09-02 08:53:00,6948.0,66.34,0
N1974,2025-09-02 08:54:00,93618.0,53.59,0
N1975,2025-09-02 08:55:00,31616.0,37.02,0
N1976,2025-09-02 08:56:00,312797.0,168.02,0
N1977,2025-09-02 08:57:00,111646.0,140.83,0
N1978,2025-09-02 08:58:00,76104.0,25.21,0
N1979,2025-09-02 08:59:00,97374.0,82.03,0
N1980,2025-09-02 09:00:00,22061.0,20.66,0
N1981,2025-09-02 09:01:00,303536.0,13.74,0
N1982,2025-09-02 09:02:00,438612.0,29.17,0
N1983,2025-09-02 09:03:00,88691.0,129.33,0
N1984,2025-09-02 09:04:00,293726.0,141.62,0
N1985,2025-09-02 09:05:00,33889.0,91.2,0
N1986,2025-09-02 09:06:00,26981.0,112.74,0
N1987,2025-09-02 09:07:00,62375.0,91.49,0
N1988,2025-09-02 09:08:00,92498.0,28.75,0
N1989,2025-09-02 09:09:00,40377.0,84.09,0
N1990,2025-09-02 09:10:00,102515.0,121.56,0
N1991,2025-09-02 09:11:00,81340.0,116.08,0
N1992,2025-09-02 09:12:00,22064.0,179.27,0
N1993,2025-09-02 09:13:00,100588.0,110.86,0
N1994,2025-09-02 09:14:00,141992.0,77.59,0
N1995,2025-09-02 09:15:00,71073.0,159.2,0
N1996,2025-09-02 09:16:00,189595.0,53.17,0
N1997,2025-09-02 09:17:00,17723.0,22.6,0
N1998,2025-09-02 09:18:00,95602.0,46.38,0
N1999,2025-09-02 09:19:00,18578.0,25.92,0
N2000,2025-09-02 09:20:00,19652.0,27.79,0
N2001,2025-09-02 09:21:00,31859.0,47.25,0
N2002,2025-09-02 09:22:00,23340.0,24.72,0
N2003,2025-09-02 09:23:00,34614.0,40.13,0
N2004,2025-09-02 09:24:00,48332.0,8.22,0
N2005,2025-09-02 09:25:00,138296.0,67.58,0
N2006,2025-09-02 09:26:00,43427.0,54.66,0
N2007,2025-09-02 09:27:00,12263.0,24.12,0
N2008,2025-09-02 09:28:00,187225.0,105.56,0
N2009,2025-09-02 09:29:00,25924.0,139.43,0
N2010,2025-09-02 09:30:00,56460.0,10.94,0
N2011,2025-09-02 09:31:00,93577.0,25.46,0
N2012,2025-09-02 09:32:00,73102.0,25.3,0
N2013,2025-09-02 09:33:00,178828.0,21.33,0
N2014,2025-09-02 09:34:00,96665.0,125.15,0
N2015,2025-09-02 09:35:00,25303.0,44.98,0
N2016,2025-09-02 09:36:00,528904.0,41.91,0
N2017,2025-09-02 09:37:00,72717.0,7.36,0
N2018,2025-09-02 09:38:00,51671.0,103.07,0
N2019,2025-09-02 09:39:00,156988.0,15.81,0
N2020,2025-09-02 09:40:00,76838.0,57.97,0
N2021,2025-09-02 09:41:00,89253.0,72.05,0
N2022,2025-09-02 09:42:00,723737.0,212.87,0
N2023,2025-09-02 09:43:00,45473.0,14.75,0
N2024,2025-09-02 09:44:00,43575.0,2.67,0
N2025,2025-09-02 09:45:00,67277.0,65.62,0
N2026,2025-09-02 09:46:00,174821.0,330.47,0
N2027,2025-09-02 09:47:00,13273.0,188.47,0
N2028,2025-09-02 09:48:00,8387.0,67.33,0
N2029,2025-09-02 09:49:00,33286.0,33.39,0
N2030,2025-09-02 09:50:00,11685.0,122.38,0
N2031,2025-09-02 09:51:00,39151.0,20.62,0
N2032,2025-09-02 09:52:00,98963.0,87.91,0
N2033,2025-09-02 09:53:00,24569.0,90.51,0
N2034,2025-09-02 09:54:00,14374.0,157.62,0
N2035,2025-09-02 09:55:00,64173.0,862.35,0
N2036,2025-09-02 09:56:00,141853.0,80.84,0
N2037,2025-09-02 09:57:00,10993.0,32.82,0
N2038,2025-09-02 09:58:00,135976.0,53.22,0
N2039,2025-09-02 09:59:00,135579.0,9.31,0
N2040,2025-09-02 10:00:00,155451.0,27.26,0
N2041,2025-09-02 10:01:00,202497.0,36.26,0
N2042,2025-09-02 10:02:00,541454.0,32.33,0
N2043,2025-09-02 10:03:00,41936.0,63.58,0
N2044,2025-09-02 10:04:00,66808.0,23.99,0
N2045,2025-09-02 10:05:00,39480.0,167.51,0
N2046,2025-09-02 10:06:00,59993.0,54.61,0
N2047,2025-09-02 10:07:00,277305.0,54.09,0
N2048,2025-09-02 10:08:00,15599.0,39.33,0
N2049,2025-09-02 10:09:00,25310.0,63.76,0
N2050,2025-09-02 10:10:00,237324.0,124.6,0
N2051,2025-09-02 10:11:00,166049.0,22.94,0
N2052,2025-09-02 10:12:00,41642.0,28.27,0
N2053,2025-09-02 10:13:00,140702.0,40.3,0
N2054,2025-09-02 10:14:00,84222.0,14.21,0
N2055,2025-09-02 10:15:00,268411.0,24.06,0
N2056,2025-09-02 10:16:00,64506.0,33.91,0
N2057,2025-09-02 10:17:00,166980.0,130.89,0
N2058,2025-09-02 10:18:00,840718.0,70.99,0
N2059,2025-09-02 10:19:00,108891.0,66.26,0
N2060,2025-09-02 10:20:00,62902.0,127.86,0
N2061,2025-09-02 10:21:00,123309.0,47.59,0
N2062,2025-09-02 10:22:00,41553.0,80.68,0
N2063,2025-09-02 10:23:00,652109.0,49.24,0
N2064,2025-09-02 10:24:00,71687.0,71.19,0
N2065,2025-09-02 10:25:00,45573.0,30.49,0
N2066,2025-09-02 10:26:00,25960.0,4.76,0
N2067,2025-09-02 10:27:00,179373.0,47.74,0
N2068,2025-09-02 10:28:00,142513.0,226.5,0
N2069,2025-09-02 10:29:00,36412.0,137.86,0
N2070,2025-09-02 10:30:00,106559.0,143.37,0
N2071,2025-09-02 10:31:00,13246.0,187.94,0
N2072,2025-09-02 10:32:00,72040.0,59.66,0
N2073,2025-09-02 10:33:00,94161.0,66.51,0
N2074,2025-09-02 10:34:00,330159.0,29.44,0
N2075,2025-09-02 10:35:00,27700.0,39.8,0
N2076,2025-09-02 10:36:00,16675.0,101.07,0
N2077,2025-09-02 10:37:00,24455.0,181.98,0
N2078,2025-09-02 10:38:00,15732.0,47.49,0
N2079,2025-09-02 10:39:00,227899.0,34.81,0
N2080,2025-09-02 10:40:00,281712.0,54.63,0
N2081,2025-09-02 10:41:00,82472.0,99.6,0
N2082,2025-09-02 10:42:00,203068.0,12.89,0
N2083,2025-09-02 10:43:00,68457.0,5.49,0
N2084,2025-09-02 10:44:00,54442.0,31.48,0
N2085,2025-09-02 10:45:00,42914.0,16.11,0
N2086,2025-09-02 10:46:00,43897.0,32.85,0
N2087,2025-09-02 10:47:00,12736.0,47.1,0
N2088,2025-09-02 10:48:00,77984.0,34.7,0
N2089,2025-09-02 10:49:00,57507.0,233.33,0
N2090,2025-09-02 10:50:00,126167.0,75.7,0
N2091,2025-09-02 10:51:00,65744.0,73.73,0
N2092,2025-09-02 10:52:00,50884.0,101.72,0
N2093,2025-09-02 10:53:00,25054.0,17.48,0
N2094,2025-09-02 10:54:00,64354.0,154.33,0
N2095,2025-09-02 10:55:00,125271.0,50.61,0
N2096,2025-09-02 10:56:00,19085.0,106.75,0
N2097,2025-09-02 10:57:00,65347.0,18.69,0
N2098,2025-09-02 10:58:00,75587.0,11.54,0
N2099,2025-09-02 10:59:00,29200.0,123.7,0
N2100,2025-09-02 11:00:00,33261.0,79.55,0
N2101,2025-09-02 11:01:00,75404.0,22.15,0
N2102,2025-09-02 11:02:00,19275.0,22.88,0
N2103,2025-09-02 11:03:00,84959.0,168.25,0
N2104,2025-09-02 11:04:00,24456.0,16.62,0
N2105,2025-09-02 11:05:00,173313.0,282.22,0
N2106,2025-09-02 11:06:00,620219.0,22.18,0
N2107,2025-09-02 11:07:00,25317.0,103.38,0
N2108,2025-09-02 11:08:00,102151.0,39.31,0
N2109,2025-09-02 11:09:00,28948.0,99.8,0
N2110,2025-09-02 11:10:00,169559.0,31.69,0
N2111,2025-09-02 11:11:00,16894.0,46.4,0
N2112,2025-09-02 11:12:00,96818.0,56.88,0
N2113,2025-09-02 11:13:00,25010.0,20.04,0
N2114,2025-09-02 11:14:00,48680.0,114.53,0
N2115,2025-09-02 11:15:00,21354.0,32.68,0
N2116,2025-09-02 11:16:00,136264.0,43.44,0
N2117,2025-09-02 11:17:00,25926.0,20.2,0
N2118,2025-09-02 11:18:00,103981.0,4.21,0
N2119,2025-09-02 11:19:00,42442.0,45.1,0
N2120,2025-09-02 11:20:00,53398.0,609.49,0
N2121,2025-09-02 11:21:00,69408.0,119.65,0
N2122,2025-09-02 11:22:00,27950.0,53.56,0
N2123,2025-09-02 11:23:00,73893.0,41.98,0
N2124,2025-09-02 11:24:00,276602.0,55.84,0
N2125,2025-09-02 11:25:00,27499.0,94.36,0
N2126,2025-09-02 11:26:00,193264.0,16.76,0
N2127,2025-09-02 11:27:00,267827.0,166.39,0
N2128,2025-09-02 11:28:00,26472.0,111.65,0
N2129,2025-09-02 11:29:00,13974.0,111.96,0
N2130,2025-09-02 11:30:00,80980.0,84.65,0
N2131,2025-09-02 11:31:00,34634.0,55.68,0
N2132,2025-09-02 11:32:00,387939.0,107.0,0
N2133,2025-09-02 11:33:00,61995.0,98.67,0
N2134,2025-09-02 11:34:00,26844.0,38.32,0
N2135,2025-09-02 11:35:00,19012.0,30.77,0
N2136,2025-09-02 11:36:00,178065.0,60.45,0
N2137,2025-09-02 11:37:00,33820.0,256.99,0
N2138,2025-09-02 11:38:00,62557.0,15.81,0
N2139,2025-09-02 11:39:00,155718.0,12.58,0
N2140,2025-09-02 11:40:00,36892.0,64.38,0
N2141,2025-09-02 11:41:00,57186.0,57.45,0
N2142,2025-09-02 11:42:00,58890.0,64.93,0
N2143,2025-09-02 11:43:00,118578.0,69.68,0
N2144,2025-09-02 11:44:00,108093.0,43.68,0
N2145,2025-09-02 11:45:00,48045.0,242.22,0
N2146,2025-09-02 11:46:00,63809.0,11.01,0
N2147,2025-09-02 11:47:00,41284.0,23.84,0
N2148,2025-09-02 11:48:00,13662.0,49.24,0
N2149,2025-09-02 11:49:00,77466.0,10.56,0
N2150,2025-09-02 11:50:00,397199.0,45.79,0
N2151,2025-09-02 11:51:00,24743.0,287.57,0
N2152,2025-09-02 11:52:00,27639.0,55.75,0
N2153,2025-09-02 11:53:00,25066.0,68.77,0
N2154,2025-09-02 11:54:00,123574.0,15.48,0
N2155,2025-09-02 11:55:00,93759.0,29.48,0
N2156,2025-09-02 11:56:00,51096.0,37.52,0
N2157,2025-09-02 11:57:00,23908.0,39.74,0
N2158,2025-09-02 11:58:00,65669.0,196.69,0
N2159,2025-09-02 11:59:00,12524.0,95.36,0
N2160,2025-09-02 12:00:00,69108.0,17.97,0
N2161,2025-09-02 12:01:00,143132.0,69.86,0
N2162,2025-09-02 12:02:00,17134.0,89.86,0
N2163,2025-09-02 12:03:00,12932.0,170.74,0
N2164,2025-09-02 12:04:00,290523.0,265.21,0
N2165,2025-09-02 12:05:00,32475.0,19.78,0
N2166,2025-09-02 12:06:00,186455.0,24.27,0
N2167,2025-09-02 12:07:00,51329.0,15.52,0
N2168,2025-09-02 12:08:00,50922.0,43.21,0
N2169,2025-09-02 12:09:00,92820.0,87.04,0
N2170,2025-09-02 12:10:00,24736.0,146.55,0
N2171,2025-09-02 12:11:00,68357.0,50.6,0
N2172,2025-09-02 12:12:00,40885.0,39.65,0
N2173,2025-09-02 12:13:00,15987.0,63.55,0
N2174,2025-09-02 12:14:00,83908.0,23.69,0
N2175,2025-09-02 12:15:00,46014.0,441.22,0
N2176,2025-09-02 12:16:00,51173.0,10.94,0
N2177,2025-09-02 12:17:00,17851.0,65.68,0
N2178,2025-09-02 12:18:00,294019.0,413.07,0
N2179,2025-09-02 12:19:00,143877.0,54.97,0
N2180,2025-09-02 12:20:00,157024.0,45.15,0
N2181,2025-09-02 12:21:00,44115.0,38.19,0
N2182,2025-09-02 12:22:00,10623.0,45.59,0
N2183,2025-09-02 12:23:00,422066.0,215.48,0
N2184,2025-09-02 12:24:00,56325.0,5.98,0
N2185,2025-09-02 12:25:00,28317.0,253.01,0
N2186,2025-09-02 12:26:00,90835.0,13.15,0
N2187,2025-09-02 12:27:00,192359.0,41.82,0
N2188,2025-09-02 12:28:00,58510.0,35.54,0
N2189,2025-09-02 12:29:00,215039.0,98.35,0
N2190,2025-09-02 12:30:00,176840.0,11.04,0
N2191,2025-09-02 12:31:00,20407.0,86.68,0
N2192,2025-09-02 12:32:00,30522.0,413.36,0
N2193,2025-09-02 12:33:00,155988.0,13.97,0
N2194,2025-09-02 12:34:00,3973.0,66.0,0
N2195,2025-09-02 12:35:00,51562.0,28.16,0
N2196,2025-09-02 12:36:00,14317.0,83.59,0
N2197,2025-09-02 12:37:00,37177.0,55.65,0
N2198,2025-09-02 12:38:00,44408.0,28.75,0
N2199,2025-09-02 12:39:00,41846.0,88.93,0
N2200,2025-09-02 12:40:00,34466.0,331.74,0
N2201,2025-09-02 12:41:00,19987.0,45.11,0
N2202,2025-09-02 12:42:00,592385.0,112.14,0
N2203,2025-09-02 12:43:00,387496.0,14.98,0
N2204,2025-09-02 12:44:00,18731.0,20.98,0
N2205,2025-09-02 12:45:00,291302.0,87.57,0
N2206,2025-09-02 12:46:00,40156.0,240.84,0
N2207,2025-09-02 12:47:00,68131.0,77.91,0
N2208,2025-09-02 12:48:00,56203.0,39.92,0
N2209,2025-09-02 12:49:00,30954.0,54.56,0
N2210,2025-09-02 12:50:00,160148.0,15.64,0
N2211,2025-09-02 12:51:00,67906.0,99.93,0
N2212,2025-09-02 12:52:00,37177.0,131.94,0
N2213,2025-09-02 12:53:00,16243.0,34.74,0
N2214,2025-09-02 12:54:00,24499.0,34.12,0
N2215,2025-09-02 12:55:00,11598.0,71.23,0
N2216,2025-09-02 12:56:00,60611.0,35.28,0
N2217,2025-09-02 12:57:00,18094.0,51.1,0
N2218,2025-09-02 12:58:00,45910.0,445.73,0
N2219,2025-09-02 12:59:00,235650.0,42.65,0
N2220,2025-09-02 13:00:00,198650.0,38.16,0
N2221,2025-09-02 13:01:00,57972.0,28.57,0
N2222,2025-09-02 13:02:00,54881.0,114.91,0
N2223,2025-09-02 13:03:00,392336.0,45.55,0
N2224,2025-09-02 13:04:00,100786.0,28.52,0
N2225,2025-09-02 13:05:00,43139.0,204.65,0
N2226,2025-09-02 13:06:00,14386.0,225.79,0
N2227,2025-09-02 13:07:00,88776.0,29.95,0
N2228,2025-09-02 13:08:00,137218.0,8.44,0
N2229,2025-09-02 13:09:00,31836.0,149.53,0
N2230,2025-09-02 13:10:00,80114.0,27.53,0
N2231,2025-09-02 13:11:00,41624.0,120.38,0
N2232,2025-09-02 13:12:00,49810.0,7.61,0
N2233,2025-09-02 13:13:00,4975.0,133.3,0
N2234,2025-09-02 13:14:00,47965.0,16.26,0
N2235,2025-09-02 13:15:00,157845.0,113.38,0
N2236,2025-09-02 13:16:00,31844.0,55.38,0
N2237,2025-09-02 13:17:00,63103.0,21.03,0
N2238,2025-09-02 13:18:00,28115.0,36.34,0
N2239,2025-09-02 13:19:00,85857.0,108.45,0
N2240,2025-09-02 13:20:00,48217.0,60.7,0
N2241,2025-09-02 13:21:00,23406.0,97.95,0
N2242,2025-09-02 13:22:00,226965.0,394.04,0
N2243,2025-09-02 13:23:00,151590.0,11.42,0
N2244,2025-09-02 13:24:00,32699.0,275.12,0
N2245,2025-09-02 13:25:00,98498.0,60.6,0
N2246,2025-09-02 13:26:00,102479.0,22.22,0
N2247,2025-09-02 13:27:00,113812.0,14.44,0
N2248,2025-09-02 13:28:00,11001.0,45.19,0
N2249,2025-09-02 13:29:00,163834.0,137.23,0
N2250,2025-09-02 13:30:00,33871.0,48.06,0
N2251,2025-09-02 13:31:00,41864.0,247.44,0
N2252,2025-09-02 13:32:00,837253.0,12.79,0
N2253,2025-09-02 13:33:00,80973.0,53.94,0
N2254,2025-09-02 13:34:00,40688.0,15.61,0
N2255,2025-09-02 13:35:00,6599.0,78.54,0
N2256,2025-09-02 13:36:00,240329.0,132.54,0
N2257,2025-09-02 13:37:00,15596.0,35.85,0
N2258,2025-09-02 13:38:00,21951.0,4.04,0
N2259,2025-09-02 13:39:00,42987.0,66.62,0
N2260,2025-09-02 13:40:00,246819.0,84.5,0
N2261,2025-09-02 13:41:00,129734.0,81.8,0
N2262,2025-09-02 13:42:00,51132.0,187.88,0
N2263,2025-09-02 13:43:00,81495.0,18.71,0
N2264,2025-09-02 13:44:00,32847.0,107.79,0
N2265,2025-09-02 13:45:00,68848.0,179.92,0
N2266,2025-09-02 13:46:00,64430.0,9.22,0
N2267,2025-09-02 13:47:00,157750.0,75.16,0
N2268,2025-09-02 13:48:00,157500.0,32.98,0
N2269,2025-09-02 13:49:00,98123.0,50.32,0
N2270,2025-09-02 13:50:00,41675.0,77.3,0
N2271,2025-09-02 13:51:00,125721.0,33.54,0
N2272,2025-09-02 13:52:00,54613.0,27.78,0
N2273,2025-09-02 13:53:00,20294.0,56.5,0
N2274,2025-09-02 13:54:00,40003.0,18.41,0
N2275,2025-09-02 13:55:00,65155.0,18.43,0
N2276,2025-09-02 13:56:00,148779.0,107.7,0
N2277,2025-09-02 13:57:00,49835.0,17.31,0
N2278,2025-09-02 13:58:00,17869.0,106.31,0
N2279,2025-09-02 13:59:00,63370.0,86.71,0
N2280,2025-09-02 14:00:00,67068.0,9.72,0
N2281,2025-09-02 14:01:00,72102.0,27.73,0
N2282,2025-09-02 14:02:00,150222.0,180.21,0
N2283,2025-09-02 14:03:00,165864.0,20.47,0
N2284,2025-09-02 14:04:00,33050.0,34.32,0
N2285,2025-09-02 14:05:00,32333.0,86.67,0
N2286,2025-09-02 14:06:00,21159.0,119.51,0
N2287,2025-09-02 14:07:00,120429.0,42.46,0
N2288,2025-09-02 14:08:00,254949.0,30.04,0
N2289,2025-09-02 14:09:00,43692.0,226.42,0
N2290,2025-09-02 14:10:00,47031.0,310.72,0
N2291,2025-09-02 14:11:00,259570.0,145.31,0
N2292,2025-09-02 14:12:00,99266.0,59.46,0
N2293,2025-09-02 14:13:00,92618.0,24.33,0
N2294,2025-09-02 14:14:00,18198.0,23.8,0
N2295,2025-09-02 14:15:00,118034.0,92.07,0
N2296,2025-09-02 14:16:00,23644.0,82.96,0
N2297,2025-09-02 14:17:00,19264.0,221.76,0
N2298,2025-09-02 14:18:00,42329.0,104.63,0
N2299,2025-09-02 14:19:00,33330.0,12.15,0
N2300,2025-09-02 14:20:00,47973.0,156.33,0
N2301,2025-09-02 14:21:00,14172.0,20.12,0
N2302,2025-09-02 14:22:00,156188.0,37.19,0
N2303,2025-09-02 14:23:00,184921.0,70.12,0
N2304,2025-09-02 14:24:00,8541.0,401.68,0
N2305,2025-09-02 14:25:00,159286.0,1224.05,0
N2306,2025-09-02 14:26:00,26621.0,100.16,0
N2307,2025-09-02 14:27:00,141065.0,45.46,0
N2308,2025-09-02 14:28:00,55913.0,93.18,0
N2309,2025-09-02 14:29:00,61622.0,132.64,0
N2310,2025-09-02 14:30:00,49757.0,39.62,0
N2311,2025-09-02 14:31:00,201215.0,328.72,0
N2312,2025-09-02 14:32:00,17334.0,68.72,0
N2313,2025-09-02 14:33:00,109957.0,89.81,0
N2314,2025-09-02 14:34:00,180111.0,106.26,0
N2315,2025-09-02 14:35:00,122558.0,83.23,0
N2316,2025-09-02 14:36:00,612129.0,126.34,0
N2317,2025-09-02 14:37:00,35279.0,29.45,0
N2318,2025-09-02 14:38:00,155952.0,31.24,0
N2319,2025-09-02 14:39:00,53847.0,18.17,0
N2320,2025-09-02 14:40:00,205542.0,84.73,0
N2321,2025-09-02 14:41:00,59416.0,118.98,0
N2322,2025-09-02 14:42:00,40624.0,86.3,0
N2323,2025-09-02 14:43:00,221034.0,291.34,0
N2324,2025-09-02 14:44:00,36623.0,54.29,0
N2325,2025-09-02 14:45:00,14578.0,106.56,0
N2326,2025-09-02 14:46:00,35709.0,18.33,0
N2327,2025-09-02 14:47:00,111194.0,37.07,0
N2328,2025-09-02 14:48:00,240876.0,109.46,0
N2329,2025-09-02 14:49:00,66912.0,127.63,0
N2330,2025-09-02 14:50:00,223730.0,40.69,0
N2331,2025-09-02 14:51:00,15395.0,50.83,0
N2332,2025-09-02 14:52:00,38435.0,11.97,0
N2333,2025-09-02 14:53:00,44866.0,38.21,0
N2334,2025-09-02 14:54:00,53393.0,133.0,0
N2335,2025-09-02 14:55:00,65127.0,97.05,0
N2336,2025-09-02 14:56:00,119481.0,90.08,0
N2337,2025-09-02 14:57:00,38376.0,57.38,0
N2338,2025-09-02 14:58:00,68805.0,54.99,0
N2339,2025-09-02 14:59:00,57232.0,28.21,0
N2340,2025-09-02 15:00:00,23721.0,109.82,0
N2341,2025-09-02 15:01:00,53441.0,83.18,0
N2342,2025-09-02 15:02:00,51862.0,89.3,0
N2343,2025-09-02 15:03:00,50763.0,32.26,0
N2344,2025-09-02 15:04:00,61806.0,6.34,0
N2345,2025-09-02 15:05:00,64581.0,163.56,0
N2346,2025-09-02 15:06:00,38859.0,33.82,0
N2347,2025-09-02 15:07:00,213783.0,23.04,0
N2348,2025-09-02 15:08:00,18593.0,109.23,0
N2349,2025-09-02 15:09:00,29116.0,36.89,0
N2350,2025-09-02 15:10:00,965077.0,157.58,0
N2351,2025-09-02 15:11:00,21205.0,101.19,0
N2352,2025-09-02 15:12:00,15464.0,108.16,0
N2353,2025-09-02 15:13:00,124801.0,13.93,0
N2354,2025-09-02 15:14:00,7502.0,183.45,0
N2355,2025-09-02 15:15:00,47322.0,70.9,0
N2356,2025-09-02 15:16:00,511869.0,37.74,0
N2357,2025-09-02 15:17:00,12773.0,63.02,0
N2358,2025-09-02 15:18:00,8251.0,9.24,0
N2359,2025-09-02 15:19:00,13371.0,82.16,0
N2360,2025-09-02 15:20:00,147025.0,19.5,0
N2361,2025-09-02 15:21:00,184384.0,14.12,0
N2362,2025-09-02 15:22:00,35861.0,11.91,0
N2363,2025-09-02 15:23:00,118565.0,166.12,0
N2364,2025-09-02 15:24:00,240447.0,29.1,0
N2365,2025-09-02 15:25:00,357663.0,253.09,0
N2366,2025-09-02 15:26:00,46801.0,31.95,0
N2367,2025-09-02 15:27:00,5994.0,9.9,0
N2368,2025-09-02 15:28:00,26347.0,17.88,0
N2369,2025-09-02 15:29:00,39073.0,187.88,0
N2370,2025-09-02 15:30:00,46215.0,46.72,0
N2371,2025-09-02 15:31:00,49620.0,31.55,0
N2372,2025-09-02 15:32:00,183303.0,64.07,0
N2373,2025-09-02 15:33:00,214149.0,90.18,0
N2374,2025-09-02 15:34:00,50429.0,166.9,0
N2375,2025-09-02 15:35:00,179600.0,232.41,0
N2376,2025-09-02 15:36:00,85619.0,38.1,0
N2377,2025-09-02 15:37:00,63864.0,14.5,0
N2378,2025-09-02 15:38:00,148234.0,36.11,0
N2379,2025-09-02 15:39:00,64360.0,70.83,0
N2380,2025-09-02 15:40:00,468744.0,20.83,0
N2381,2025-09-02 15:41:00,14208.0,20.96,0
N2382,2025-09-02 15:42:00,35769.0,77.0,0
N2383,2025-09-02 15:43:00,52759.0,52.01,0
N2384,2025-09-02 15:44:00,92916.0,56.42,0
N2385,2025-09-02 15:45:00,212769.0,25.57,0
N2386,2025-09-02 15:46:00,58431.0,43.36,0
N2387,2025-09-02 15:47:00,14440.0,21.67,0
N2388,2025-09-02 15:48:00,139040.0,132.98,0
N2389,2025-09-02 15:49:00,127384.0,153.74,0
N2390,2025-09-02 15:50:00,8588.0,8.62,0
N2391,2025-09-02 15:51:00,59647.0,21.55,0
N2392,2025-09-02 15:52:00,12208.0,12.22,0
N2393,2025-09-02 15:53:00,30802.0,28.5,0
N2394,2025-09-02 15:54:00,24275.0,50.23,0
N2395,2025-09-02 15:55:00,134493.0,12.81,0
N2396,2025-09-02 15:56:00,67294.0,21.72,0
N2397,2025-09-02 15:57:00,16554.0,20.01,0
N2398,2025-09-02 15:58:00,144360.0,67.17,0
N2399,2025-09-02 15:59:00,14274.0,58.52,0
N2400,2025-09-02 16:00:00,83293.0,26.53,0
N2401,2025-09-02 16:01:00,26529.0,65.16,0
N2402,2025-09-02 16:02:00,41536.0,31.61,0
N2403,2025-09-02 16:03:00,99138.0,41.61,0
N2404,2025-09-02 16:04:00,100856.0,291.04,0
N2405,2025-09-02 16:05:00,227970.0,208.61,0
N2406,2025-09-02 16:06:00,55146.0,14.89,0
N2407,2025-09-02 16:07:00,81345.0,125.18,0
N2408,2025-09-02 16:08:00,38648.0,122.9,0
N2409,2025-09-02 16:09:00,71825.0,17.32,0
N2410,2025-09-02 16:10:00,92919.0,123.81,0
N2411,2025-09-02 16:11:00,54268.0,254.15,0
N2412,2025-09-02 16:12:00,9860.0,17.77,0
N2413,2025-09-02 16:13:00,83406.0,21.81,0
N2414,2025-09-02 16:14:00,86212.0,151.06,0
N2415,2025-09-02 16:15:00,30328.0,71.63,0
N2416,2025-09-02 16:16:00,16574.0,94.77,0
N2417,2025-09-02 16:17:00,261942.0,76.75,0
N2418,2025-09-02 16:18:00,97875.0,80.7,0
N2419,2025-09-02 16:19:00,47616.0,14.49,0
N2420,2025-09-02 16:20:00,19206.0,155.6,0
N2421,2025-09-02 16:21:00,26323.0,175.84,0
N2422,2025-09-02 16:22:00,220266.0,43.41,0
N2423,2025-09-02 16:23:00,68711.0,52.28,0
N2424,2025-09-02 16:24:00,34524.0,11.81,0
N2425,2025-09-02 16:25:00,99677.0,91.31,0
N2426,2025-09-02 16:26:00,26519.0,96.74,0
N2427,2025-09-02 16:27:00,268564.0,51.31,0
N2428,2025-09-02 16:28:00,231608.0,168.07,0
N2429,2025-09-02 16:29:00,37550.0,39.09,0
N2430,2025-09-02 16:30:00,31931.0,96.02,0
N2431,2025-09-02 16:31:00,4367.0,19.69,0
N2432,2025-09-02 16:32:00,13608.0,53.33,0
N2433,2025-09-02 16:33:00,15686.0,45.86,0
N2434,2025-09-02 16:34:00,68541.0,68.4,0
N2435,2025-09-02 16:35:00,43207.0,37.73,0
N2436,2025-09-02 16:36:00,15594.0,47.87,0
N2437,2025-09-02 16:37:00,45199.0,124.72,0
N2438,2025-09-02 16:38:00,99244.0,35.28,0
N2439,2025-09-02 16:39:00,101503.0,10.95,0
N2440,2025-09-02 16:40:00,8958.0,314.06,0
N2441,2025-09-02 16:41:00,52667.0,217.34,0
N2442,2025-09-02 16:42:00,15013.0,15.0,0
N2443,2025-09-02 16:43:00,147521.0,108.82,0
N2444,2025-09-02 16:44:00,131156.0,33.02,0
N2445,2025-09-02 16:45:00,24391.0,71.06,0
N2446,2025-09-02 16:46:00,27832.0,73.28,0
N2447,2025-09-02 16:47:00,37750.0,43.19,0
N2448,2025-09-02 16:48:00,6293.0,24.93,0
N2449,2025-09-02 16:49:00,83782.0,27.37,0
N2450,2025-09-02 16:50:00,45577.0,21.84,0
N2451,2025-09-02 16:51:00,157972.0,23.76,0
N2452,2025-09-02 16:52:00,19962.0,51.05,0
N2453,2025-09-02 16:53:00,32237.0,26.69,0
N2454,2025-09-02 16:54:00,13273.0,107.99,0
N2455,2025-09-02 16:55:00,21932.0,241.59,0
N2456,2025-09-02 16:56:00,18362.0,30.57,0
N2457,2025-09-02 16:57:00,162101.0,69.37,0
N2458,2025-09-02 16:58:00,29784.0,89.99,0
N2459,2025-09-02 16:59:00,67790.0,87.53,0
N2460,2025-09-02 17:00:00,40914.0,58.91,0
N2461,2025-09-02 17:01:00,16824.0,114.74,0
N2462,2025-09-02 17:02:00,50600.0,88.43,0
N2463,2025-09-02 17:03:00,109000.0,15.84,0
N2464,2025-09-02 17:04:00,17894.0,130.21,0
N2465,2025-09-02 17:05:00,134472.0,132.59,0
N2466,2025-09-02 17:06:00,25598.0,25.45,0
N2467,2025-09-02 17:07:00,36939.0,56.71,0
N2468,2025-09-02 17:08:00,101792.0,108.13,0
N2469,2025-09-02 17:09:00,30840.0,44.29,0
N2470,2025-09-02 17:10:00,62167.0,159.65,0
N2471,2025-09-02 17:11:00,43709.0,580.49,0
N2472,2025-09-02 17:12:00,68143.0,24.88,0
N2473,2025-09-02 17:13:00,5537.0,13.72,0
N2474,2025-09-02 17:14:00,9608.0,73.98,0
N2475,2025-09-02 17:15:00,110854.0,112.34,0
N2476,2025-09-02 17:16:00,168920.0,43.34,0
N2477,2025-09-02 17:17:00,24089.0,233.52,0
N2478,2025-09-02 17:18:00,46909.0,14.32,0
N2479,2025-09-02 17:19:00,80396.0,109.17,0
N2480,2025-09-02 17:20:00,119757.0,29.79,0
N2481,2025-09-02 17:21:00,7882.0,304.72,0
N2482,2025-09-02 17:22:00,24685.0,400.42,0
N2483,2025-09-02 17:23:00,42934.0,25.36,0
N2484,2025-09-02 17:24:00,120951.0,31.51,0
N2485,2025-09-02 17:25:00,728272.0,128.97,0
N2486,2025-09-02 17:26:00,47667.0,37.07,0
N2487,2025-09-02 17:27:00,14662.0,52.17,0
N2488,2025-09-02 17:28:00,89525.0,56.0,0
N2489,2025-09-02 17:29:00,224357.0,8.01,0
N2490,2025-09-02 17:30:00,66704.0,53.85,0
N2491,2025-09-02 17:31:00,24182.0,27.39,0
N2492,2025-09-02 17:32:00,156060.0,33.34,0
N2493,2025-09-02 17:33:00,116255.0,231.28,0
N2494,2025-09-02 17:34:00,21459.0,15.54,0
N2495,2025-09-02 17:35:00,87678.0,123.13,0
N2496,2025-09-02 17:36:00,162310.0,41.31,0
N2497,2025-09-02 17:37:00,195221.0,41.27,0
N2498,2025-09-02 17:38:00,56025.0,120.35,0
N2499,2025-09-02 17:39:00,41853.0,76.71,0
N2500,2025-09-02 17:40:00,204286.0,96.6,0
N2501,2025-09-02 17:41:00,17851.0,143.77,0
N2502,2025-09-02 17:42:00,92835.0,39.2,0
N2503,2025-09-02 17:43:00,15214.0,29.6,0
N2504,2025-09-02 17:44:00,173751.0,18.45,0
N2505,2025-09-02 17:45:00,46256.0,23.92,0
N2506,2025-09-02 17:46:00,212901.0,1042.21,0
N2507,2025-09-02 17:47:00,97872.0,189.56,0
N2508,2025-09-02 17:48:00,17620.0,14.14,0
N2509,2025-09-02 17:49:00,248856.0,14.55,0
N2510,2025-09-02 17:50:00,282447.0,88.4,0
N2511,2025-09-02 17:51:00,144681.0,94.37,0
N2512,2025-09-02 17:52:00,27957.0,94.53,0
N2513,2025-09-02 17:53:00,44090.0,42.31,0
N2514,2025-09-02 17:54:00,69246.0,48.16,0
N2515,2025-09-02 17:55:00,29623.0,75.78,0
N2516,2025-09-02 17:56:00,325249.0,59.5,0
N2517,2025-09-02 17:57:00,69170.0,5.93,0
N2518,2025-09-02 17:58:00,4010.0,43.39,0
N2519,2025-09-02 17:59:00,84066.0,23.3,0
N2520,2025-09-02 18:00:00,42270.0,65.05,0
N2521,2025-09-02 18:01:00,55552.0,1080.59,0
N2522,2025-09-02 18:02:00,41414.0,78.84,0
N2523,2025-09-02 18:03:00,134195.0,39.9,0
N2524,2025-09-02 18:04:00,183448.0,137.25,0
N2525,2025-09-02 18:05:00,79464.0,88.47,0
N2526,2025-09-02 18:06:00,42646.0,83.1,0
N2527,2025-09-02 18:07:00,57450.0,100.17,0
N2528,2025-09-02 18:08:00,61059.0,426.9,0
N2529,2025-09-02 18:09:00,26838.0,17.62,0
N2530,2025-09-02 18:10:00,106823.0,87.67,0
N2531,2025-09-02 18:11:00,94849.0,21.62,0
N2532,2025-09-02 18:12:00,279412.0,95.16,0
N2533,2025-09-02 18:13:00,210102.0,21.79,0
N2534,2025-09-02 18:14:00,30162.0,35.97,0
N2535,2025-09-02 18:15:00,135985.0,40.65,0
N2536,2025-09-02 18:16:00,23134.0,144.87,0
N2537,2025-09-02 18:17:00,120082.0,136.79,0
N2538,2025-09-02 18:18:00,35717.0,15.71,0
N2539,2025-09-02 18:19:00,21520.0,57.68,0
N2540,2025-09-02 18:20:00,79225.0,26.85,0
N2541,2025-09-02 18:21:00,4128.0,15.51,0
N2542,2025-09-02 18:22:00,10394.0,43.95,0
N2543,2025-09-02 18:23:00,50137.0,40.11,0
N2544,2025-09-02 18:24:00,65019.0,618.14,0
N2545,2025-09-02 18:25:00,41385.0,84.18,0
N2546,2025-09-02 18:26:00,12340.0,13.77,0
N2547,2025-09-02 18:27:00,26426.0,31.04,0
N2548,2025-09-02 18:28:00,88540.0,151.62,0
N2549,2025-09-02 18:29:00,107128.0,440.73,0
N2550,2025-09-02 18:30:00,58911.0,11.18,0
N2551,2025-09-02 18:31:00,190391.0,8.33,0
N2552,2025-09-02 18:32:00,89090.0,354.59,0
N2553,2025-09-02 18:33:00,28355.0,80.61,0
N2554,2025-09-02 18:34:00,45229.0,22.91,0
N2555,2025-09-02 18:35:00,14723.0,93.19,0
N2556,2025-09-02 18:36:00,53737.0,3.91,0
N2557,2025-09-02 18:37:00,182062.0,54.78,0
N2558,2025-09-02 18:38:00,118811.0,75.78,0
N2559,2025-09-02 18:39:00,243290.0,137.59,0
N2560,2025-09-02 18:40:00,44228.0,19.81,0
N2561,2025-09-02 18:41:00,230061.0,59.48,0
N2562,2025-09-02 18:42:00,49350.0,21.64,0
N2563,2025-09-02 18:43:00,260820.0,70.48,0
N2564,2025-09-02 18:44:00,58580.0,22.3,0
N2565,2025-09-02 18:45:00,121447.0,36.3,0
N2566,2025-09-02 18:46:00,261741.0,20.17,0
N2567,2025-09-02 18:47:00,49344.0,104.7,0
N2568,2025-09-02 18:48:00,74488.0,128.82,0
N2569,2025-09-02 18:49:00,217263.0,43.18,0
N2570,2025-09-02 18:50:00,52418.0,56.73,0
N2571,2025-09-02 18:51:00,15980.0,12.83,0
N2572,2025-09-02 18:52:00,510429.0,40.46,0
N2573,2025-09-02 18:53:00,37430.0,51.92,0
N2574,2025-09-02 18:54:00,70176.0,750.54,0
N2575,2025-09-02 18:55:00,190233.0,17.96,0
N2576,2025-09-02 18:56:00,32582.0,236.08,0
N2577,2025-09-02 18:57:00,21854.0,147.95,0
N2578,2025-09-02 18:58:00,77168.0,72.29,0
N2579,2025-09-02 18:59:00,9966.0,316.91,0
N2580,2025-09-02 19:00:00,44896.0,79.21,0
N2581,2025-09-02 19:01:00,76499.0,80.57,0
N2582,2025-09-02 19:02:00,45709.0,51.77,0
N2583,2025-09-02 19:03:00,12792.0,185.6,0
N2584,2025-09-02 19:04:00,294837.0,163.44,0
N2585,2025-09-02 19:05:00,66406.0,29.2,0
N2586,2025-09-02 19:06:00,250484.0,14.6,0
N2587,2025-09-02 19:07:00,46164.0,44.57,0
N2588,2025-09-02 19:08:00,24834.0,24.53,0
N2589,2025-09-02 19:09:00,78369.0,51.24,0
N2590,2025-09-02 19:10:00,48253.0,188.19,0
N2591,2025-09-02 19:11:00,18439.0,34.56,0
N2592,2025-09-02 19:12:00,260351.0,52.31,0
N2593,2025-09-02 19:13:00,32136.0,57.86,0
N2594,2025-09-02 19:14:00,9507.0,127.54,0
N2595,2025-09-02 19:15:00,225972.0,5.77,0
N2596,2025-09-02 19:16:00,36160.0,29.76,0
N2597,2025-09-02 19:17:00,32604.0,67.44,0
N2598,2025-09-02 19:18:00,10246.0,181.29,0
N2599,2025-09-02 19:19:00,341445.0,33.38,0
N2600,2025-09-02 19:20:00,16490.0,8.36,0
N2601,2025-09-02 19:21:00,63478.0,101.46,0
N2602,2025-09-02 19:22:00,149137.0,28.92,0
N2603,2025-09-02 19:23:00,91283.0,16.62,0
N2604,2025-09-02 19:24:00,56407.0,29.24,0
N2605,2025-09-02 19:25:00,10920.0,45.4,0
N2606,2025-09-02 19:26:00,26643.0,29.82,0
N2607,2025-09-02 19:27:00,72244.0,6.02,0
N2608,2025-09-02 19:28:00,27250.0,133.9,0
N2609,2025-09-02 19:29:00,73377.0,195.37,0
N2610,2025-09-02 19:30:00,118390.0,104.74,0
N2611,2025-09-02 19:31:00,156765.0,17.5,0
N2612,2025-09-02 19:32:00,17568.0,44.63,0
N2613,2025-09-02 19:33:00,538556.0,54.24,0
N2614,2025-09-02 19:34:00,128989.0,99.36,0
N2615,2025-09-02 19:35:00,59772.0,106.52,0
N2616,2025-09-02 19:36:00,178000.0,26.2,0
N2617,2025-09-02 19:37:00,637563.0,59.26,0
N2618,2025-09-02 19:38:00,14204.0,86.25,0
N2619,2025-09-02 19:39:00,47798.0,234.12,0
N2620,2025-09-02 19:40:00,5550.0,110.44,0
N2621,2025-09-02 19:41:00,72595.0,120.19,0
N2622,2025-09-02 19:42:00,86284.0,59.37,0
N2623,2025-09-02 19:43:00,57575.0,223.73,0
N2624,2025-09-02 19:44:00,31116.0,82.25,0
N2625,2025-09-02 19:45:00,7712.0,23.08,0
N2626,2025-09-02 19:46:00,86989.0,222.15,0
N2627,2025-09-02 19:47:00,256641.0,109.72,0
N2628,2025-09-02 19:48:00,33156.0,35.06,0
N2629,2025-09-02 19:49:00,92973.0,33.8,0
N2630,2025-09-02 19:50:00,12480.0,73.45,0
N2631,2025-09-02 19:51:00,94581.0,86.76,0
N2632,2025-09-02 19:52:00,40401.0,66.51,0
N2633,2025-09-02 19:53:00,27934.0,74.54,0
N2634,2025-09-02 19:54:00,27991.0,298.85,0
N2635,2025-09-02 19:55:00,40392.0,159.42,0
N2636,2025-09-02 19:56:00,87766.0,66.06,0
N2637,2025-09-02 19:57:00,16120.0,139.95,0
N2638,2025-09-02 19:58:00,40251.0,19.44,0
N2639,2025-09-02 19:59:00,57442.0,81.28,0
N2640,2025-09-02 20:00:00,19950.0,333.39,0
N2641,2025-09-02 20:01:00,361012.0,43.9,0
N2642,2025-09-02 20:02:00,25502.0,23.39,0
N2643,2025-09-02 20:03:00,30655.0,28.44,0
N2644,2025-09-02 20:04:00,22509.0,18.36,0
N2645,2025-09-02 20:05:00,361667.0,24.91,0
N2646,2025-09-02 20:06:00,104079.0,37.69,0
N2647,2025-09-02 20:07:00,23468.0,13.39,0
N2648,2025-09-02 20:08:00,180996.0,55.46,0
N2649,2025-09-02 20:09:00,73182.0,134.6,0
N2650,2025-09-02 20:10:00,77440.0,22.03,0
N2651,2025-09-02 20:11:00,42426.0,249.46,0
N2652,2025-09-02 20:12:00,28299.0,90.99,0
N2653,2025-09-02 20:13:00,83932.0,153.02,0
N2654,2025-09-02 20:14:00,34715.0,28.28,0
N2655,2025-09-02 20:15:00,368338.0,128.32,0
N2656,2025-09-02 20:16:00,16826.0,18.32,0
N2657,2025-09-02 20:17:00,278217.0,132.99,0
N2658,2025-09-02 20:18:00,53567.0,64.83,0
N2659,2025-09-02 20:19:00,80748.0,94.94,0
N2660,2025-09-02 20:20:00,137745.0,16.85,0
N2661,2025-09-02 20:21:00,31881.0,22.31,0
N2662,2025-09-02 20:22:00,142095.0,99.21,0
N2663,2025-09-02 20:23:00,3994.0,21.15,0
N2664,2025-09-02 20:24:00,29144.0,86.77,0
N2665,2025-09-02 20:25:00,23764.0,13.91,0
N2666,2025-09-02 20:26:00,17094.0,127.51,0
N2667,2025-09-02 20:27:00,48293.0,15.92,0
N2668,2025-09-02 20:28:00,88058.0,94.85,0
N2669,2025-09-02 20:29:00,120893.0,102.07,0
N2670,2025-09-02 20:30:00,76182.0,27.2,0
N2671,2025-09-02 20:31:00,30770.0,97.71,0
N2672,2025-09-02 20:32:00,86597.0,70.84,0
N2673,2025-09-02 20:33:00,67798.0,31.85,0
N2674,2025-09-02 20:34:00,152673.0,19.91,0
N2675,2025-09-02 20:35:00,130214.0,7.67,0
N2676,2025-09-02 20:36:00,61727.0,77.45,0
N2677,2025-09-02 20:37:00,24410.0,11.42,0
N2678,2025-09-02 20:38:00,31165.0,60.06,0
N2679,2025-09-02 20:39:00,34552.0,41.95,0
N2680,2025-09-02 20:40:00,43684.0,107.68,0
N2681,2025-09-02 20:41:00,78280.0,40.36,0
N2682,2025-09-02 20:42:00,122415.0,39.27,0
N2683,2025-09-02 20:43:00,56890.0,113.51,0
N2684,2025-09-02 20:44:00,60847.0,76.33,0
N2685,2025-09-02 20:45:00,69100.0,74.9,0
N2686,2025-09-02 20:46:00,35742.0,87.29,0
N2687,2025-09-02 20:47:00,23733.0,11.76,0
N2688,2025-09-02 20:48:00,10348.0,116.37,0
N2689,2025-09-02 20:49:00,29877.0,100.73,0
N2690,2025-09-02 20:50:00,96100.0,19.75,0
N2691,2025-09-02 20:51:00,29646.0,42.77,0
N2692,2025-09-02 20:52:00,47202.0,52.49,0
N2693,2025-09-02 20:53:00,95457.0,47.73,0
N2694,2025-09-02 20:54:00,100779.0,76.24,0
N2695,2025-09-02 20:55:00,20342.0,228.46,0
N2696,2025-09-02 20:56:00,162277.0,161.06,0
N2697,2025-09-02 20:57:00,184859.0,14.7,0
N2698,2025-09-02 20:58:00,19344.0,101.7,0
N2699,2025-09-02 20:59:00,26269.0,206.22,0
N2700,2025-09-02 21:00:00,197026.0,80.38,0
N2701,2025-09-02 21:01:00,51697.0,162.55,0
N2702,2025-09-02 21:02:00,6504.0,408.41,0
N2703,2025-09-02 21:03:00,14769.0,151.97,0
N2704,2025-09-02 21:04:00,46659.0,70.06,0
N2705,2025-09-02 21:05:00,18713.0,155.26,0
N2706,2025-09-02 21:06:00,39600.0,63.11,0
N2707,2025-09-02 21:07:00,61846.0,55.92,0
N2708,2025-09-02 21:08:00,258398.0,38.42,0
N2709,2025-09-02 21:09:00,44781.0,260.71,0
N2710,2025-09-02 21:10:00,175000.0,24.08,0
N2711,2025-09-02 21:11:00,249886.0,252.74,0
N2712,2025-09-02 21:12:00,251277.0,90.0,0
N2713,2025-09-02 21:13:00,79599.0,13.47,0
N2714,2025-09-02 21:14:00,8406.0,78.86,0
N2715,2025-09-02 21:15:00,94923.0,6.69,0
N2716,2025-09-02 21:16:00,170826.0,102.05,0
N2717,2025-09-02 21:17:00,55212.0,132.32,0
N2718,2025-09-02 21:18:00,342691.0,30.19,0
N2719,2025-09-02 21:19:00,141469.0,61.78,0
N2720,2025-09-02 21:20:00,105691.0,385.35,0
N2721,2025-09-02 21:21:00,177439.0,32.93,0
N2722,2025-09-02 21:22:00,83564.0,18.94,0
N2723,2025-09-02 21:23:00,4950.0,240.25,0
N2724,2025-09-02 21:24:00,36347.0,388.61,0
N2725,2025-09-02 21:25:00,198227.0,54.8,0
N2726,2025-09-02 21:26:00,26700.0,150.12,0
N2727,2025-09-02 21:27:00,47884.0,208.82,0
N2728,2025-09-02 21:28:00,21061.0,25.98,0
N2729,2025-09-02 21:29:00,356440.0,33.61,0
N2730,2025-09-02 21:30:00,321738.0,186.96,0
N2731,2025-09-02 21:31:00,24739.0,294.42,0
N2732,2025-09-02 21:32:00,69376.0,95.86,0
N2733,2025-09-02 21:33:00,30318.0,22.65,0
N2734,2025-09-02 21:34:00,110740.0,398.24,0
N2735,2025-09-02 21:35:00,99676.0,32.11,0
N2736,2025-09-02 21:36:00,134821.0,39.05,0
N2737,2025-09-02 21:37:00,83443.0,76.89,0
N2738,2025-09-02 21:38:00,1127379.0,258.31,0
N2739,2025-09-02 21:39:00,21420.0,128.25,0
N2740,2025-09-02 21:40:00,10823.0,82.67,0
N2741,2025-09-02 21:41:00,40413.0,86.77,0
N2742,2025-09-02 21:42:00,12482.0,57.03,0
N2743,2025-09-02 21:43:00,13461.0,95.41,0
N2744,2025-09-02 21:44:00,21998.0,4.35,0
N2745,2025-09-02 21:45:00,23809.0,40.58,0
N2746,2025-09-02 21:46:00,23049.0,69.5,0
N2747,2025-09-02 21:47:00,100531.0,17.27,0
N2748,2025-09-02 21:48:00,36091.0,80.34,0
N2749,2025-09-02 21:49:00,50035.0,44.5,0
N2750,2025-09-02 21:50:00,146420.0,315.92,0
N2751,2025-09-02 21:51:00,27825.0,263.23,0
N2752,2025-09-02 21:52:00,45957.0,34.27,0
N2753,2025-09-02 21:53:00,86315.0,46.95,0
N2754,2025-09-02 21:54:00,8591.0,50.71,0
N2755,2025-09-02 21:55:00,5514.0,34.76,0
N2756,2025-09-02 21:56:00,84636.0,66.36,0
N2757,2025-09-02 21:57:00,97931.0,25.58,0
N2758,2025-09-02 21:58:00,471757.0,17.63,0
N2759,2025-09-02 21:59:00,70129.0,101.77,0
N2760,2025-09-02 22:00:00,135909.0,102.47,0
N2761,2025-09-02 22:01:00,49243.0,24.43,0
N2762,2025-09-02 22:02:00,80598.0,133.67,0
N2763,2025-09-02 22:03:00,317190.0,29.03,0
N2764,2025-09-02 22:04:00,7158.0,70.33,0
N2765,2025-09-02 22:05:00,90546.0,124.01,0
N2766,2025-09-02 22:06:00,506656.0,52.79,0
N2767,2025-09-02 22:07:00,79383.0,86.03,0
N2768,2025-09-02 22:08:00,311942.0,32.58,0
N2769,2025-09-02 22:09:00,31914.0,44.86,0
N2770,2025-09-02 22:10:00,57986.0,44.44,0
N2771,2025-09-02 22:11:00,61915.0,25.88,0
N2772,2025-09-02 22:12:00,6519.0,45.75,0
N2773,2025-09-02 22:13:00,18617.0,11.6,0
N2774,2025-09-02 22:14:00,19993.0,33.41,0
N2775,2025-09-02 22:15:00,136225.0,41.06,0
N2776,2025-09-02 22:16:00,143222.0,42.26,0
N2777,2025-09-02 22:17:00,82788.0,42.88,0
N2778,2025-09-02 22:18:00,136503.0,51.33,0
N2779,2025-09-02 22:19:00,50810.0,88.19,0
N2780,2025-09-02 22:20:00,199174.0,130.91,0
N2781,2025-09-02 22:21:00,60403.0,28.51,0
N2782,2025-09-02 22:22:00,63441.0,16.39,0
N2783,2025-09-02 22:23:00,45909.0,19.26,0
N2784,2025-09-02 22:24:00,118711.0,33.54,0
N2785,2025-09-02 22:25:00,39293.0,38.4,0
N2786,2025-09-02 22:26:00,158964.0,25.28,0
N2787,2025-09-02 22:27:00,19300.0,14.94,0
N2788,2025-09-02 22:28:00,19952.0,34.6,0
N2789,2025-09-02 22:29:00,119065.0,65.46,0
N2790,2025-09-02 22:30:00,54801.0,98.99,0
N2791,2025-09-02 22:31:00,38029.0,31.27,0
N2792,2025-09-02 22:32:00,145810.0,36.13,0
N2793,2025-09-02 22:33:00,32622.0,21.61,0
N2794,2025-09-02 22:34:00,49011.0,52.91,0
N2795,2025-09-02 22:35:00,242614.0,23.37,0
N2796,2025-09-02 22:36:00,279049.0,96.85,0
N2797,2025-09-02 22:37:00,288485.0,9.15,0
N2798,2025-09-02 22:38:00,45156.0,38.11,0
N2799,2025-09-02 22:39:00,204987.0,73.78,0
N2800,2025-09-02 22:40:00,23180.0,65.62,0
N2801,2025-09-02 22:41:00,24176.0,806.77,0
N2802,2025-09-02 22:42:00,5708.0,77.46,0
N2803,2025-09-02 22:43:00,318975.0,20.0,0
N2804,2025-09-02 22:44:00,25236.0,49.63,0
N2805,2025-09-02 22:45:00,52758.0,9.24,0
N2806,2025-09-02 22:46:00,24093.0,50.37,0
N2807,2025-09-02 22:47:00,119990.0,23.73,0
N2808,2025-09-02 22:48:00,41125.0,136.37,0
N2809,2025-09-02 22:49:00,16239.0,31.51,0
N2810,2025-09-02 22:50:00,93122.0,48.58,0
N2811,2025-09-02 22:51:00,14275.0,28.92,0
N2812,2025-09-02 22:52:00,25915.0,310.71,0
N2813,2025-09-02 22:53:00,7282.0,39.6,0
N2814,2025-09-02 22:54:00,14415.0,341.23,0
N2815,2025-09-02 22:55:00,71577.0,123.24,0
N2816,2025-09-02 22:56:00,8396.0,88.42,0
N2817,2025-09-02 22:57:00,13614.0,78.94,0
N2818,2025-09-02 22:58:00,59732.0,80.95,0
N2819,2025-09-02 22:59:00,34766.0,7.94,0
N2820,2025-09-02 23:00:00,438904.0,41.31,0
N2821,2025-09-02 23:01:00,374706.0,127.12,0
N2822,2025-09-02 23:02:00,25137.0,51.99,0
N2823,2025-09-02 23:03:00,104520.0,13.39,0
N2824,2025-09-02 23:04:00,126663.0,51.81,0
N2825,2025-09-02 23:05:00,32943.0,300.1,0
N2826,2025-09-02 23:06:00,13419.0,189.97,0
N2827,2025-09-02 23:07:00,59142.0,51.32,0
N2828,2025-09-02 23:08:00,50370.0,141.38,0
N2829,2025-09-02 23:09:00,38725.0,37.84,0
N2830,2025-09-02 23:10:00,93183.0,9.94,0
N2831,2025-09-02 23:11:00,28262.0,21.66,0
N2832,2025-09-02 23:12:00,18921.0,260.57,0
N2833,2025-09-02 23:13:00,66775.0,41.51,0
N2834,2025-09-02 23:14:00,88077.0,42.8,0
N2835,2025-09-02 23:15:00,18460.0,40.45,0
N2836,2025-09-02 23:16:00,151462.0,366.55,0
N2837,2025-09-02 23:17:00,10194.0,277.54,0
N2838,2025-09-02 23:18:00,33587.0,502.09,0
N2839,2025-09-02 23:19:00,46258.0,46.57,0
N2840,2025-09-02 23:20:00,31691.0,73.38,0
N2841,2025-09-02 23:21:00,34028.0,11.98,0
N2842,2025-09-02 23:22:00,388899.0,239.11,0
N2843,2025-09-02 23:23:00,25568.0,16.98,0
N2844,2025-09-02 23:24:00,687778.0,67.81,0
N2845,2025-09-02 23:25:00,92700.0,18.22,0
N2846,2025-09-02 23:26:00,65648.0,30.3,0
N2847,2025-09-02 23:27:00,96398.0,23.64,0
N2848,2025-09-02 23:28:00,751576.0,29.73,0
N2849,2025-09-02 23:29:00,22168.0,31.84,0
N2850,2025-09-02 23:30:00,19528.0,31.55,0
N2851,2025-09-02 23:31:00,28145.0,125.63,0
N2852,2025-09-02 23:32:00,61830.0,18.09,0
N2853,2025-09-02 23:33:00,10660.0,68.07,0
N2854,2025-09-02 23:34:00,61227.0,184.56,0
N2855,2025-09-02 23:35:00,325640.0,32.68,0
N2856,2025-09-02 23:36:00,69662.0,26.63,0
N2857,2025-09-02 23:37:00,44681.0,43.36,0
N2858,2025-09-02 23:38:00,32268.0,177.63,0
N2859,2025-09-02 23:39:00,147048.0,66.29,0
N2860,2025-09-02 23:40:00,26217.0,32.1,0
N2861,2025-09-02 23:41:00,379419.0,88.58,0
N2862,2025-09-02 23:42:00,413892.0,18.13,0
N2863,2025-09-02 23:43:00,77401.0,107.92,0
N2864,2025-09-02 23:44:00,59189.0,82.15,0
N2865,2025-09-02 23:45:00,167822.0,40.13,0
N2866,2025-09-02 23:46:00,178939.0,23.6,0
N2867,2025-09-02 23:47:00,26742.0,22.5,0
N2868,2025-09-02 23:48:00,35364.0,93.21,0
N2869,2025-09-02 23:49:00,15957.0,186.6,0
N2870,2025-09-02 23:50:00,90135.0,28.87,0
N2871,2025-09-02 23:51:00,116614.0,86.35,0
N2872,2025-09-02 23:52:00,15523.0,6.77,0
N2873,2025-09-02 23:53:00,37979.0,30.43,0
N2874,2025-09-02 23:54:00,15564.0,52.93,0
N2875,2025-09-02 23:55:00,24372.0,21.98,0
N2876,2025-09-02 23:56:00,103883.0,21.4,0
N2877,2025-09-02 23:57:00,28754.0,28.0,0
N2878,2025-09-02 23:58:00,44319.0,73.13,0
N2879,2025-09-02 23:59:00,11763.0,45.27,0
N2880,2025-09-03 00:00:00,72185.0,5.82,0
N2881,2025-09-03 00:01:00,57281.0,6.55,0
N2882,2025-09-03 00:02:00,28884.0,29.76,0
N2883,2025-09-03 00:03:00,49562.0,86.29,0
N2884,2025-09-03 00:04:00,71704.0,3.5,0
N2885,2025-09-03 00:05:00,26506.0,33.12,0
N2886,2025-09-03 00:06:00,13681.0,32.26,0
N2887,2025-09-03 00:07:00,364242.0,218.84,0
N2888,2025-09-03 00:08:00,31784.0,37.15,0
N2889,2025-09-03 00:09:00,54352.0,80.08,0
N2890,2025-09-03 00:10:00,164529.0,62.88,0
N2891,2025-09-03 00:11:00,2041214.0,6.48,0
N2892,2025-09-03 00:12:00,17249.0,117.71,0
N2893,2025-09-03 00:13:00,93885.0,67.72,0
N2894,2025-09-03 00:14:00,29509.0,90.76,0
N2895,2025-09-03 00:15:00,34934.0,2768.99,0
N2896,2025-09-03 00:16:00,29138.0,6.79,0
N2897,2025-09-03 00:17:00,19426.0,306.34,0
N2898,2025-09-03 00:18:00,57452.0,40.96,0
N2899,2025-09-03 00:19:00,13705.0,72.77,0
N2900,2025-09-03 00:20:00,154324.0,52.17,0
N2901,2025-09-03 00:21:00,63260.0,35.72,0
N2902,2025-09-03 00:22:00,91348.0,30.88,0
N2903,2025-09-03 00:23:00,37564.0,75.91,0
N2904,2025-09-03 00:24:00,41473.0,11.98,0
N2905,2025-09-03 00:25:00,79823.0,115.65,0
N2906,2025-09-03 00:26:00,18694.0,36.01,0
N2907,2025-09-03 00:27:00,41857.0,17.64,0
N2908,2025-09-03 00:28:00,25346.0,34.81,0
N2909,2025-09-03 00:29:00,24574.0,191.93,0
N2910,2025-09-03 00:30:00,7260.0,31.97,0
N2911,2025-09-03 00:31:00,228508.0,78.14,0
N2912,2025-09-03 00:32:00,30136.0,26.29,0
N2913,2025-09-03 00:33:00,191640.0,116.5,0
N2914,2025-09-03 00:34:00,174345.0,108.37,0
N2915,2025-09-03 00:35:00,16548.0,346.75,0
N2916,2025-09-03 00:36:00,20163.0,45.81,0
N2917,2025-09-03 00:37:00,774911.0,106.55,0
N2918,2025-09-03 00:38:00,344871.0,60.22,0
N2919,2025-09-03 00:39:00,58016.0,199.51,0
N2920,2025-09-03 00:40:00,77449.0,26.61,0
N2921,2025-09-03 00:41:00,31861.0,115.01,0
N2922,2025-09-03 00:42:00,92259.0,44.94,0
N2923,2025-09-03 00:43:00,29226.0,51.2,0
N2924,2025-09-03 00:44:00,7845.0,59.84,0
N2925,2025-09-03 00:45:00,15970.0,70.26,0
N2926,2025-09-03 00:46:00,61150.0,48.61,0
N2927,2025-09-03 00:47:00,19321.0,67.67,0
N2928,2025-09-03 00:48:00,55978.0,264.57,0
N2929,2025-09-03 00:49:00,20442.0,146.27,0
N2930,2025-09-03 00:50:00,27382.0,130.21,0
N2931,2025-09-03 00:51:00,140528.0,34.62,0
N2932,2025-09-03 00:52:00,76686.0,22.44,0
N2933,2025-09-03 00:53:00,59298.0,141.93,0
N2934,2025-09-03 00:54:00,144201.0,131.11,0
N2935,2025-09-03 00:55:00,96820.0,238.1,0
N2936,2025-09-03 00:56:00,254375.0,29.85,0
N2937,2025-09-03 00:57:00,37803.0,43.4,0
N2938,2025-09-03 00:58:00,38963.0,10.6,0
N2939,2025-09-03 00:59:00,16300.0,36.87,0
N2940,2025-09-03 01:00:00,38988.0,147.91,0
N2941,2025-09-03 01:01:00,157121.0,34.24,0
N2942,2025-09-03 01:02:00,219693.0,103.59,0
N2943,2025-09-03 01:03:00,156421.0,45.13,0
N2944,2025-09-03 01:04:00,9955.0,75.49,0
N2945,2025-09-03 01:05:00,176866.0,17.33,0
N2946,2025-09-03 01:06:00,9523.0,59.45,0
N2947,2025-09-03 01:07:00,146990.0,2.74,0
N2948,2025-09-03 01:08:00,41449.0,45.29,0
N2949,2025-09-03 01:09:00,120878.0,10.69,0
N2950,2025-09-03 01:10:00,15797.0,182.36,0
N2951,2025-09-03 01:11:00,193139.0,118.8,0
N2952,2025-09-03 01:12:00,13836.0,87.07,0
N2953,2025-09-03 01:13:00,30685.0,249.89,0
N2954,2025-09-03 01:14:00,22068.0,21.14,0
N2955,2025-09-03 01:15:00,10360.0,313.36,0
N2956,2025-09-03 01:16:00,65810.0,138.68,0
N2957,2025-09-03 01:17:00,364430.0,43.1,0
N2958,2025-09-03 01:18:00,861909.0,169.97,0
N2959,2025-09-03 01:19:00,65983.0,18.06,0
N2960,2025-09-03 01:20:00,182898.0,23.94,0
N2961,2025-09-03 01:21:00,75516.0,29.71,0
N2962,2025-09-03 01:22:00,98606.0,32.17,0
N2963,2025-09-03 01:23:00,42525.0,18.98,0
N2964,2025-09-03 01:24:00,72771.0,185.51,0
N2965,2025-09-03 01:25:00,102486.0,42.15,0
N2966,2025-09-03 01:26:00,33575.0,77.67,0
N2967,2025-09-03 01:27:00,55409.0,30.87,0
N2968,2025-09-03 01:28:00,56476.0,8.84,0
N2969,2025-09-03 01:29:00,136818.0,71.53,0
N2970,2025-09-03 01:30:00,20619.0,8.07,0
N2971,2025-09-03 01:31:00,56866.0,50.98,0
N2972,2025-09-03 01:32:00,405147.0,13.9,0
N2973,2025-09-03 01:33:00,191772.0,398.33,0
N2974,2025-09-03 01:34:00,230771.0,135.82,0
N2975,2025-09-03 01:35:00,61355.0,60.69,0
N2976,2025-09-03 01:36:00,82537.0,193.2,0
N2977,2025-09-03 01:37:00,163119.0,23.42,0
N2978,2025-09-03 01:38:00,285003.0,94.02,0
N2979,2025-09-03 01:39:00,8505.0,66.67,0
N2980,2025-09-03 01:40:00,16068.0,71.1,0
N2981,2025-09-03 01:41:00,221781.0,194.87,0
N2982,2025-09-03 01:42:00,45393.0,113.58,0
N2983,2025-09-03 01:43:00,30585.0,72.87,0
N2984,2025-09-03 01:44:00,17083.0,10.43,0
N2985,2025-09-03 01:45:00,34372.0,20.9,0
N2986,2025-09-03 01:46:00,14730.0,48.29,0
N2987,2025-09-03 01:47:00,484607.0,59.94,0
N2988,2025-09-03 01:48:00,58546.0,17.63,0
N2989,2025-09-03 01:49:00,56503.0,608.91,0
N2990,2025-09-03 01:50:00,107805.0,248.74,0
N2991,2025-09-03 01:51:00,156740.0,99.7,0
N2992,2025-09-03 01:52:00,154182.0,58.68,0
N2993,2025-09-03 01:53:00,175189.0,44.16,0
N2994,2025-09-03 01:54:00,31862.0,21.07,0
N2995,2025-09-03 01:55:00,44451.0,59.0,0
N2996,2025-09-03 01:56:00,129189.0,70.65,0
N2997,2025-09-03 01:57:00,35334.0,15.77,0
N2998,2025-09-03 01:58:00,59569.0,76.26,0
N2999,2025-09-03 01:59:00,89211.0,46.75,0
N3000,2025-09-03 02:00:00,131293.0,8.1,0
N3001,2025-09-03 02:01:00,10121.0,23.09,0
N3002,2025-09-03 02:02:00,122363.0,36.1,0
N3003,2025-09-03 02:03:00,47395.0,360.57,0
N3004,2025-09-03 02:04:00,121474.0,95.25,0
N3005,2025-09-03 02:05:00,130214.0,14.36,0
N3006,2025-09-03 02:06:00,298915.0,88.77,0
N3007,2025-09-03 02:07:00,231759.0,11.62,0
N3008,2025-09-03 02:08:00,230170.0,161.21,0
N3009,2025-09-03 02:09:00,253640.0,34.09,0
N3010,2025-09-03 02:10:00,80128.0,49.72,0
N3011,2025-09-03 02:11:00,61833.0,205.57,0
N3012,2025-09-03 02:12:00,143317.0,15.07,0
N3013,2025-09-03 02:13:00,124502.0,13.5,0
N3014,2025-09-03 02:14:00,43956.0,30.46,0
N3015,2025-09-03 02:15:00,89754.0,154.22,0
N3016,2025-09-03 02:16:00,57809.0,11.95,0
N3017,2025-09-03 02:17:00,25491.0,3.22,0
N3018,2025-09-03 02:18:00,217610.0,34.77,0
N3019,2025-09-03 02:19:00,63272.0,94.8,0
N3020,2025-09-03 02:20:00,464496.0,181.32,0
N3021,2025-09-03 02:21:00,11784.0,34.36,0
N3022,2025-09-03 02:22:00,34311.0,36.18,0
N3023,2025-09-03 02:23:00,61861.0,173.11,0
N3024,2025-09-03 02:24:00,186723.0,8.42,0
N3025,2025-09-03 02:25:00,89274.0,37.02,0
N3026,2025-09-03 02:26:00,81673.0,66.05,0
N3027,2025-09-03 02:27:00,19394.0,85.56,0
N3028,2025-09-03 02:28:00,18827.0,32.79,0
N3029,2025-09-03 02:29:00,82661.0,56.51,0
N3030,2025-09-03 02:30:00,15304.0,4.53,0
N3031,2025-09-03 02:31:00,35176.0,28.27,0
N3032,2025-09-03 02:32:00,98806.0,85.93,0
N3033,2025-09-03 02:33:00,22419.0,20.44,0
N3034,2025-09-03 02:34:00,298151.0,57.92,0
N3035,2025-09-03 02:35:00,203605.0,85.36,0
N3036,2025-09-03 02:36:00,12439.0,38.76,0
N3037,2025-09-03 02:37:00,23568.0,64.75,0
N3038,2025-09-03 02:38:00,6089.0,20.85,0
N3039,2025-09-03 02:39:00,27376.0,44.41,0
N3040,2025-09-03 02:40:00,128848.0,100.51,0
N3041,2025-09-03 02:41:00,39581.0,63.88,0
N3042,2025-09-03 02:42:00,94921.0,30.37,0
N3043,2025-09-03 02:43:00,13065.0,68.32,0
N3044,2025-09-03 02:44:00,132983.0,111.57,0
N3045,2025-09-03 02:45:00,34368.0,7.03,0
N3046,2025-09-03 02:46:00,60607.0,174.0,0
N3047,2025-09-03 02:47:00,54564.0,39.01,0
N3048,2025-09-03 02:48:00,16789.0,83.55,0
N3049,2025-09-03 02:49:00,18900.0,180.77,0
N3050,2025-09-03 02:50:00,157597.0,13.85,0
N3051,2025-09-03 02:51:00,89232.0,26.86,0
N3052,2025-09-03 02:52:00,171108.0,40.91,0
N3053,2025-09-03 02:53:00,82839.0,24.93,0
N3054,2025-09-03 02:54:00,69078.0,309.49,0
N3055,2025-09-03 02:55:00,10657.0,23.18,0
N3056,2025-09-03 02:56:00,45690.0,31.33,0
N3057,2025-09-03 02:57:00,58257.0,66.98,0
N3058,2025-09-03 02:58:00,422146.0,16.41,0
N3059,2025-09-03 02:59:00,119009.0,36.76,0
N3060,2025-09-03 03:00:00,278190.0,75.0,0
N3061,2025-09-03 03:01:00,108829.0,39.14,0
N3062,2025-09-03 03:02:00,29398.0,49.73,0
N3063,2025-09-03 03:03:00,67314.0,32.16,0
N3064,2025-09-03 03:04:00,75828.0,12.01,0
N3065,2025-09-03 03:05:00,23408.0,75.31,0
N3066,2025-09-03 03:06:00,40766.0,315.74,0
N3067,2025-09-03 03:07:00,48739.0,55.61,0
N3068,2025-09-03 03:08:00,298230.0,68.39,0
N3069,2025-09-03 03:09:00,7475.0,109.15,0
N3070,2025-09-03 03:10:00,199949.0,15.34,0
N3071,2025-09-03 03:11:00,23464.0,299.62,0
N3072,2025-09-03 03:12:00,15183.0,66.84,0
N3073,2025-09-03 03:13:00,194842.0,279.18,0
N3074,2025-09-03 03:14:00,124480.0,26.23,0
N3075,2025-09-03 03:15:00,209928.0,336.32,0
N3076,2025-09-03 03:16:00,133346.0,118.53,0
N3077,2025-09-03 03:17:00,469698.0,94.92,0
N3078,2025-09-03 03:18:00,104686.0,68.99,0
N3079,2025-09-03 03:19:00,51201.0,42.58,0
N3080,2025-09-03 03:20:00,84367.0,181.37,0
N3081,2025-09-03 03:21:00,207621.0,62.83,0
N3082,2025-09-03 03:22:00,27464.0,7.64,0
N3083,2025-09-03 03:23:00,31198.0,17.86,0
N3084,2025-09-03 03:24:00,43960.0,45.34,0
N3085,2025-09-03 03:25:00,7298.0,74.44,0
N3086,2025-09-03 03:26:00,68739.0,51.59,0
N3087,2025-09-03 03:27:00,9080.0,184.74,0
N3088,2025-09-03 03:28:00,63137.0,7.76,0
N3089,2025-09-03 03:29:00,142243.0,63.03,0
N3090,2025-09-03 03:30:00,37165.0,8.86,0
N3091,2025-09-03 03:31:00,320333.0,116.71,0
N3092,2025-09-03 03:32:00,13898.0,49.68,0
N3093,2025-09-03 03:33:00,197059.0,83.06,0
N3094,2025-09-03 03:34:00,117611.0,23.01,0
N3095,2025-09-03 03:35:00,10764.0,196.26,0
N3096,2025-09-03 03:36:00,900580.0,154.74,0
N3097,2025-09-03 03:37:00,56177.0,97.86,0
N3098,2025-09-03 03:38:00,24897.0,47.97,0
N3099,2025-09-03 03:39:00,14661.0,97.5,0
N3100,2025-09-03 03:40:00,48049.0,26.93,0
N3101,2025-09-03 03:41:00,52712.0,128.45,0
N3102,2025-09-03 03:42:00,66346.0,284.14,0
N3103,2025-09-03 03:43:00,44454.0,159.27,0
N3104,2025-09-03 03:44:00,112783.0,26.32,0
N3105,2025-09-03 03:45:00,40634.0,78.37,0
N3106,2025-09-03 03:46:00,8648.0,14.98,0
N3107,2025-09-03 03:47:00,51567.0,96.78,0
N3108,2025-09-03 03:48:00,5611.0,85.68,0
N3109,2025-09-03 03:49:00,85286.0,8.42,0
N3110,2025-09-03 03:50:00,22487.0,17.09,0
N3111,2025-09-03 03:51:00,70499.0,41.14,0
N3112,2025-09-03 03:52:00,222810.0,40.41,0
N3113,2025-09-03 03:53:00,23185.0,16.29,0
N3114,2025-09-03 03:54:00,173036.0,80.56,0
N3115,2025-09-03 03:55:00,38817.0,70.21,0
N3116,2025-09-03 03:56:00,345654.0,44.96,0
N3117,2025-09-03 03:57:00,41558.0,25.64,0
N3118,2025-09-03 03:58:00,25836.0,155.82,0
N3119,2025-09-03 03:59:00,119043.0,285.83,0
N3120,2025-09-03 04:00:00,38724.0,33.66,0
N3121,2025-09-03 04:01:00,25811.0,29.6,0
N3122,2025-09-03 04:02:00,37129.0,89.23,0
N3123,2025-09-03 04:03:00,57262.0,38.17,0
N3124,2025-09-03 04:04:00,229161.0,47.49,0
N3125,2025-09-03 04:05:00,8655.0,114.39,0
N3126,2025-09-03 04:06:00,61272.0,8.09,0
N3127,2025-09-03 04:07:00,111849.0,204.04,0
N3128,2025-09-03 04:08:00,72653.0,58.71,0
N3129,2025-09-03 04:09:00,221874.0,36.18,0
N3130,2025-09-03 04:10:00,55584.0,49.94,0
N3131,2025-09-03 04:11:00,49784.0,52.58,0
N3132,2025-09-03 04:12:00,108264.0,9.67,0
N3133,2025-09-03 04:13:00,66126.0,243.46,0
N3134,2025-09-03 04:14:00,40522.0,56.9,0
N3135,2025-09-03 04:15:00,100322.0,85.03,0
N3136,2025-09-03 04:16:00,31178.0,141.39,0
N3137,2025-09-03 04:17:00,32494.0,19.66,0
N3138,2025-09-03 04:18:00,35313.0,87.66,0
N3139,2025-09-03 04:19:00,231670.0,41.78,0
N3140,2025-09-03 04:20:00,2390.0,127.33,0
N3141,2025-09-03 04:21:00,88929.0,6.51,0
N3142,2025-09-03 04:22:00,61962.0,49.45,0
N3143,2025-09-03 04:23:00,11149.0,29.88,0
N3144,2025-09-03 04:24:00,81612.0,84.12,0
N3145,2025-09-03 04:25:00,96351.0,87.36,0
N3146,2025-09-03 04:26:00,107973.0,26.91,0
N3147,2025-09-03 04:27:00,4222.0,26.78,0
N3148,2025-09-03 04:28:00,234777.0,48.88,0
N3149,2025-09-03 04:29:00,28632.0,22.27,0
N3150,2025-09-03 04:30:00,118963.0,126.72,0
N3151,2025-09-03 04:31:00,125627.0,37.74,0
N3152,2025-09-03 04:32:00,24917.0,2.98,0
N3153,2025-09-03 04:33:00,115897.0,37.53,0
N3154,2025-09-03 04:34:00,40721.0,19.33,0
N3155,2025-09-03 04:35:00,7545.0,10.68,0
N3156,2025-09-03 04:36:00,192479.0,15.84,0
N3157,2025-09-03 04:37:00,27583.0,60.91,0
N3158,2025-09-03 04:38:00,25476.0,206.16,0
N3159,2025-09-03 04:39:00,40012.0,74.68,0
N3160,2025-09-03 04:40:00,78609.0,29.77,0
N3161,2025-09-03 04:41:00,56541.0,86.13,0
N3162,2025-09-03 04:42:00,103577.0,34.5,0
N3163,2025-09-03 04:43:00,15686.0,27.26,0
N3164,2025-09-03 04:44:00,28499.0,17.21,0
N3165,2025-09-03 04:45:00,53317.0,9.47,0
N3166,2025-09-03 04:46:00,399467.0,36.97,0
N3167,2025-09-03 04:47:00,53433.0,63.95,0
N3168,2025-09-03 04:48:00,177233.0,49.57,0
N3169,2025-09-03 04:49:00,62228.0,36.02,0
N3170,2025-09-03 04:50:00,36914.0,21.21,0
N3171,2025-09-03 04:51:00,46783.0,100.31,0
N3172,2025-09-03 04:52:00,50594.0,14.63,0
N3173,2025-09-03 04:53:00,109496.0,118.63,0
N3174,2025-09-03 04:54:00,236715.0,20.04,0
N3175,2025-09-03 04:55:00,85792.0,25.73,0
N3176,2025-09-03 04:56:00,196237.0,12.59,0
N3177,2025-09-03 04:57:00,22816.0,33.07,0
N3178,2025-09-03 04:58:00,39552.0,144.79,0
N3179,2025-09-03 04:59:00,29019.0,91.43,0
N3180,2025-09-03 05:00:00,81998.0,145.25,0
N3181,2025-09-03 05:01:00,41816.0,92.03,0
N3182,2025-09-03 05:02:00,124215.0,18.11,0
N3183,2025-09-03 05:03:00,23600.0,39.22,0
N3184,2025-09-03 05:04:00,62507.0,25.02,0
N3185,2025-09-03 05:05:00,118998.0,206.56,0
N3186,2025-09-03 05:06:00,7591.0,16.5,0
N3187,2025-09-03 05:07:00,499634.0,133.45,0
N3188,2025-09-03 05:08:00,45109.0,133.35,0
N3189,2025-09-03 05:09:00,7903.0,340.23,0
N3190,2025-09-03 05:10:00,70129.0,36.25,0
N3191,2025-09-03 05:11:00,61910.0,111.31,0
N3192,2025-09-03 05:12:00,55166.0,534.67,0
N3193,2025-09-03 05:13:00,161327.0,29.44,0
N3194,2025-09-03 05:14:00,126430.0,11.76,0
N3195,2025-09-03 05:15:00,80650.0,8.33,0
N3196,2025-09-03 05:16:00,93916.0,111.35,0
N3197,2025-09-03 05:17:00,53941.0,8.3,0
N3198,2025-09-03 05:18:00,353448.0,37.63,0
N3199,2025-09-03 05:19:00,13641.0,84.55,0
N3200,2025-09-03 05:20:00,68848.0,65.71,0
N3201,2025-09-03 05:21:00,63897.0,83.55,0
N3202,2025-09-03 05:22:00,135034.0,68.19,0
N3203,2025-09-03 05:23:00,25749.0,196.15,0
N3204,2025-09-03 05:24:00,10471.0,21.07,0
N3205,2025-09-03 05:25:00,70040.0,27.74,0
N3206,2025-09-03 05:26:00,79319.0,25.21,0
N3207,2025-09-03 05:27:00,265561.0,125.23,0
N3208,2025-09-03 05:28:00,16808.0,134.34,0
N3209,2025-09-03 05:29:00,189984.0,85.73,0
N3210,2025-09-03 05:30:00,638843.0,178.3,0
N3211,2025-09-03 05:31:00,41037.0,16.81,0
N3212,2025-09-03 05:32:00,16466.0,289.23,0
N3213,2025-09-03 05:33:00,39856.0,250.44,0
N3214,2025-09-03 05:34:00,60719.0,113.93,0
N3215,2025-09-03 05:35:00,105218.0,324.34,0
N3216,2025-09-03 05:36:00,33144.0,10.42,0
N3217,2025-09-03 05:37:00,283566.0,32.32,0
N3218,2025-09-03 05:38:00,19643.0,26.17,0
N3219,2025-09-03 05:39:00,10517.0,112.33,0
N3220,2025-09-03 05:40:00,181083.0,19.1,0
N3221,2025-09-03 05:41:00,6157.0,116.45,0
N3222,2025-09-03 05:42:00,48819.0,214.98,0
N3223,2025-09-03 05:43:00,1352792.0,109.42,0
N3224,2025-09-03 05:44:00,59157.0,72.51,0
N3225,2025-09-03 05:45:00,19521.0,20.33,0
N3226,2025-09-03 05:46:00,56534.0,23.41,0
N3227,2025-09-03 05:47:00,56908.0,190.49,0
N3228,2025-09-03 05:48:00,70309.0,119.03,0
N3229,2025-09-03 05:49:00,116106.0,52.51,0
N3230,2025-09-03 05:50:00,21182.0,35.95,0
N3231,2025-09-03 05:51:00,323692.0,7.2,0
N3232,2025-09-03 05:52:00,76505.0,18.71,0
N3233,2025-09-03 05:53:00,123846.0,369.23,0
N3234,2025-09-03 05:54:00,31948.0,15.17,0
N3235,2025-09-03 05:55:00,216724.0,65.99,0
N3236,2025-09-03 05:56:00,46302.0,149.52,0
N3237,2025-09-03 05:57:00,79028.0,15.57,0
N3238,2025-09-03 05:58:00,23550.0,65.67,0
N3239,2025-09-03 05:59:00,22094.0,139.48,0
N3240,2025-09-03 06:00:00,119158.0,55.28,0
N3241,2025-09-03 06:01:00,38422.0,961.41,0
N3242,2025-09-03 06:02:00,25493.0,10.29,0
N3243,2025-09-03 06:03:00,31471.0,157.39,0
N3244,2025-09-03 06:04:00,120446.0,45.93,0
N3245,2025-09-03 06:05:00,31919.0,118.15,0
N3246,2025-09-03 06:06:00,53228.0,84.89,0
N3247,2025-09-03 06:07:00,60781.0,26.23,0
N3248,2025-09-03 06:08:00,8801.0,68.65,0
N3249,2025-09-03 06:09:00,13751.0,8.52,0
N3250,2025-09-03 06:10:00,83808.0,99.81,0
N3251,2025-09-03 06:11:00,28652.0,73.56,0
N3252,2025-09-03 06:12:00,172254.0,103.41,0
N3253,2025-09-03 06:13:00,157441.0,157.29,0
N3254,2025-09-03 06:14:00,122905.0,78.86,0
N3255,2025-09-03 06:15:00,369450.0,63.31,0
N3256,2025-09-03 06:16:00,55100.0,22.62,0
N3257,2025-09-03 06:17:00,114563.0,26.78,0
N3258,2025-09-03 06:18:00,33376.0,178.88,0
N3259,2025-09-03 06:19:00,695489.0,229.6,0
N3260,2025-09-03 06:20:00,435232.0,43.03,0
N3261,2025-09-03 06:21:00,60590.0,57.17,0
N3262,2025-09-03 06:22:00,88132.0,22.1,0
N3263,2025-09-03 06:23:00,233117.0,176.4,0
N3264,2025-09-03 06:24:00,51682.0,106.21,0
N3265,2025-09-03 06:25:00,31051.0,380.4,0
N3266,2025-09-03 06:26:00,143486.0,22.68,0
N3267,2025-09-03 06:27:00,64760.0,37.41,0
N3268,2025-09-03 06:28:00,71897.0,68.82,0
N3269,2025-09-03 06:29:00,25997.0,104.22,0
N3270,2025-09-03 06:30:00,10746.0,44.01,0
N3271,2025-09-03 06:31:00,75822.0,22.81,0
N3272,2025-09-03 06:32:00,147999.0,131.82,0
N3273,2025-09-03 06:33:00,47772.0,112.3,0
N3274,2025-09-03 06:34:00,251810.0,21.84,0
N3275,2025-09-03 06:35:00,29616.0,211.76,0
N3276,2025-09-03 06:36:00,20854.0,175.95,0
N3277,2025-09-03 06:37:00,55981.0,62.45,0
N3278,2025-09-03 06:38:00,55128.0,59.12,0
N3279,2025-09-03 06:39:00,129310.0,95.02,0
N3280,2025-09-03 06:40:00,27585.0,23.06,0
N3281,2025-09-03 06:41:00,235177.0,56.26,0
N3282,2025-09-03 06:42:00,428016.0,6.34,0
N3283,2025-09-03 06:43:00,57576.0,131.16,0
N3284,2025-09-03 06:44:00,208921.0,11.46,0
N3285,2025-09-03 06:45:00,20817.0,245.53,0
N3286,2025-09-03 06:46:00,175470.0,39.25,0
N3287,2025-09-03 06:47:00,170634.0,44.18,0
N3288,2025-09-03 06:48:00,141979.0,29.14,0
N3289,2025-09-03 06:49:00,58950.0,40.93,0
N3290,2025-09-03 06:50:00,3121.0,225.55,0
N3291,2025-09-03 06:51:00,31517.0,4.54,0
N3292,2025-09-03 06:52:00,32019.0,195.77,0
N3293,2025-09-03 06:53:00,22511.0,76.56,0
N3294,2025-09-03 06:54:00,67659.0,16.33,0
N3295,2025-09-03 06:55:00,39381.0,18.63,0
N3296,2025-09-03 06:56:00,26249.0,291.89,0
N3297,2025-09-03 06:57:00,20769.0,21.21,0
N3298,2025-09-03 06:58:00,29275.0,17.23,0
N3299,2025-09-03 06:59:00,183781.0,170.26,0
N3300,2025-09-03 07:00:00,30914.0,76.6,0
N3301,2025-09-03 07:01:00,35777.0,21.37,0
N3302,2025-09-03 07:02:00,37923.0,67.8,0
N3303,2025-09-03 07:03:00,84035.0,19.57,0
N3304,2025-09-03 07:04:00,94490.0,164.16,0
N3305,2025-09-03 07:05:00,2851.0,157.81,0
N3306,2025-09-03 07:06:00,166314.0,92.94,0
N3307,2025-09-03 07:07:00,251794.0,78.39,0
N3308,2025-09-03 07:08:00,20948.0,317.73,0
N3309,2025-09-03 07:09:00,22645.0,54.58,0
N3310,2025-09-03 07:10:00,38168.0,16.75,0
N3311,2025-09-03 07:11:00,28113.0,85.58,0
N3312,2025-09-03 07:12:00,74901.0,439.68,0
N3313,2025-09-03 07:13:00,8548.0,19.79,0
N3314,2025-09-03 07:14:00,19576.0,38.04,0
N3315,2025-09-03 07:15:00,279064.0,82.8,0
N3316,2025-09-03 07:16:00,23666.0,51.73,0
N3317,2025-09-03 07:17:00,207612.0,20.44,0
N3318,2025-09-03 07:18:00,85420.0,167.65,0
N3319,2025-09-03 07:19:00,9806.0,555.6,0
N3320,2025-09-03 07:20:00,113021.0,66.43,0
N3321,2025-09-03 07:21:00,53228.0,22.11,0
N3322,2025-09-03 07:22:00,37969.0,11.6,0
N3323,2025-09-03 07:23:00,76493.0,70.67,0
N3324,2025-09-03 07:24:00,96243.0,164.66,0
N3325,2025-09-03 07:25:00,121491.0,87.81,0
N3326,2025-09-03 07:26:00,194513.0,54.47,0
N3327,2025-09-03 07:27:00,90051.0,30.29,0
N3328,2025-09-03 07:28:00,15129.0,18.32,0
N3329,2025-09-03 07:29:00,37285.0,125.81,0
N3330,2025-09-03 07:30:00,1136028.0,136.15,0
N3331,2025-09-03 07:31:00,123561.0,11.64,0
N3332,2025-09-03 07:32:00,640041.0,267.69,0
N3333,2025-09-03 07:33:00,241696.0,96.94,0
N3334,2025-09-03 07:34:00,76252.0,221.32,0
N3335,2025-09-03 07:35:00,80935.0,14.27,0
N3336,2025-09-03 07:36:00,57724.0,13.93,0
N3337,2025-09-03 07:37:00,10532.0,47.04,0
N3338,2025-09-03 07:38:00,60965.0,90.27,0
N3339,2025-09-03 07:39:00,200923.0,329.1,0
N3340,2025-09-03 07:40:00,32871.0,110.62,0
N3341,2025-09-03 07:41:00,90396.0,42.83,0
N3342,2025-09-03 07:42:00,140307.0,19.56,0
N3343,2025-09-03 07:43:00,24108.0,186.79,0
N3344,2025-09-03 07:44:00,38128.0,20.81,0
N3345,2025-09-03 07:45:00,21635.0,278.24,0
N3346,2025-09-03 07:46:00,26313.0,41.08,0
N3347,2025-09-03 07:47:00,16521.0,267.89,0
N3348,2025-09-03 07:48:00,24332.0,107.65,0
N3349,2025-09-03 07:49:00,247572.0,47.61,0
N3350,2025-09-03 07:50:00,23969.0,32.48,0
N3351,2025-09-03 07:51:00,67945.0,38.83,0
N3352,2025-09-03 07:52:00,36211.0,83.79,0
N3353,2025-09-03 07:53:00,194632.0,58.98,0
N3354,2025-09-03 07:54:00,222162.0,30.15,0
N3355,2025-09-03 07:55:00,142069.0,46.26,0
N3356,2025-09-03 07:56:00,81319.0,59.06,0
N3357,2025-09-03 07:57:00,47522.0,6.5,0
N3358,2025-09-03 07:58:00,18181.0,86.33,0
N3359,2025-09-03 07:59:00,418122.0,20.5,0
N3360,2025-09-03 08:00:00,28010.0,17.23,0
N3361,2025-09-03 08:01:00,116267.0,10.1,0
N3362,2025-09-03 08:02:00,172744.0,9.08,0
N3363,2025-09-03 08:03:00,34362.0,14.08,0
N3364,2025-09-03 08:04:00,169061.0,26.87,0
N3365,2025-09-03 08:05:00,128568.0,385.01,0
N3366,2025-09-03 08:06:00,337042.0,32.27,0
N3367,2025-09-03 08:07:00,37446.0,65.22,0
N3368,2025-09-03 08:08:00,16550.0,81.49,0
N3369,2025-09-03 08:09:00,36117.0,62.24,0
N3370,2025-09-03 08:10:00,73781.0,50.53,0
N3371,2025-09-03 08:11:00,63463.0,16.52,0
N3372,2025-09-03 08:12:00,40399.0,232.97,0
N3373,2025-09-03 08:13:00,8873.0,332.69,0
N3374,2025-09-03 08:14:00,95845.0,10.15,0
N3375,2025-09-03 08:15:00,430346.0,19.61,0
N3376,2025-09-03 08:16:00,95249.0,41.27,0
N3377,2025-09-03 08:17:00,110099.0,20.81,0
N3378,2025-09-03 08:18:00,106133.0,90.56,0
N3379,2025-09-03 08:19:00,89058.0,26.36,0
N3380,2025-09-03 08:20:00,152005.0,475.83,0
N3381,2025-09-03 08:21:00,88909.0,179.57,0
N3382,2025-09-03 08:22:00,43797.0,67.53,0
N3383,2025-09-03 08:23:00,27011.0,152.47,0
N3384,2025-09-03 08:24:00,46678.0,164.99,0
N3385,2025-09-03 08:25:00,81972.0,31.06,0
N3386,2025-09-03 08:26:00,43648.0,24.14,0
N3387,2025-09-03 08:27:00,81989.0,59.04,0
N3388,2025-09-03 08:28:00,92888.0,129.24,0
N3389,2025-09-03 08:29:00,137748.0,62.74,0
N3390,2025-09-03 08:30:00,215948.0,11.28,0
N3391,2025-09-03 08:31:00,64732.0,24.46,0
N3392,2025-09-03 08:32:00,16191.0,50.71,0
N3393,2025-09-03 08:33:00,42400.0,50.62,0
N3394,2025-09-03 08:34:00,62571.0,392.5,0
N3395,2025-09-03 08:35:00,9549.0,13.65,0
N3396,2025-09-03 08:36:00,240065.0,90.52,0
N3397,2025-09-03 08:37:00,69036.0,242.04,0
N3398,2025-09-03 08:38:00,87672.0,529.24,0
N3399,2025-09-03 08:39:00,234574.0,36.44,0
N3400,2025-09-03 08:40:00,31884.0,89.25,0
N3401,2025-09-03 08:41:00,106302.0,96.52,0
N3402,2025-09-03 08:42:00,53645.0,66.39,0
N3403,2025-09-03 08:43:00,49807.0,49.46,0
N3404,2025-09-03 08:44:00,27662.0,84.43,0
N3405,2025-09-03 08:45:00,316666.0,4.34,0
N3406,2025-09-03 08:46:00,41130.0,107.99,0
N3407,2025-09-03 08:47:00,120507.0,61.94,0
N3408,2025-09-03 08:48:00,9182.0,43.71,0
N3409,2025-09-03 08:49:00,194851.0,422.78,0
N3410,2025-09-03 08:50:00,171478.0,27.8,0
N3411,2025-09-03 08:51:00,66002.0,36.49,0
N3412,2025-09-03 08:52:00,47718.0,400.04,0
N3413,2025-09-03 08:53:00,89322.0,23.76,0
N3414,2025-09-03 08:54:00,590539.0,31.5,0
N3415,2025-09-03 08:55:00,10268.0,47.13,0
N3416,2025-09-03 08:56:00,130879.0,126.56,0
N3417,2025-09-03 08:57:00,24062.0,67.21,0
N3418,2025-09-03 08:58:00,58693.0,14.99,0
N3419,2025-09-03 08:59:00,46729.0,32.07,0
N3420,2025-09-03 09:00:00,39014.0,29.74,0
N3421,2025-09-03 09:01:00,59251.0,50.54,0
N3422,2025-09-03 09:02:00,19261.0,83.58,0
N3423,2025-09-03 09:03:00,167574.0,82.95,0
N3424,2025-09-03 09:04:00,9955.0,9.24,0
N3425,2025-09-03 09:05:00,102720.0,158.21,0
N3426,2025-09-03 09:06:00,43194.0,70.29,0
N3427,2025-09-03 09:07:00,18566.0,218.01,0
N3428,2025-09-03 09:08:00,73305.0,85.13,0
N3429,2025-09-03 09:09:00,12620.0,164.24,0
N3430,2025-09-03 09:10:00,62300.0,87.06,0
N3431,2025-09-03 09:11:00,14431.0,209.81,0
N3432,2025-09-03 09:12:00,94966.0,92.04,0
N3433,2025-09-03 09:13:00,23757.0,49.51,0
N3434,2025-09-03 09:14:00,38140.0,529.77,0
N3435,2025-09-03 09:15:00,80334.0,132.83,0
N3436,2025-09-03 09:16:00,27652.0,96.91,0
N3437,2025-09-03 09:17:00,56502.0,15.24,0
N3438,2025-09-03 09:18:00,13176.0,15.05,0
N3439,2025-09-03 09:19:00,112519.0,73.16,0
N3440,2025-09-03 09:20:00,349729.0,63.15,0
N3441,2025-09-03 09:21:00,976968.0,29.54,0
N3442,2025-09-03 09:22:00,65589.0,62.86,0
N3443,2025-09-03 09:23:00,131690.0,267.37,0
N3444,2025-09-03 09:24:00,10091.0,109.44,0
N3445,2025-09-03 09:25:00,269072.0,17.44,0
N3446,2025-09-03 09:26:00,130122.0,48.84,0
N3447,2025-09-03 09:27:00,36904.0,24.41,0
N3448,2025-09-03 09:28:00,206319.0,37.05,0
N3449,2025-09-03 09:29:00,46422.0,36.1,0
N3450,2025-09-03 09:30:00,37872.0,33.86,0
N3451,2025-09-03 09:31:00,96311.0,15.56,0
N3452,2025-09-03 09:32:00,20674.0,48.05,0
N3453,2025-09-03 09:33:00,166313.0,31.17,0
N3454,2025-09-03 09:34:00,20827.0,2.92,0
N3455,2025-09-03 09:35:00,20951.0,425.38,0
N3456,2025-09-03 09:36:00,24108.0,162.19,0
N3457,2025-09-03 09:37:00,127963.0,37.48,0
N3458,2025-09-03 09:38:00,32313.0,55.64,0
N3459,2025-09-03 09:39:00,15553.0,16.92,0
N3460,2025-09-03 09:40:00,32674.0,297.59,0
N3461,2025-09-03 09:41:00,57986.0,364.05,0
N3462,2025-09-03 09:42:00,18380.0,63.86,0
N3463,2025-09-03 09:43:00,18927.0,151.95,0
N3464,2025-09-03 09:44:00,494497.0,65.06,0
N3465,2025-09-03 09:45:00,25322.0,14.34,0
N3466,2025-09-03 09:46:00,43345.0,36.17,0
N3467,2025-09-03 09:47:00,41472.0,62.3,0
N3468,2025-09-03 09:48:00,39287.0,34.66,0
N3469,2025-09-03 09:49:00,111452.0,43.88,0
N3470,2025-09-03 09:50:00,154530.0,49.83,0
N3471,2025-09-03 09:51:00,44093.0,50.36,0
N3472,2025-09-03 09:52:00,17388.0,57.53,0
N3473,2025-09-03 09:53:00,214152.0,18.9,0
N3474,2025-09-03 09:54:00,54429.0,26.66,0
N3475,2025-09-03 09:55:00,337838.0,15.11,0
N3476,2025-09-03 09:56:00,6339.0,145.16,0
N3477,2025-09-03 09:57:00,72795.0,6.65,0
N3478,2025-09-03 09:58:00,407830.0,173.05,0
N3479,2025-09-03 09:59:00,42055.0,218.4,0
N3480,2025-09-03 10:00:00,47787.0,40.36,0
N3481,2025-09-03 10:01:00,80460.0,4.04,0
N3482,2025-09-03 10:02:00,34242.0,38.04,0
N3483,2025-09-03 10:03:00,43824.0,51.2,0
N3484,2025-09-03 10:04:00,42710.0,19.87,0
N3485,2025-09-03 10:05:00,31971.0,32.62,0
N3486,2025-09-03 10:06:00,204609.0,252.19,0
N3487,2025-09-03 10:07:00,94947.0,106.16,0
N3488,2025-09-03 10:08:00,76928.0,21.66,0
N3489,2025-09-03 10:09:00,134399.0,11.05,0
N3490,2025-09-03 10:10:00,45965.0,39.37,0
N3491,2025-09-03 10:11:00,27606.0,44.1,0
N3492,2025-09-03 10:12:00,32774.0,89.68,0
N3493,2025-09-03 10:13:00,59981.0,31.97,0
N3494,2025-09-03 10:14:00,20760.0,91.06,0
N3495,2025-09-03 10:15:00,36306.0,378.1,0
N3496,2025-09-03 10:16:00,35735.0,123.41,0
N3497,2025-09-03 10:17:00,501098.0,52.03,0
N3498,2025-09-03 10:18:00,3738.0,45.46,0
N3499,2025-09-03 10:19:00,50030.0,38.22,0
N3500,2025-09-03 10:20:00,336278.0,177.8,0
N3501,2025-09-03 10:21:00,67633.0,29.16,0
N3502,2025-09-03 10:22:00,127187.0,57.12,0
N3503,2025-09-03 10:23:00,66160.0,57.47,0
N3504,2025-09-03 10:24:00,30720.0,33.06,0
N3505,2025-09-03 10:25:00,6362.0,13.84,0
N3506,2025-09-03 10:26:00,73531.0,75.41,0
N3507,2025-09-03 10:27:00,27568.0,51.37,0
N3508,2025-09-03 10:28:00,26894.0,90.04,0
N3509,2025-09-03 10:29:00,36352.0,32.02,0
N3510,2025-09-03 10:30:00,342786.0,185.09,0
N3511,2025-09-03 10:31:00,663204.0,22.72,0
N3512,2025-09-03 10:32:00,74400.0,302.49,0
N3513,2025-09-03 10:33:00,37618.0,9.51,0
N3514,2025-09-03 10:34:00,18449.0,84.33,0
N3515,2025-09-03 10:35:00,95659.0,87.83,0
N3516,2025-09-03 10:36:00,356078.0,24.64,0
N3517,2025-09-03 10:37:00,46754.0,83.46,0
N3518,2025-09-03 10:38:00,5547.0,196.28,0
N3519,2025-09-03 10:39:00,117014.0,5.95,0
N3520,2025-09-03 10:40:00,160396.0,90.26,0
N3521,2025-09-03 10:41:00,12261.0,4.51,0
N3522,2025-09-03 10:42:00,71431.0,20.79,0
N3523,2025-09-03 10:43:00,94017.0,278.43,0
N3524,2025-09-03 10:44:00,55653.0,30.51,0
N3525,2025-09-03 10:45:00,27153.0,16.88,0
N3526,2025-09-03 10:46:00,165369.0,44.79,0
N3527,2025-09-03 10:47:00,39999.0,431.78,0
N3528,2025-09-03 10:48:00,13559.0,8.74,0
N3529,2025-09-03 10:49:00,7712.0,19.08,0
N3530,2025-09-03 10:50:00,211261.0,244.06,0
N3531,2025-09-03 10:51:00,110931.0,349.92,0
N3532,2025-09-03 10:52:00,65380.0,49.23,0
N3533,2025-09-03 10:53:00,38551.0,15.81,0
N3534,2025-09-03 10:54:00,35278.0,444.01,0
N3535,2025-09-03 10:55:00,20420.0,268.93,0
N3536,2025-09-03 10:56:00,38892.0,107.66,0
N3537,2025-09-03 10:57:00,7186.0,24.23,0
N3538,2025-09-03 10:58:00,28679.0,51.99,0
N3539,2025-09-03 10:59:00,43873.0,46.51,0
N3540,2025-09-03 11:00:00,110181.0,76.01,0
N3541,2025-09-03 11:01:00,57531.0,232.99,0
N3542,2025-09-03 11:02:00,132578.0,131.55,0
N3543,2025-09-03 11:03:00,230760.0,18.59,0
N3544,2025-09-03 11:04:00,172503.0,216.26,0
N3545,2025-09-03 11:05:00,95847.0,74.67,0
N3546,2025-09-03 11:06:00,60589.0,108.53,0
N3547,2025-09-03 11:07:00,22454.0,236.64,0
N3548,2025-09-03 11:08:00,125485.0,17.96,0
N3549,2025-09-03 11:09:00,321177.0,52.68,0
N3550,2025-09-03 11:10:00,84297.0,32.09,0
N3551,2025-09-03 11:11:00,407281.0,11.38,0
N3552,2025-09-03 11:12:00,13022.0,77.22,0
N3553,2025-09-03 11:13:00,18880.0,672.87,0
N3554,2025-09-03 11:14:00,140815.0,8.67,0
N3555,2025-09-03 11:15:00,77986.0,52.86,0
N3556,2025-09-03 11:16:00,222745.0,103.6,0
N3557,2025-09-03 11:17:00,58955.0,61.75,0
N3558,2025-09-03 11:18:00,25135.0,48.76,0
N3559,2025-09-03 11:19:00,48359.0,14.89,0
N3560,2025-09-03 11:20:00,12930.0,68.91,0
N3561,2025-09-03 11:21:00,19369.0,25.62,0
N3562,2025-09-03 11:22:00,158331.0,6.11,0
N3563,2025-09-03 11:23:00,143313.0,180.29,0
N3564,2025-09-03 11:24:00,86078.0,142.36,0
N3565,2025-09-03 11:25:00,10710.0,57.49,0
N3566,2025-09-03 11:26:00,41840.0,68.65,0
N3567,2025-09-03 11:27:00,17588.0,159.86,0
N3568,2025-09-03 11:28:00,194179.0,68.33,0
N3569,2025-09-03 11:29:00,33399.0,134.83,0
N3570,2025-09-03 11:30:00,20216.0,40.55,0
N3571,2025-09-03 11:31:00,61685.0,202.75,0
N3572,2025-09-03 11:32:00,31566.0,75.25,0
N3573,2025-09-03 11:33:00,264010.0,66.29,0
N3574,2025-09-03 11:34:00,28715.0,15.33,0
N3575,2025-09-03 11:35:00,14776.0,72.74,0
N3576,2025-09-03 11:36:00,6954.0,23.76,0
N3577,2025-09-03 11:37:00,58059.0,28.84,0
N3578,2025-09-03 11:38:00,34135.0,24.16,0
N3579,2025-09-03 11:39:00,14344.0,18.8,0
N3580,2025-09-03 11:40:00,196659.0,457.04,0
N3581,2025-09-03 11:41:00,116686.0,206.71,0
N3582,2025-09-03 11:42:00,58208.0,372.55,0
N3583,2025-09-03 11:43:00,234293.0,16.07,0
N3584,2025-09-03 11:44:00,116138.0,58.63,0
N3585,2025-09-03 11:45:00,26295.0,14.98,0
N3586,2025-09-03 11:46:00,21179.0,27.23,0
N3587,2025-09-03 11:47:00,135670.0,21.8,0
N3588,2025-09-03 11:48:00,88998.0,188.59,0
N3589,2025-09-03 11:49:00,70951.0,36.74,0
N3590,2025-09-03 11:50:00,25681.0,158.92,0
N3591,2025-09-03 11:51:00,109968.0,99.9,0
N3592,2025-09-03 11:52:00,28127.0,546.56,0
N3593,2025-09-03 11:53:00,54069.0,12.44,0
N3594,2025-09-03 11:54:00,254472.0,192.33,0
N3595,2025-09-03 11:55:00,30920.0,171.82,0
N3596,2025-09-03 11:56:00,12419.0,20.63,0
N3597,2025-09-03 11:57:00,20899.0,149.48,0
N3598,2025-09-03 11:58:00,161830.0,76.41,0
N3599,2025-09-03 11:59:00,77245.0,43.49,0
N3600,2025-09-03 12:00:00,52634.0,23.95,0
N3601,2025-09-03 12:01:00,35987.0,26.6,0
N3602,2025-09-03 12:02:00,97281.0,424.03,0
N3603,2025-09-03 12:03:00,25614.0,54.64,0
N3604,2025-09-03 12:04:00,81281.0,119.36,0
N3605,2025-09-03 12:05:00,28818.0,24.76,0
N3606,2025-09-03 12:06:00,24400.0,25.03,0
N3607,2025-09-03 12:07:00,31651.0,161.09,0
N3608,2025-09-03 12:08:00,41134.0,14.16,0
N3609,2025-09-03 12:09:00,57021.0,36.05,0
N3610,2025-09-03 12:10:00,75770.0,56.49,0
N3611,2025-09-03 12:11:00,1498.0,61.03,0
N3612,2025-09-03 12:12:00,26698.0,45.65,0
N3613,2025-09-03 12:13:00,40475.0,81.11,0
N3614,2025-09-03 12:14:00,269699.0,109.16,0
N3615,2025-09-03 12:15:00,20333.0,113.82,0
N3616,2025-09-03 12:16:00,70460.0,20.37,0
N3617,2025-09-03 12:17:00,267007.0,41.09,0
N3618,2025-09-03 12:18:00,16107.0,180.33,0
N3619,2025-09-03 12:19:00,88785.0,133.57,0
N3620,2025-09-03 12:20:00,26842.0,13.83,0
N3621,2025-09-03 12:21:00,36148.0,77.59,0
N3622,2025-09-03 12:22:00,26820.0,7.55,0
N3623,2025-09-03 12:23:00,28800.0,57.22,0
N3624,2025-09-03 12:24:00,910648.0,364.22,0
N3625,2025-09-03 12:25:00,139310.0,21.16,0
N3626,2025-09-03 12:26:00,180185.0,23.7,0
N3627,2025-09-03 12:27:00,97929.0,117.22,0
N3628,2025-09-03 12:28:00,12013.0,11.67,0
N3629,2025-09-03 12:29:00,88872.0,29.0,0
N3630,2025-09-03 12:30:00,175068.0,99.13,0
N3631,2025-09-03 12:31:00,25504.0,28.95,0
N3632,2025-09-03 12:32:00,157208.0,43.12,0
N3633,2025-09-03 12:33:00,121096.0,114.91,0
N3634,2025-09-03 12:34:00,381566.0,83.22,0
N3635,2025-09-03 12:35:00,39427.0,71.29,0
N3636,2025-09-03 12:36:00,19978.0,38.9,0
N3637,2025-09-03 12:37:00,41705.0,79.05,0
N3638,2025-09-03 12:38:00,251594.0,48.24,0
N3639,2025-09-03 12:39:00,9620.0,86.3,0
N3640,2025-09-03 12:40:00,7568.0,33.22,0
N3641,2025-09-03 12:41:00,65473.0,45.49,0
N3642,2025-09-03 12:42:00,38461.0,20.29,0
N3643,2025-09-03 12:43:00,60339.0,52.72,0
N3644,2025-09-03 12:44:00,154093.0,24.26,0
N3645,2025-09-03 12:45:00,34456.0,17.92,0
N3646,2025-09-03 12:46:00,9200.0,70.72,0
N3647,2025-09-03 12:47:00,462537.0,67.54,0
N3648,2025-09-03 12:48:00,22088.0,119.45,0
N3649,2025-09-03 12:49:00,20764.0,35.48,0
N3650,2025-09-03 12:50:00,180542.0,82.11,0
N3651,2025-09-03 12:51:00,40762.0,94.71,0
N3652,2025-09-03 12:52:00,56197.0,85.18,0
N3653,2025-09-03 12:53:00,97031.0,23.91,0
N3654,2025-09-03 12:54:00,176943.0,63.39,0
N3655,2025-09-03 12:55:00,42896.0,78.58,0
N3656,2025-09-03 12:56:00,273745.0,54.99,0
N3657,2025-09-03 12:57:00,7074.0,6.78,0
N3658,2025-09-03 12:58:00,128000.0,64.1,0
N3659,2025-09-03 12:59:00,25861.0,498.96,0
N3660,2025-09-03 13:00:00,236162.0,38.09,0
N3661,2025-09-03 13:01:00,69013.0,26.36,0
N3662,2025-09-03 13:02:00,30549.0,79.31,0
N3663,2025-09-03 13:03:00,116174.0,74.62,0
N3664,2025-09-03 13:04:00,146267.0,179.96,0
N3665,2025-09-03 13:05:00,113765.0,15.52,0
N3666,2025-09-03 13:06:00,21382.0,113.45,0
N3667,2025-09-03 13:07:00,36901.0,98.54,0
N3668,2025-09-03 13:08:00,59631.0,47.36,0
N3669,2025-09-03 13:09:00,57454.0,76.61,0
N3670,2025-09-03 13:10:00,126721.0,152.85,0
N3671,2025-09-03 13:11:00,7983.0,130.62,0
N3672,2025-09-03 13:12:00,83644.0,17.41,0
N3673,2025-09-03 13:13:00,44802.0,123.98,0
N3674,2025-09-03 13:14:00,25887.0,51.18,0
N3675,2025-09-03 13:15:00,28496.0,58.73,0
N3676,2025-09-03 13:16:00,48313.0,58.74,0
N3677,2025-09-03 13:17:00,1634.0,46.98,0
N3678,2025-09-03 13:18:00,29694.0,179.78,0
N3679,2025-09-03 13:19:00,24939.0,50.21,0
N3680,2025-09-03 13:20:00,102006.0,17.82,0
N3681,2025-09-03 13:21:00,26755.0,36.84,0
N3682,2025-09-03 13:22:00,48285.0,65.28,0
N3683,2025-09-03 13:23:00,279925.0,186.65,0
N3684,2025-09-03 13:24:00,161838.0,99.79,0
N3685,2025-09-03 13:25:00,147602.0,23.32,0
N3686,2025-09-03 13:26:00,36320.0,655.36,0
N3687,2025-09-03 13:27:00,103056.0,71.15,0
N3688,2025-09-03 13:28:00,47387.0,195.47,0
N3689,2025-09-03 13:29:00,49213.0,46.91,0
N3690,2025-09-03 13:30:00,90191.0,93.07,0
N3691,2025-09-03 13:31:00,32959.0,126.4,0
N3692,2025-09-03 13:32:00,266466.0,184.6,0
N3693,2025-09-03 13:33:00,51015.0,157.18,0
N3694,2025-09-03 13:34:00,111119.0,130.61,0
N3695,2025-09-03 13:35:00,256684.0,39.84,0
N3696,2025-09-03 13:36:00,167989.0,30.82,0
N3697,2025-09-03 13:37:00,14634.0,76.14,0
N3698,2025-09-03 13:38:00,93423.0,138.81,0
N3699,2025-09-03 13:39:00,140185.0,43.7,0
N3700,2025-09-03 13:40:00,146073.0,158.41,0
N3701,2025-09-03 13:41:00,19667.0,233.37,0
N3702,2025-09-03 13:42:00,31038.0,21.84,0
N3703,2025-09-03 13:43:00,161872.0,23.64,0
N3704,2025-09-03 13:44:00,27952.0,47.45,0
N3705,2025-09-03 13:45:00,44369.0,74.26,0
N3706,2025-09-03 13:46:00,289490.0,32.31,0
N3707,2025-09-03 13:47:00,57080.0,211.07,0
N3708,2025-09-03 13:48:00,28947.0,83.43,0
N3709,2025-09-03 13:49:00,24894.0,56.79,0
N3710,2025-09-03 13:50:00,83510.0,12.99,0
N3711,2025-09-03 13:51:00,15786.0,14.65,0
N3712,2025-09-03 13:52:00,46754.0,72.31,0
N3713,2025-09-03 13:53:00,83553.0,6.47,0
N3714,2025-09-03 13:54:00,219509.0,150.3,0
N3715,2025-09-03 13:55:00,116722.0,46.61,0
N3716,2025-09-03 13:56:00,29317.0,1398.41,0
N3717,2025-09-03 13:57:00,194545.0,548.9,0
N3718,2025-09-03 13:58:00,44377.0,45.54,0
N3719,2025-09-03 13:59:00,17401.0,49.09,0
N3720,2025-09-03 14:00:00,50411.0,147.76,0
N3721,2025-09-03 14:01:00,252248.0,299.82,0
N3722,2025-09-03 14:02:00,70632.0,10.61,0
N3723,2025-09-03 14:03:00,60629.0,9.15,0
N3724,2025-09-03 14:04:00,307802.0,29.31,0
N3725,2025-09-03 14:05:00,14309.0,97.78,0
N3726,2025-09-03 14:06:00,16554.0,89.74,0
N3727,2025-09-03 14:07:00,11898.0,159.14,0
N3728,2025-09-03 14:08:00,86912.0,16.45,0
N3729,2025-09-03 14:09:00,70721.0,5.39,0
N3730,2025-09-03 14:10:00,280054.0,128.77,0
N3731,2025-09-03 14:11:00,76380.0,23.85,0
N3732,2025-09-03 14:12:00,39968.0,7.25,0
N3733,2025-09-03 14:13:00,59982.0,63.12,0
N3734,2025-09-03 14:14:00,67353.0,120.68,0
N3735,2025-09-03 14:15:00,11251.0,48.32,0
N3736,2025-09-03 14:16:00,900163.0,34.54,0
N3737,2025-09-03 14:17:00,100697.0,46.56,0
N3738,2025-09-03 14:18:00,73866.0,37.69,0
N3739,2025-09-03 14:19:00,110765.0,14.18,0
N3740,2025-09-03 14:20:00,121712.0,26.72,0
N3741,2025-09-03 14:21:00,52023.0,91.95,0
N3742,2025-09-03 14:22:00,31849.0,75.31,0
N3743,2025-09-03 14:23:00,109038.0,64.59,0
N3744,2025-09-03 14:24:00,88054.0,20.18,0
N3745,2025-09-03 14:25:00,26638.0,45.54,0
N3746,2025-09-03 14:26:00,247468.0,6.19,0
N3747,2025-09-03 14:27:00,80286.0,65.27,0
N3748,2025-09-03 14:28:00,124221.0,227.89,0
N3749,2025-09-03 14:29:00,240848.0,12.5,0
N3750,2025-09-03 14:30:00,61199.0,30.39,0
N3751,2025-09-03 14:31:00,82203.0,75.88,0
N3752,2025-09-03 14:32:00,134595.0,191.11,0
N3753,2025-09-03 14:33:00,29003.0,34.88,0
N3754,2025-09-03 14:34:00,63199.0,27.32,0
N3755,2025-09-03 14:35:00,67884.0,7.62,0
N3756,2025-09-03 14:36:00,23016.0,60.55,0
N3757,2025-09-03 14:37:00,607822.0,420.77,0
N3758,2025-09-03 14:38:00,14657.0,72.05,0
N3759,2025-09-03 14:39:00,16349.0,53.4,0
N3760,2025-09-03 14:40:00,222844.0,75.35,0
N3761,2025-09-03 14:41:00,122182.0,54.0,0
N3762,2025-09-03 14:42:00,21462.0,24.22,0
N3763,2025-09-03 14:43:00,109896.0,124.37,0
N3764,2025-09-03 14:44:00,259848.0,68.43,0
N3765,2025-09-03 14:45:00,58089.0,55.57,0
N3766,2025-09-03 14:46:00,805181.0,20.59,0
N3767,2025-09-03 14:47:00,10678.0,201.04,0
N3768,2025-09-03 14:48:00,119829.0,106.13,0
N3769,2025-09-03 14:49:00,192245.0,31.41,0
N3770,2025-09-03 14:50:00,145997.0,148.68,0
N3771,2025-09-03 14:51:00,48808.0,33.2,0
N3772,2025-09-03 14:52:00,44782.0,24.98,0
N3773,2025-09-03 14:53:00,93353.0,25.54,0
N3774,2025-09-03 14:54:00,135368.0,9.29,0
N3775,2025-09-03 14:55:00,109368.0,87.49,0
N3776,2025-09-03 14:56:00,169407.0,8.75,0
N3777,2025-09-03 14:57:00,21615.0,15.98,0
N3778,2025-09-03 14:58:00,47678.0,6.85,0
N3779,2025-09-03 14:59:00,23388.0,50.1,0
N3780,2025-09-03 15:00:00,40696.0,46.98,0
N3781,2025-09-03 15:01:00,165251.0,39.38,0
N3782,2025-09-03 15:02:00,66702.0,19.25,0
N3783,2025-09-03 15:03:00,811678.0,16.91,0
N3784,2025-09-03 15:04:00,72650.0,86.87,0
N3785,2025-09-03 15:05:00,63557.0,31.48,0
N3786,2025-09-03 15:06:00,66582.0,74.92,0
N3787,2025-09-03 15:07:00,31640.0,22.53,0
N3788,2025-09-03 15:08:00,56509.0,65.44,0
N3789,2025-09-03 15:09:00,184940.0,200.99,0
N3790,2025-09-03 15:10:00,67102.0,98.12,0
N3791,2025-09-03 15:11:00,27080.0,36.15,0
N3792,2025-09-03 15:12:00,23740.0,70.61,0
N3793,2025-09-03 15:13:00,38170.0,42.92,0
N3794,2025-09-03 15:14:00,64464.0,55.03,0
N3795,2025-09-03 15:15:00,197518.0,39.42,0
N3796,2025-09-03 15:16:00,15670.0,46.32,0
N3797,2025-09-03 15:17:00,43485.0,67.5,0
N3798,2025-09-03 15:18:00,69169.0,20.22,0
N3799,2025-09-03 15:19:00,9569.0,19.77,0
N3800,2025-09-03 15:20:00,26014.0,13.62,0
N3801,2025-09-03 15:21:00,30337.0,11.02,0
N3802,2025-09-03 15:22:00,27012.0,16.16,0
N3803,2025-09-03 15:23:00,72540.0,64.04,0
N3804,2025-09-03 15:24:00,50993.0,22.36,0
N3805,2025-09-03 15:25:00,34362.0,91.25,0
N3806,2025-09-03 15:26:00,91855.0,56.53,0
N3807,2025-09-03 15:27:00,335399.0,7.63,0
N3808,2025-09-03 15:28:00,308432.0,105.11,0
N3809,2025-09-03 15:29:00,8754.0,122.83,0
N3810,2025-09-03 15:30:00,106625.0,20.21,0
N3811,2025-09-03 15:31:00,50110.0,83.11,0
N3812,2025-09-03 15:32:00,69923.0,23.18,0
N3813,2025-09-03 15:33:00,40204.0,60.2,0
N3814,2025-09-03 15:34:00,67345.0,15.42,0
N3815,2025-09-03 15:35:00,69662.0,9.09,0
N3816,2025-09-03 15:36:00,33559.0,37.23,0
N3817,2025-09-03 15:37:00,24432.0,48.24,0
N3818,2025-09-03 15:38:00,38227.0,36.68,0
N3819,2025-09-03 15:39:00,75679.0,16.71,0
N3820,2025-09-03 15:40:00,108988.0,36.6,0
N3821,2025-09-03 15:41:00,140554.0,71.47,0
N3822,2025-09-03 15:42:00,36527.0,52.2,0
N3823,2025-09-03 15:43:00,79526.0,65.53,0
N3824,2025-09-03 15:44:00,156765.0,27.94,0
N3825,2025-09-03 15:45:00,192066.0,176.22,0
N3826,2025-09-03 15:46:00,56453.0,16.84,0
N3827,2025-09-03 15:47:00,48005.0,88.9,0
N3828,2025-09-03 15:48:00,72484.0,178.02,0
N3829,2025-09-03 15:49:00,18964.0,88.31,0
N3830,2025-09-03 15:50:00,49335.0,44.59,0
N3831,2025-09-03 15:51:00,126069.0,32.19,0
N3832,2025-09-03 15:52:00,113771.0,153.87,0
N3833,2025-09-03 15:53:00,45694.0,13.16,0
N3834,2025-09-03 15:54:00,74438.0,20.69,0
N3835,2025-09-03 15:55:00,26248.0,36.69,0
N3836,2025-09-03 15:56:00,120994.0,188.23,0
N3837,2025-09-03 15:57:00,55391.0,79.82,0
N3838,2025-09-03 15:58:00,45435.0,20.74,0
N3839,2025-09-03 15:59:00,41701.0,40.03,0
N3840,2025-09-03 16:00:00,56224.0,29.54,0
N3841,2025-09-03 16:01:00,38259.0,26.85,0
N3842,2025-09-03 16:02:00,115629.0,145.31,0
N3843,2025-09-03 16:03:00,40325.0,13.85,0
N3844,2025-09-03 16:04:00,294479.0,272.81,0
N3845,2025-09-03 16:05:00,259162.0,124.99,0
N3846,2025-09-03 16:06:00,24550.0,162.53,0
N3847,2025-09-03 16:07:00,64197.0,34.37,0
N3848,2025-09-03 16:08:00,31237.0,47.0,0
N3849,2025-09-03 16:09:00,43189.0,13.02,0
N3850,2025-09-03 16:10:00,443489.0,32.31,0
N3851,2025-09-03 16:11:00,44021.0,89.45,0
N3852,2025-09-03 16:12:00,85839.0,199.55,0
N3853,2025-09-03 16:13:00,102880.0,18.04,0
N3854,2025-09-03 16:14:00,22013.0,37.88,0
N3855,2025-09-03 16:15:00,25461.0,46.93,0
N3856,2025-09-03 16:16:00,17925.0,13.52,0
N3857,2025-09-03 16:17:00,24687.0,98.63,0
N3858,2025-09-03 16:18:00,3463.0,26.47,0
N3859,2025-09-03 16:19:00,103216.0,44.91,0
N3860,2025-09-03 16:20:00,467051.0,34.75,0
N3861,2025-09-03 16:21:00,69412.0,24.8,0
N3862,2025-09-03 16:22:00,14527.0,54.21,0
N3863,2025-09-03 16:23:00,31484.0,44.01,0
N3864,2025-09-03 16:24:00,37840.0,37.64,0
N3865,2025-09-03 16:25:00,21643.0,26.35,0
N3866,2025-09-03 16:26:00,141518.0,75.15,0
N3867,2025-09-03 16:27:00,134627.0,285.32,0
N3868,2025-09-03 16:28:00,18855.0,62.8,0
N3869,2025-09-03 16:29:00,123634.0,147.84,0
N3870,2025-09-03 16:30:00,275629.0,13.6,0
N3871,2025-09-03 16:31:00,401338.0,63.93,0
N3872,2025-09-03 16:32:00,1050957.0,18.22,0
N3873,2025-09-03 16:33:00,24295.0,12.47,0
N3874,2025-09-03 16:34:00,1008748.0,26.07,0
N3875,2025-09-03 16:35:00,42015.0,179.81,0
N3876,2025-09-03 16:36:00,33108.0,141.18,0
N3877,2025-09-03 16:37:00,83040.0,69.62,0
N3878,2025-09-03 16:38:00,33454.0,11.79,0
N3879,2025-09-03 16:39:00,89236.0,44.87,0
N3880,2025-09-03 16:40:00,15993.0,73.83,0
N3881,2025-09-03 16:41:00,47157.0,65.07,0
N3882,2025-09-03 16:42:00,216551.0,8.64,0
N3883,2025-09-03 16:43:00,56553.0,22.41,0
N3884,2025-09-03 16:44:00,68982.0,51.21,0
N3885,2025-09-03 16:45:00,96303.0,93.34,0
N3886,2025-09-03 16:46:00,193042.0,6.07,0
N3887,2025-09-03 16:47:00,11439.0,46.43,0
N3888,2025-09-03 16:48:00,107422.0,62.99,0
N3889,2025-09-03 16:49:00,45792.0,127.69,0
N3890,2025-09-03 16:50:00,70731.0,109.16,0
N3891,2025-09-03 16:51:00,172810.0,97.77,0
N3892,2025-09-03 16:52:00,18139.0,24.53,0
N3893,2025-09-03 16:53:00,21750.0,8.1,0
N3894,2025-09-03 16:54:00,8644.0,36.85,0
N3895,2025-09-03 16:55:00,34573.0,148.66,0
N3896,2025-09-03 16:56:00,226485.0,219.96,0
N3897,2025-09-03 16:57:00,53072.0,111.11,0
N3898,2025-09-03 16:58:00,15676.0,83.88,0
N3899,2025-09-03 16:59:00,36839.0,79.81,0
N3900,2025-09-03 17:00:00,13523.0,31.31,0
N3901,2025-09-03 17:01:00,19435.0,47.94,0
N3902,2025-09-03 17:02:00,88329.0,289.76,0
N3903,2025-09-03 17:03:00,18511.0,21.27,0
N3904,2025-09-03 17:04:00,182159.0,274.45,0
N3905,2025-09-03 17:05:00,55764.0,39.57,0
N3906,2025-09-03 17:06:00,65225.0,205.5,0
N3907,2025-09-03 17:07:00,45326.0,13.37,0
N3908,2025-09-03 17:08:00,129683.0,98.09,0
N3909,2025-09-03 17:09:00,131027.0,26.13,0
N3910,2025-09-03 17:10:00,83705.0,13.26,0
N3911,2025-09-03 17:11:00,105323.0,67.93,0
N3912,2025-09-03 17:12:00,48432.0,149.83,0
N3913,2025-09-03 17:13:00,102971.0,23.45,0
N3914,2025-09-03 17:14:00,42707.0,12.19,0
N3915,2025-09-03 17:15:00,60008.0,49.81,0
N3916,2025-09-03 17:16:00,45495.0,50.03,0
N3917,2025-09-03 17:17:00,37903.0,94.47,0
N3918,2025-09-03 17:18:00,30058.0,141.12,0
N3919,2025-09-03 17:19:00,95577.0,51.45,0
N3920,2025-09-03 17:20:00,222038.0,349.15,0
N3921,2025-09-03 17:21:00,193127.0,68.32,0
N3922,2025-09-03 17:22:00,17042.0,38.61,0
N3923,2025-09-03 17:23:00,217337.0,10.9,0
N3924,2025-09-03 17:24:00,43558.0,41.99,0
N3925,2025-09-03 17:25:00,109178.0,39.0,0
N3926,2025-09-03 17:26:00,24192.0,142.64,0
N3927,2025-09-03 17:27:00,69008.0,86.7,0
N3928,2025-09-03 17:28:00,81938.0,16.79,0
N3929,2025-09-03 17:29:00,13567.0,64.86,0
N3930,2025-09-03 17:30:00,110003.0,106.86,0
N3931,2025-09-03 17:31:00,230023.0,251.65,0
N3932,2025-09-03 17:32:00,50279.0,132.62,0
N3933,2025-09-03 17:33:00,233320.0,116.84,0
N3934,2025-09-03 17:34:00,49529.0,57.98,0
N3935,2025-09-03 17:35:00,140026.0,80.5,0
N3936,2025-09-03 17:36:00,6512.0,190.47,0
N3937,2025-09-03 17:37:00,672514.0,14.4,0
N3938,2025-09-03 17:38:00,267121.0,38.5,0
N3939,2025-09-03 17:39:00,45043.0,25.21,0
N3940,2025-09-03 17:40:00,8332.0,79.77,0
N3941,2025-09-03 17:41:00,79860.0,186.83,0
N3942,2025-09-03 17:42:00,14130.0,30.05,0
N3943,2025-09-03 17:43:00,93419.0,5.0,0
N3944,2025-09-03 17:44:00,90361.0,36.15,0
N3945,2025-09-03 17:45:00,23356.0,136.11,0
N3946,2025-09-03 17:46:00,183683.0,93.47,0
N3947,2025-09-03 17:47:00,133997.0,83.78,0
N3948,2025-09-03 17:48:00,158867.0,41.26,0
N3949,2025-09-03 17:49:00,60407.0,15.2,0
N3950,2025-09-03 17:50:00,14537.0,91.4,0
N3951,2025-09-03 17:51:00,159193.0,23.71,0
N3952,2025-09-03 17:52:00,45690.0,484.97,0
N3953,2025-09-03 17:53:00,14916.0,96.59,0
N3954,2025-09-03 17:54:00,231432.0,30.55,0
N3955,2025-09-03 17:55:00,488653.0,29.62,0
N3956,2025-09-03 17:56:00,57455.0,49.75,0
N3957,2025-09-03 17:57:00,518721.0,42.97,0
N3958,2025-09-03 17:58:00,65599.0,166.81,0
N3959,2025-09-03 17:59:00,40927.0,65.79,0
N3960,2025-09-03 18:00:00,31874.0,26.27,0
N3961,2025-09-03 18:01:00,307762.0,361.56,0
N3962,2025-09-03 18:02:00,27443.0,57.36,0
N3963,2025-09-03 18:03:00,124900.0,117.78,0
N3964,2025-09-03 18:04:00,34229.0,29.72,0
N3965,2025-09-03 18:05:00,37786.0,78.5,0
N3966,2025-09-03 18:06:00,167753.0,74.52,0
N3967,2025-09-03 18:07:00,40944.0,8.25,0
N3968,2025-09-03 18:08:00,39943.0,409.64,0
N3969,2025-09-03 18:09:00,185870.0,198.47,0
N3970,2025-09-03 18:10:00,295788.0,36.7,0
N3971,2025-09-03 18:11:00,114084.0,18.13,0
N3972,2025-09-03 18:12:00,31108.0,77.29,0
N3973,2025-09-03 18:13:00,35932.0,59.54,0
N3974,2025-09-03 18:14:00,64855.0,77.92,0
N3975,2025-09-03 18:15:00,82531.0,66.13,0
N3976,2025-09-03 18:16:00,22295.0,90.58,0
N3977,2025-09-03 18:17:00,123382.0,232.13,0
N3978,2025-09-03 18:18:00,65219.0,96.36,0
N3979,2025-09-03 18:19:00,10768.0,19.11,0
N3980,2025-09-03 18:20:00,23649.0,213.27,0
N3981,2025-09-03 18:21:00,36166.0,281.64,0
N3982,2025-09-03 18:22:00,55667.0,1276.73,0
N3983,2025-09-03 18:23:00,396043.0,17.75,0
N3984,2025-09-03 18:24:00,75976.0,69.61,0
N3985,2025-09-03 18:25:00,25828.0,6.81,0
N3986,2025-09-03 18:26:00,74655.0,94.93,0
N3987,2025-09-03 18:27:00,42105.0,31.56,0
N3988,2025-09-03 18:28:00,82848.0,373.7,0
N3989,2025-09-03 18:29:00,106998.0,25.16,0
N3990,2025-09-03 18:30:00,200633.0,10.08,0
N3991,2025-09-03 18:31:00,58438.0,34.08,0
N3992,2025-09-03 18:32:00,308341.0,7.57,0
N3993,2025-09-03 18:33:00,148453.0,115.71,0
N3994,2025-09-03 18:34:00,29512.0,6.92,0
N3995,2025-09-03 18:35:00,545717.0,56.17,0
N3996,2025-09-03 18:36:00,83033.0,6.84,0
N3997,2025-09-03 18:37:00,25975.0,39.63,0
N3998,2025-09-03 18:38:00,312673.0,282.42,0
N3999,2025-09-03 18:39:00,478197.0,78.31,0
M0,2025-09-03 18:40:00,257096.0,2.67,1
M1,2025-09-03 18:41:00,346487.0,2.11,1
M2,2025-09-03 18:42:00,274332.0,2.49,1
M3,2025-09-03 18:43:00,483272.0,3.89,1
M4,2025-09-03 18:44:00,1152844.0,5.15,1
M5,2025-09-03 18:45:00,238749.0,3.62,1
M6,2025-09-03 18:46:00,985256.0,2.86,1
M7,2025-09-03 18:47:00,236727.0,5.75,1
M8,2025-09-03 18:48:00,224560.0,2.32,1
M9,2025-09-03 18:49:00,851603.0,4.55,1
M10,2025-09-03 18:50:00,925000.0,2.35,1
M11,2025-09-03 18:51:00,874256.0,3.37,1
M12,2025-09-03 18:52:00,154409.0,2.57,1
M13,2025-09-03 18:53:00,304748.0,2.64,1
M14,2025-09-03 18:54:00,854602.0,2.25,1
M15,2025-09-03 18:55:00,457363.0,5.33,1
M16,2025-09-03 18:56:00,187408.0,1.88,1
M17,2025-09-03 18:57:00,638358.0,1.88,1
M18,2025-09-03 18:58:00,249735.0,7.85,1
M19,2025-09-03 18:59:00,1859131.0,4.43,1
M20,2025-09-03 19:00:00,1522514.0,0.82,1
M21,2025-09-03 19:01:00,717320.0,2.05,1
M22,2025-09-03 19:02:00,1314288.0,1.1,1
M23,2025-09-03 19:03:00,465950.0,1.69,1
M24,2025-09-03 19:04:00,816147.0,0.57,1
M25,2025-09-03 19:05:00,1442915.0,2.54,1
M26,2025-09-03 19:06:00,538423.0,1.54,1
M27,2025-09-03 19:07:00,360717.0,2.8,1
M28,2025-09-03 19:08:00,113131.0,1.21,1
M29,2025-09-03 19:09:00,413947.0,2.83,1
M30,2025-09-03 19:10:00,854899.0,2.21,1
M31,2025-09-03 19:11:00,942703.0,5.76,1
M32,2025-09-03 19:12:00,662312.0,5.51,1
M33,2025-09-03 19:13:00,286921.0,4.03,1
M34,2025-09-03 19:14:00,90993.0,2.31,1
M35,2025-09-03 19:15:00,297696.0,7.34,1
M36,2025-09-03 19:16:00,346807.0,1.25,1
M37,2025-09-03 19:17:00,344434.0,1.35,1
M38,2025-09-03 19:18:00,725666.0,2.61,1
M39,2025-09-03 19:19:00,2166322.0,8.39,1
M40,2025-09-03 19:20:00,488367.0,2.46,1
M41,2025-09-03 19:21:00,371987.0,2.48,1
M42,2025-09-03 19:22:00,359555.0,1.32,1
M43,2025-09-03 19:23:00,488702.0,4.36,1
M44,2025-09-03 19:24:00,228060.0,4.38,1
M45,2025-09-03 19:25:00,487068.0,4.03,1
M46,2025-09-03 19:26:00,634536.0,1.98,1
M47,2025-09-03 19:27:00,523216.0,1.91,1
M48,2025-09-03 19:28:00,637962.0,1.42,1
M49,2025-09-03 19:29:00,625933.0,2.83,1
M50,2025-09-03 19:30:00,107203.0,1.58,1
M51,2025-09-03 19:31:00,736376.0,1.51,1
M52,2025-09-03 19:32:00,258639.0,2.2,1
M53,2025-09-03 19:33:00,184117.0,2.13,1
M54,2025-09-03 19:34:00,182853.0,2.08,1
M55,2025-09-03 19:35:00,625830.0,3.43,1
M56,2025-09-03 19:36:00,370252.0,2.83,1
M57,2025-09-03 19:37:00,115200.0,2.35,1
M58,2025-09-03 19:38:00,648508.0,2.98,1
M59,2025-09-03 19:39:00,139848.0,1.66,1
M60,2025-09-03 19:40:00,494774.0,2.87,1
M61,2025-09-03 19:41:00,535416.0,2.93,1
M62,2025-09-03 19:42:00,898482.0,1.28,1
M63,2025-09-03 19:43:00,1840132.0,4.47,1
M64,2025-09-03 19:44:00,148488.0,1.75,1
M65,2025-09-03 19:45:00,424226.0,2.84,1
M66,2025-09-03 19:46:00,354666.0,4.87,1
M67,2025-09-03 19:47:00,625934.0,4.32,1
M68,2025-09-03 19:48:00,525726.0,2.77,1
M69,2025-09-03 19:49:00,333688.0,2.27,1
M70,2025-09-03 19:50:00,310916.0,4.37,1
M71,2025-09-03 19:51:00,181106.0,3.81,1
M72,2025-09-03 19:52:00,975094.0,2.0,1
M73,2025-09-03 19:53:00,638811.0,1.83,1
M74,2025-09-03 19:54:00,921921.0,0.96,1
M75,2025-09-03 19:55:00,345132.0,2.94,1
M76,2025-09-03 19:56:00,261589.0,2.61,1
M77,2025-09-03 19:57:00,186717.0,4.8,1
M78,2025-09-03 19:58:00,589561.0,3.25,1
M79,2025-09-03 19:59:00,192560.0,5.3,1
M80,2025-09-03 20:00:00,1941420.0,1.92,1
M81,2025-09-03 20:01:00,155420.0,4.8,1
M82,2025-09-03 20:02:00,550690.0,2.09,1
M83,2025-09-03 20:03:00,1549563.0,4.01,1
M84,2025-09-03 20:04:00,714453.0,1.31,1
M85,2025-09-03 20:05:00,509171.0,3.06,1
M86,2025-09-03 20:06:00,203865.0,1.01,1
M87,2025-09-03 20:07:00,146471.0,2.38,1
M88,2025-09-03 20:08:00,819164.0,3.39,1
M89,2025-09-03 20:09:00,1476106.0,2.09,1
M90,2025-09-03 20:10:00,311427.0,1.61,1
M91,2025-09-03 20:11:00,177860.0,4.15,1
M92,2025-09-03 20:12:00,61912.0,2.58,1
M93,2025-09-03 20:13:00,201872.0,2.13,1
M94,2025-09-03 20:14:00,403961.0,2.78,1
M95,2025-09-03 20:15:00,1590086.0,10.16,1
M96,2025-09-03 20:16:00,758052.0,4.84,1
M97,2025-09-03 20:17:00,564710.0,4.86,1
M98,2025-09-03 20:18:00,321227.0,3.38,1
M99,2025-09-03 20:19:00,277470.0,2.95,1
M100,2025-09-03 20:20:00,1362073.0,0.82,1
M101,2025-09-03 20:21:00,519484.0,1.94,1
M102,2025-09-03 20:22:00,82283.0,2.14,1
M103,2025-09-03 20:23:00,258117.0,1.06,1
M104,2025-09-03 20:24:00,222666.0,1.52,1
M105,2025-09-03 20:25:00,285783.0,1.01,1
M106,2025-09-03 20:26:00,694070.0,2.67,1
M107,2025-09-03 20:27:00,405974.0,4.09,1
M108,2025-09-03 20:28:00,416028.0,4.73,1
M109,2025-09-03 20:29:00,1265248.0,3.34,1
M110,2025-09-03 20:30:00,253427.0,1.68,1
M111,2025-09-03 20:31:00,1965701.0,1.03,1
M112,2025-09-03 20:32:00,258578.0,1.13,1
M113,2025-09-03 20:33:00,475137.0,1.44,1
M114,2025-09-03 20:34:00,353287.0,1.74,1
M115,2025-09-03 20:35:00,488324.0,2.51,1
M116,2025-09-03 20:36:00,631387.0,1.64,1
M117,2025-09-03 20:37:00,625977.0,3.22,1
M118,2025-09-03 20:38:00,242197.0,2.42,1
M119,2025-09-03 20:39:00,180172.0,2.73,1
M120,2025-09-03 20:40:00,3277323.0,4.81,1
M121,2025-09-03 20:41:00,300383.0,1.51,1
M122,2025-09-03 20:42:00,774033.0,3.35,1
M123,2025-09-03 20:43:00,122258.0,2.7,1
M124,2025-09-03 20:44:00,353737.0,2.3,1
M125,2025-09-03 20:45:00,399608.0,4.23,1
M126,2025-09-03 20:46:00,645804.0,4.22,1
M127,2025-09-03 20:47:00,50113.0,1.69,1
M128,2025-09-03 20:48:00,505302.0,2.48,1
M129,2025-09-03 20:49:00,176347.0,3.13,1
M130,2025-09-03 20:50:00,573479.0,2.37,1
M131,2025-09-03 20:51:00,193095.0,3.64,1
M132,2025-09-03 20:52:00,223153.0,3.13,1
M133,2025-09-03 20:53:00,355435.0,6.8,1
M134,2025-09-03 20:54:00,190639.0,1.26,1
M135,2025-09-03 20:55:00,302420.0,2.56,1
M136,2025-09-03 20:56:00,170297.0,1.73,1
M137,2025-09-03 20:57:00,102075.0,3.68,1
M138,2025-09-03 20:58:00,998856.0,1.21,1
M139,2025-09-03 20:59:00,156868.0,3.23,1
M140,2025-09-03 21:00:00,383485.0,1.98,1
M141,2025-09-03 21:01:00,807996.0,1.88,1
M142,2025-09-03 21:02:00,270505.0,1.32,1
M143,2025-09-03 21:03:00,228632.0,2.15,1
M144,2025-09-03 21:04:00,530190.0,4.68,1
M145,2025-09-03 21:05:00,1082027.0,2.68,1
M146,2025-09-03 21:06:00,173607.0,3.72,1
M147,2025-09-03 21:07:00,392339.0,6.25,1
M148,2025-09-03 21:08:00,110636.0,3.1,1
M149,2025-09-03 21:09:00,323010.0,2.06,1
M150,2025-09-03 21:10:00,454687.0,3.43,1
M151,2025-09-03 21:11:00,223306.0,2.07,1
M152,2025-09-03 21:12:00,306940.0,2.11,1
M153,2025-09-03 21:13:00,143404.0,1.27,1
M154,2025-09-03 21:14:00,470553.0,4.32,1
M155,2025-09-03 21:15:00,1029471.0,2.24,1
M156,2025-09-03 21:16:00,183925.0,2.98,1
M157,2025-09-03 21:17:00,268838.0,1.62,1
M158,2025-09-03 21:18:00,661349.0,3.38,1
M159,2025-09-03 21:19:00,1166680.0,1.86,1
M160,2025-09-03 21:20:00,133980.0,2.53,1
M161,2025-09-03 21:21:00,386533.0,4.22,1
M162,2025-09-03 21:22:00,554879.0,4.04,1
M163,2025-09-03 21:23:00,407728.0,2.69,1
M164,2025-09-03 21:24:00,60996.0,1.12,1
M165,2025-09-03 21:25:00,660579.0,12.14,1
M166,2025-09-03 21:26:00,1491763.0,6.51,1
M167,2025-09-03 21:27:00,485692.0,3.9,1
M168,2025-09-03 21:28:00,193903.0,1.87,1
M169,2025-09-03 21:29:00,293460.0,2.57,1
M170,2025-09-03 21:30:00,1822884.0,2.07,1
M171,2025-09-03 21:31:00,916182.0,5.11,1
M172,2025-09-03 21:32:00,738238.0,3.1,1
M173,2025-09-03 21:33:00,588381.0,1.84,1
M174,2025-09-03 21:34:00,260691.0,2.15,1
M175,2025-09-03 21:35:00,376828.0,4.76,1
M176,2025-09-03 21:36:00,415676.0,6.05,1
M177,2025-09-03 21:37:00,686705.0,5.84,1
M178,2025-09-03 21:38:00,1479382.0,3.97,1
M179,2025-09-03 21:39:00,1082377.0,2.4,1
M180,2025-09-03 21:40:00,142129.0,0.54,1
M181,2025-09-03 21:41:00,529239.0,3.15,1
M182,2025-09-03 21:42:00,797638.0,2.72,1
M183,2025-09-03 21:43:00,725842.0,2.92,1
M184,2025-09-03 21:44:00,267430.0,2.79,1
M185,2025-09-03 21:45:00,4552957.0,1.4,1
M186,2025-09-03 21:46:00,159266.0,3.59,1
M187,2025-09-03 21:47:00,185990.0,3.73,1
M188,2025-09-03 21:48:00,533320.0,3.82,1
M189,2025-09-03 21:49:00,2405919.0,4.36,1
M190,2025-09-03 21:50:00,226623.0,3.68,1
M191,2025-09-03 21:51:00,357660.0,2.21,1
M192,2025-09-03 21:52:00,1047414.0,2.62,1
M193,2025-09-03 21:53:00,436136.0,2.84,1
M194,2025-09-03 21:54:00,338513.0,2.87,1
M195,2025-09-03 21:55:00,695583.0,4.48,1
M196,2025-09-03 21:56:00,550187.0,3.75,1
M197,2025-09-03 21:57:00,1008880.0,7.68,1
M198,2025-09-03 21:58:00,1243170.0,8.19,1
M199,2025-09-03 21:59:00,565577.0,2.83,1
M200,2025-09-03 22:00:00,558710.0,0.4,1
M201,2025-09-03 22:01:00,525071.0,5.05,1
M202,2025-09-03 22:02:00,654289.0,2.07,1
M203,2025-09-03 22:03:00,462377.0,1.82,1
M204,2025-09-03 22:04:00,442198.0,2.23,1
M205,2025-09-03 22:05:00,1152336.0,2.17,1
M206,2025-09-03 22:06:00,1487925.0,3.69,1
M207,2025-09-03 22:07:00,132450.0,1.25,1
M208,2025-09-03 22:08:00,445974.0,1.59,1
M209,2025-09-03 22:09:00,255007.0,3.23,1
M210,2025-09-03 22:10:00,344973.0,3.71,1
M211,2025-09-03 22:11:00,610487.0,3.75,1
M212,2025-09-03 22:12:00,755814.0,1.83,1
M213,2025-09-03 22:13:00,404456.0,1.67,1
M214,2025-09-03 22:14:00,95734.0,2.11,1
M215,2025-09-03 22:15:00,204426.0,3.06,1
M216,2025-09-03 22:16:00,906367.0,5.71,1
M217,2025-09-03 22:17:00,49398.0,0.98,1
M218,2025-09-03 22:18:00,1143886.0,2.43,1
M219,2025-09-03 22:19:00,671308.0,1.4,1
M220,2025-09-03 22:20:00,1267987.0,1.19,1
M221,2025-09-03 22:21:00,377432.0,4.41,1
M222,2025-09-03 22:22:00,85040.0,3.57,1
M223,2025-09-03 22:23:00,624240.0,3.4,1
M224,2025-09-03 22:24:00,1226558.0,4.31,1
M225,2025-09-03 22:25:00,927064.0,2.14,1
M226,2025-09-03 22:26:00,260367.0,2.19,1
M227,2025-09-03 22:27:00,474212.0,8.11,1
M228,2025-09-03 22:28:00,288870.0,2.4,1
M229,2025-09-03 22:29:00,229713.0,3.93,1
M230,2025-09-03 22:30:00,950089.0,2.73,1
M231,2025-09-03 22:31:00,169732.0,1.08,1
M232,2025-09-03 22:32:00,216414.0,0.98,1
M233,2025-09-03 22:33:00,182915.0,2.04,1
M234,2025-09-03 22:34:00,134296.0,4.61,1
M235,2025-09-03 22:35:00,497391.0,4.03,1
M236,2025-09-03 22:36:00,1120407.0,4.29,1
M237,2025-09-03 22:37:00,381589.0,1.66,1
M238,2025-09-03 22:38:00,132641.0,6.1,1
M239,2025-09-03 22:39:00,866273.0,1.68,1
M240,2025-09-03 22:40:00,1704123.0,3.02,1
M241,2025-09-03 22:41:00,263816.0,2.7,1
M242,2025-09-03 22:42:00,301690.0,2.49,1
M243,2025-09-03 22:43:00,668324.0,5.31,1
M244,2025-09-03 22:44:00,1619291.0,1.91,1
M245,2025-09-03 22:45:00,291890.0,1.38,1
M246,2025-09-03 22:46:00,152366.0,2.75,1
M247,2025-09-03 22:47:00,733171.0,2.23,1
M248,2025-09-03 22:48:00,838403.0,14.71,1
M249,2025-09-03 22:49:00,444589.0,3.81,1
M250,2025-09-03 22:50:00,283082.0,2.22,1
M251,2025-09-03 22:51:00,980191.0,1.6,1
M252,2025-09-03 22:52:00,674974.0,1.06,1
M253,2025-09-03 22:53:00,239247.0,1.63,1
M254,2025-09-03 22:54:00,460135.0,2.88,1
M255,2025-09-03 22:55:00,150037.0,5.55,1
M256,2025-09-03 22:56:00,765828.0,4.76,1
M257,2025-09-03 22:57:00,358690.0,3.05,1
M258,2025-09-03 22:58:00,312210.0,2.31,1
M259,2025-09-03 22:59:00,430930.0,3.11,1
M260,2025-09-03 23:00:00,456912.0,2.1,1
M261,2025-09-03 23:01:00,905230.0,6.42,1
M262,2025-09-03 23:02:00,709895.0,2.47,1
M263,2025-09-03 23:03:00,390379.0,2.6,1
M264,2025-09-03 23:04:00,814993.0,0.9,1
M265,2025-09-03 23:05:00,609619.0,2.47,1
M266,2025-09-03 23:06:00,314494.0,4.13,1
M267,2025-09-03 23:07:00,400402.0,1.59,1
M268,2025-09-03 23:08:00,392944.0,1.87,1
M269,2025-09-03 23:09:00,662787.0,4.04,1
M270,2025-09-03 23:10:00,329846.0,1.3,1
M271,2025-09-03 23:11:00,323732.0,4.61,1
M272,2025-09-03 23:12:00,2137197.0,2.08,1
M273,2025-09-03 23:13:00,938266.0,2.24,1
M274,2025-09-03 23:14:00,240751.0,1.55,1
M275,2025-09-03 23:15:00,698544.0,3.28,1
M276,2025-09-03 23:16:00,486348.0,9.3,1
M277,2025-09-03 23:17:00,605156.0,4.02,1
M278,2025-09-03 23:18:00,493794.0,1.76,1
M279,2025-09-03 23:19:00,1145915.0,4.8,1
M280,2025-09-03 23:20:00,583323.0,2.32,1
M281,2025-09-03 23:21:00,420975.0,5.4,1
M282,2025-09-03 23:22:00,1018409.0,4.07,1
M283,2025-09-03 23:23:00,533187.0,0.62,1
M284,2025-09-03 23:24:00,487567.0,1.65,1
M285,2025-09-03 23:25:00,568762.0,4.36,1
M286,2025-09-03 23:26:00,410492.0,2.93,1
M287,2025-09-03 23:27:00,445691.0,1.63,1
M288,2025-09-03 23:28:00,276688.0,1.98,1
M289,2025-09-03 23:29:00,242575.0,1.05,1
M290,2025-09-03 23:30:00,199017.0,2.6,1
M291,2025-09-03 23:31:00,145279.0,8.21,1
M292,2025-09-03 23:32:00,218868.0,4.07,1
M293,2025-09-03 23:33:00,384841.0,8.13,1
M294,2025-09-03 23:34:00,480458.0,4.23,1
M295,2025-09-03 23:35:00,356099.0,4.54,1
M296,2025-09-03 23:36:00,67201.0,7.29,1
M297,2025-09-03 23:37:00,1559178.0,3.28,1
M298,2025-09-03 23:38:00,1055140.0,2.48,1
M299,2025-09-03 23:39:00,631977.0,4.56,1
M300,2025-09-03 23:40:00,2034972.0,5.62,1
M301,2025-09-03 23:41:00,202422.0,2.14,1
M302,2025-09-03 23:42:00,2002887.0,1.89,1
M303,2025-09-03 23:43:00,204399.0,2.91,1
M304,2025-09-03 23:44:00,535518.0,4.12,1
M305,2025-09-03 23:45:00,159680.0,4.05,1
M306,2025-09-03 23:46:00,447645.0,1.33,1
M307,2025-09-03 23:47:00,602554.0,7.07,1
M308,2025-09-03 23:48:00,390916.0,1.97,1
M309,2025-09-03 23:49:00,783168.0,2.38,1
M310,2025-09-03 23:50:00,478883.0,1.73,1
M311,2025-09-03 23:51:00,291288.0,10.48,1
M312,2025-09-03 23:52:00,281123.0,3.07,1
M313,2025-09-03 23:53:00,846386.0,1.78,1
M314,2025-09-03 23:54:00,262238.0,4.19,1
M315,2025-09-03 23:55:00,920178.0,3.99,1
M316,2025-09-03 23:56:00,1176635.0,2.47,1
M317,2025-09-03 23:57:00,116428.0,4.14,1
M318,2025-09-03 23:58:00,1095083.0,1.8,1
M319,2025-09-03 23:59:00,2299813.0,2.12,1
M320,2025-09-04 00:00:00,541232.0,0.99,1
M321,2025-09-04 00:01:00,714449.0,1.4,1
M322,2025-09-04 00:02:00,1014193.0,6.71,1
M323,2025-09-04 00:03:00,354908.0,6.18,1
M324,2025-09-04 00:04:00,511869.0,2.81,1
M325,2025-09-04 00:05:00,154607.0,6.24,1
M326,2025-09-04 00:06:00,494305.0,2.51,1
M327,2025-09-04 00:07:00,659007.0,2.41,1
M328,2025-09-04 00:08:00,668593.0,2.8,1
M329,2025-09-04 00:09:00,1037516.0,2.55,1
M330,2025-09-04 00:10:00,238031.0,2.44,1
M331,2025-09-04 00:11:00,288923.0,4.81,1
M332,2025-09-04 00:12:00,2015556.0,2.93,1
M333,2025-09-04 00:13:00,392282.0,3.88,1
M334,2025-09-04 00:14:00,519191.0,4.55,1
M335,2025-09-04 00:15:00,419321.0,3.3,1
M336,2025-09-04 00:16:00,229270.0,1.67,1
M337,2025-09-04 00:17:00,1621437.0,1.38,1
M338,2025-09-04 00:18:00,290059.0,2.93,1
M339,2025-09-04 00:19:00,179543.0,2.5,1
M340,2025-09-04 00:20:00,308479.0,2.84,1
M341,2025-09-04 00:21:00,89200.0,2.7,1
M342,2025-09-04 00:22:00,262753.0,9.89,1
M343,2025-09-04 00:23:00,203923.0,1.4,1
M344,2025-09-04 00:24:00,725012.0,1.01,1
M345,2025-09-04 00:25:00,258143.0,3.21,1
M346,2025-09-04 00:26:00,900084.0,2.25,1
M347,2025-09-04 00:27:00,1354289.0,3.18,1
M348,2025-09-04 00:28:00,826488.0,3.64,1
M349,2025-09-04 00:29:00,372387.0,5.17,1
M350,2025-09-04 00:30:00,495286.0,1.28,1
M351,2025-09-04 00:31:00,130615.0,2.06,1
M352,2025-09-04 00:32:00,397510.0,3.37,1
M353,2025-09-04 00:33:00,222270.0,4.0,1
M354,2025-09-04 00:34:00,771013.0,8.14,1
M355,2025-09-04 00:35:00,3464926.0,4.38,1
M356,2025-09-04 00:36:00,659909.0,2.64,1
M357,2025-09-04 00:37:00,89957.0,1.74,1
M358,2025-09-04 00:38:00,331378.0,2.05,1
M359,2025-09-04 00:39:00,487962.0,2.02,1
M360,2025-09-04 00:40:00,474438.0,3.77,1
M361,2025-09-04 00:41:00,246557.0,3.09,1
M362,2025-09-04 00:42:00,538333.0,1.4,1
M363,2025-09-04 00:43:00,163734.0,2.19,1
M364,2025-09-04 00:44:00,207746.0,4.22,1
M365,2025-09-04 00:45:00,741654.0,3.24,1
M366,2025-09-04 00:46:00,196314.0,3.61,1
M367,2025-09-04 00:47:00,680491.0,3.29,1
M368,2025-09-04 00:48:00,147920.0,6.13,1
M369,2025-09-04 00:49:00,1815480.0,3.06,1
M370,2025-09-04 00:50:00,238133.0,2.24,1
M371,2025-09-04 00:51:00,369929.0,1.72,1
M372,2025-09-04 00:52:00,576362.0,3.08,1
M373,2025-09-04 00:53:00,281453.0,0.8,1
M374,2025-09-04 00:54:00,496195.0,2.48,1
M375,2025-09-04 00:55:00,701016.0,2.45,1
M376,2025-09-04 00:56:00,954068.0,1.37,1
M377,2025-09-04 00:57:00,833341.0,1.71,1
M378,2025-09-04 00:58:00,385598.0,4.07,1
M379,2025-09-04 00:59:00,393444.0,3.05,1
M380,2025-09-04 01:00:00,2897291.0,2.86,1
M381,2025-09-04 01:01:00,945918.0,3.17,1
M382,2025-09-04 01:02:00,211619.0,2.85,1
M383,2025-09-04 01:03:00,479256.0,5.06,1
M384,2025-09-04 01:04:00,338367.0,2.89,1
M385,2025-09-04 01:05:00,397016.0,1.31,1
M386,2025-09-04 01:06:00,165447.0,6.14,1
M387,2025-09-04 01:07:00,318208.0,3.27,1
M388,2025-09-04 01:08:00,1884635.0,2.02,1
M389,2025-09-04 01:09:00,703105.0,1.45,1
M390,2025-09-04 01:10:00,60299.0,3.31,1
M391,2025-09-04 01:11:00,1171012.0,2.56,1
M392,2025-09-04 01:12:00,1057802.0,5.97,1
M393,2025-09-04 01:13:00,331894.0,2.29,1
M394,2025-09-04 01:14:00,785292.0,1.79,1
M395,2025-09-04 01:15:00,222455.0,4.25,1
M396,2025-09-04 01:16:00,303700.0,4.32,1
M397,2025-09-04 01:17:00,1467157.0,2.96,1
M398,2025-09-04 01:18:00,355975.0,3.81,1
M399,2025-09-04 01:19:00,99133.0,2.67,1
M400,2025-09-04 01:20:00,420566.0,3.06,1
M401,2025-09-04 01:21:00,415455.0,4.87,1
M402,2025-09-04 01:22:00,1153942.0,3.72,1
M403,2025-09-04 01:23:00,447517.0,2.5,1
M404,2025-09-04 01:24:00,315759.0,5.35,1
M405,2025-09-04 01:25:00,1020747.0,0.83,1
M406,2025-09-04 01:26:00,487299.0,7.58,1
M407,2025-09-04 01:27:00,242797.0,1.16,1
M408,2025-09-04 01:28:00,1114591.0,1.99,1
M409,2025-09-04 01:29:00,516551.0,2.66,1
M410,2025-09-04 01:30:00,443450.0,2.53,1
M411,2025-09-04 01:31:00,510082.0,4.5,1
M412,2025-09-04 01:32:00,187862.0,1.6,1
M413,2025-09-04 01:33:00,290070.0,3.1,1
M414,2025-09-04 01:34:00,443683.0,2.04,1
M415,2025-09-04 01:35:00,378613.0,3.15,1
M416,2025-09-04 01:36:00,1224377.0,2.63,1
M417,2025-09-04 01:37:00,526457.0,2.85,1
M418,2025-09-04 01:38:00,876703.0,2.06,1
M419,2025-09-04 01:39:00,445751.0,2.11,1
M420,2025-09-04 01:40:00,1029960.0,3.14,1
M421,2025-09-04 01:41:00,608056.0,4.36,1
M422,2025-09-04 01:42:00,447189.0,2.02,1
M423,2025-09-04 01:43:00,437737.0,1.76,1
M424,2025-09-04 01:44:00,206169.0,3.69,1
M425,2025-09-04 01:45:00,663665.0,2.67,1
M426,2025-09-04 01:46:00,428410.0,4.12,1
M427,2025-09-04 01:47:00,296086.0,1.73,1
M428,2025-09-04 01:48:00,1072142.0,1.12,1
M429,2025-09-04 01:49:00,162727.0,2.08,1
M430,2025-09-04 01:50:00,315528.0,1.85,1
M431,2025-09-04 01:51:00,1006687.0,2.61,1
M432,2025-09-04 01:52:00,569445.0,1.98,1
M433,2025-09-04 01:53:00,425795.0,3.94,1
M434,2025-09-04 01:54:00,540799.0,2.35,1
M435,2025-09-04 01:55:00,510697.0,2.93,1
M436,2025-09-04 01:56:00,131488.0,2.94,1
M437,2025-09-04 01:57:00,334566.0,3.0,1
M438,2025-09-04 01:58:00,1612373.0,2.69,1
M439,2025-09-04 01:59:00,261069.0,3.51,1
M440,2025-09-04 02:00:00,342957.0,1.83,1
M441,2025-09-04 02:01:00,286847.0,5.47,1
M442,2025-09-04 02:02:00,412664.0,2.42,1
M443,2025-09-04 02:03:00,277479.0,1.41,1
M444,2025-09-04 02:04:00,653040.0,2.99,1
M445,2025-09-04 02:05:00,518062.0,1.78,1
M446,2025-09-04 02:06:00,821460.0,3.79,1
M447,2025-09-04 02:07:00,190851.0,8.21,1
M448,2025-09-04 02:08:00,336963.0,1.83,1
M449,2025-09-04 02:09:00,369321.0,3.21,1
M450,2025-09-04 02:10:00,636995.0,1.13,1
M451,2025-09-04 02:11:00,234550.0,3.41,1
M452,2025-09-04 02:12:00,920363.0,1.75,1
M453,2025-09-04 02:13:00,1142961.0,1.99,1
M454,2025-09-04 02:14:00,200567.0,1.57,1
M455,2025-09-04 02:15:00,298732.0,3.92,1
M456,2025-09-04 02:16:00,289079.0,4.5,1
M457,2025-09-04 02:17:00,3634234.0,2.75,1
M458,2025-09-04 02:18:00,313665.0,1.76,1
M459,2025-09-04 02:19:00,1693148.0,6.02,1
M460,2025-09-04 02:20:00,160604.0,1.87,1
M461,2025-09-04 02:21:00,200442.0,0.92,1
M462,2025-09-04 02:22:00,255433.0,3.42,1
M463,2025-09-04 02:23:00,224908.0,1.56,1
M464,2025-09-04 02:24:00,357068.0,4.46,1
M465,2025-09-04 02:25:00,250942.0,2.25,1
M466,2025-09-04 02:26:00,229699.0,3.68,1
M467,2025-09-04 02:27:00,1117693.0,5.48,1
M468,2025-09-04 02:28:00,1177654.0,1.49,1
M469,2025-09-04 02:29:00,945470.0,2.05,1
M470,2025-09-04 02:30:00,672797.0,2.62,1
M471,2025-09-04 02:31:00,476486.0,5.86,1
M472,2025-09-04 02:32:00,297264.0,1.96,1
M473,2025-09-04 02:33:00,206380.0,2.02,1
M474,2025-09-04 02:34:00,591488.0,3.45,1
M475,2025-09-04 02:35:00,173008.0,2.04,1
M476,2025-09-04 02:36:00,199758.0,2.93,1
M477,2025-09-04 02:37:00,1112734.0,1.25,1
M478,2025-09-04 02:38:00,2023864.0,8.22,1
M479,2025-09-04 02:39:00,606001.0,1.39,1
M480,2025-09-04 02:40:00,1072138.0,2.31,1
M481,2025-09-04 02:41:00,363422.0,2.67,1
M482,2025-09-04 02:42:00,151730.0,7.07,1
M483,2025-09-04 02:43:00,721969.0,1.4,1
M484,2025-09-04 02:44:00,697621.0,7.33,1
M485,2025-09-04 02:45:00,468520.0,3.97,1
M486,2025-09-04 02:46:00,364434.0,3.35,1
M487,2025-09-04 02:47:00,955288.0,1.66,1
M488,2025-09-04 02:48:00,201071.0,3.62,1
M489,2025-09-04 02:49:00,238226.0,1.89,1
M490,2025-09-04 02:50:00,197504.0,5.12,1
M491,2025-09-04 02:51:00,473534.0,1.67,1
M492,2025-09-04 02:52:00,185292.0,2.57,1
M493,2025-09-04 02:53:00,255916.0,2.06,1
M494,2025-09-04 02:54:00,251550.0,1.66,1
M495,2025-09-04 02:55:00,359156.0,3.94,1
M496,2025-09-04 02:56:00,134605.0,3.55,1
M497,2025-09-04 02:57:00,474380.0,4.98,1
M498,2025-09-04 02:58:00,1200013.0,1.12,1
M499,2025-09-04 02:59:00,493063.0,4.63,1
M500,2025-09-04 03:00:00,1518232.0,9.51,1
M501,2025-09-04 03:01:00,1286195.0,2.17,1
M502,2025-09-04 03:02:00,824216.0,7.01,1
M503,2025-09-04 03:03:00,469653.0,2.38,1
M504,2025-09-04 03:04:00,450449.0,1.37,1
M505,2025-09-04 03:05:00,815079.0,2.33,1
M506,2025-09-04 03:06:00,323406.0,4.59,1
M507,2025-09-04 03:07:00,98124.0,1.79,1
M508,2025-09-04 03:08:00,655795.0,2.01,1
M509,2025-09-04 03:09:00,179001.0,3.66,1
M510,2025-09-04 03:10:00,204902.0,2.72,1
M511,2025-09-04 03:11:00,442493.0,3.64,1
M512,2025-09-04 03:12:00,409995.0,3.06,1
M513,2025-09-04 03:13:00,142963.0,3.45,1
M514,2025-09-04 03:14:00,505040.0,2.19,1
M515,2025-09-04 03:15:00,958296.0,3.05,1
M516,2025-09-04 03:16:00,179392.0,1.71,1
M517,2025-09-04 03:17:00,1224431.0,5.18,1
M518,2025-09-04 03:18:00,126990.0,1.98,1
M519,2025-09-04 03:19:00,2406922.0,4.78,1
M520,2025-09-04 03:20:00,318377.0,2.42,1
M521,2025-09-04 03:21:00,497074.0,3.01,1
M522,2025-09-04 03:22:00,97380.0,2.12,1
M523,2025-09-04 03:23:00,420959.0,1.64,1
M524,2025-09-04 03:24:00,531143.0,1.14,1
M525,2025-09-04 03:25:00,412945.0,1.6,1
M526,2025-09-04 03:26:00,281964.0,2.31,1
M527,2025-09-04 03:27:00,207471.0,3.02,1
M528,2025-09-04 03:28:00,1092983.0,4.51,1
M529,2025-09-04 03:29:00,453452.0,2.18,1
M530,2025-09-04 03:30:00,1517541.0,1.75,1
M531,2025-09-04 03:31:00,290342.0,1.32,1
M532,2025-09-04 03:32:00,312439.0,3.46,1
M533,2025-09-04 03:33:00,849561.0,5.43,1
M534,2025-09-04 03:34:00,120767.0,5.12,1
M535,2025-09-04 03:35:00,167582.0,3.88,1
M536,2025-09-04 03:36:00,1064470.0,3.74,1
M537,2025-09-04 03:37:00,173243.0,6.35,1
M538,2025-09-04 03:38:00,103235.0,3.21,1
M539,2025-09-04 03:39:00,1972519.0,3.75,1
M540,2025-09-04 03:40:00,145066.0,2.32,1
M541,2025-09-04 03:41:00,512623.0,1.38,1
M542,2025-09-04 03:42:00,467553.0,1.93,1
M543,2025-09-04 03:43:00,46700.0,2.71,1
M544,2025-09-04 03:44:00,357234.0,2.8,1
M545,2025-09-04 03:45:00,633320.0,7.12,1
M546,2025-09-04 03:46:00,587392.0,2.83,1
M547,2025-09-04 03:47:00,911472.0,4.9,1
M548,2025-09-04 03:48:00,324489.0,2.19,1
M549,2025-09-04 03:49:00,782308.0,2.33,1
M550,2025-09-04 03:50:00,254877.0,1.4,1
M551,2025-09-04 03:51:00,143147.0,1.88,1
M552,2025-09-04 03:52:00,156658.0,3.54,1
M553,2025-09-04 03:53:00,137353.0,2.73,1
M554,2025-09-04 03:54:00,992189.0,4.36,1
M555,2025-09-04 03:55:00,131708.0,2.98,1
M556,2025-09-04 03:56:00,550857.0,2.28,1
M557,2025-09-04 03:57:00,357632.0,7.96,1
M558,2025-09-04 03:58:00,407535.0,2.59,1
M559,2025-09-04 03:59:00,1317025.0,4.86,1
M560,2025-09-04 04:00:00,311532.0,2.22,1
M561,2025-09-04 04:01:00,721640.0,3.88,1
M562,2025-09-04 04:02:00,455910.0,4.32,1
M563,2025-09-04 04:03:00,391752.0,3.02,1
M564,2025-09-04 04:04:00,2785604.0,0.84,1
M565,2025-09-04 04:05:00,139654.0,2.74,1
M566,2025-09-04 04:06:00,1240848.0,5.03,1
M567,2025-09-04 04:07:00,747975.0,3.54,1
M568,2025-09-04 04:08:00,301456.0,3.4,1
M569,2025-09-04 04:09:00,1628964.0,1.15,1
M570,2025-09-04 04:10:00,100862.0,1.9,1
M571,2025-09-04 04:11:00,291439.0,3.34,1
M572,2025-09-04 04:12:00,168251.0,3.34,1
M573,2025-09-04 04:13:00,615178.0,4.99,1
M574,2025-09-04 04:14:00,181598.0,2.53,1
M575,2025-09-04 04:15:00,625590.0,3.33,1
M576,2025-09-04 04:16:00,381113.0,2.74,1
M577,2025-09-04 04:17:00,301497.0,1.66,1
M578,2025-09-04 04:18:00,603751.0,0.88,1
M579,2025-09-04 04:19:00,356861.0,3.37,1
M580,2025-09-04 04:20:00,185182.0,2.97,1
M581,2025-09-04 04:21:00,4160303.0,2.0,1
M582,2025-09-04 04:22:00,299619.0,1.21,1
M583,2025-09-04 04:23:00,75050.0,3.72,1
M584,2025-09-04 04:24:00,225555.0,2.38,1
M585,2025-09-04 04:25:00,160521.0,3.59,1
M586,2025-09-04 04:26:00,856763.0,6.9,1
M587,2025-09-04 04:27:00,572245.0,0.93,1
M588,2025-09-04 04:28:00,608633.0,1.92,1
M589,2025-09-04 04:29:00,329056.0,2.45,1
M590,2025-09-04 04:30:00,353812.0,5.63,1
M591,2025-09-04 04:31:00,328816.0,1.2,1
M592,2025-09-04 04:32:00,414590.0,7.16,1
M593,2025-09-04 04:33:00,863084.0,2.91,1
M594,2025-09-04 04:34:00,578886.0,2.59,1
M595,2025-09-04 04:35:00,660063.0,2.46,1
M596,2025-09-04 04:36:00,659770.0,2.19,1
M597,2025-09-04 04:37:00,897667.0,4.59,1
M598,2025-09-04 04:38:00,557111.0,1.59,1
M599,2025-09-04 04:39:00,589529.0,3.23,1
M600,2025-09-04 04:40:00,1145149.0,2.24,1
M601,2025-09-04 04:41:00,259877.0,1.86,1
M602,2025-09-04 04:42:00,223107.0,9.9,1
M603,2025-09-04 04:43:00,171316.0,3.35,1
M604,2025-09-04 04:44:00,512129.0,3.69,1
M605,2025-09-04 04:45:00,100410.0,4.8,1
M606,2025-09-04 04:46:00,640320.0,1.34,1
M607,2025-09-04 04:47:00,405406.0,6.53,1
M608,2025-09-04 04:48:00,1096585.0,0.78,1
M609,2025-09-04 04:49:00,258452.0,1.85,1
M610,2025-09-04 04:50:00,376000.0,2.16,1
M611,2025-09-04 04:51:00,1085729.0,3.64,1
M612,2025-09-04 04:52:00,1337762.0,3.03,1
M613,2025-09-04 04:53:00,256755.0,2.5,1
M614,2025-09-04 04:54:00,511665.0,2.7,1
M615,2025-09-04 04:55:00,559912.0,1.67,1
M616,2025-09-04 04:56:00,596553.0,1.29,1
M617,2025-09-04 04:57:00,358592.0,3.91,1
M618,2025-09-04 04:58:00,1233180.0,3.85,1
M619,2025-09-04 04:59:00,97561.0,6.0,1
M620,2025-09-04 05:00:00,315873.0,1.83,1
M621,2025-09-04 05:01:00,633075.0,3.84,1
M622,2025-09-04 05:02:00,637800.0,2.36,1
M623,2025-09-04 05:03:00,1305644.0,4.93,1
M624,2025-09-04 05:04:00,1153810.0,4.53,1
M625,2025-09-04 05:05:00,352063.0,3.02,1
M626,2025-09-04 05:06:00,1251555.0,2.29,1
M627,2025-09-04 05:07:00,249888.0,4.39,1
M628,2025-09-04 05:08:00,931648.0,3.76,1
M629,2025-09-04 05:09:00,1883078.0,1.93,1
M630,2025-09-04 05:10:00,1169346.0,1.4,1
M631,2025-09-04 05:11:00,481478.0,2.35,1
M632,2025-09-04 05:12:00,339279.0,5.8,1
M633,2025-09-04 05:13:00,130239.0,4.82,1
M634,2025-09-04 05:14:00,567180.0,1.56,1
M635,2025-09-04 05:15:00,181285.0,1.52,1
M636,2025-09-04 05:16:00,234566.0,5.14,1
M637,2025-09-04 05:17:00,170656.0,1.54,1
M638,2025-09-04 05:18:00,306106.0,3.51,1
M639,2025-09-04 05:19:00,432624.0,2.0,1
M640,2025-09-04 05:20:00,550670.0,6.1,1
M641,2025-09-04 05:21:00,273647.0,1.85,1
M642,2025-09-04 05:22:00,1040724.0,4.81,1
M643,2025-09-04 05:23:00,374533.0,2.98,1
M644,2025-09-04 05:24:00,235584.0,3.08,1
M645,2025-09-04 05:25:00,530213.0,1.01,1
M646,2025-09-04 05:26:00,2128317.0,0.9,1
M647,2025-09-04 05:27:00,578462.0,2.43,1
M648,2025-09-04 05:28:00,330948.0,3.08,1
M649,2025-09-04 05:29:00,130357.0,1.55,1
M650,2025-09-04 05:30:00,371190.0,1.58,1
M651,2025-09-04 05:31:00,533889.0,3.6,1
M652,2025-09-04 05:32:00,324466.0,3.6,1
M653,2025-09-04 05:33:00,116739.0,2.54,1
M654,2025-09-04 05:34:00,224033.0,4.02,1
M655,2025-09-04 05:35:00,1416403.0,1.51,1
M656,2025-09-04 05:36:00,1393321.0,2.28,1
M657,2025-09-04 05:37:00,217660.0,6.2,1
M658,2025-09-04 05:38:00,757823.0,2.81,1
M659,2025-09-04 05:39:00,172326.0,2.9,1
M660,2025-09-04 05:40:00,1360623.0,8.61,1
M661,2025-09-04 05:41:00,538309.0,1.35,1
M662,2025-09-04 05:42:00,945731.0,4.05,1
M663,2025-09-04 05:43:00,112187.0,6.25,1
M664,2025-09-04 05:44:00,760788.0,2.31,1
M665,2025-09-04 05:45:00,439706.0,4.18,1
M666,2025-09-04 05:46:00,874619.0,1.66,1
M667,2025-09-04 05:47:00,919784.0,1.93,1
M668,2025-09-04 05:48:00,466320.0,3.3,1
M669,2025-09-04 05:49:00,273576.0,4.05,1
M670,2025-09-04 05:50:00,825510.0,4.76,1
M671,2025-09-04 05:51:00,421627.0,5.96,1
M672,2025-09-04 05:52:00,220086.0,2.63,1
M673,2025-09-04 05:53:00,211902.0,4.94,1
M674,2025-09-04 05:54:00,135709.0,2.29,1
M675,2025-09-04 05:55:00,294127.0,4.27,1
M676,2025-09-04 05:56:00,1068914.0,3.02,1
M677,2025-09-04 05:57:00,510050.0,3.4,1
M678,2025-09-04 05:58:00,289580.0,3.36,1
M679,2025-09-04 05:59:00,842294.0,1.22,1
M680,2025-09-04 06:00:00,227298.0,1.55,1
M681,2025-09-04 06:01:00,477481.0,2.86,1
M682,2025-09-04 06:02:00,383194.0,1.17,1
M683,2025-09-04 06:03:00,825137.0,4.12,1
M684,2025-09-04 06:04:00,125269.0,4.2,1
M685,2025-09-04 06:05:00,224099.0,3.2,1
M686,2025-09-04 06:06:00,119301.0,1.55,1
M687,2025-09-04 06:07:00,359447.0,5.42,1
M688,2025-09-04 06:08:00,1166061.0,7.53,1
M689,2025-09-04 06:09:00,295269.0,2.93,1
M690,2025-09-04 06:10:00,294035.0,3.51,1
M691,2025-09-04 06:11:00,888580.0,3.01,1
M692,2025-09-04 06:12:00,1040113.0,3.54,1
M693,2025-09-04 06:13:00,412150.0,2.56,1
M694,2025-09-04 06:14:00,765108.0,2.67,1
M695,2025-09-04 06:15:00,186920.0,4.28,1
M696,2025-09-04 06:16:00,1332250.0,8.78,1
M697,2025-09-04 06:17:00,2468114.0,1.35,1
M698,2025-09-04 06:18:00,671301.0,2.58,1
M699,2025-09-04 06:19:00,83494.0,1.51,1
M700,2025-09-04 06:20:00,283060.0,6.03,1
M701,2025-09-04 06:21:00,722347.0,2.03,1
M702,2025-09-04 06:22:00,315784.0,1.32,1
M703,2025-09-04 06:23:00,1224152.0,3.74,1
M704,2025-09-04 06:24:00,708231.0,6.5,1
M705,2025-09-04 06:25:00,251405.0,3.79,1
M706,2025-09-04 06:26:00,453982.0,3.01,1
M707,2025-09-04 06:27:00,216411.0,3.34,1
M708,2025-09-04 06:28:00,382289.0,5.51,1
M709,2025-09-04 06:29:00,283885.0,1.76,1
M710,2025-09-04 06:30:00,1132354.0,2.57,1
M711,2025-09-04 06:31:00,2404397.0,2.17,1
M712,2025-09-04 06:32:00,140793.0,1.52,1
M713,2025-09-04 06:33:00,94981.0,2.31,1
M714,2025-09-04 06:34:00,363619.0,4.73,1
M715,2025-09-04 06:35:00,131304.0,3.61,1
M716,2025-09-04 06:36:00,459075.0,3.75,1
M717,2025-09-04 06:37:00,805444.0,2.92,1
M718,2025-09-04 06:38:00,1461996.0,3.53,1
M719,2025-09-04 06:39:00,519756.0,1.82,1
M720,2025-09-04 06:40:00,379070.0,2.33,1
M721,2025-09-04 06:41:00,90880.0,2.99,1
M722,2025-09-04 06:42:00,451779.0,3.12,1
M723,2025-09-04 06:43:00,468377.0,3.19,1
M724,2025-09-04 06:44:00,737606.0,2.54,1
M725,2025-09-04 06:45:00,251000.0,2.25,1
M726,2025-09-04 06:46:00,312374.0,13.18,1
M727,2025-09-04 06:47:00,135618.0,4.28,1
M728,2025-09-04 06:48:00,70754.0,3.34,1
M729,2025-09-04 06:49:00,182262.0,2.42,1
M730,2025-09-04 06:50:00,125962.0,2.17,1
M731,2025-09-04 06:51:00,579181.0,2.55,1
M732,2025-09-04 06:52:00,292287.0,3.15,1
M733,2025-09-04 06:53:00,287624.0,1.06,1
M734,2025-09-04 06:54:00,201283.0,1.24,1
M735,2025-09-04 06:55:00,33321.0,1.98,1
M736,2025-09-04 06:56:00,1478663.0,3.01,1
M737,2025-09-04 06:57:00,198746.0,2.41,1
M738,2025-09-04 06:58:00,318082.0,5.69,1
M739,2025-09-04 06:59:00,138149.0,1.3,1
M740,2025-09-04 07:00:00,962745.0,1.87,1
M741,2025-09-04 07:01:00,496204.0,5.81,1
M742,2025-09-04 07:02:00,228412.0,2.9,1
M743,2025-09-04 07:03:00,323261.0,4.23,1
M744,2025-09-04 07:04:00,1693900.0,7.58,1
M745,2025-09-04 07:05:00,417327.0,1.92,1
M746,2025-09-04 07:06:00,382549.0,2.59,1
M747,2025-09-04 07:07:00,208333.0,2.37,1
M748,2025-09-04 07:08:00,97181.0,1.02,1
M749,2025-09-04 07:09:00,389247.0,2.33,1
M750,2025-09-04 07:10:00,574002.0,4.22,1
M751,2025-09-04 07:11:00,1066260.0,3.56,1
M752,2025-09-04 07:12:00,73218.0,3.7,1
M753,2025-09-04 07:13:00,179858.0,2.25,1
M754,2025-09-04 07:14:00,278009.0,1.96,1
M755,2025-09-04 07:15:00,441183.0,5.13,1
M756,2025-09-04 07:16:00,393948.0,2.12,1
M757,2025-09-04 07:17:00,401374.0,3.15,1
M758,2025-09-04 07:18:00,613219.0,2.95,1
M759,2025-09-04 07:19:00,214779.0,5.65,1
M760,2025-09-04 07:20:00,934076.0,4.42,1
M761,2025-09-04 07:21:00,625785.0,1.42,1
M762,2025-09-04 07:22:00,342537.0,1.5,1
M763,2025-09-04 07:23:00,1592358.0,3.63,1
M764,2025-09-04 07:24:00,1536677.0,2.63,1
M765,2025-09-04 07:25:00,933145.0,2.16,1
M766,2025-09-04 07:26:00,39543.0,4.52,1
M767,2025-09-04 07:27:00,1564624.0,2.99,1
M768,2025-09-04 07:28:00,835518.0,2.79,1
M769,2025-09-04 07:29:00,2202551.0,4.01,1
M770,2025-09-04 07:30:00,1190604.0,2.25,1
M771,2025-09-04 07:31:00,1563870.0,5.96,1
M772,2025-09-04 07:32:00,893520.0,1.83,1
M773,2025-09-04 07:33:00,1301404.0,3.78,1
M774,2025-09-04 07:34:00,2181011.0,5.57,1
M775,2025-09-04 07:35:00,526099.0,1.37,1
M776,2025-09-04 07:36:00,125771.0,2.29,1
M777,2025-09-04 07:37:00,345944.0,4.81,1
M778,2025-09-04 07:38:00,604379.0,4.85,1
M779,2025-09-04 07:39:00,469728.0,2.49,1
M780,2025-09-04 07:40:00,163203.0,1.88,1
M781,2025-09-04 07:41:00,119988.0,4.38,1
M782,2025-09-04 07:42:00,244524.0,4.91,1
M783,2025-09-04 07:43:00,844240.0,1.52,1
M784,2025-09-04 07:44:00,1566371.0,1.49,1
M785,2025-09-04 07:45:00,921036.0,3.04,1
M786,2025-09-04 07:46:00,1030899.0,3.72,1
M787,2025-09-04 07:47:00,414715.0,2.34,1
M788,2025-09-04 07:48:00,109791.0,3.82,1
M789,2025-09-04 07:49:00,307375.0,1.91,1
M790,2025-09-04 07:50:00,359687.0,0.94,1
M791,2025-09-04 07:51:00,297259.0,2.2,1
M792,2025-09-04 07:52:00,462201.0,2.81,1
M793,2025-09-04 07:53:00,629786.0,2.37,1
M794,2025-09-04 07:54:00,875379.0,1.52,1
M795,2025-09-04 07:55:00,354160.0,1.1,1
M796,2025-09-04 07:56:00,96470.0,2.1,1
M797,2025-09-04 07:57:00,300649.0,4.26,1
M798,2025-09-04 07:58:00,458158.0,5.09,1
M799,2025-09-04 07:59:00,1176726.0,4.92,1
M800,2025-09-04 08:00:00,280900.0,1.81,1
M801,2025-09-04 08:01:00,666660.0,1.53,1
M802,2025-09-04 08:02:00,557975.0,3.48,1
M803,2025-09-04 08:03:00,458227.0,3.73,1
M804,2025-09-04 08:04:00,931384.0,3.32,1
M805,2025-09-04 08:05:00,260753.0,0.99,1
M806,2025-09-04 08:06:00,279247.0,1.76,1
M807,2025-09-04 08:07:00,438221.0,2.68,1
M808,2025-09-04 08:08:00,265105.0,3.47,1
M809,2025-09-04 08:09:00,664247.0,3.99,1
M810,2025-09-04 08:10:00,250057.0,2.92,1
M811,2025-09-04 08:11:00,530218.0,3.21,1
M812,2025-09-04 08:12:00,408343.0,2.84,1
M813,2025-09-04 08:13:00,525413.0,3.83,1
M814,2025-09-04 08:14:00,306265.0,3.18,1
M815,2025-09-04 08:15:00,337300.0,2.81,1
M816,2025-09-04 08:16:00,477733.0,2.38,1
M817,2025-09-04 08:17:00,520039.0,2.83,1
M818,2025-09-04 08:18:00,440929.0,3.46,1
M819,2025-09-04 08:19:00,1731139.0,3.11,1
M820,2025-09-04 08:20:00,200268.0,3.29,1
M821,2025-09-04 08:21:00,420263.0,5.32,1
M822,2025-09-04 08:22:00,125630.0,3.1,1
M823,2025-09-04 08:23:00,595803.0,1.97,1
M824,2025-09-04 08:24:00,181281.0,4.23,1
M825,2025-09-04 08:25:00,354106.0,1.37,1
M826,2025-09-04 08:26:00,328519.0,1.58,1
M827,2025-09-04 08:27:00,553885.0,3.22,1
M828,2025-09-04 08:28:00,284295.0,3.52,1
M829,2025-09-04 08:29:00,274788.0,1.46,1
M830,2025-09-04 08:30:00,1395391.0,2.24,1
M831,2025-09-04 08:31:00,555516.0,2.01,1
M832,2025-09-04 08:32:00,282422.0,2.13,1
M833,2025-09-04 08:33:00,361976.0,4.36,1
M834,2025-09-04 08:34:00,1649997.0,3.87,1
M835,2025-09-04 08:35:00,366542.0,2.69,1
M836,2025-09-04 08:36:00,254888.0,2.07,1
M837,2025-09-04 08:37:00,255762.0,1.38,1
M838,2025-09-04 08:38:00,285130.0,5.53,1
M839,2025-09-04 08:39:00,274966.0,3.65,1
M840,2025-09-04 08:40:00,158940.0,1.91,1
M841,2025-09-04 08:41:00,179987.0,3.9,1
M842,2025-09-04 08:42:00,227873.0,2.62,1
M843,2025-09-04 08:43:00,710168.0,2.35,1
M844,2025-09-04 08:44:00,326117.0,3.38,1
M845,2025-09-04 08:45:00,374846.0,1.88,1
M846,2025-09-04 08:46:00,1222087.0,2.29,1
M847,2025-09-04 08:47:00,1246694.0,2.89,1
M848,2025-09-04 08:48:00,353027.0,2.12,1
M849,2025-09-04 08:49:00,267082.0,3.8,1
M850,2025-09-04 08:50:00,221562.0,6.92,1
M851,2025-09-04 08:51:00,770058.0,1.86,1
M852,2025-09-04 08:52:00,375583.0,1.18,1
M853,2025-09-04 08:53:00,324748.0,1.0,1
M854,2025-09-04 08:54:00,230745.0,2.52,1
M855,2025-09-04 08:55:00,239011.0,1.95,1
M856,2025-09-04 08:56:00,571515.0,3.02,1
M857,2025-09-04 08:57:00,154454.0,2.9,1
M858,2025-09-04 08:58:00,980576.0,1.22,1
M859,2025-09-04 08:59:00,288637.0,1.1,1
M860,2025-09-04 09:00:00,392500.0,3.15,1
M861,2025-09-04 09:01:00,151815.0,2.91,1
M862,2025-09-04 09:02:00,438058.0,2.2,1
M863,2025-09-04 09:03:00,340218.0,1.19,1
M864,2025-09-04 09:04:00,425039.0,3.44,1
M865,2025-09-04 09:05:00,1435993.0,5.13,1
M866,2025-09-04 09:06:00,509996.0,3.12,1
M867,2025-09-04 09:07:00,234280.0,1.78,1
M868,2025-09-04 09:08:00,250432.0,2.78,1
M869,2025-09-04 09:09:00,712194.0,1.37,1
M870,2025-09-04 09:10:00,1250376.0,4.61,1
M871,2025-09-04 09:11:00,554341.0,2.83,1
M872,2025-09-04 09:12:00,767559.0,1.12,1
M873,2025-09-04 09:13:00,720564.0,2.34,1
M874,2025-09-04 09:14:00,1376771.0,3.43,1
M875,2025-09-04 09:15:00,92997.0,2.3,1
M876,2025-09-04 09:16:00,754473.0,2.37,1
M877,2025-09-04 09:17:00,971881.0,1.47,1
M878,2025-09-04 09:18:00,151603.0,3.61,1
M879,2025-09-04 09:19:00,217829.0,1.97,1
M880,2025-09-04 09:20:00,223994.0,0.92,1
M881,2025-09-04 09:21:00,246957.0,2.26,1
M882,2025-09-04 09:22:00,300928.0,4.44,1
M883,2025-09-04 09:23:00,537177.0,2.24,1
M884,2025-09-04 09:24:00,884289.0,6.48,1
M885,2025-09-04 09:25:00,1050791.0,3.37,1
M886,2025-09-04 09:26:00,226328.0,3.22,1
M887,2025-09-04 09:27:00,225086.0,2.55,1
M888,2025-09-04 09:28:00,1267627.0,2.63,1
M889,2025-09-04 09:29:00,742216.0,2.38,1
M890,2025-09-04 09:30:00,472736.0,2.34,1
M891,2025-09-04 09:31:00,646074.0,3.54,1
M892,2025-09-04 09:32:00,431990.0,1.7,1
M893,2025-09-04 09:33:00,673112.0,1.59,1
M894,2025-09-04 09:34:00,338117.0,1.55,1
M895,2025-09-04 09:35:00,548556.0,7.56,1
M896,2025-09-04 09:36:00,132133.0,3.54,1
M897,2025-09-04 09:37:00,255192.0,3.17,1
M898,2025-09-04 09:38:00,257401.0,1.6,1
M899,2025-09-04 09:39:00,327908.0,3.71,1
M900,2025-09-04 09:40:00,210826.0,2.56,1
M901,2025-09-04 09:41:00,288706.0,3.03,1
M902,2025-09-04 09:42:00,131725.0,1.67,1
M903,2025-09-04 09:43:00,686225.0,2.95,1
M904,2025-09-04 09:44:00,414152.0,2.2,1
M905,2025-09-04 09:45:00,113078.0,1.85,1
M906,2025-09-04 09:46:00,226871.0,3.92,1
M907,2025-09-04 09:47:00,579129.0,1.26,1
M908,2025-09-04 09:48:00,286525.0,3.61,1
M909,2025-09-04 09:49:00,253330.0,3.83,1
M910,2025-09-04 09:50:00,416785.0,1.75,1
M911,2025-09-04 09:51:00,582380.0,1.8,1
M912,2025-09-04 09:52:00,140213.0,2.43,1
M913,2025-09-04 09:53:00,687009.0,3.13,1
M914,2025-09-04 09:54:00,233227.0,2.52,1
M915,2025-09-04 09:55:00,436113.0,3.38,1
M916,2025-09-04 09:56:00,430053.0,6.56,1
M917,2025-09-04 09:57:00,290206.0,2.11,1
M918,2025-09-04 09:58:00,195062.0,1.15,1
M919,2025-09-04 09:59:00,352023.0,4.11,1
M920,2025-09-04 10:00:00,1623775.0,6.31,1
M921,2025-09-04 10:01:00,148845.0,3.31,1
M922,2025-09-04 10:02:00,1713160.0,1.58,1
M923,2025-09-04 10:03:00,359411.0,2.56,1
M924,2025-09-04 10:04:00,455111.0,1.55,1
M925,2025-09-04 10:05:00,185467.0,3.75,1
M926,2025-09-04 10:06:00,238705.0,1.38,1
M927,2025-09-04 10:07:00,295869.0,2.34,1
M928,2025-09-04 10:08:00,191653.0,1.65,1
M929,2025-09-04 10:09:00,374320.0,2.9,1
M930,2025-09-04 10:10:00,319460.0,2.26,1
M931,2025-09-04 10:11:00,1944713.0,2.97,1
M932,2025-09-04 10:12:00,174071.0,2.75,1
M933,2025-09-04 10:13:00,480293.0,1.66,1
M934,2025-09-04 10:14:00,539435.0,3.72,1
M935,2025-09-04 10:15:00,187915.0,2.65,1
M936,2025-09-04 10:16:00,766402.0,1.66,1
M937,2025-09-04 10:17:00,321688.0,8.33,1
M938,2025-09-04 10:18:00,60240.0,3.45,1
M939,2025-09-04 10:19:00,750038.0,2.52,1
M940,2025-09-04 10:20:00,181035.0,5.52,1
M941,2025-09-04 10:21:00,191335.0,6.83,1
M942,2025-09-04 10:22:00,767061.0,2.53,1
M943,2025-09-04 10:23:00,335129.0,3.23,1
M944,2025-09-04 10:24:00,921924.0,1.66,1
M945,2025-09-04 10:25:00,1164885.0,2.53,1
M946,2025-09-04 10:26:00,264093.0,2.46,1
M947,2025-09-04 10:27:00,834518.0,2.98,1
M948,2025-09-04 10:28:00,241743.0,3.21,1
M949,2025-09-04 10:29:00,2640537.0,3.6,1
M950,2025-09-04 10:30:00,254138.0,3.06,1
M951,2025-09-04 10:31:00,1005374.0,1.48,1
M952,2025-09-04 10:32:00,868942.0,1.7,1
M953,2025-09-04 10:33:00,569703.0,2.07,1
M954,2025-09-04 10:34:00,258737.0,2.36,1
M955,2025-09-04 10:35:00,391947.0,4.6,1
M956,2025-09-04 10:36:00,78994.0,1.52,1
M957,2025-09-04 10:37:00,529419.0,2.27,1
M958,2025-09-04 10:38:00,585190.0,4.38,1
M959,2025-09-04 10:39:00,492278.0,2.34,1
M960,2025-09-04 10:40:00,41001.0,3.42,1
M961,2025-09-04 10:41:00,160732.0,2.54,1
M962,2025-09-04 10:42:00,243173.0,3.09,1
M963,2025-09-04 10:43:00,558677.0,2.42,1
M964,2025-09-04 10:44:00,557641.0,3.79,1
M965,2025-09-04 10:45:00,386088.0,1.26,1
M966,2025-09-04 10:46:00,735420.0,2.27,1
M967,2025-09-04 10:47:00,194659.0,3.15,1
M968,2025-09-04 10:48:00,720851.0,3.55,1
M969,2025-09-04 10:49:00,646801.0,5.73,1
M970,2025-09-04 10:50:00,598417.0,2.24,1
M971,2025-09-04 10:51:00,382456.0,5.7,1
M972,2025-09-04 10:52:00,1913788.0,1.96,1
M973,2025-09-04 10:53:00,656420.0,5.28,1
M974,2025-09-04 10:54:00,203889.0,4.09,1
M975,2025-09-04 10:55:00,539633.0,1.72,1
M976,2025-09-04 10:56:00,807733.0,3.17,1
M977,2025-09-04 10:57:00,276375.0,2.65,1
M978,2025-09-04 10:58:00,1057500.0,3.72,1
M979,2025-09-04 10:59:00,600565.0,2.43,1
M980,2025-09-04 11:00:00,67915.0,2.33,1
M981,2025-09-04 11:01:00,562270.0,5.39,1
M982,2025-09-04 11:02:00,319712.0,2.59,1
M983,2025-09-04 11:03:00,679929.0,4.11,1
M984,2025-09-04 11:04:00,941634.0,2.43,1
M985,2025-09-04 11:05:00,517171.0,6.25,1
M986,2025-09-04 11:06:00,1676471.0,1.94,1
M987,2025-09-04 11:07:00,383477.0,2.0,1
M988,2025-09-04 11:08:00,729310.0,5.83,1
M989,2025-09-04 11:09:00,842353.0,2.18,1
M990,2025-09-04 11:10:00,409267.0,6.05,1
M991,2025-09-04 11:11:00,824902.0,4.25,1
M992,2025-09-04 11:12:00,274927.0,2.52,1
M993,2025-09-04 11:13:00,315510.0,1.1,1
M994,2025-09-04 11:14:00,154819.0,2.69,1
M995,2025-09-04 11:15:00,536664.0,2.86,1
M996,2025-09-04 11:16:00,573895.0,4.87,1
M997,2025-09-04 11:17:00,1136439.0,6.01,1
M998,2025-09-04 11:18:00,833103.0,1.93,1
M999,2025-09-04 11:19:00,352274.0,4.06,1
M1000,2025-09-04 11:20:00,172380.0,3.99,1
M1001,2025-09-04 11:21:00,625484.0,4.65,1
M1002,2025-09-04 11:22:00,1075829.0,3.49,1
M1003,2025-09-04 11:23:00,809481.0,1.03,1
M1004,2025-09-04 11:24:00,1053451.0,2.52,1
M1005,2025-09-04 11:25:00,373431.0,1.53,1
M1006,2025-09-04 11:26:00,304585.0,2.46,1
M1007,2025-09-04 11:27:00,245359.0,4.44,1
M1008,2025-09-04 11:28:00,423066.0,3.17,1
M1009,2025-09-04 11:29:00,415454.0,4.83,1
M1010,2025-09-04 11:30:00,521958.0,3.22,1
M1011,2025-09-04 11:31:00,398938.0,1.42,1
M1012,2025-09-04 11:32:00,397559.0,0.77,1
M1013,2025-09-04 11:33:00,237672.0,2.93,1
M1014,2025-09-04 11:34:00,939681.0,2.44,1
M1015,2025-09-04 11:35:00,470342.0,1.67,1
M1016,2025-09-04 11:36:00,384787.0,1.16,1
M1017,2025-09-04 11:37:00,243301.0,1.88,1
M1018,2025-09-04 11:38:00,152431.0,2.47,1
M1019,2025-09-04 11:39:00,1259684.0,3.79,1
M1020,2025-09-04 11:40:00,689492.0,2.99,1
M1021,2025-09-04 11:41:00,120676.0,6.07,1
M1022,2025-09-04 11:42:00,814650.0,1.62,1
M1023,2025-09-04 11:43:00,925403.0,4.22,1
M1024,2025-09-04 11:44:00,488698.0,2.78,1
M1025,2025-09-04 11:45:00,1588799.0,3.85,1
M1026,2025-09-04 11:46:00,526168.0,2.19,1
M1027,2025-09-04 11:47:00,142421.0,4.65,1
M1028,2025-09-04 11:48:00,592517.0,3.15,1
M1029,2025-09-04 11:49:00,538164.0,1.94,1
M1030,2025-09-04 11:50:00,273037.0,2.7,1
M1031,2025-09-04 11:51:00,700008.0,2.41,1
M1032,2025-09-04 11:52:00,116526.0,3.47,1
M1033,2025-09-04 11:53:00,977207.0,1.51,1
M1034,2025-09-04 11:54:00,219148.0,2.68,1
M1035,2025-09-04 11:55:00,201198.0,3.31,1
M1036,2025-09-04 11:56:00,403907.0,2.76,1
M1037,2025-09-04 11:57:00,625545.0,5.33,1
M1038,2025-09-04 11:58:00,504407.0,4.0,1
M1039,2025-09-04 11:59:00,244232.0,2.71,1
M1040,2025-09-04 12:00:00,295117.0,3.03,1
M1041,2025-09-04 12:01:00,178718.0,3.15,1
M1042,2025-09-04 12:02:00,369629.0,3.33,1
M1043,2025-09-04 12:03:00,1045512.0,1.09,1
M1044,2025-09-04 12:04:00,440907.0,2.34,1
M1045,2025-09-04 12:05:00,879872.0,1.29,1
M1046,2025-09-04 12:06:00,1417381.0,5.15,1
M1047,2025-09-04 12:07:00,276395.0,2.64,1
M1048,2025-09-04 12:08:00,381071.0,2.47,1
M1049,2025-09-04 12:09:00,2512916.0,4.26,1
M1050,2025-09-04 12:10:00,1404897.0,3.36,1
M1051,2025-09-04 12:11:00,116085.0,1.55,1
M1052,2025-09-04 12:12:00,603028.0,2.62,1
M1053,2025-09-04 12:13:00,442612.0,2.3,1
M1054,2025-09-04 12:14:00,856974.0,1.14,1
M1055,2025-09-04 12:15:00,243779.0,1.92,1
M1056,2025-09-04 12:16:00,226005.0,2.48,1
M1057,2025-09-04 12:17:00,257595.0,2.57,1
M1058,2025-09-04 12:18:00,279975.0,1.3,1
M1059,2025-09-04 12:19:00,849378.0,4.83,1
M1060,2025-09-04 12:20:00,171964.0,2.58,1
M1061,2025-09-04 12:21:00,268850.0,2.77,1
M1062,2025-09-04 12:22:00,105745.0,3.32,1
M1063,2025-09-04 12:23:00,990232.0,1.83,1
M1064,2025-09-04 12:24:00,1223008.0,3.42,1
M1065,2025-09-04 12:25:00,340558.0,2.26,1
M1066,2025-09-04 12:26:00,348586.0,1.74,1
M1067,2025-09-04 12:27:00,635761.0,3.62,1
M1068,2025-09-04 12:28:00,1439182.0,5.73,1
M1069,2025-09-04 12:29:00,613471.0,3.91,1
M1070,2025-09-04 12:30:00,253208.0,4.31,1
M1071,2025-09-04 12:31:00,121169.0,2.1,1
M1072,2025-09-04 12:32:00,181298.0,1.22,1
M1073,2025-09-04 12:33:00,469102.0,5.73,1
M1074,2025-09-04 12:34:00,261905.0,7.59,1
M1075,2025-09-04 12:35:00,517091.0,5.88,1
M1076,2025-09-04 12:36:00,284265.0,2.3,1
M1077,2025-09-04 12:37:00,189754.0,1.53,1
M1078,2025-09-04 12:38:00,172538.0,1.6,1
M1079,2025-09-04 12:39:00,1543995.0,1.17,1
M1080,2025-09-04 12:40:00,900937.0,2.58,1
M1081,2025-09-04 12:41:00,1766330.0,6.07,1
M1082,2025-09-04 12:42:00,681438.0,2.53,1
M1083,2025-09-04 12:43:00,313642.0,3.16,1
M1084,2025-09-04 12:44:00,1275275.0,5.41,1
M1085,2025-09-04 12:45:00,430863.0,2.22,1
M1086,2025-09-04 12:46:00,527906.0,7.52,1
M1087,2025-09-04 12:47:00,427513.0,7.36,1
M1088,2025-09-04 12:48:00,41876.0,2.55,1
M1089,2025-09-04 12:49:00,1597240.0,2.04,1
M1090,2025-09-04 12:50:00,655270.0,3.85,1
M1091,2025-09-04 12:51:00,575997.0,2.28,1
M1092,2025-09-04 12:52:00,421080.0,1.52,1
M1093,2025-09-04 12:53:00,504207.0,5.16,1
M1094,2025-09-04 12:54:00,274355.0,4.99,1
M1095,2025-09-04 12:55:00,724519.0,2.94,1
M1096,2025-09-04 12:56:00,155488.0,1.45,1
M1097,2025-09-04 12:57:00,513423.0,1.47,1
M1098,2025-09-04 12:58:00,693328.0,2.87,1
M1099,2025-09-04 12:59:00,377401.0,2.12,1
M1100,2025-09-04 13:00:00,595225.0,2.29,1
M1101,2025-09-04 13:01:00,200172.0,4.53,1
M1102,2025-09-04 13:02:00,204299.0,3.92,1
M1103,2025-09-04 13:03:00,534653.0,5.41,1
M1104,2025-09-04 13:04:00,761343.0,1.66,1
M1105,2025-09-04 13:05:00,98726.0,2.29,1
M1106,2025-09-04 13:06:00,671733.0,3.97,1
M1107,2025-09-04 13:07:00,286484.0,3.4,1
M1108,2025-09-04 13:08:00,379176.0,5.85,1
M1109,2025-09-04 13:09:00,151507.0,3.35,1
M1110,2025-09-04 13:10:00,223844.0,6.85,1
M1111,2025-09-04 13:11:00,958285.0,3.56,1
M1112,2025-09-04 13:12:00,454199.0,4.62,1
M1113,2025-09-04 13:13:00,325715.0,2.31,1
M1114,2025-09-04 13:14:00,403047.0,2.74,1
M1115,2025-09-04 13:15:00,654332.0,4.29,1
M1116,2025-09-04 13:16:00,629320.0,6.09,1
M1117,2025-09-04 13:17:00,416640.0,3.91,1
M1118,2025-09-04 13:18:00,1060623.0,2.61,1
M1119,2025-09-04 13:19:00,961616.0,5.41,1
M1120,2025-09-04 13:20:00,615812.0,0.91,1
M1121,2025-09-04 13:21:00,462171.0,1.33,1
M1122,2025-09-04 13:22:00,748523.0,3.82,1
M1123,2025-09-04 13:23:00,568874.0,2.74,1
M1124,2025-09-04 13:24:00,1033684.0,3.68,1
M1125,2025-09-04 13:25:00,908590.0,2.81,1
M1126,2025-09-04 13:26:00,195907.0,3.62,1
M1127,2025-09-04 13:27:00,185578.0,1.81,1
M1128,2025-09-04 13:28:00,252458.0,3.62,1
M1129,2025-09-04 13:29:00,965992.0,4.47,1
M1130,2025-09-04 13:30:00,125361.0,5.0,1
M1131,2025-09-04 13:31:00,606710.0,7.44,1
M1132,2025-09-04 13:32:00,591274.0,3.07,1
M1133,2025-09-04 13:33:00,1121434.0,3.12,1
M1134,2025-09-04 13:34:00,511075.0,1.27,1
M1135,2025-09-04 13:35:00,151060.0,2.08,1
M1136,2025-09-04 13:36:00,205359.0,2.47,1
M1137,2025-09-04 13:37:00,171855.0,4.6,1
M1138,2025-09-04 13:38:00,287692.0,2.0,1
M1139,2025-09-04 13:39:00,382192.0,4.05,1
M1140,2025-09-04 13:40:00,174146.0,2.72,1
M1141,2025-09-04 13:41:00,1434791.0,2.49,1
M1142,2025-09-04 13:42:00,153242.0,3.08,1
M1143,2025-09-04 13:43:00,1298711.0,2.24,1
M1144,2025-09-04 13:44:00,1141816.0,2.19,1
M1145,2025-09-04 13:45:00,907675.0,1.16,1
M1146,2025-09-04 13:46:00,253974.0,2.4,1
M1147,2025-09-04 13:47:00,581846.0,2.14,1
M1148,2025-09-04 13:48:00,159230.0,2.1,1
M1149,2025-09-04 13:49:00,916874.0,3.35,1
M1150,2025-09-04 13:50:00,416988.0,3.78,1
M1151,2025-09-04 13:51:00,318872.0,3.05,1
M1152,2025-09-04 13:52:00,166209.0,4.47,1
M1153,2025-09-04 13:53:00,60961.0,3.62,1
M1154,2025-09-04 13:54:00,192753.0,2.35,1
M1155,2025-09-04 13:55:00,1077591.0,2.16,1
M1156,2025-09-04 13:56:00,320531.0,3.18,1
M1157,2025-09-04 13:57:00,386365.0,3.62,1
M1158,2025-09-04 13:58:00,747466.0,5.47,1
M1159,2025-09-04 13:59:00,1875780.0,4.93,1
M1160,2025-09-04 14:00:00,1276974.0,2.07,1
M1161,2025-09-04 14:01:00,203238.0,2.58,1
M1162,2025-09-04 14:02:00,93521.0,3.8,1
M1163,2025-09-04 14:03:00,2921744.0,4.64,1
M1164,2025-09-04 14:04:00,2717420.0,4.35,1
M1165,2025-09-04 14:05:00,514403.0,2.63,1
M1166,2025-09-04 14:06:00,160109.0,1.45,1
M1167,2025-09-04 14:07:00,956065.0,1.65,1
M1168,2025-09-04 14:08:00,405799.0,3.12,1
M1169,2025-09-04 14:09:00,404180.0,3.23,1
M1170,2025-09-04 14:10:00,904889.0,1.57,1
M1171,2025-09-04 14:11:00,578099.0,2.78,1
M1172,2025-09-04 14:12:00,171330.0,3.73,1
M1173,2025-09-04 14:13:00,341194.0,1.53,1
M1174,2025-09-04 14:14:00,750821.0,4.72,1
M1175,2025-09-04 14:15:00,665439.0,2.25,1
M1176,2025-09-04 14:16:00,545585.0,5.1,1
M1177,2025-09-04 14:17:00,933539.0,2.08,1
M1178,2025-09-04 14:18:00,331249.0,1.63,1
M1179,2025-09-04 14:19:00,510393.0,2.16,1
M1180,2025-09-04 14:20:00,29719.0,2.59,1
M1181,2025-09-04 14:21:00,308748.0,2.24,1
M1182,2025-09-04 14:22:00,815146.0,2.44,1
M1183,2025-09-04 14:23:00,323736.0,3.21,1
M1184,2025-09-04 14:24:00,304680.0,2.5,1
M1185,2025-09-04 14:25:00,192305.0,2.63,1
M1186,2025-09-04 14:26:00,987264.0,1.16,1
M1187,2025-09-04 14:27:00,686094.0,3.31,1
M1188,2025-09-04 14:28:00,856262.0,2.6,1
M1189,2025-09-04 14:29:00,111194.0,6.08,1
M1190,2025-09-04 14:30:00,389119.0,1.7,1
M1191,2025-09-04 14:31:00,353596.0,1.1,1
M1192,2025-09-04 14:32:00,353466.0,3.7,1
M1193,2025-09-04 14:33:00,270270.0,3.23,1
M1194,2025-09-04 14:34:00,335413.0,1.64,1
M1195,2025-09-04 14:35:00,873022.0,1.27,1
M1196,2025-09-04 14:36:00,95771.0,5.86,1
M1197,2025-09-04 14:37:00,1833681.0,5.51,1
M1198,2025-09-04 14:38:00,651526.0,0.78,1
M1199,2025-09-04 14:39:00,427682.0,2.16,1
M1200,2025-09-04 14:40:00,913892.0,6.25,1
M1201,2025-09-04 14:41:00,138487.0,2.14,1
M1202,2025-09-04 14:42:00,259949.0,2.13,1
M1203,2025-09-04 14:43:00,401571.0,2.36,1
M1204,2025-09-04 14:44:00,1319084.0,1.55,1
M1205,2025-09-04 14:45:00,426259.0,1.16,1
M1206,2025-09-04 14:46:00,634152.0,4.6,1
M1207,2025-09-04 14:47:00,276050.0,1.08,1
M1208,2025-09-04 14:48:00,653092.0,3.08,1
M1209,2025-09-04 14:49:00,1692626.0,4.23,1
M1210,2025-09-04 14:50:00,981092.0,1.32,1
M1211,2025-09-04 14:51:00,414503.0,1.71,1
M1212,2025-09-04 14:52:00,759483.0,4.99,1
M1213,2025-09-04 14:53:00,702228.0,3.55,1
M1214,2025-09-04 14:54:00,663491.0,2.0,1
M1215,2025-09-04 14:55:00,1076863.0,4.96,1
M1216,2025-09-04 14:56:00,1070442.0,4.97,1
M1217,2025-09-04 14:57:00,399621.0,3.11,1
M1218,2025-09-04 14:58:00,739333.0,1.73,1
M1219,2025-09-04 14:59:00,325632.0,2.21,1
M1220,2025-09-04 15:00:00,211407.0,3.14,1
M1221,2025-09-04 15:01:00,356612.0,2.47,1
M1222,2025-09-04 15:02:00,416223.0,4.35,1
M1223,2025-09-04 15:03:00,117094.0,1.27,1
M1224,2025-09-04 15:04:00,880518.0,1.29,1
M1225,2025-09-04 15:05:00,48346.0,2.98,1
M1226,2025-09-04 15:06:00,3881971.0,2.13,1
M1227,2025-09-04 15:07:00,1471074.0,1.99,1
M1228,2025-09-04 15:08:00,359041.0,1.12,1
M1229,2025-09-04 15:09:00,445762.0,2.74,1
M1230,2025-09-04 15:10:00,563756.0,2.65,1
M1231,2025-09-04 15:11:00,276142.0,3.77,1
M1232,2025-09-04 15:12:00,516120.0,2.81,1
M1233,2025-09-04 15:13:00,394273.0,2.54,1
M1234,2025-09-04 15:14:00,410275.0,4.9,1
M1235,2025-09-04 15:15:00,511534.0,1.41,1
M1236,2025-09-04 15:16:00,154690.0,3.55,1
M1237,2025-09-04 15:17:00,456642.0,1.18,1
M1238,2025-09-04 15:18:00,504215.0,1.79,1
M1239,2025-09-04 15:19:00,490451.0,1.48,1
M1240,2025-09-04 15:20:00,372255.0,4.02,1
M1241,2025-09-04 15:21:00,1099412.0,2.63,1
M1242,2025-09-04 15:22:00,333393.0,2.7,1
M1243,2025-09-04 15:23:00,530651.0,1.56,1
M1244,2025-09-04 15:24:00,1248980.0,2.34,1
M1245,2025-09-04 15:25:00,415193.0,1.86,1
M1246,2025-09-04 15:26:00,525219.0,3.29,1
M1247,2025-09-04 15:27:00,409582.0,1.66,1
M1248,2025-09-04 15:28:00,1190514.0,5.29,1
M1249,2025-09-04 15:29:00,359986.0,1.18,1
M1250,2025-09-04 15:30:00,1235126.0,1.82,1
M1251,2025-09-04 15:31:00,407228.0,6.29,1
M1252,2025-09-04 15:32:00,222444.0,2.19,1
M1253,2025-09-04 15:33:00,761845.0,1.41,1
M1254,2025-09-04 15:34:00,346718.0,3.03,1
M1255,2025-09-04 15:35:00,726796.0,2.14,1
M1256,2025-09-04 15:36:00,49835.0,1.79,1
M1257,2025-09-04 15:37:00,444260.0,1.57,1
M1258,2025-09-04 15:38:00,306299.0,10.85,1
M1259,2025-09-04 15:39:00,188979.0,2.4,1
M1260,2025-09-04 15:40:00,284193.0,1.04,1
M1261,2025-09-04 15:41:00,279578.0,5.74,1
M1262,2025-09-04 15:42:00,425752.0,3.69,1
M1263,2025-09-04 15:43:00,148173.0,1.85,1
M1264,2025-09-04 15:44:00,569788.0,1.7,1
M1265,2025-09-04 15:45:00,1319775.0,3.81,1
M1266,2025-09-04 15:46:00,553902.0,2.4,1
M1267,2025-09-04 15:47:00,845084.0,1.04,1
M1268,2025-09-04 15:48:00,1061985.0,6.64,1
M1269,2025-09-04 15:49:00,1189676.0,2.19,1
M1270,2025-09-04 15:50:00,1975063.0,5.74,1
M1271,2025-09-04 15:51:00,296748.0,5.15,1
M1272,2025-09-04 15:52:00,249001.0,1.65,1
M1273,2025-09-04 15:53:00,828003.0,4.56,1
M1274,2025-09-04 15:54:00,779660.0,1.96,1
M1275,2025-09-04 15:55:00,822859.0,1.07,1
M1276,2025-09-04 15:56:00,2005544.0,2.2,1
M1277,2025-09-04 15:57:00,446456.0,3.32,1
M1278,2025-09-04 15:58:00,622143.0,2.16,1
M1279,2025-09-04 15:59:00,201933.0,2.33,1
M1280,2025-09-04 16:00:00,2441827.0,4.82,1
M1281,2025-09-04 16:01:00,337987.0,2.87,1
M1282,2025-09-04 16:02:00,345735.0,1.78,1
M1283,2025-09-04 16:03:00,335239.0,3.86,1
M1284,2025-09-04 16:04:00,264100.0,3.0,1
M1285,2025-09-04 16:05:00,246829.0,0.77,1
M1286,2025-09-04 16:06:00,290988.0,3.37,1
M1287,2025-09-04 16:07:00,148355.0,3.31,1
M1288,2025-09-04 16:08:00,236037.0,2.75,1
M1289,2025-09-04 16:09:00,2103621.0,4.25,1
M1290,2025-09-04 16:10:00,796932.0,1.94,1
M1291,2025-09-04 16:11:00,927941.0,3.22,1
M1292,2025-09-04 16:12:00,1134573.0,1.24,1
M1293,2025-09-04 16:13:00,1918986.0,3.33,1
M1294,2025-09-04 16:14:00,107244.0,7.22,1
M1295,2025-09-04 16:15:00,165395.0,1.65,1
M1296,2025-09-04 16:16:00,232587.0,1.86,1
M1297,2025-09-04 16:17:00,303828.0,1.91,1
M1298,2025-09-04 16:18:00,347856.0,2.9,1
M1299,2025-09-04 16:19:00,309409.0,1.6,1
M1300,2025-09-04 16:20:00,527259.0,3.36,1
M1301,2025-09-04 16:21:00,455084.0,4.15,1
M1302,2025-09-04 16:22:00,248136.0,3.55,1
M1303,2025-09-04 16:23:00,77618.0,1.12,1
M1304,2025-09-04 16:24:00,199926.0,4.47,1
M1305,2025-09-04 16:25:00,285104.0,4.34,1
M1306,2025-09-04 16:26:00,363065.0,4.12,1
M1307,2025-09-04 16:27:00,179201.0,3.28,1
M1308,2025-09-04 16:28:00,298748.0,3.03,1
M1309,2025-09-04 16:29:00,179012.0,4.55,1
M1310,2025-09-04 16:30:00,400050.0,7.11,1
M1311,2025-09-04 16:31:00,187499.0,1.69,1
M1312,2025-09-04 16:32:00,224331.0,4.66,1
M1313,2025-09-04 16:33:00,155290.0,2.6,1
M1314,2025-09-04 16:34:00,391288.0,2.55,1
M1315,2025-09-04 16:35:00,221204.0,1.26,1
M1316,2025-09-04 16:36:00,913855.0,2.36,1
M1317,2025-09-04 16:37:00,612118.0,1.65,1
M1318,2025-09-04 16:38:00,418369.0,2.16,1
M1319,2025-09-04 16:39:00,233751.0,1.57,1
M1320,2025-09-04 16:40:00,599839.0,2.17,1
M1321,2025-09-04 16:41:00,768780.0,2.22,1
M1322,2025-09-04 16:42:00,495910.0,2.85,1
M1323,2025-09-04 16:43:00,1595921.0,1.21,1
M1324,2025-09-04 16:44:00,639032.0,1.32,1
M1325,2025-09-04 16:45:00,918857.0,3.26,1
M1326,2025-09-04 16:46:00,492304.0,1.82,1
M1327,2025-09-04 16:47:00,759588.0,4.65,1
M1328,2025-09-04 16:48:00,233883.0,3.04,1
M1329,2025-09-04 16:49:00,306595.0,3.68,1
M1330,2025-09-04 16:50:00,585072.0,5.5,1
M1331,2025-09-04 16:51:00,581682.0,2.33,1
M1332,2025-09-04 16:52:00,664035.0,2.04,1
M1333,2025-09-04 16:53:00,1066950.0,4.2,1
M1334,2025-09-04 16:54:00,141495.0,3.51,1
M1335,2025-09-04 16:55:00,202894.0,2.48,1
M1336,2025-09-04 16:56:00,531606.0,5.45,1
M1337,2025-09-04 16:57:00,247833.0,2.44,1
M1338,2025-09-04 16:58:00,6597587.0,2.76,1
M1339,2025-09-04 16:59:00,668356.0,2.75,1
M1340,2025-09-04 17:00:00,415540.0,1.7,1
M1341,2025-09-04 17:01:00,292911.0,2.83,1
M1342,2025-09-04 17:02:00,301303.0,5.47,1
M1343,2025-09-04 17:03:00,453211.0,3.4,1
M1344,2025-09-04 17:04:00,483877.0,2.76,1
M1345,2025-09-04 17:05:00,307012.0,2.51,1
M1346,2025-09-04 17:06:00,355570.0,3.21,1
M1347,2025-09-04 17:07:00,1296823.0,3.95,1
M1348,2025-09-04 17:08:00,1339228.0,3.69,1
M1349,2025-09-04 17:09:00,541245.0,2.3,1
M1350,2025-09-04 17:10:00,151296.0,3.2,1
M1351,2025-09-04 17:11:00,680649.0,3.46,1
M1352,2025-09-04 17:12:00,1534056.0,1.64,1
M1353,2025-09-04 17:13:00,1323546.0,2.96,1
M1354,2025-09-04 17:14:00,796148.0,0.92,1
M1355,2025-09-04 17:15:00,1380475.0,3.46,1
M1356,2025-09-04 17:16:00,461717.0,3.78,1
M1357,2025-09-04 17:17:00,731229.0,3.95,1
M1358,2025-09-04 17:18:00,256627.0,2.23,1
M1359,2025-09-04 17:19:00,558948.0,3.17,1
M1360,2025-09-04 17:20:00,1281610.0,5.54,1
M1361,2025-09-04 17:21:00,276084.0,5.51,1
M1362,2025-09-04 17:22:00,222092.0,2.68,1
M1363,2025-09-04 17:23:00,478299.0,2.91,1
M1364,2025-09-04 17:24:00,369044.0,4.74,1
M1365,2025-09-04 17:25:00,743644.0,1.28,1
M1366,2025-09-04 17:26:00,307858.0,2.31,1
M1367,2025-09-04 17:27:00,1749344.0,5.3,1
M1368,2025-09-04 17:28:00,157670.0,4.43,1
M1369,2025-09-04 17:29:00,1206203.0,3.27,1
M1370,2025-09-04 17:30:00,239934.0,1.28,1
M1371,2025-09-04 17:31:00,105157.0,2.65,1
M1372,2025-09-04 17:32:00,535149.0,2.02,1
M1373,2025-09-04 17:33:00,360885.0,3.21,1
M1374,2025-09-04 17:34:00,182100.0,1.81,1
M1375,2025-09-04 17:35:00,115255.0,1.63,1
M1376,2025-09-04 17:36:00,439464.0,0.97,1
M1377,2025-09-04 17:37:00,965759.0,5.01,1
M1378,2025-09-04 17:38:00,706418.0,2.23,1
M1379,2025-09-04 17:39:00,462946.0,2.94,1
M1380,2025-09-04 17:40:00,648929.0,2.72,1
M1381,2025-09-04 17:41:00,432886.0,1.59,1
M1382,2025-09-04 17:42:00,140958.0,1.45,1
M1383,2025-09-04 17:43:00,141958.0,1.64,1
M1384,2025-09-04 17:44:00,376045.0,1.89,1
M1385,2025-09-04 17:45:00,389056.0,3.27,1
M1386,2025-09-04 17:46:00,873957.0,1.83,1
M1387,2025-09-04 17:47:00,810854.0,6.51,1
M1388,2025-09-04 17:48:00,717915.0,4.54,1
M1389,2025-09-04 17:49:00,353548.0,4.07,1
M1390,2025-09-04 17:50:00,146602.0,2.56,1
M1391,2025-09-04 17:51:00,615172.0,5.8,1
M1392,2025-09-04 17:52:00,673427.0,2.44,1
M1393,2025-09-04 17:53:00,65459.0,2.68,1
M1394,2025-09-04 17:54:00,226960.0,2.96,1
M1395,2025-09-04 17:55:00,254526.0,3.86,1
M1396,2025-09-04 17:56:00,486348.0,3.74,1
M1397,2025-09-04 17:57:00,232655.0,2.14,1
M1398,2025-09-04 17:58:00,429120.0,2.08,1
M1399,2025-09-04 17:59:00,373836.0,3.74,1
M1400,2025-09-04 18:00:00,389524.0,3.89,1
M1401,2025-09-04 18:01:00,249418.0,2.23,1
M1402,2025-09-04 18:02:00,265352.0,1.23,1
M1403,2025-09-04 18:03:00,186425.0,2.45,1
M1404,2025-09-04 18:04:00,599622.0,3.71,1
M1405,2025-09-04 18:05:00,698634.0,6.7,1
M1406,2025-09-04 18:06:00,238830.0,1.49,1
M1407,2025-09-04 18:07:00,1493320.0,2.2,1
M1408,2025-09-04 18:08:00,343973.0,2.24,1
M1409,2025-09-04 18:09:00,1504767.0,5.35,1
M1410,2025-09-04 18:10:00,264686.0,2.67,1
M1411,2025-09-04 18:11:00,87443.0,1.73,1
M1412,2025-09-04 18:12:00,610332.0,3.59,1
M1413,2025-09-04 18:13:00,539736.0,2.22,1
M1414,2025-09-04 18:14:00,454755.0,1.47,1
M1415,2025-09-04 18:15:00,264663.0,1.74,1
M1416,2025-09-04 18:16:00,430345.0,6.47,1
M1417,2025-09-04 18:17:00,293899.0,3.29,1
M1418,2025-09-04 18:18:00,347361.0,2.87,1
M1419,2025-09-04 18:19:00,867444.0,2.4,1
M1420,2025-09-04 18:20:00,512663.0,3.15,1
M1421,2025-09-04 18:21:00,720688.0,3.13,1
M1422,2025-09-04 18:22:00,367510.0,3.15,1
M1423,2025-09-04 18:23:00,336511.0,2.88,1
M1424,2025-09-04 18:24:00,175820.0,4.2,1
M1425,2025-09-04 18:25:00,329052.0,2.75,1
M1426,2025-09-04 18:26:00,31042.0,1.67,1
M1427,2025-09-04 18:27:00,275908.0,2.0,1
M1428,2025-09-04 18:28:00,414364.0,1.01,1
M1429,2025-09-04 18:29:00,694494.0,7.49,1
M1430,2025-09-04 18:30:00,356845.0,4.18,1
M1431,2025-09-04 18:31:00,584282.0,1.79,1
M1432,2025-09-04 18:32:00,77356.0,2.36,1
M1433,2025-09-04 18:33:00,422748.0,1.98,1
M1434,2025-09-04 18:34:00,115427.0,5.88,1
M1435,2025-09-04 18:35:00,168275.0,1.34,1
M1436,2025-09-04 18:36:00,380891.0,2.88,1
M1437,2025-09-04 18:37:00,1228140.0,2.57,1
M1438,2025-09-04 18:38:00,595386.0,4.11,1
M1439,2025-09-04 18:39:00,448913.0,2.58,1
M1440,2025-09-04 18:40:00,435555.0,1.13,1
M1441,2025-09-04 18:41:00,249970.0,2.4,1
M1442,2025-09-04 18:42:00,286305.0,1.67,1
M1443,2025-09-04 18:43:00,622750.0,2.83,1
M1444,2025-09-04 18:44:00,146051.0,5.57,1
M1445,2025-09-04 18:45:00,711011.0,1.14,1
M1446,2025-09-04 18:46:00,324225.0,1.82,1
M1447,2025-09-04 18:47:00,856360.0,2.06,1
M1448,2025-09-04 18:48:00,954435.0,2.25,1
M1449,2025-09-04 18:49:00,116022.0,3.94,1
M1450,2025-09-04 18:50:00,277822.0,2.49,1
M1451,2025-09-04 18:51:00,223145.0,3.35,1
M1452,2025-09-04 18:52:00,103758.0,1.99,1
M1453,2025-09-04 18:53:00,193682.0,3.05,1
M1454,2025-09-04 18:54:00,3118943.0,4.01,1
M1455,2025-09-04 18:55:00,720433.0,1.88,1
M1456,2025-09-04 18:56:00,2050984.0,4.02,1
M1457,2025-09-04 18:57:00,858789.0,2.79,1
M1458,2025-09-04 18:58:00,244391.0,4.58,1
M1459,2025-09-04 18:59:00,325977.0,2.46,1
M1460,2025-09-04 19:00:00,708389.0,3.29,1
M1461,2025-09-04 19:01:00,627818.0,2.66,1
M1462,2025-09-04 19:02:00,278766.0,2.59,1
M1463,2025-09-04 19:03:00,132191.0,3.09,1
M1464,2025-09-04 19:04:00,6139224.0,3.56,1
M1465,2025-09-04 19:05:00,395174.0,1.46,1
M1466,2025-09-04 19:06:00,340922.0,5.57,1
M1467,2025-09-04 19:07:00,484401.0,1.07,1
M1468,2025-09-04 19:08:00,364331.0,1.93,1
M1469,2025-09-04 19:09:00,488055.0,2.59,1
M1470,2025-09-04 19:10:00,1238681.0,3.34,1
M1471,2025-09-04 19:11:00,400457.0,5.98,1
M1472,2025-09-04 19:12:00,174526.0,1.07,1
M1473,2025-09-04 19:13:00,388747.0,2.11,1
M1474,2025-09-04 19:14:00,305126.0,0.94,1
M1475,2025-09-04 19:15:00,1382106.0,2.76,1
M1476,2025-09-04 19:16:00,1129059.0,3.11,1
M1477,2025-09-04 19:17:00,482155.0,6.02,1
M1478,2025-09-04 19:18:00,159056.0,2.89,1
M1479,2025-09-04 19:19:00,165924.0,4.58,1
M1480,2025-09-04 19:20:00,447798.0,3.64,1
M1481,2025-09-04 19:21:00,579000.0,2.19,1
M1482,2025-09-04 19:22:00,327847.0,1.34,1
M1483,2025-09-04 19:23:00,301301.0,3.12,1
M1484,2025-09-04 19:24:00,275340.0,1.29,1
M1485,2025-09-04 19:25:00,434211.0,5.19,1
M1486,2025-09-04 19:26:00,65762.0,2.51,1
M1487,2025-09-04 19:27:00,183311.0,4.94,1
M1488,2025-09-04 19:28:00,267897.0,2.14,1
M1489,2025-09-04 19:29:00,1162406.0,3.11,1
M1490,2025-09-04 19:30:00,230717.0,3.02,1
M1491,2025-09-04 19:31:00,511128.0,2.66,1
M1492,2025-09-04 19:32:00,530319.0,2.19,1
M1493,2025-09-04 19:33:00,1249599.0,3.31,1
M1494,2025-09-04 19:34:00,1214766.0,1.71,1
M1495,2025-09-04 19:35:00,422522.0,1.48,1
M1496,2025-09-04 19:36:00,302432.0,5.06,1
M1497,2025-09-04 19:37:00,260129.0,3.91,1
M1498,2025-09-04 19:38:00,364816.0,2.81,1
M1499,2025-09-04 19:39:00,312629.0,6.25,1
M1500,2025-09-04 19:40:00,688935.0,2.38,1
M1501,2025-09-04 19:41:00,619240.0,5.27,1
M1502,2025-09-04 19:42:00,710299.0,2.97,1
M1503,2025-09-04 19:43:00,1211569.0,1.63,1
M1504,2025-09-04 19:44:00,1963610.0,6.85,1
M1505,2025-09-04 19:45:00,488811.0,4.46,1
M1506,2025-09-04 19:46:00,1066157.0,2.56,1
M1507,2025-09-04 19:47:00,333925.0,3.91,1
M1508,2025-09-04 19:48:00,1141673.0,2.22,1
M1509,2025-09-04 19:49:00,1034271.0,4.11,1
M1510,2025-09-04 19:50:00,991261.0,0.82,1
M1511,2025-09-04 19:51:00,476992.0,1.63,1
M1512,2025-09-04 19:52:00,259189.0,4.44,1
M1513,2025-09-04 19:53:00,144984.0,2.4,1
M1514,2025-09-04 19:54:00,428468.0,3.02,1
M1515,2025-09-04 19:55:00,1508174.0,1.39,1
M1516,2025-09-04 19:56:00,345285.0,6.85,1
M1517,2025-09-04 19:57:00,829104.0,4.93,1
M1518,2025-09-04 19:58:00,869055.0,2.46,1
M1519,2025-09-04 19:59:00,352586.0,2.22,1
M1520,2025-09-04 20:00:00,1268158.0,4.55,1
M1521,2025-09-04 20:01:00,43177.0,7.32,1
M1522,2025-09-04 20:02:00,166342.0,4.38,1
M1523,2025-09-04 20:03:00,212669.0,8.05,1
M1524,2025-09-04 20:04:00,229631.0,1.71,1
M1525,2025-09-04 20:05:00,578973.0,1.8,1
M1526,2025-09-04 20:06:00,557953.0,1.5,1
M1527,2025-09-04 20:07:00,606338.0,3.39,1
M1528,2025-09-04 20:08:00,712735.0,2.97,1
M1529,2025-09-04 20:09:00,206885.0,2.52,1
M1530,2025-09-04 20:10:00,166952.0,4.07,1
M1531,2025-09-04 20:11:00,607469.0,5.03,1
M1532,2025-09-04 20:12:00,267216.0,1.27,1
M1533,2025-09-04 20:13:00,125947.0,2.02,1
M1534,2025-09-04 20:14:00,962294.0,4.1,1
M1535,2025-09-04 20:15:00,1350630.0,2.15,1
M1536,2025-09-04 20:16:00,1537593.0,1.82,1
M1537,2025-09-04 20:17:00,513809.0,4.52,1
M1538,2025-09-04 20:18:00,729960.0,1.43,1
M1539,2025-09-04 20:19:00,1323638.0,2.34,1
M1540,2025-09-04 20:20:00,264836.0,3.2,1
M1541,2025-09-04 20:21:00,1075765.0,2.04,1
M1542,2025-09-04 20:22:00,551456.0,4.02,1
M1543,2025-09-04 20:23:00,918934.0,2.05,1
M1544,2025-09-04 20:24:00,513433.0,5.5,1
M1545,2025-09-04 20:25:00,1247941.0,2.55,1
M1546,2025-09-04 20:26:00,529040.0,3.8,1
M1547,2025-09-04 20:27:00,134971.0,3.95,1
M1548,2025-09-04 20:28:00,1413446.0,1.99,1
M1549,2025-09-04 20:29:00,207311.0,0.97,1
M1550,2025-09-04 20:30:00,1205550.0,3.26,1
M1551,2025-09-04 20:31:00,411599.0,2.82,1
M1552,2025-09-04 20:32:00,1133486.0,3.59,1
M1553,2025-09-04 20:33:00,1096699.0,2.43,1
M1554,2025-09-04 20:34:00,624130.0,2.19,1
M1555,2025-09-04 20:35:00,664525.0,7.42,1
M1556,2025-09-04 20:36:00,620390.0,1.3,1
M1557,2025-09-04 20:37:00,88339.0,3.92,1
M1558,2025-09-04 20:38:00,486340.0,2.04,1
M1559,2025-09-04 20:39:00,181162.0,2.3,1
M1560,2025-09-04 20:40:00,507347.0,2.32,1
M1561,2025-09-04 20:41:00,177308.0,1.82,1
M1562,2025-09-04 20:42:00,171449.0,3.62,1
M1563,2025-09-04 20:43:00,1597495.0,5.45,1
M1564,2025-09-04 20:44:00,1040860.0,3.44,1
M1565,2025-09-04 20:45:00,440950.0,2.86,1
M1566,2025-09-04 20:46:00,512889.0,1.66,1
M1567,2025-09-04 20:47:00,362822.0,3.52,1
M1568,2025-09-04 20:48:00,697949.0,7.99,1
M1569,2025-09-04 20:49:00,257598.0,2.25,1
M1570,2025-09-04 20:50:00,979691.0,2.25,1
M1571,2025-09-04 20:51:00,361324.0,2.05,1
M1572,2025-09-04 20:52:00,316198.0,2.13,1
M1573,2025-09-04 20:53:00,450165.0,0.69,1
M1574,2025-09-04 20:54:00,275704.0,3.33,1
M1575,2025-09-04 20:55:00,575472.0,1.78,1
M1576,2025-09-04 20:56:00,287826.0,1.22,1
M1577,2025-09-04 20:57:00,643591.0,3.96,1
M1578,2025-09-04 20:58:00,1170340.0,1.58,1
M1579,2025-09-04 20:59:00,248834.0,2.29,1
M1580,2025-09-04 21:00:00,398531.0,5.66,1
M1581,2025-09-04 21:01:00,639898.0,1.34,1
M1582,2025-09-04 21:02:00,312173.0,1.26,1
M1583,2025-09-04 21:03:00,641431.0,3.11,1
M1584,2025-09-04 21:04:00,689912.0,4.83,1
M1585,2025-09-04 21:05:00,1052427.0,1.24,1
M1586,2025-09-04 21:06:00,272449.0,3.33,1
M1587,2025-09-04 21:07:00,208101.0,3.63,1
M1588,2025-09-04 21:08:00,345911.0,0.97,1
M1589,2025-09-04 21:09:00,203984.0,4.05,1
M1590,2025-09-04 21:10:00,694952.0,4.21,1
M1591,2025-09-04 21:11:00,174660.0,2.33,1
M1592,2025-09-04 21:12:00,2860232.0,5.08,1
M1593,2025-09-04 21:13:00,1247613.0,4.8,1
M1594,2025-09-04 21:14:00,446887.0,2.86,1
M1595,2025-09-04 21:15:00,885507.0,2.17,1
M1596,2025-09-04 21:16:00,119439.0,1.67,1
M1597,2025-09-04 21:17:00,3330719.0,2.67,1
M1598,2025-09-04 21:18:00,275910.0,3.61,1
M1599,2025-09-04 21:19:00,401757.0,2.31,1
M1600,2025-09-04 21:20:00,100233.0,0.91,1
M1601,2025-09-04 21:21:00,652802.0,5.13,1
M1602,2025-09-04 21:22:00,182577.0,2.99,1
M1603,2025-09-04 21:23:00,479896.0,2.25,1
M1604,2025-09-04 21:24:00,286238.0,4.17,1
M1605,2025-09-04 21:25:00,186802.0,5.83,1
M1606,2025-09-04 21:26:00,232469.0,0.67,1
M1607,2025-09-04 21:27:00,529999.0,3.38,1
M1608,2025-09-04 21:28:00,158706.0,1.33,1
M1609,2025-09-04 21:29:00,243033.0,3.49,1
M1610,2025-09-04 21:30:00,752096.0,2.9,1
M1611,2025-09-04 21:31:00,3548317.0,3.74,1
M1612,2025-09-04 21:32:00,648276.0,2.12,1
M1613,2025-09-04 21:33:00,212392.0,1.07,1
M1614,2025-09-04 21:34:00,329822.0,2.17,1
M1615,2025-09-04 21:35:00,453736.0,3.33,1
M1616,2025-09-04 21:36:00,334523.0,4.52,1
M1617,2025-09-04 21:37:00,911135.0,1.51,1
M1618,2025-09-04 21:38:00,526485.0,4.54,1
M1619,2025-09-04 21:39:00,914636.0,1.97,1
M1620,2025-09-04 21:40:00,344017.0,3.26,1
M1621,2025-09-04 21:41:00,1277480.0,2.11,1
M1622,2025-09-04 21:42:00,387244.0,2.98,1
M1623,2025-09-04 21:43:00,203424.0,4.25,1
M1624,2025-09-04 21:44:00,2525264.0,1.47,1
M1625,2025-09-04 21:45:00,102746.0,1.93,1
M1626,2025-09-04 21:46:00,244999.0,2.98,1
M1627,2025-09-04 21:47:00,267902.0,9.03,1
M1628,2025-09-04 21:48:00,3290812.0,1.77,1
M1629,2025-09-04 21:49:00,1877567.0,7.54,1
M1630,2025-09-04 21:50:00,1461747.0,7.41,1
M1631,2025-09-04 21:51:00,339583.0,2.59,1
M1632,2025-09-04 21:52:00,3081547.0,2.34,1
M1633,2025-09-04 21:53:00,594028.0,1.92,1
M1634,2025-09-04 21:54:00,966862.0,2.63,1
M1635,2025-09-04 21:55:00,510812.0,1.35,1
M1636,2025-09-04 21:56:00,425248.0,2.62,1
M1637,2025-09-04 21:57:00,361702.0,5.75,1
M1638,2025-09-04 21:58:00,374104.0,2.0,1
M1639,2025-09-04 21:59:00,719847.0,2.41,1
M1640,2025-09-04 22:00:00,593481.0,1.16,1
M1641,2025-09-04 22:01:00,431414.0,3.28,1
M1642,2025-09-04 22:02:00,1480098.0,3.1,1
M1643,2025-09-04 22:03:00,41217.0,2.81,1
M1644,2025-09-04 22:04:00,665244.0,2.44,1
M1645,2025-09-04 22:05:00,785591.0,2.35,1
M1646,2025-09-04 22:06:00,1107450.0,3.49,1
M1647,2025-09-04 22:07:00,420039.0,2.68,1
M1648,2025-09-04 22:08:00,522477.0,3.18,1
M1649,2025-09-04 22:09:00,973603.0,3.03,1
M1650,2025-09-04 22:10:00,1458520.0,4.77,1
M1651,2025-09-04 22:11:00,347866.0,3.81,1
M1652,2025-09-04 22:12:00,547753.0,2.99,1
M1653,2025-09-04 22:13:00,1694434.0,5.81,1
M1654,2025-09-04 22:14:00,80885.0,3.35,1
M1655,2025-09-04 22:15:00,254738.0,5.22,1
M1656,2025-09-04 22:16:00,1429262.0,3.68,1
M1657,2025-09-04 22:17:00,1060266.0,1.08,1
M1658,2025-09-04 22:18:00,671961.0,5.22,1
M1659,2025-09-04 22:19:00,309008.0,2.91,1
M1660,2025-09-04 22:20:00,218501.0,2.65,1
M1661,2025-09-04 22:21:00,275689.0,3.13,1
M1662,2025-09-04 22:22:00,1526376.0,2.29,1
M1663,2025-09-04 22:23:00,267599.0,3.05,1
M1664,2025-09-04 22:24:00,479807.0,2.02,1
M1665,2025-09-04 22:25:00,242083.0,5.14,1
M1666,2025-09-04 22:26:00,868236.0,2.57,1
M1667,2025-09-04 22:27:00,287512.0,2.25,1
M1668,2025-09-04 22:28:00,409186.0,1.71,1
M1669,2025-09-04 22:29:00,115070.0,3.11,1
M1670,2025-09-04 22:30:00,121699.0,2.98,1
M1671,2025-09-04 22:31:00,445138.0,3.3,1
M1672,2025-09-04 22:32:00,153257.0,1.63,1
M1673,2025-09-04 22:33:00,2383473.0,1.22,1
M1674,2025-09-04 22:34:00,85032.0,3.72,1
M1675,2025-09-04 22:35:00,233249.0,5.71,1
M1676,2025-09-04 22:36:00,448364.0,1.63,1
M1677,2025-09-04 22:37:00,330345.0,6.02,1
M1678,2025-09-04 22:38:00,182898.0,3.13,1
M1679,2025-09-04 22:39:00,205594.0,2.71,1
M1680,2025-09-04 22:40:00,200281.0,2.23,1
M1681,2025-09-04 22:41:00,351731.0,1.36,1
M1682,2025-09-04 22:42:00,2108618.0,4.45,1
M1683,2025-09-04 22:43:00,470876.0,1.84,1
M1684,2025-09-04 22:44:00,1139751.0,1.84,1
M1685,2025-09-04 22:45:00,663697.0,4.46,1
M1686,2025-09-04 22:46:00,1078509.0,1.06,1
M1687,2025-09-04 22:47:00,47100.0,1.27,1
M1688,2025-09-04 22:48:00,346776.0,2.69,1
M1689,2025-09-04 22:49:00,1258849.0,3.15,1
M1690,2025-09-04 22:50:00,280019.0,3.46,1
M1691,2025-09-04 22:51:00,1812067.0,2.34,1
M1692,2025-09-04 22:52:00,1450055.0,9.63,1
M1693,2025-09-04 22:53:00,303973.0,2.43,1
M1694,2025-09-04 22:54:00,295809.0,2.42,1
M1695,2025-09-04 22:55:00,196637.0,1.82,1
M1696,2025-09-04 22:56:00,267353.0,2.89,1
M1697,2025-09-04 22:57:00,165038.0,3.7,1
M1698,2025-09-04 22:58:00,623466.0,4.96,1
M1699,2025-09-04 22:59:00,138021.0,1.29,1
M1700,2025-09-04 23:00:00,717111.0,2.4,1
M1701,2025-09-04 23:01:00,731215.0,3.4,1
M1702,2025-09-04 23:02:00,117130.0,3.65,1
M1703,2025-09-04 23:03:00,1528588.0,2.73,1
M1704,2025-09-04 23:04:00,667228.0,3.57,1
M1705,2025-09-04 23:05:00,805935.0,1.81,1
M1706,2025-09-04 23:06:00,241124.0,5.92,1
M1707,2025-09-04 23:07:00,727889.0,4.47,1
M1708,2025-09-04 23:08:00,1089375.0,1.39,1
M1709,2025-09-04 23:09:00,408854.0,1.59,1
M1710,2025-09-04 23:10:00,2194661.0,1.61,1
M1711,2025-09-04 23:11:00,458287.0,3.82,1
M1712,2025-09-04 23:12:00,1101990.0,1.43,1
M1713,2025-09-04 23:13:00,559281.0,2.3,1
M1714,2025-09-04 23:14:00,706739.0,3.41,1
M1715,2025-09-04 23:15:00,116184.0,2.63,1
M1716,2025-09-04 23:16:00,595313.0,3.09,1
M1717,2025-09-04 23:17:00,245738.0,1.6,1
M1718,2025-09-04 23:18:00,224781.0,3.66,1
M1719,2025-09-04 23:19:00,1785631.0,2.0,1
M1720,2025-09-04 23:20:00,372870.0,2.31,1
M1721,2025-09-04 23:21:00,198265.0,3.06,1
M1722,2025-09-04 23:22:00,331935.0,2.86,1
M1723,2025-09-04 23:23:00,156317.0,2.75,1
M1724,2025-09-04 23:24:00,1393191.0,1.87,1
M1725,2025-09-04 23:25:00,253585.0,2.34,1
M1726,2025-09-04 23:26:00,675656.0,2.72,1
M1727,2025-09-04 23:27:00,1309146.0,1.37,1
M1728,2025-09-04 23:28:00,296522.0,2.16,1
M1729,2025-09-04 23:29:00,677130.0,3.3,1
M1730,2025-09-04 23:30:00,194062.0,1.44,1
M1731,2025-09-04 23:31:00,3130226.0,4.85,1
M1732,2025-09-04 23:32:00,935750.0,5.13,1
M1733,2025-09-04 23:33:00,379236.0,1.46,1
M1734,2025-09-04 23:34:00,238407.0,5.36,1
M1735,2025-09-04 23:35:00,403852.0,2.53,1
M1736,2025-09-04 23:36:00,337059.0,3.35,1
M1737,2025-09-04 23:37:00,2110332.0,2.12,1
M1738,2025-09-04 23:38:00,165972.0,4.31,1
M1739,2025-09-04 23:39:00,492791.0,3.33,1
M1740,2025-09-04 23:40:00,435970.0,1.81,1
M1741,2025-09-04 23:41:00,402750.0,1.52,1
M1742,2025-09-04 23:42:00,405593.0,1.31,1
M1743,2025-09-04 23:43:00,403182.0,2.99,1
M1744,2025-09-04 23:44:00,889534.0,3.62,1
M1745,2025-09-04 23:45:00,720130.0,3.76,1
M1746,2025-09-04 23:46:00,618548.0,2.56,1
M1747,2025-09-04 23:47:00,39058.0,1.52,1
M1748,2025-09-04 23:48:00,562325.0,1.93,1
M1749,2025-09-04 23:49:00,117652.0,4.84,1
M1750,2025-09-04 23:50:00,741964.0,2.13,1
M1751,2025-09-04 23:51:00,1439200.0,2.92,1
M1752,2025-09-04 23:52:00,210872.0,1.59,1
M1753,2025-09-04 23:53:00,358820.0,3.22,1
M1754,2025-09-04 23:54:00,273899.0,2.16,1
M1755,2025-09-04 23:55:00,1188670.0,4.59,1
M1756,2025-09-04 23:56:00,477358.0,4.0,1
M1757,2025-09-04 23:57:00,1763240.0,2.12,1
M1758,2025-09-04 23:58:00,616001.0,2.55,1
M1759,2025-09-04 23:59:00,537111.0,2.06,1
M1760,2025-09-05 00:00:00,467225.0,1.34,1
M1761,2025-09-05 00:01:00,851193.0,1.77,1
M1762,2025-09-05 00:02:00,110178.0,3.0,1
M1763,2025-09-05 00:03:00,473674.0,3.2,1
M1764,2025-09-05 00:04:00,418304.0,2.93,1
M1765,2025-09-05 00:05:00,790432.0,2.34,1
M1766,2025-09-05 00:06:00,380727.0,4.33,1
M1767,2025-09-05 00:07:00,192724.0,2.81,1
M1768,2025-09-05 00:08:00,445023.0,3.86,1
M1769,2025-09-05 00:09:00,186042.0,1.12,1
M1770,2025-09-05 00:10:00,94825.0,0.38,1
M1771,2025-09-05 00:11:00,791510.0,3.13,1
M1772,2025-09-05 00:12:00,703096.0,1.33,1
M1773,2025-09-05 00:13:00,642854.0,2.44,1
M1774,2025-09-05 00:14:00,1254619.0,2.34,1
M1775,2025-09-05 00:15:00,259880.0,6.01,1
M1776,2025-09-05 00:16:00,140802.0,3.32,1
M1777,2025-09-05 00:17:00,418309.0,2.95,1
M1778,2025-09-05 00:18:00,335038.0,4.13,1
M1779,2025-09-05 00:19:00,225520.0,3.27,1
M1780,2025-09-05 00:20:00,415036.0,2.16,1
M1781,2025-09-05 00:21:00,271228.0,4.64,1
M1782,2025-09-05 00:22:00,101844.0,1.56,1
M1783,2025-09-05 00:23:00,310848.0,3.2,1
M1784,2025-09-05 00:24:00,178242.0,1.25,1
M1785,2025-09-05 00:25:00,532489.0,3.01,1
M1786,2025-09-05 00:26:00,261757.0,2.99,1
M1787,2025-09-05 00:27:00,1076586.0,6.29,1
M1788,2025-09-05 00:28:00,1596131.0,1.24,1
M1789,2025-09-05 00:29:00,761850.0,2.01,1
M1790,2025-09-05 00:30:00,127922.0,4.1,1
M1791,2025-09-05 00:31:00,1474983.0,3.21,1
M1792,2025-09-05 00:32:00,1560593.0,2.97,1
M1793,2025-09-05 00:33:00,449114.0,1.69,1
M1794,2025-09-05 00:34:00,1274852.0,2.02,1
M1795,2025-09-05 00:35:00,284549.0,5.07,1
M1796,2025-09-05 00:36:00,99410.0,2.65,1
M1797,2025-09-05 00:37:00,240812.0,3.28,1
M1798,2025-09-05 00:38:00,1764611.0,2.57,1
M1799,2025-09-05 00:39:00,134207.0,1.5,1
M1800,2025-09-05 00:40:00,442244.0,4.34,1
M1801,2025-09-05 00:41:00,454665.0,3.5,1
M1802,2025-09-05 00:42:00,293496.0,8.61,1
M1803,2025-09-05 00:43:00,310265.0,1.64,1
M1804,2025-09-05 00:44:00,468738.0,4.1,1
M1805,2025-09-05 00:45:00,282171.0,1.41,1
M1806,2025-09-05 00:46:00,141826.0,2.94,1
M1807,2025-09-05 00:47:00,525458.0,4.43,1
M1808,2025-09-05 00:48:00,1044129.0,0.96,1
M1809,2025-09-05 00:49:00,887051.0,2.45,1
M1810,2025-09-05 00:50:00,231471.0,2.05,1
M1811,2025-09-05 00:51:00,162595.0,1.91,1
M1812,2025-09-05 00:52:00,352445.0,3.3,1
M1813,2025-09-05 00:53:00,1550725.0,4.76,1
M1814,2025-09-05 00:54:00,741536.0,2.54,1
M1815,2025-09-05 00:55:00,776981.0,3.01,1
M1816,2025-09-05 00:56:00,901563.0,2.88,1
M1817,2025-09-05 00:57:00,619466.0,2.72,1
M1818,2025-09-05 00:58:00,487228.0,1.58,1
M1819,2025-09-05 00:59:00,751514.0,4.73,1
M1820,2025-09-05 01:00:00,285806.0,3.15,1
M1821,2025-09-05 01:01:00,142690.0,3.31,1
M1822,2025-09-05 01:02:00,788902.0,1.82,1
M1823,2025-09-05 01:03:00,1190865.0,2.16,1
M1824,2025-09-05 01:04:00,180848.0,2.49,1
M1825,2025-09-05 01:05:00,853873.0,1.26,1
M1826,2025-09-05 01:06:00,1697407.0,1.17,1
M1827,2025-09-05 01:07:00,441619.0,2.01,1
M1828,2025-09-05 01:08:00,229946.0,3.53,1
M1829,2025-09-05 01:09:00,488168.0,1.96,1
M1830,2025-09-05 01:10:00,284809.0,1.63,1
M1831,2025-09-05 01:11:00,270118.0,1.81,1
M1832,2025-09-05 01:12:00,625651.0,2.16,1
M1833,2025-09-05 01:13:00,122641.0,2.28,1
M1834,2025-09-05 01:14:00,139366.0,8.03,1
M1835,2025-09-05 01:15:00,449294.0,4.61,1
M1836,2025-09-05 01:16:00,434588.0,4.54,1
M1837,2025-09-05 01:17:00,582360.0,4.88,1
M1838,2025-09-05 01:18:00,1983117.0,1.65,1
M1839,2025-09-05 01:19:00,480995.0,1.48,1
M1840,2025-09-05 01:20:00,713928.0,1.56,1
M1841,2025-09-05 01:21:00,202719.0,5.3,1
M1842,2025-09-05 01:22:00,817781.0,2.07,1
M1843,2025-09-05 01:23:00,290363.0,1.45,1
M1844,2025-09-05 01:24:00,468428.0,2.19,1
M1845,2025-09-05 01:25:00,405518.0,2.41,1
M1846,2025-09-05 01:26:00,1010928.0,3.11,1
M1847,2025-09-05 01:27:00,155130.0,3.08,1
M1848,2025-09-05 01:28:00,71211.0,1.8,1
M1849,2025-09-05 01:29:00,372970.0,3.83,1
M1850,2025-09-05 01:30:00,643595.0,1.97,1
M1851,2025-09-05 01:31:00,499726.0,2.51,1
M1852,2025-09-05 01:32:00,1185605.0,3.83,1
M1853,2025-09-05 01:33:00,627751.0,1.97,1
M1854,2025-09-05 01:34:00,281791.0,2.04,1
M1855,2025-09-05 01:35:00,68849.0,3.65,1
M1856,2025-09-05 01:36:00,365913.0,1.77,1
M1857,2025-09-05 01:37:00,1006880.0,2.24,1
M1858,2025-09-05 01:38:00,323308.0,3.59,1
M1859,2025-09-05 01:39:00,452551.0,7.59,1
M1860,2025-09-05 01:40:00,619760.0,3.68,1
M1861,2025-09-05 01:41:00,196372.0,3.44,1
M1862,2025-09-05 01:42:00,728388.0,3.54,1
M1863,2025-09-05 01:43:00,1639165.0,1.59,1
M1864,2025-09-05 01:44:00,385289.0,2.88,1
M1865,2025-09-05 01:45:00,179288.0,2.68,1
M1866,2025-09-05 01:46:00,419458.0,3.19,1
M1867,2025-09-05 01:47:00,74645.0,2.88,1
M1868,2025-09-05 01:48:00,579269.0,3.29,1
M1869,2025-09-05 01:49:00,635279.0,2.33,1
M1870,2025-09-05 01:50:00,1690456.0,2.8,1
M1871,2025-09-05 01:51:00,378815.0,1.47,1
M1872,2025-09-05 01:52:00,613410.0,2.32,1
M1873,2025-09-05 01:53:00,222119.0,5.45,1
M1874,2025-09-05 01:54:00,332654.0,3.19,1
M1875,2025-09-05 01:55:00,130594.0,2.69,1
M1876,2025-09-05 01:56:00,378575.0,7.02,1
M1877,2025-09-05 01:57:00,346540.0,1.38,1
M1878,2025-09-05 01:58:00,562058.0,1.56,1
M1879,2025-09-05 01:59:00,268639.0,6.4,1
M1880,2025-09-05 02:00:00,472918.0,2.78,1
M1881,2025-09-05 02:01:00,338844.0,2.41,1
M1882,2025-09-05 02:02:00,339354.0,1.49,1
M1883,2025-09-05 02:03:00,471790.0,3.4,1
M1884,2025-09-05 02:04:00,456991.0,3.57,1
M1885,2025-09-05 02:05:00,813368.0,1.57,1
M1886,2025-09-05 02:06:00,401710.0,2.53,1
M1887,2025-09-05 02:07:00,334400.0,2.3,1
M1888,2025-09-05 02:08:00,382833.0,3.09,1
M1889,2025-09-05 02:09:00,249763.0,1.55,1
M1890,2025-09-05 02:10:00,331728.0,5.08,1
M1891,2025-09-05 02:11:00,2246597.0,4.3,1
M1892,2025-09-05 02:12:00,213173.0,2.27,1
M1893,2025-09-05 02:13:00,354008.0,2.44,1
M1894,2025-09-05 02:14:00,324490.0,2.54,1
M1895,2025-09-05 02:15:00,363038.0,1.84,1
M1896,2025-09-05 02:16:00,339425.0,2.18,1
M1897,2025-09-05 02:17:00,553154.0,2.37,1
M1898,2025-09-05 02:18:00,112630.0,6.09,1
M1899,2025-09-05 02:19:00,1014328.0,4.36,1
M1900,2025-09-05 02:20:00,733855.0,4.34,1
M1901,2025-09-05 02:21:00,163686.0,3.27,1
M1902,2025-09-05 02:22:00,72023.0,1.55,1
M1903,2025-09-05 02:23:00,202469.0,2.66,1
M1904,2025-09-05 02:24:00,364349.0,4.42,1
M1905,2025-09-05 02:25:00,3485888.0,1.45,1
M1906,2025-09-05 02:26:00,683243.0,3.74,1
M1907,2025-09-05 02:27:00,104186.0,8.68,1
M1908,2025-09-05 02:28:00,254811.0,4.62,1
M1909,2025-09-05 02:29:00,423975.0,5.51,1
M1910,2025-09-05 02:30:00,541960.0,3.03,1
M1911,2025-09-05 02:31:00,154539.0,4.41,1
M1912,2025-09-05 02:32:00,397126.0,1.9,1
M1913,2025-09-05 02:33:00,249170.0,4.05,1
M1914,2025-09-05 02:34:00,182955.0,3.77,1
M1915,2025-09-05 02:35:00,544529.0,3.14,1
M1916,2025-09-05 02:36:00,821676.0,5.25,1
M1917,2025-09-05 02:37:00,867034.0,2.08,1
M1918,2025-09-05 02:38:00,700472.0,2.48,1
M1919,2025-09-05 02:39:00,297183.0,2.85,1
M1920,2025-09-05 02:40:00,783589.0,1.62,1
M1921,2025-09-05 02:41:00,566506.0,3.04,1
M1922,2025-09-05 02:42:00,492453.0,1.15,1
M1923,2025-09-05 02:43:00,271209.0,4.59,1
M1924,2025-09-05 02:44:00,297301.0,2.78,1
M1925,2025-09-05 02:45:00,469353.0,2.09,1
M1926,2025-09-05 02:46:00,3115498.0,1.79,1
M1927,2025-09-05 02:47:00,562977.0,2.42,1
M1928,2025-09-05 02:48:00,271319.0,3.83,1
M1929,2025-09-05 02:49:00,227314.0,3.57,1
M1930,2025-09-05 02:50:00,298518.0,1.91,1
M1931,2025-09-05 02:51:00,2525210.0,1.78,1
M1932,2025-09-05 02:52:00,321449.0,3.78,1
M1933,2025-09-05 02:53:00,913918.0,1.89,1
M1934,2025-09-05 02:54:00,327505.0,2.8,1
M1935,2025-09-05 02:55:00,545222.0,2.89,1
M1936,2025-09-05 02:56:00,833506.0,3.18,1
M1937,2025-09-05 02:57:00,279981.0,4.18,1
M1938,2025-09-05 02:58:00,264901.0,1.45,1
M1939,2025-09-05 02:59:00,1667933.0,1.05,1
M1940,2025-09-05 03:00:00,972548.0,2.05,1
M1941,2025-09-05 03:01:00,832791.0,6.69,1
M1942,2025-09-05 03:02:00,830531.0,7.47,1
M1943,2025-09-05 03:03:00,639000.0,6.79,1
M1944,2025-09-05 03:04:00,2222672.0,2.47,1
M1945,2025-09-05 03:05:00,458230.0,1.12,1
M1946,2025-09-05 03:06:00,702085.0,0.84,1
M1947,2025-09-05 03:07:00,138589.0,2.0,1
M1948,2025-09-05 03:08:00,228669.0,2.46,1
M1949,2025-09-05 03:09:00,169286.0,5.21,1
M1950,2025-09-05 03:10:00,1225980.0,4.2,1
M1951,2025-09-05 03:11:00,57410.0,3.05,1
M1952,2025-09-05 03:12:00,320665.0,1.74,1
M1953,2025-09-05 03:13:00,40337.0,1.68,1
M1954,2025-09-05 03:14:00,227515.0,3.09,1
M1955,2025-09-05 03:15:00,298714.0,3.85,1
M1956,2025-09-05 03:16:00,1339620.0,3.31,1
M1957,2025-09-05 03:17:00,607618.0,1.62,1
M1958,2025-09-05 03:18:00,227177.0,3.76,1
M1959,2025-09-05 03:19:00,1037963.0,3.36,1
M1960,2025-09-05 03:20:00,448770.0,1.59,1
M1961,2025-09-05 03:21:00,455911.0,1.84,1
M1962,2025-09-05 03:22:00,169035.0,3.84,1
M1963,2025-09-05 03:23:00,200384.0,2.42,1
M1964,2025-09-05 03:24:00,228644.0,6.02,1
M1965,2025-09-05 03:25:00,459167.0,3.49,1
M1966,2025-09-05 03:26:00,470856.0,2.13,1
M1967,2025-09-05 03:27:00,1521602.0,2.7,1
M1968,2025-09-05 03:28:00,602019.0,2.81,1
M1969,2025-09-05 03:29:00,50714.0,1.89,1
M1970,2025-09-05 03:30:00,545858.0,1.72,1
M1971,2025-09-05 03:31:00,138689.0,3.86,1
M1972,2025-09-05 03:32:00,204275.0,4.15,1
M1973,2025-09-05 03:33:00,231021.0,3.68,1
M1974,2025-09-05 03:34:00,260232.0,5.8,1
M1975,2025-09-05 03:35:00,147249.0,2.07,1
M1976,2025-09-05 03:36:00,520625.0,6.28,1
M1977,2025-09-05 03:37:00,143108.0,1.73,1
M1978,2025-09-05 03:38:00,588501.0,1.64,1
M1979,2025-09-05 03:39:00,2648693.0,1.13,1
M1980,2025-09-05 03:40:00,152743.0,2.18,1
M1981,2025-09-05 03:41:00,352354.0,2.11,1
M1982,2025-09-05 03:42:00,58761.0,3.54,1
M1983,2025-09-05 03:43:00,347754.0,3.07,1
M1984,2025-09-05 03:44:00,739829.0,1.5,1
M1985,2025-09-05 03:45:00,787416.0,2.23,1
M1986,2025-09-05 03:46:00,470660.0,2.26,1
M1987,2025-09-05 03:47:00,901135.0,1.12,1
M1988,2025-09-05 03:48:00,3391706.0,1.66,1
M1989,2025-09-05 03:49:00,1740780.0,1.85,1
M1990,2025-09-05 03:50:00,291263.0,5.57,1
M1991,2025-09-05 03:51:00,138568.0,2.99,1
M1992,2025-09-05 03:52:00,319681.0,3.79,1
M1993,2025-09-05 03:53:00,207402.0,1.28,1
M1994,2025-09-05 03:54:00,634808.0,4.94,1
M1995,2025-09-05 03:55:00,171965.0,5.21,1
M1996,2025-09-05 03:56:00,417376.0,1.0,1
M1997,2025-09-05 03:57:00,864936.0,1.91,1
M1998,2025-09-05 03:58:00,408172.0,3.48,1
M1999,2025-09-05 03:59:00,207513.0,3.75,1
